timestamp,Accel_X,Accel_Y,Accel_Z,Fall_Indicator,Event_ID,Window_Number
5100,-8.35,0.91,-5.87,1,1,1
5120,-8.6,1.27,-5.69,1,1,1
5140,-10.42,1.57,-4.88,1,1,1
5160,-8.31,1.96,-5.1,1,1,1
5180,-7.69,1.58,-3.57,1,1,1
5200,-7.51,1.2,-3.14,1,1,1
5220,-8.11,0.33,-4.79,1,1,1
5240,-9.16,0.35,-5.9,0,1,1
5260,-8.67,-0.55,-6.36,0,1,1
5280,-8.65,0.2,-5.58,0,1,1
5300,-6.47,0.49,-4.58,0,1,1
5320,-5.85,0.51,-4.05,0,1,1
5340,-7.39,0.8,-4.03,0,1,1
5360,-7.28,0.19,-4.56,0,1,1
5380,-6.37,0.08,-2.43,0,1,1
5400,-4.41,-0.71,-0.67,0,1,1
5420,-4.38,-1.36,-0.75,0,1,1
5440,-5.81,-1.75,-2.93,0,1,1
5460,-8.22,-1.88,-4.5,0,1,1
5480,-5.57,-1.86,-3.17,0,1,1
5500,-5.81,-1.59,-2.75,0,1,1
5520,-5.35,-2.36,-3.38,0,1,1
5540,-5.39,-2.15,-2.95,0,1,1
5560,-6.35,-2.88,-2.73,0,1,1
5580,-10.28,-2.85,-0.31,0,1,1
5600,-5.65,-1.24,-2.35,0,1,1
5620,-4.87,0.32,-1.94,0,1,1
5640,-5.69,0.72,-2.89,0,1,1
5660,-7.24,0.04,-2.61,0,1,1
5680,-8.3,-2.31,-1.12,0,1,1
5700,-9.56,-3.88,0.58,0,1,1
5720,-11.94,-4.25,-1.15,0,1,1
5740,-12.81,-5.21,-4.99,0,1,1
5760,-13.9,-6.12,-4.52,0,1,1
5780,-14.32,-5.24,-8.8,0,1,1
5800,-8.97,4.74,1.89,0,1,1
5820,-11.89,10.94,6.08,0,1,1
5840,-9.76,6.26,14.78,0,1,1
5860,-12.27,4.65,19.14,0,1,1
5880,-3.77,15.85,19.62,0,1,1
5900,-1.69,7.32,19.62,0,1,1
5920,-1.26,-0.11,19.62,0,1,1
5940,1.29,-1.04,19.62,0,1,1
5960,-0.13,-1.41,19.62,0,1,1
5980,2.0,-3.3,19.37,0,1,1
6000,0.45,-7.15,12.77,0,1,1
6020,2.15,-5.7,11.36,0,1,1
6040,3.38,-3.56,9.81,0,1,1
6060,2.12,-2.5,8.25,0,1,1
6080,-0.6,-3.0,6.64,0,1,1
6100,1.19,-2.17,3.84,0,1,1
6120,2.93,-0.33,4.23,0,1,1
6140,1.18,0.48,3.3,0,1,1
6160,0.8,-0.68,2.3,0,1,1
6180,1.31,-2.45,1.09,0,1,1
6200,2.99,-5.08,3.74,0,1,1
6220,-0.31,-1.97,2.98,0,1,1
6240,-0.76,0.86,6.09,0,1,1
6260,-0.81,0.38,6.65,0,1,1
6280,0.26,-1.89,7.71,0,1,1
6300,-1.51,-3.06,7.15,0,1,1
6320,-3.27,-0.57,8.54,0,1,1
6340,-4.58,0.71,10.16,0,1,1
6360,-4.95,0.38,11.88,0,1,1
6380,-6.77,2.09,12.17,0,1,1
6400,-7.76,2.92,11.36,0,1,1
6420,-9.36,3.3,10.85,0,1,1
6440,-10.68,4.97,12.26,0,1,1
6460,-10.57,5.45,10.98,0,1,1
6480,-13.14,5.88,8.98,0,1,1
6500,-12.28,5.36,7.48,0,1,1
6520,-8.91,1.1,7.61,0,1,1
6540,-9.79,0.19,6.88,0,1,1
6560,-9.71,-0.32,4.56,0,1,1
6580,-8.16,0.4,3.22,0,1,1
6600,-7.22,0.49,4.33,0,1,1
6620,-5.93,0.49,5.41,0,1,1
6640,-5.49,0.05,5.25,0,1,1
6660,-5.38,0.21,4.81,0,1,1
6680,-4.82,-0.68,4.19,0,1,1
6700,-3.97,-0.91,5.45,0,1,1
6720,-4.08,-0.41,5.58,0,1,1
6740,-5.34,-0.17,4.99,0,1,1
6760,-5.9,-0.6,5.34,0,1,1
6780,-5.79,-0.91,6.02,0,1,1
6800,-6.11,-1.38,6.65,0,1,1
6820,-5.27,-2.2,7.01,0,1,1
6840,-5.69,-2.85,8.37,0,1,1
6860,-5.39,-1.51,10.19,0,1,1
6880,-5.67,-1.15,9.82,0,1,1
6900,-6.27,-1.84,8.45,0,1,1
6920,-5.23,-1.51,9.27,0,1,1
6940,-5.63,-1.77,9.34,0,1,1
6960,-5.42,-0.74,7.94,0,1,1
6980,-5.5,-0.8,8.21,0,1,1
7000,-5.03,-1.52,8.43,0,1,1
7020,-4.89,-1.5,8.33,0,1,1
7040,-4.51,-0.96,7.75,0,1,1
7060,-4.35,-0.3,8.0,0,1,1
7080,-4.19,-0.05,8.71,0,1,1
5200,-7.51,1.2,-3.14,1,1,2
5220,-8.11,0.33,-4.79,1,1,2
5240,-9.16,0.35,-5.9,0,1,2
5260,-8.67,-0.55,-6.36,0,1,2
5280,-8.65,0.2,-5.58,0,1,2
5300,-6.47,0.49,-4.58,0,1,2
5320,-5.85,0.51,-4.05,0,1,2
5340,-7.39,0.8,-4.03,0,1,2
5360,-7.28,0.19,-4.56,0,1,2
5380,-6.37,0.08,-2.43,0,1,2
5400,-4.41,-0.71,-0.67,0,1,2
5420,-4.38,-1.36,-0.75,0,1,2
5440,-5.81,-1.75,-2.93,0,1,2
5460,-8.22,-1.88,-4.5,0,1,2
5480,-5.57,-1.86,-3.17,0,1,2
5500,-5.81,-1.59,-2.75,0,1,2
5520,-5.35,-2.36,-3.38,0,1,2
5540,-5.39,-2.15,-2.95,0,1,2
5560,-6.35,-2.88,-2.73,0,1,2
5580,-10.28,-2.85,-0.31,0,1,2
5600,-5.65,-1.24,-2.35,0,1,2
5620,-4.87,0.32,-1.94,0,1,2
5640,-5.69,0.72,-2.89,0,1,2
5660,-7.24,0.04,-2.61,0,1,2
5680,-8.3,-2.31,-1.12,0,1,2
5700,-9.56,-3.88,0.58,0,1,2
5720,-11.94,-4.25,-1.15,0,1,2
5740,-12.81,-5.21,-4.99,0,1,2
5760,-13.9,-6.12,-4.52,0,1,2
5780,-14.32,-5.24,-8.8,0,1,2
5800,-8.97,4.74,1.89,0,1,2
5820,-11.89,10.94,6.08,0,1,2
5840,-9.76,6.26,14.78,0,1,2
5860,-12.27,4.65,19.14,0,1,2
5880,-3.77,15.85,19.62,0,1,2
5900,-1.69,7.32,19.62,0,1,2
5920,-1.26,-0.11,19.62,0,1,2
5940,1.29,-1.04,19.62,0,1,2
5960,-0.13,-1.41,19.62,0,1,2
5980,2.0,-3.3,19.37,0,1,2
6000,0.45,-7.15,12.77,0,1,2
6020,2.15,-5.7,11.36,0,1,2
6040,3.38,-3.56,9.81,0,1,2
6060,2.12,-2.5,8.25,0,1,2
6080,-0.6,-3.0,6.64,0,1,2
6100,1.19,-2.17,3.84,0,1,2
6120,2.93,-0.33,4.23,0,1,2
6140,1.18,0.48,3.3,0,1,2
6160,0.8,-0.68,2.3,0,1,2
6180,1.31,-2.45,1.09,0,1,2
6200,2.99,-5.08,3.74,0,1,2
6220,-0.31,-1.97,2.98,0,1,2
6240,-0.76,0.86,6.09,0,1,2
6260,-0.81,0.38,6.65,0,1,2
6280,0.26,-1.89,7.71,0,1,2
6300,-1.51,-3.06,7.15,0,1,2
6320,-3.27,-0.57,8.54,0,1,2
6340,-4.58,0.71,10.16,0,1,2
6360,-4.95,0.38,11.88,0,1,2
6380,-6.77,2.09,12.17,0,1,2
6400,-7.76,2.92,11.36,0,1,2
6420,-9.36,3.3,10.85,0,1,2
6440,-10.68,4.97,12.26,0,1,2
6460,-10.57,5.45,10.98,0,1,2
6480,-13.14,5.88,8.98,0,1,2
6500,-12.28,5.36,7.48,0,1,2
6520,-8.91,1.1,7.61,0,1,2
6540,-9.79,0.19,6.88,0,1,2
6560,-9.71,-0.32,4.56,0,1,2
6580,-8.16,0.4,3.22,0,1,2
6600,-7.22,0.49,4.33,0,1,2
6620,-5.93,0.49,5.41,0,1,2
6640,-5.49,0.05,5.25,0,1,2
6660,-5.38,0.21,4.81,0,1,2
6680,-4.82,-0.68,4.19,0,1,2
6700,-3.97,-0.91,5.45,0,1,2
6720,-4.08,-0.41,5.58,0,1,2
6740,-5.34,-0.17,4.99,0,1,2
6760,-5.9,-0.6,5.34,0,1,2
6780,-5.79,-0.91,6.02,0,1,2
6800,-6.11,-1.38,6.65,0,1,2
6820,-5.27,-2.2,7.01,0,1,2
6840,-5.69,-2.85,8.37,0,1,2
6860,-5.39,-1.51,10.19,0,1,2
6880,-5.67,-1.15,9.82,0,1,2
6900,-6.27,-1.84,8.45,0,1,2
6920,-5.23,-1.51,9.27,0,1,2
6940,-5.63,-1.77,9.34,0,1,2
6960,-5.42,-0.74,7.94,0,1,2
6980,-5.5,-0.8,8.21,0,1,2
7000,-5.03,-1.52,8.43,0,1,2
7020,-4.89,-1.5,8.33,0,1,2
7040,-4.51,-0.96,7.75,0,1,2
7060,-4.35,-0.3,8.0,0,1,2
7080,-4.19,-0.05,8.71,0,1,2
7100,-5.33,-0.02,6.34,0,1,2
7120,-5.55,-0.23,4.92,0,1,2
7140,-4.91,-0.81,5.88,0,1,2
7160,-4.67,-0.62,7.09,0,1,2
7180,-6.06,0.08,9.35,0,1,2
5300,-6.47,0.49,-4.58,0,1,3
5320,-5.85,0.51,-4.05,0,1,3
5340,-7.39,0.8,-4.03,0,1,3
5360,-7.28,0.19,-4.56,0,1,3
5380,-6.37,0.08,-2.43,0,1,3
5400,-4.41,-0.71,-0.67,0,1,3
5420,-4.38,-1.36,-0.75,0,1,3
5440,-5.81,-1.75,-2.93,0,1,3
5460,-8.22,-1.88,-4.5,0,1,3
5480,-5.57,-1.86,-3.17,0,1,3
5500,-5.81,-1.59,-2.75,0,1,3
5520,-5.35,-2.36,-3.38,0,1,3
5540,-5.39,-2.15,-2.95,0,1,3
5560,-6.35,-2.88,-2.73,0,1,3
5580,-10.28,-2.85,-0.31,0,1,3
5600,-5.65,-1.24,-2.35,0,1,3
5620,-4.87,0.32,-1.94,0,1,3
5640,-5.69,0.72,-2.89,0,1,3
5660,-7.24,0.04,-2.61,0,1,3
5680,-8.3,-2.31,-1.12,0,1,3
5700,-9.56,-3.88,0.58,0,1,3
5720,-11.94,-4.25,-1.15,0,1,3
5740,-12.81,-5.21,-4.99,0,1,3
5760,-13.9,-6.12,-4.52,0,1,3
5780,-14.32,-5.24,-8.8,0,1,3
5800,-8.97,4.74,1.89,0,1,3
5820,-11.89,10.94,6.08,0,1,3
5840,-9.76,6.26,14.78,0,1,3
5860,-12.27,4.65,19.14,0,1,3
5880,-3.77,15.85,19.62,0,1,3
5900,-1.69,7.32,19.62,0,1,3
5920,-1.26,-0.11,19.62,0,1,3
5940,1.29,-1.04,19.62,0,1,3
5960,-0.13,-1.41,19.62,0,1,3
5980,2.0,-3.3,19.37,0,1,3
6000,0.45,-7.15,12.77,0,1,3
6020,2.15,-5.7,11.36,0,1,3
6040,3.38,-3.56,9.81,0,1,3
6060,2.12,-2.5,8.25,0,1,3
6080,-0.6,-3.0,6.64,0,1,3
6100,1.19,-2.17,3.84,0,1,3
6120,2.93,-0.33,4.23,0,1,3
6140,1.18,0.48,3.3,0,1,3
6160,0.8,-0.68,2.3,0,1,3
6180,1.31,-2.45,1.09,0,1,3
6200,2.99,-5.08,3.74,0,1,3
6220,-0.31,-1.97,2.98,0,1,3
6240,-0.76,0.86,6.09,0,1,3
6260,-0.81,0.38,6.65,0,1,3
6280,0.26,-1.89,7.71,0,1,3
6300,-1.51,-3.06,7.15,0,1,3
6320,-3.27,-0.57,8.54,0,1,3
6340,-4.58,0.71,10.16,0,1,3
6360,-4.95,0.38,11.88,0,1,3
6380,-6.77,2.09,12.17,0,1,3
6400,-7.76,2.92,11.36,0,1,3
6420,-9.36,3.3,10.85,0,1,3
6440,-10.68,4.97,12.26,0,1,3
6460,-10.57,5.45,10.98,0,1,3
6480,-13.14,5.88,8.98,0,1,3
6500,-12.28,5.36,7.48,0,1,3
6520,-8.91,1.1,7.61,0,1,3
6540,-9.79,0.19,6.88,0,1,3
6560,-9.71,-0.32,4.56,0,1,3
6580,-8.16,0.4,3.22,0,1,3
6600,-7.22,0.49,4.33,0,1,3
6620,-5.93,0.49,5.41,0,1,3
6640,-5.49,0.05,5.25,0,1,3
6660,-5.38,0.21,4.81,0,1,3
6680,-4.82,-0.68,4.19,0,1,3
6700,-3.97,-0.91,5.45,0,1,3
6720,-4.08,-0.41,5.58,0,1,3
6740,-5.34,-0.17,4.99,0,1,3
6760,-5.9,-0.6,5.34,0,1,3
6780,-5.79,-0.91,6.02,0,1,3
6800,-6.11,-1.38,6.65,0,1,3
6820,-5.27,-2.2,7.01,0,1,3
6840,-5.69,-2.85,8.37,0,1,3
6860,-5.39,-1.51,10.19,0,1,3
6880,-5.67,-1.15,9.82,0,1,3
6900,-6.27,-1.84,8.45,0,1,3
6920,-5.23,-1.51,9.27,0,1,3
6940,-5.63,-1.77,9.34,0,1,3
6960,-5.42,-0.74,7.94,0,1,3
6980,-5.5,-0.8,8.21,0,1,3
7000,-5.03,-1.52,8.43,0,1,3
7020,-4.89,-1.5,8.33,0,1,3
7040,-4.51,-0.96,7.75,0,1,3
7060,-4.35,-0.3,8.0,0,1,3
7080,-4.19,-0.05,8.71,0,1,3
7100,-5.33,-0.02,6.34,0,1,3
7120,-5.55,-0.23,4.92,0,1,3
7140,-4.91,-0.81,5.88,0,1,3
7160,-4.67,-0.62,7.09,0,1,3
7180,-6.06,0.08,9.35,0,1,3
7200,-4.81,-0.36,7.35,0,1,3
7220,-5.63,0.05,7.97,0,1,3
7240,-5.77,-0.08,7.02,0,1,3
7260,-5.73,-0.03,6.92,0,1,3
7280,-5.81,-0.12,7.7,0,1,3
5400,-4.41,-0.71,-0.67,0,1,4
5420,-4.38,-1.36,-0.75,0,1,4
5440,-5.81,-1.75,-2.93,0,1,4
5460,-8.22,-1.88,-4.5,0,1,4
5480,-5.57,-1.86,-3.17,0,1,4
5500,-5.81,-1.59,-2.75,0,1,4
5520,-5.35,-2.36,-3.38,0,1,4
5540,-5.39,-2.15,-2.95,0,1,4
5560,-6.35,-2.88,-2.73,0,1,4
5580,-10.28,-2.85,-0.31,0,1,4
5600,-5.65,-1.24,-2.35,0,1,4
5620,-4.87,0.32,-1.94,0,1,4
5640,-5.69,0.72,-2.89,0,1,4
5660,-7.24,0.04,-2.61,0,1,4
5680,-8.3,-2.31,-1.12,0,1,4
5700,-9.56,-3.88,0.58,0,1,4
5720,-11.94,-4.25,-1.15,0,1,4
5740,-12.81,-5.21,-4.99,0,1,4
5760,-13.9,-6.12,-4.52,0,1,4
5780,-14.32,-5.24,-8.8,0,1,4
5800,-8.97,4.74,1.89,0,1,4
5820,-11.89,10.94,6.08,0,1,4
5840,-9.76,6.26,14.78,0,1,4
5860,-12.27,4.65,19.14,0,1,4
5880,-3.77,15.85,19.62,0,1,4
5900,-1.69,7.32,19.62,0,1,4
5920,-1.26,-0.11,19.62,0,1,4
5940,1.29,-1.04,19.62,0,1,4
5960,-0.13,-1.41,19.62,0,1,4
5980,2.0,-3.3,19.37,0,1,4
6000,0.45,-7.15,12.77,0,1,4
6020,2.15,-5.7,11.36,0,1,4
6040,3.38,-3.56,9.81,0,1,4
6060,2.12,-2.5,8.25,0,1,4
6080,-0.6,-3.0,6.64,0,1,4
6100,1.19,-2.17,3.84,0,1,4
6120,2.93,-0.33,4.23,0,1,4
6140,1.18,0.48,3.3,0,1,4
6160,0.8,-0.68,2.3,0,1,4
6180,1.31,-2.45,1.09,0,1,4
6200,2.99,-5.08,3.74,0,1,4
6220,-0.31,-1.97,2.98,0,1,4
6240,-0.76,0.86,6.09,0,1,4
6260,-0.81,0.38,6.65,0,1,4
6280,0.26,-1.89,7.71,0,1,4
6300,-1.51,-3.06,7.15,0,1,4
6320,-3.27,-0.57,8.54,0,1,4
6340,-4.58,0.71,10.16,0,1,4
6360,-4.95,0.38,11.88,0,1,4
6380,-6.77,2.09,12.17,0,1,4
6400,-7.76,2.92,11.36,0,1,4
6420,-9.36,3.3,10.85,0,1,4
6440,-10.68,4.97,12.26,0,1,4
6460,-10.57,5.45,10.98,0,1,4
6480,-13.14,5.88,8.98,0,1,4
6500,-12.28,5.36,7.48,0,1,4
6520,-8.91,1.1,7.61,0,1,4
6540,-9.79,0.19,6.88,0,1,4
6560,-9.71,-0.32,4.56,0,1,4
6580,-8.16,0.4,3.22,0,1,4
6600,-7.22,0.49,4.33,0,1,4
6620,-5.93,0.49,5.41,0,1,4
6640,-5.49,0.05,5.25,0,1,4
6660,-5.38,0.21,4.81,0,1,4
6680,-4.82,-0.68,4.19,0,1,4
6700,-3.97,-0.91,5.45,0,1,4
6720,-4.08,-0.41,5.58,0,1,4
6740,-5.34,-0.17,4.99,0,1,4
6760,-5.9,-0.6,5.34,0,1,4
6780,-5.79,-0.91,6.02,0,1,4
6800,-6.11,-1.38,6.65,0,1,4
6820,-5.27,-2.2,7.01,0,1,4
6840,-5.69,-2.85,8.37,0,1,4
6860,-5.39,-1.51,10.19,0,1,4
6880,-5.67,-1.15,9.82,0,1,4
6900,-6.27,-1.84,8.45,0,1,4
6920,-5.23,-1.51,9.27,0,1,4
6940,-5.63,-1.77,9.34,0,1,4
6960,-5.42,-0.74,7.94,0,1,4
6980,-5.5,-0.8,8.21,0,1,4
7000,-5.03,-1.52,8.43,0,1,4
7020,-4.89,-1.5,8.33,0,1,4
7040,-4.51,-0.96,7.75,0,1,4
7060,-4.35,-0.3,8.0,0,1,4
7080,-4.19,-0.05,8.71,0,1,4
7100,-5.33,-0.02,6.34,0,1,4
7120,-5.55,-0.23,4.92,0,1,4
7140,-4.91,-0.81,5.88,0,1,4
7160,-4.67,-0.62,7.09,0,1,4
7180,-6.06,0.08,9.35,0,1,4
7200,-4.81,-0.36,7.35,0,1,4
7220,-5.63,0.05,7.97,0,1,4
7240,-5.77,-0.08,7.02,0,1,4
7260,-5.73,-0.03,6.92,0,1,4
7280,-5.81,-0.12,7.7,0,1,4
7300,-5.53,0.27,7.4,0,1,4
7320,-5.66,0.74,7.81,0,1,4
7340,-5.8,1.5,8.61,0,1,4
7360,-6.24,0.94,7.85,0,1,4
7380,-6.14,0.41,6.71,0,1,4
5500,-5.81,-1.59,-2.75,0,1,5
5520,-5.35,-2.36,-3.38,0,1,5
5540,-5.39,-2.15,-2.95,0,1,5
5560,-6.35,-2.88,-2.73,0,1,5
5580,-10.28,-2.85,-0.31,0,1,5
5600,-5.65,-1.24,-2.35,0,1,5
5620,-4.87,0.32,-1.94,0,1,5
5640,-5.69,0.72,-2.89,0,1,5
5660,-7.24,0.04,-2.61,0,1,5
5680,-8.3,-2.31,-1.12,0,1,5
5700,-9.56,-3.88,0.58,0,1,5
5720,-11.94,-4.25,-1.15,0,1,5
5740,-12.81,-5.21,-4.99,0,1,5
5760,-13.9,-6.12,-4.52,0,1,5
5780,-14.32,-5.24,-8.8,0,1,5
5800,-8.97,4.74,1.89,0,1,5
5820,-11.89,10.94,6.08,0,1,5
5840,-9.76,6.26,14.78,0,1,5
5860,-12.27,4.65,19.14,0,1,5
5880,-3.77,15.85,19.62,0,1,5
5900,-1.69,7.32,19.62,0,1,5
5920,-1.26,-0.11,19.62,0,1,5
5940,1.29,-1.04,19.62,0,1,5
5960,-0.13,-1.41,19.62,0,1,5
5980,2.0,-3.3,19.37,0,1,5
6000,0.45,-7.15,12.77,0,1,5
6020,2.15,-5.7,11.36,0,1,5
6040,3.38,-3.56,9.81,0,1,5
6060,2.12,-2.5,8.25,0,1,5
6080,-0.6,-3.0,6.64,0,1,5
6100,1.19,-2.17,3.84,0,1,5
6120,2.93,-0.33,4.23,0,1,5
6140,1.18,0.48,3.3,0,1,5
6160,0.8,-0.68,2.3,0,1,5
6180,1.31,-2.45,1.09,0,1,5
6200,2.99,-5.08,3.74,0,1,5
6220,-0.31,-1.97,2.98,0,1,5
6240,-0.76,0.86,6.09,0,1,5
6260,-0.81,0.38,6.65,0,1,5
6280,0.26,-1.89,7.71,0,1,5
6300,-1.51,-3.06,7.15,0,1,5
6320,-3.27,-0.57,8.54,0,1,5
6340,-4.58,0.71,10.16,0,1,5
6360,-4.95,0.38,11.88,0,1,5
6380,-6.77,2.09,12.17,0,1,5
6400,-7.76,2.92,11.36,0,1,5
6420,-9.36,3.3,10.85,0,1,5
6440,-10.68,4.97,12.26,0,1,5
6460,-10.57,5.45,10.98,0,1,5
6480,-13.14,5.88,8.98,0,1,5
6500,-12.28,5.36,7.48,0,1,5
6520,-8.91,1.1,7.61,0,1,5
6540,-9.79,0.19,6.88,0,1,5
6560,-9.71,-0.32,4.56,0,1,5
6580,-8.16,0.4,3.22,0,1,5
6600,-7.22,0.49,4.33,0,1,5
6620,-5.93,0.49,5.41,0,1,5
6640,-5.49,0.05,5.25,0,1,5
6660,-5.38,0.21,4.81,0,1,5
6680,-4.82,-0.68,4.19,0,1,5
6700,-3.97,-0.91,5.45,0,1,5
6720,-4.08,-0.41,5.58,0,1,5
6740,-5.34,-0.17,4.99,0,1,5
6760,-5.9,-0.6,5.34,0,1,5
6780,-5.79,-0.91,6.02,0,1,5
6800,-6.11,-1.38,6.65,0,1,5
6820,-5.27,-2.2,7.01,0,1,5
6840,-5.69,-2.85,8.37,0,1,5
6860,-5.39,-1.51,10.19,0,1,5
6880,-5.67,-1.15,9.82,0,1,5
6900,-6.27,-1.84,8.45,0,1,5
6920,-5.23,-1.51,9.27,0,1,5
6940,-5.63,-1.77,9.34,0,1,5
6960,-5.42,-0.74,7.94,0,1,5
6980,-5.5,-0.8,8.21,0,1,5
7000,-5.03,-1.52,8.43,0,1,5
7020,-4.89,-1.5,8.33,0,1,5
7040,-4.51,-0.96,7.75,0,1,5
7060,-4.35,-0.3,8.0,0,1,5
7080,-4.19,-0.05,8.71,0,1,5
7100,-5.33,-0.02,6.34,0,1,5
7120,-5.55,-0.23,4.92,0,1,5
7140,-4.91,-0.81,5.88,0,1,5
7160,-4.67,-0.62,7.09,0,1,5
7180,-6.06,0.08,9.35,0,1,5
7200,-4.81,-0.36,7.35,0,1,5
7220,-5.63,0.05,7.97,0,1,5
7240,-5.77,-0.08,7.02,0,1,5
7260,-5.73,-0.03,6.92,0,1,5
7280,-5.81,-0.12,7.7,0,1,5
7300,-5.53,0.27,7.4,0,1,5
7320,-5.66,0.74,7.81,0,1,5
7340,-5.8,1.5,8.61,0,1,5
7360,-6.24,0.94,7.85,0,1,5
7380,-6.14,0.41,6.71,0,1,5
7400,-5.48,1.57,7.51,0,1,5
7420,-5.03,2.62,8.26,0,1,5
7440,-5.73,2.6,7.56,0,1,5
7460,-5.39,2.56,6.21,0,1,5
7480,-5.58,3.93,7.26,0,1,5
5600,-5.65,-1.24,-2.35,0,1,6
5620,-4.87,0.32,-1.94,0,1,6
5640,-5.69,0.72,-2.89,0,1,6
5660,-7.24,0.04,-2.61,0,1,6
5680,-8.3,-2.31,-1.12,0,1,6
5700,-9.56,-3.88,0.58,0,1,6
5720,-11.94,-4.25,-1.15,0,1,6
5740,-12.81,-5.21,-4.99,0,1,6
5760,-13.9,-6.12,-4.52,0,1,6
5780,-14.32,-5.24,-8.8,0,1,6
5800,-8.97,4.74,1.89,0,1,6
5820,-11.89,10.94,6.08,0,1,6
5840,-9.76,6.26,14.78,0,1,6
5860,-12.27,4.65,19.14,0,1,6
5880,-3.77,15.85,19.62,0,1,6
5900,-1.69,7.32,19.62,0,1,6
5920,-1.26,-0.11,19.62,0,1,6
5940,1.29,-1.04,19.62,0,1,6
5960,-0.13,-1.41,19.62,0,1,6
5980,2.0,-3.3,19.37,0,1,6
6000,0.45,-7.15,12.77,0,1,6
6020,2.15,-5.7,11.36,0,1,6
6040,3.38,-3.56,9.81,0,1,6
6060,2.12,-2.5,8.25,0,1,6
6080,-0.6,-3.0,6.64,0,1,6
6100,1.19,-2.17,3.84,0,1,6
6120,2.93,-0.33,4.23,0,1,6
6140,1.18,0.48,3.3,0,1,6
6160,0.8,-0.68,2.3,0,1,6
6180,1.31,-2.45,1.09,0,1,6
6200,2.99,-5.08,3.74,0,1,6
6220,-0.31,-1.97,2.98,0,1,6
6240,-0.76,0.86,6.09,0,1,6
6260,-0.81,0.38,6.65,0,1,6
6280,0.26,-1.89,7.71,0,1,6
6300,-1.51,-3.06,7.15,0,1,6
6320,-3.27,-0.57,8.54,0,1,6
6340,-4.58,0.71,10.16,0,1,6
6360,-4.95,0.38,11.88,0,1,6
6380,-6.77,2.09,12.17,0,1,6
6400,-7.76,2.92,11.36,0,1,6
6420,-9.36,3.3,10.85,0,1,6
6440,-10.68,4.97,12.26,0,1,6
6460,-10.57,5.45,10.98,0,1,6
6480,-13.14,5.88,8.98,0,1,6
6500,-12.28,5.36,7.48,0,1,6
6520,-8.91,1.1,7.61,0,1,6
6540,-9.79,0.19,6.88,0,1,6
6560,-9.71,-0.32,4.56,0,1,6
6580,-8.16,0.4,3.22,0,1,6
6600,-7.22,0.49,4.33,0,1,6
6620,-5.93,0.49,5.41,0,1,6
6640,-5.49,0.05,5.25,0,1,6
6660,-5.38,0.21,4.81,0,1,6
6680,-4.82,-0.68,4.19,0,1,6
6700,-3.97,-0.91,5.45,0,1,6
6720,-4.08,-0.41,5.58,0,1,6
6740,-5.34,-0.17,4.99,0,1,6
6760,-5.9,-0.6,5.34,0,1,6
6780,-5.79,-0.91,6.02,0,1,6
6800,-6.11,-1.38,6.65,0,1,6
6820,-5.27,-2.2,7.01,0,1,6
6840,-5.69,-2.85,8.37,0,1,6
6860,-5.39,-1.51,10.19,0,1,6
6880,-5.67,-1.15,9.82,0,1,6
6900,-6.27,-1.84,8.45,0,1,6
6920,-5.23,-1.51,9.27,0,1,6
6940,-5.63,-1.77,9.34,0,1,6
6960,-5.42,-0.74,7.94,0,1,6
6980,-5.5,-0.8,8.21,0,1,6
7000,-5.03,-1.52,8.43,0,1,6
7020,-4.89,-1.5,8.33,0,1,6
7040,-4.51,-0.96,7.75,0,1,6
7060,-4.35,-0.3,8.0,0,1,6
7080,-4.19,-0.05,8.71,0,1,6
7100,-5.33,-0.02,6.34,0,1,6
7120,-5.55,-0.23,4.92,0,1,6
7140,-4.91,-0.81,5.88,0,1,6
7160,-4.67,-0.62,7.09,0,1,6
7180,-6.06,0.08,9.35,0,1,6
7200,-4.81,-0.36,7.35,0,1,6
7220,-5.63,0.05,7.97,0,1,6
7240,-5.77,-0.08,7.02,0,1,6
7260,-5.73,-0.03,6.92,0,1,6
7280,-5.81,-0.12,7.7,0,1,6
7300,-5.53,0.27,7.4,0,1,6
7320,-5.66,0.74,7.81,0,1,6
7340,-5.8,1.5,8.61,0,1,6
7360,-6.24,0.94,7.85,0,1,6
7380,-6.14,0.41,6.71,0,1,6
7400,-5.48,1.57,7.51,0,1,6
7420,-5.03,2.62,8.26,0,1,6
7440,-5.73,2.6,7.56,0,1,6
7460,-5.39,2.56,6.21,0,1,6
7480,-5.58,3.93,7.26,0,1,6
7500,-4.95,4.32,8.07,0,1,6
7520,-5.43,3.62,6.89,0,1,6
7540,-4.55,3.5,6.67,0,1,6
7560,-6.27,4.35,6.83,0,1,6
7580,-4.85,5.16,7.02,0,1,6
5700,-9.56,-3.88,0.58,0,1,7
5720,-11.94,-4.25,-1.15,0,1,7
5740,-12.81,-5.21,-4.99,0,1,7
5760,-13.9,-6.12,-4.52,0,1,7
5780,-14.32,-5.24,-8.8,0,1,7
5800,-8.97,4.74,1.89,0,1,7
5820,-11.89,10.94,6.08,0,1,7
5840,-9.76,6.26,14.78,0,1,7
5860,-12.27,4.65,19.14,0,1,7
5880,-3.77,15.85,19.62,0,1,7
5900,-1.69,7.32,19.62,0,1,7
5920,-1.26,-0.11,19.62,0,1,7
5940,1.29,-1.04,19.62,0,1,7
5960,-0.13,-1.41,19.62,0,1,7
5980,2.0,-3.3,19.37,0,1,7
6000,0.45,-7.15,12.77,0,1,7
6020,2.15,-5.7,11.36,0,1,7
6040,3.38,-3.56,9.81,0,1,7
6060,2.12,-2.5,8.25,0,1,7
6080,-0.6,-3.0,6.64,0,1,7
6100,1.19,-2.17,3.84,0,1,7
6120,2.93,-0.33,4.23,0,1,7
6140,1.18,0.48,3.3,0,1,7
6160,0.8,-0.68,2.3,0,1,7
6180,1.31,-2.45,1.09,0,1,7
6200,2.99,-5.08,3.74,0,1,7
6220,-0.31,-1.97,2.98,0,1,7
6240,-0.76,0.86,6.09,0,1,7
6260,-0.81,0.38,6.65,0,1,7
6280,0.26,-1.89,7.71,0,1,7
6300,-1.51,-3.06,7.15,0,1,7
6320,-3.27,-0.57,8.54,0,1,7
6340,-4.58,0.71,10.16,0,1,7
6360,-4.95,0.38,11.88,0,1,7
6380,-6.77,2.09,12.17,0,1,7
6400,-7.76,2.92,11.36,0,1,7
6420,-9.36,3.3,10.85,0,1,7
6440,-10.68,4.97,12.26,0,1,7
6460,-10.57,5.45,10.98,0,1,7
6480,-13.14,5.88,8.98,0,1,7
6500,-12.28,5.36,7.48,0,1,7
6520,-8.91,1.1,7.61,0,1,7
6540,-9.79,0.19,6.88,0,1,7
6560,-9.71,-0.32,4.56,0,1,7
6580,-8.16,0.4,3.22,0,1,7
6600,-7.22,0.49,4.33,0,1,7
6620,-5.93,0.49,5.41,0,1,7
6640,-5.49,0.05,5.25,0,1,7
6660,-5.38,0.21,4.81,0,1,7
6680,-4.82,-0.68,4.19,0,1,7
6700,-3.97,-0.91,5.45,0,1,7
6720,-4.08,-0.41,5.58,0,1,7
6740,-5.34,-0.17,4.99,0,1,7
6760,-5.9,-0.6,5.34,0,1,7
6780,-5.79,-0.91,6.02,0,1,7
6800,-6.11,-1.38,6.65,0,1,7
6820,-5.27,-2.2,7.01,0,1,7
6840,-5.69,-2.85,8.37,0,1,7
6860,-5.39,-1.51,10.19,0,1,7
6880,-5.67,-1.15,9.82,0,1,7
6900,-6.27,-1.84,8.45,0,1,7
6920,-5.23,-1.51,9.27,0,1,7
6940,-5.63,-1.77,9.34,0,1,7
6960,-5.42,-0.74,7.94,0,1,7
6980,-5.5,-0.8,8.21,0,1,7
7000,-5.03,-1.52,8.43,0,1,7
7020,-4.89,-1.5,8.33,0,1,7
7040,-4.51,-0.96,7.75,0,1,7
7060,-4.35,-0.3,8.0,0,1,7
7080,-4.19,-0.05,8.71,0,1,7
7100,-5.33,-0.02,6.34,0,1,7
7120,-5.55,-0.23,4.92,0,1,7
7140,-4.91,-0.81,5.88,0,1,7
7160,-4.67,-0.62,7.09,0,1,7
7180,-6.06,0.08,9.35,0,1,7
7200,-4.81,-0.36,7.35,0,1,7
7220,-5.63,0.05,7.97,0,1,7
7240,-5.77,-0.08,7.02,0,1,7
7260,-5.73,-0.03,6.92,0,1,7
7280,-5.81,-0.12,7.7,0,1,7
7300,-5.53,0.27,7.4,0,1,7
7320,-5.66,0.74,7.81,0,1,7
7340,-5.8,1.5,8.61,0,1,7
7360,-6.24,0.94,7.85,0,1,7
7380,-6.14,0.41,6.71,0,1,7
7400,-5.48,1.57,7.51,0,1,7
7420,-5.03,2.62,8.26,0,1,7
7440,-5.73,2.6,7.56,0,1,7
7460,-5.39,2.56,6.21,0,1,7
7480,-5.58,3.93,7.26,0,1,7
7500,-4.95,4.32,8.07,0,1,7
7520,-5.43,3.62,6.89,0,1,7
7540,-4.55,3.5,6.67,0,1,7
7560,-6.27,4.35,6.83,0,1,7
7580,-4.85,5.16,7.02,0,1,7
7600,-5.03,5.14,6.76,0,1,7
7620,-5.58,5.46,6.42,0,1,7
7640,-5.65,5.49,6.24,0,1,7
7660,-5.51,4.79,5.65,0,1,7
7680,-5.55,4.39,5.7,0,1,7
5800,-8.97,4.74,1.89,0,1,8
5820,-11.89,10.94,6.08,0,1,8
5840,-9.76,6.26,14.78,0,1,8
5860,-12.27,4.65,19.14,0,1,8
5880,-3.77,15.85,19.62,0,1,8
5900,-1.69,7.32,19.62,0,1,8
5920,-1.26,-0.11,19.62,0,1,8
5940,1.29,-1.04,19.62,0,1,8
5960,-0.13,-1.41,19.62,0,1,8
5980,2.0,-3.3,19.37,0,1,8
6000,0.45,-7.15,12.77,0,1,8
6020,2.15,-5.7,11.36,0,1,8
6040,3.38,-3.56,9.81,0,1,8
6060,2.12,-2.5,8.25,0,1,8
6080,-0.6,-3.0,6.64,0,1,8
6100,1.19,-2.17,3.84,0,1,8
6120,2.93,-0.33,4.23,0,1,8
6140,1.18,0.48,3.3,0,1,8
6160,0.8,-0.68,2.3,0,1,8
6180,1.31,-2.45,1.09,0,1,8
6200,2.99,-5.08,3.74,0,1,8
6220,-0.31,-1.97,2.98,0,1,8
6240,-0.76,0.86,6.09,0,1,8
6260,-0.81,0.38,6.65,0,1,8
6280,0.26,-1.89,7.71,0,1,8
6300,-1.51,-3.06,7.15,0,1,8
6320,-3.27,-0.57,8.54,0,1,8
6340,-4.58,0.71,10.16,0,1,8
6360,-4.95,0.38,11.88,0,1,8
6380,-6.77,2.09,12.17,0,1,8
6400,-7.76,2.92,11.36,0,1,8
6420,-9.36,3.3,10.85,0,1,8
6440,-10.68,4.97,12.26,0,1,8
6460,-10.57,5.45,10.98,0,1,8
6480,-13.14,5.88,8.98,0,1,8
6500,-12.28,5.36,7.48,0,1,8
6520,-8.91,1.1,7.61,0,1,8
6540,-9.79,0.19,6.88,0,1,8
6560,-9.71,-0.32,4.56,0,1,8
6580,-8.16,0.4,3.22,0,1,8
6600,-7.22,0.49,4.33,0,1,8
6620,-5.93,0.49,5.41,0,1,8
6640,-5.49,0.05,5.25,0,1,8
6660,-5.38,0.21,4.81,0,1,8
6680,-4.82,-0.68,4.19,0,1,8
6700,-3.97,-0.91,5.45,0,1,8
6720,-4.08,-0.41,5.58,0,1,8
6740,-5.34,-0.17,4.99,0,1,8
6760,-5.9,-0.6,5.34,0,1,8
6780,-5.79,-0.91,6.02,0,1,8
6800,-6.11,-1.38,6.65,0,1,8
6820,-5.27,-2.2,7.01,0,1,8
6840,-5.69,-2.85,8.37,0,1,8
6860,-5.39,-1.51,10.19,0,1,8
6880,-5.67,-1.15,9.82,0,1,8
6900,-6.27,-1.84,8.45,0,1,8
6920,-5.23,-1.51,9.27,0,1,8
6940,-5.63,-1.77,9.34,0,1,8
6960,-5.42,-0.74,7.94,0,1,8
6980,-5.5,-0.8,8.21,0,1,8
7000,-5.03,-1.52,8.43,0,1,8
7020,-4.89,-1.5,8.33,0,1,8
7040,-4.51,-0.96,7.75,0,1,8
7060,-4.35,-0.3,8.0,0,1,8
7080,-4.19,-0.05,8.71,0,1,8
7100,-5.33,-0.02,6.34,0,1,8
7120,-5.55,-0.23,4.92,0,1,8
7140,-4.91,-0.81,5.88,0,1,8
7160,-4.67,-0.62,7.09,0,1,8
7180,-6.06,0.08,9.35,0,1,8
7200,-4.81,-0.36,7.35,0,1,8
7220,-5.63,0.05,7.97,0,1,8
7240,-5.77,-0.08,7.02,0,1,8
7260,-5.73,-0.03,6.92,0,1,8
7280,-5.81,-0.12,7.7,0,1,8
7300,-5.53,0.27,7.4,0,1,8
7320,-5.66,0.74,7.81,0,1,8
7340,-5.8,1.5,8.61,0,1,8
7360,-6.24,0.94,7.85,0,1,8
7380,-6.14,0.41,6.71,0,1,8
7400,-5.48,1.57,7.51,0,1,8
7420,-5.03,2.62,8.26,0,1,8
7440,-5.73,2.6,7.56,0,1,8
7460,-5.39,2.56,6.21,0,1,8
7480,-5.58,3.93,7.26,0,1,8
7500,-4.95,4.32,8.07,0,1,8
7520,-5.43,3.62,6.89,0,1,8
7540,-4.55,3.5,6.67,0,1,8
7560,-6.27,4.35,6.83,0,1,8
7580,-4.85,5.16,7.02,0,1,8
7600,-5.03,5.14,6.76,0,1,8
7620,-5.58,5.46,6.42,0,1,8
7640,-5.65,5.49,6.24,0,1,8
7660,-5.51,4.79,5.65,0,1,8
7680,-5.55,4.39,5.7,0,1,8
7700,-5.98,4.81,5.66,0,1,8
7720,-6.36,5.5,5.12,0,1,8
7740,-6.5,5.31,5.34,0,1,8
7760,-6.22,5.26,5.33,0,1,8
7780,-6.19,5.24,4.73,0,1,8
5900,-1.69,7.32,19.62,0,1,9
5920,-1.26,-0.11,19.62,0,1,9
5940,1.29,-1.04,19.62,0,1,9
5960,-0.13,-1.41,19.62,0,1,9
5980,2.0,-3.3,19.37,0,1,9
6000,0.45,-7.15,12.77,0,1,9
6020,2.15,-5.7,11.36,0,1,9
6040,3.38,-3.56,9.81,0,1,9
6060,2.12,-2.5,8.25,0,1,9
6080,-0.6,-3.0,6.64,0,1,9
6100,1.19,-2.17,3.84,0,1,9
6120,2.93,-0.33,4.23,0,1,9
6140,1.18,0.48,3.3,0,1,9
6160,0.8,-0.68,2.3,0,1,9
6180,1.31,-2.45,1.09,0,1,9
6200,2.99,-5.08,3.74,0,1,9
6220,-0.31,-1.97,2.98,0,1,9
6240,-0.76,0.86,6.09,0,1,9
6260,-0.81,0.38,6.65,0,1,9
6280,0.26,-1.89,7.71,0,1,9
6300,-1.51,-3.06,7.15,0,1,9
6320,-3.27,-0.57,8.54,0,1,9
6340,-4.58,0.71,10.16,0,1,9
6360,-4.95,0.38,11.88,0,1,9
6380,-6.77,2.09,12.17,0,1,9
6400,-7.76,2.92,11.36,0,1,9
6420,-9.36,3.3,10.85,0,1,9
6440,-10.68,4.97,12.26,0,1,9
6460,-10.57,5.45,10.98,0,1,9
6480,-13.14,5.88,8.98,0,1,9
6500,-12.28,5.36,7.48,0,1,9
6520,-8.91,1.1,7.61,0,1,9
6540,-9.79,0.19,6.88,0,1,9
6560,-9.71,-0.32,4.56,0,1,9
6580,-8.16,0.4,3.22,0,1,9
6600,-7.22,0.49,4.33,0,1,9
6620,-5.93,0.49,5.41,0,1,9
6640,-5.49,0.05,5.25,0,1,9
6660,-5.38,0.21,4.81,0,1,9
6680,-4.82,-0.68,4.19,0,1,9
6700,-3.97,-0.91,5.45,0,1,9
6720,-4.08,-0.41,5.58,0,1,9
6740,-5.34,-0.17,4.99,0,1,9
6760,-5.9,-0.6,5.34,0,1,9
6780,-5.79,-0.91,6.02,0,1,9
6800,-6.11,-1.38,6.65,0,1,9
6820,-5.27,-2.2,7.01,0,1,9
6840,-5.69,-2.85,8.37,0,1,9
6860,-5.39,-1.51,10.19,0,1,9
6880,-5.67,-1.15,9.82,0,1,9
6900,-6.27,-1.84,8.45,0,1,9
6920,-5.23,-1.51,9.27,0,1,9
6940,-5.63,-1.77,9.34,0,1,9
6960,-5.42,-0.74,7.94,0,1,9
6980,-5.5,-0.8,8.21,0,1,9
7000,-5.03,-1.52,8.43,0,1,9
7020,-4.89,-1.5,8.33,0,1,9
7040,-4.51,-0.96,7.75,0,1,9
7060,-4.35,-0.3,8.0,0,1,9
7080,-4.19,-0.05,8.71,0,1,9
7100,-5.33,-0.02,6.34,0,1,9
7120,-5.55,-0.23,4.92,0,1,9
7140,-4.91,-0.81,5.88,0,1,9
7160,-4.67,-0.62,7.09,0,1,9
7180,-6.06,0.08,9.35,0,1,9
7200,-4.81,-0.36,7.35,0,1,9
7220,-5.63,0.05,7.97,0,1,9
7240,-5.77,-0.08,7.02,0,1,9
7260,-5.73,-0.03,6.92,0,1,9
7280,-5.81,-0.12,7.7,0,1,9
7300,-5.53,0.27,7.4,0,1,9
7320,-5.66,0.74,7.81,0,1,9
7340,-5.8,1.5,8.61,0,1,9
7360,-6.24,0.94,7.85,0,1,9
7380,-6.14,0.41,6.71,0,1,9
7400,-5.48,1.57,7.51,0,1,9
7420,-5.03,2.62,8.26,0,1,9
7440,-5.73,2.6,7.56,0,1,9
7460,-5.39,2.56,6.21,0,1,9
7480,-5.58,3.93,7.26,0,1,9
7500,-4.95,4.32,8.07,0,1,9
7520,-5.43,3.62,6.89,0,1,9
7540,-4.55,3.5,6.67,0,1,9
7560,-6.27,4.35,6.83,0,1,9
7580,-4.85,5.16,7.02,0,1,9
7600,-5.03,5.14,6.76,0,1,9
7620,-5.58,5.46,6.42,0,1,9
7640,-5.65,5.49,6.24,0,1,9
7660,-5.51,4.79,5.65,0,1,9
7680,-5.55,4.39,5.7,0,1,9
7700,-5.98,4.81,5.66,0,1,9
7720,-6.36,5.5,5.12,0,1,9
7740,-6.5,5.31,5.34,0,1,9
7760,-6.22,5.26,5.33,0,1,9
7780,-6.19,5.24,4.73,0,1,9
7800,-6.56,5.25,4.74,0,1,9
7820,-6.05,5.69,5.23,0,1,9
7840,-6.48,6.94,4.29,0,1,9
7860,-6.58,7.12,4.19,0,1,9
7880,-6.5,6.58,4.7,0,1,9
6000,0.45,-7.15,12.77,0,1,10
6020,2.15,-5.7,11.36,0,1,10
6040,3.38,-3.56,9.81,0,1,10
6060,2.12,-2.5,8.25,0,1,10
6080,-0.6,-3.0,6.64,0,1,10
6100,1.19,-2.17,3.84,0,1,10
6120,2.93,-0.33,4.23,0,1,10
6140,1.18,0.48,3.3,0,1,10
6160,0.8,-0.68,2.3,0,1,10
6180,1.31,-2.45,1.09,0,1,10
6200,2.99,-5.08,3.74,0,1,10
6220,-0.31,-1.97,2.98,0,1,10
6240,-0.76,0.86,6.09,0,1,10
6260,-0.81,0.38,6.65,0,1,10
6280,0.26,-1.89,7.71,0,1,10
6300,-1.51,-3.06,7.15,0,1,10
6320,-3.27,-0.57,8.54,0,1,10
6340,-4.58,0.71,10.16,0,1,10
6360,-4.95,0.38,11.88,0,1,10
6380,-6.77,2.09,12.17,0,1,10
6400,-7.76,2.92,11.36,0,1,10
6420,-9.36,3.3,10.85,0,1,10
6440,-10.68,4.97,12.26,0,1,10
6460,-10.57,5.45,10.98,0,1,10
6480,-13.14,5.88,8.98,0,1,10
6500,-12.28,5.36,7.48,0,1,10
6520,-8.91,1.1,7.61,0,1,10
6540,-9.79,0.19,6.88,0,1,10
6560,-9.71,-0.32,4.56,0,1,10
6580,-8.16,0.4,3.22,0,1,10
6600,-7.22,0.49,4.33,0,1,10
6620,-5.93,0.49,5.41,0,1,10
6640,-5.49,0.05,5.25,0,1,10
6660,-5.38,0.21,4.81,0,1,10
6680,-4.82,-0.68,4.19,0,1,10
6700,-3.97,-0.91,5.45,0,1,10
6720,-4.08,-0.41,5.58,0,1,10
6740,-5.34,-0.17,4.99,0,1,10
6760,-5.9,-0.6,5.34,0,1,10
6780,-5.79,-0.91,6.02,0,1,10
6800,-6.11,-1.38,6.65,0,1,10
6820,-5.27,-2.2,7.01,0,1,10
6840,-5.69,-2.85,8.37,0,1,10
6860,-5.39,-1.51,10.19,0,1,10
6880,-5.67,-1.15,9.82,0,1,10
6900,-6.27,-1.84,8.45,0,1,10
6920,-5.23,-1.51,9.27,0,1,10
6940,-5.63,-1.77,9.34,0,1,10
6960,-5.42,-0.74,7.94,0,1,10
6980,-5.5,-0.8,8.21,0,1,10
7000,-5.03,-1.52,8.43,0,1,10
7020,-4.89,-1.5,8.33,0,1,10
7040,-4.51,-0.96,7.75,0,1,10
7060,-4.35,-0.3,8.0,0,1,10
7080,-4.19,-0.05,8.71,0,1,10
7100,-5.33,-0.02,6.34,0,1,10
7120,-5.55,-0.23,4.92,0,1,10
7140,-4.91,-0.81,5.88,0,1,10
7160,-4.67,-0.62,7.09,0,1,10
7180,-6.06,0.08,9.35,0,1,10
7200,-4.81,-0.36,7.35,0,1,10
7220,-5.63,0.05,7.97,0,1,10
7240,-5.77,-0.08,7.02,0,1,10
7260,-5.73,-0.03,6.92,0,1,10
7280,-5.81,-0.12,7.7,0,1,10
7300,-5.53,0.27,7.4,0,1,10
7320,-5.66,0.74,7.81,0,1,10
7340,-5.8,1.5,8.61,0,1,10
7360,-6.24,0.94,7.85,0,1,10
7380,-6.14,0.41,6.71,0,1,10
7400,-5.48,1.57,7.51,0,1,10
7420,-5.03,2.62,8.26,0,1,10
7440,-5.73,2.6,7.56,0,1,10
7460,-5.39,2.56,6.21,0,1,10
7480,-5.58,3.93,7.26,0,1,10
7500,-4.95,4.32,8.07,0,1,10
7520,-5.43,3.62,6.89,0,1,10
7540,-4.55,3.5,6.67,0,1,10
7560,-6.27,4.35,6.83,0,1,10
7580,-4.85,5.16,7.02,0,1,10
7600,-5.03,5.14,6.76,0,1,10
7620,-5.58,5.46,6.42,0,1,10
7640,-5.65,5.49,6.24,0,1,10
7660,-5.51,4.79,5.65,0,1,10
7680,-5.55,4.39,5.7,0,1,10
7700,-5.98,4.81,5.66,0,1,10
7720,-6.36,5.5,5.12,0,1,10
7740,-6.5,5.31,5.34,0,1,10
7760,-6.22,5.26,5.33,0,1,10
7780,-6.19,5.24,4.73,0,1,10
7800,-6.56,5.25,4.74,0,1,10
7820,-6.05,5.69,5.23,0,1,10
7840,-6.48,6.94,4.29,0,1,10
7860,-6.58,7.12,4.19,0,1,10
7880,-6.5,6.58,4.7,0,1,10
7900,-6.26,6.42,4.41,0,1,10
7920,-6.15,6.86,3.91,0,1,10
7940,-6.72,7.0,3.75,0,1,10
7960,-6.69,7.1,4.42,0,1,10
7980,-6.46,7.22,3.9,0,1,10
16320,-7.79,4.21,-5.72,1,2,1
16340,-7.19,3.87,-5.01,1,2,1
16360,-7.25,2.23,-5.99,1,2,1
16380,-6.89,3.19,-4.87,1,2,1
16400,-6.88,4.87,-4.11,1,2,1
16420,-6.99,4.82,-4.33,1,2,1
16440,-6.84,3.6,-4.88,0,2,1
16460,-6.23,2.66,-6.58,0,2,1
16480,-6.77,2.79,-6.93,0,2,1
16500,-6.54,3.32,-5.82,0,2,1
16520,-6.13,3.01,-5.25,0,2,1
16540,-6.81,3.67,-5.67,0,2,1
16560,-6.79,4.02,-5.78,0,2,1
16580,-6.68,4.08,-5.67,0,2,1
16600,-6.9,3.36,-5.87,0,2,1
16620,-7.22,2.72,-6.01,0,2,1
16640,-6.79,2.1,-6.02,0,2,1
16660,-6.74,1.51,-6.47,0,2,1
16680,-6.23,0.8,-5.88,0,2,1
16700,-6.93,0.42,-6.11,0,2,1
16720,-6.68,0.82,-7.49,0,2,1
16740,-4.9,2.47,-4.91,0,2,1
16760,-3.77,3.45,-3.32,0,2,1
16780,-4.27,3.78,-2.74,0,2,1
16800,-5.35,4.33,-4.36,0,2,1
16820,-4.81,4.3,-3.66,0,2,1
16840,-4.36,3.63,-2.71,0,2,1
16860,-2.53,3.38,-0.62,0,2,1
16880,-4.07,3.22,-2.88,0,2,1
16900,-4.95,0.19,-5.87,0,2,1
16920,-4.5,-1.94,-6.29,0,2,1
16940,-5.48,-1.49,-6.5,0,2,1
16960,-5.34,0.32,-3.61,0,2,1
16980,-6.96,1.32,-3.11,0,2,1
17000,-6.96,1.61,-3.56,0,2,1
17020,-10.06,-0.59,-3.0,0,2,1
17040,-12.75,-3.94,-6.88,0,2,1
17060,-11.68,-7.47,-10.86,0,2,1
17080,-12.4,-13.1,-11.64,0,2,1
17100,-13.45,-12.95,-12.66,0,2,1
17120,-12.25,-7.76,-11.64,0,2,1
17140,-9.43,-0.65,-6.6,0,2,1
17160,-10.35,6.12,-2.66,0,2,1
17180,-10.16,12.49,5.7,0,2,1
17200,-5.22,14.48,10.22,0,2,1
17220,-11.67,9.98,11.41,0,2,1
17240,-15.11,6.1,4.52,0,2,1
17260,-5.14,0.59,14.34,0,2,1
17280,-2.44,-1.45,18.21,0,2,1
17300,-2.5,-0.04,19.62,0,2,1
17320,-3.1,1.01,19.62,0,2,1
17340,-2.64,1.08,19.62,0,2,1
17360,-0.76,-2.25,19.62,0,2,1
17380,-0.39,-3.51,17.5,0,2,1
17400,-1.96,0.74,14.79,0,2,1
17420,-2.18,0.46,12.61,0,2,1
17440,0.08,-2.24,9.91,0,2,1
17460,0.87,-2.28,8.62,0,2,1
17480,-0.59,-0.79,6.36,0,2,1
17500,0.3,0.67,5.44,0,2,1
17520,0.56,1.11,5.85,0,2,1
17540,-0.12,0.43,4.5,0,2,1
17560,-0.65,-1.4,3.11,0,2,1
17580,0.04,-2.4,3.07,0,2,1
17600,0.12,-3.35,3.71,0,2,1
17620,-0.17,-3.42,4.62,0,2,1
17640,-0.03,-3.65,5.72,0,2,1
17660,-1.13,-3.52,6.36,0,2,1
17680,-3.65,-3.83,7.19,0,2,1
17700,-4.39,-4.7,8.55,0,2,1
17720,-5.05,-5.48,9.32,0,2,1
17740,-5.25,-6.28,9.56,0,2,1
17760,-7.11,-6.56,9.17,0,2,1
17780,-7.95,-6.6,9.41,0,2,1
17800,-7.66,-6.56,8.27,0,2,1
17820,-7.59,-6.1,8.34,0,2,1
17840,-7.53,-5.24,7.55,0,2,1
17860,-7.46,-4.59,6.61,0,2,1
17880,-6.81,-4.15,5.96,0,2,1
17900,-6.55,-3.91,5.56,0,2,1
17920,-6.76,-3.8,5.09,0,2,1
17940,-5.93,-3.86,5.19,0,2,1
17960,-5.86,-3.34,4.88,0,2,1
17980,-5.54,-3.08,4.86,0,2,1
18000,-5.31,-2.8,5.2,0,2,1
18020,-5.15,-3.15,5.06,0,2,1
18040,-5.31,-3.52,4.84,0,2,1
18060,-5.53,-3.8,4.84,0,2,1
18080,-5.71,-4.24,5.51,0,2,1
18100,-5.39,-4.9,6.42,0,2,1
18120,-5.36,-5.56,6.67,0,2,1
18140,-5.13,-5.76,6.72,0,2,1
18160,-5.16,-5.55,6.72,0,2,1
18180,-5.08,-5.09,7.08,0,2,1
18200,-4.72,-4.67,7.67,0,2,1
18220,-4.91,-4.44,7.54,0,2,1
18240,-5.02,-4.49,7.46,0,2,1
18260,-5.03,-4.39,7.52,0,2,1
18280,-4.67,-4.15,7.62,0,2,1
18300,-4.44,-3.69,7.96,0,2,1
16420,-6.99,4.82,-4.33,1,2,2
16440,-6.84,3.6,-4.88,0,2,2
16460,-6.23,2.66,-6.58,0,2,2
16480,-6.77,2.79,-6.93,0,2,2
16500,-6.54,3.32,-5.82,0,2,2
16520,-6.13,3.01,-5.25,0,2,2
16540,-6.81,3.67,-5.67,0,2,2
16560,-6.79,4.02,-5.78,0,2,2
16580,-6.68,4.08,-5.67,0,2,2
16600,-6.9,3.36,-5.87,0,2,2
16620,-7.22,2.72,-6.01,0,2,2
16640,-6.79,2.1,-6.02,0,2,2
16660,-6.74,1.51,-6.47,0,2,2
16680,-6.23,0.8,-5.88,0,2,2
16700,-6.93,0.42,-6.11,0,2,2
16720,-6.68,0.82,-7.49,0,2,2
16740,-4.9,2.47,-4.91,0,2,2
16760,-3.77,3.45,-3.32,0,2,2
16780,-4.27,3.78,-2.74,0,2,2
16800,-5.35,4.33,-4.36,0,2,2
16820,-4.81,4.3,-3.66,0,2,2
16840,-4.36,3.63,-2.71,0,2,2
16860,-2.53,3.38,-0.62,0,2,2
16880,-4.07,3.22,-2.88,0,2,2
16900,-4.95,0.19,-5.87,0,2,2
16920,-4.5,-1.94,-6.29,0,2,2
16940,-5.48,-1.49,-6.5,0,2,2
16960,-5.34,0.32,-3.61,0,2,2
16980,-6.96,1.32,-3.11,0,2,2
17000,-6.96,1.61,-3.56,0,2,2
17020,-10.06,-0.59,-3.0,0,2,2
17040,-12.75,-3.94,-6.88,0,2,2
17060,-11.68,-7.47,-10.86,0,2,2
17080,-12.4,-13.1,-11.64,0,2,2
17100,-13.45,-12.95,-12.66,0,2,2
17120,-12.25,-7.76,-11.64,0,2,2
17140,-9.43,-0.65,-6.6,0,2,2
17160,-10.35,6.12,-2.66,0,2,2
17180,-10.16,12.49,5.7,0,2,2
17200,-5.22,14.48,10.22,0,2,2
17220,-11.67,9.98,11.41,0,2,2
17240,-15.11,6.1,4.52,0,2,2
17260,-5.14,0.59,14.34,0,2,2
17280,-2.44,-1.45,18.21,0,2,2
17300,-2.5,-0.04,19.62,0,2,2
17320,-3.1,1.01,19.62,0,2,2
17340,-2.64,1.08,19.62,0,2,2
17360,-0.76,-2.25,19.62,0,2,2
17380,-0.39,-3.51,17.5,0,2,2
17400,-1.96,0.74,14.79,0,2,2
17420,-2.18,0.46,12.61,0,2,2
17440,0.08,-2.24,9.91,0,2,2
17460,0.87,-2.28,8.62,0,2,2
17480,-0.59,-0.79,6.36,0,2,2
17500,0.3,0.67,5.44,0,2,2
17520,0.56,1.11,5.85,0,2,2
17540,-0.12,0.43,4.5,0,2,2
17560,-0.65,-1.4,3.11,0,2,2
17580,0.04,-2.4,3.07,0,2,2
17600,0.12,-3.35,3.71,0,2,2
17620,-0.17,-3.42,4.62,0,2,2
17640,-0.03,-3.65,5.72,0,2,2
17660,-1.13,-3.52,6.36,0,2,2
17680,-3.65,-3.83,7.19,0,2,2
17700,-4.39,-4.7,8.55,0,2,2
17720,-5.05,-5.48,9.32,0,2,2
17740,-5.25,-6.28,9.56,0,2,2
17760,-7.11,-6.56,9.17,0,2,2
17780,-7.95,-6.6,9.41,0,2,2
17800,-7.66,-6.56,8.27,0,2,2
17820,-7.59,-6.1,8.34,0,2,2
17840,-7.53,-5.24,7.55,0,2,2
17860,-7.46,-4.59,6.61,0,2,2
17880,-6.81,-4.15,5.96,0,2,2
17900,-6.55,-3.91,5.56,0,2,2
17920,-6.76,-3.8,5.09,0,2,2
17940,-5.93,-3.86,5.19,0,2,2
17960,-5.86,-3.34,4.88,0,2,2
17980,-5.54,-3.08,4.86,0,2,2
18000,-5.31,-2.8,5.2,0,2,2
18020,-5.15,-3.15,5.06,0,2,2
18040,-5.31,-3.52,4.84,0,2,2
18060,-5.53,-3.8,4.84,0,2,2
18080,-5.71,-4.24,5.51,0,2,2
18100,-5.39,-4.9,6.42,0,2,2
18120,-5.36,-5.56,6.67,0,2,2
18140,-5.13,-5.76,6.72,0,2,2
18160,-5.16,-5.55,6.72,0,2,2
18180,-5.08,-5.09,7.08,0,2,2
18200,-4.72,-4.67,7.67,0,2,2
18220,-4.91,-4.44,7.54,0,2,2
18240,-5.02,-4.49,7.46,0,2,2
18260,-5.03,-4.39,7.52,0,2,2
18280,-4.67,-4.15,7.62,0,2,2
18300,-4.44,-3.69,7.96,0,2,2
18320,-3.76,-3.28,8.37,0,2,2
18340,-3.98,-3.23,8.28,0,2,2
18360,-4.34,-3.59,7.86,0,2,2
18380,-4.85,-3.82,6.67,0,2,2
18400,-4.8,-3.84,6.57,0,2,2
16520,-6.13,3.01,-5.25,0,2,3
16540,-6.81,3.67,-5.67,0,2,3
16560,-6.79,4.02,-5.78,0,2,3
16580,-6.68,4.08,-5.67,0,2,3
16600,-6.9,3.36,-5.87,0,2,3
16620,-7.22,2.72,-6.01,0,2,3
16640,-6.79,2.1,-6.02,0,2,3
16660,-6.74,1.51,-6.47,0,2,3
16680,-6.23,0.8,-5.88,0,2,3
16700,-6.93,0.42,-6.11,0,2,3
16720,-6.68,0.82,-7.49,0,2,3
16740,-4.9,2.47,-4.91,0,2,3
16760,-3.77,3.45,-3.32,0,2,3
16780,-4.27,3.78,-2.74,0,2,3
16800,-5.35,4.33,-4.36,0,2,3
16820,-4.81,4.3,-3.66,0,2,3
16840,-4.36,3.63,-2.71,0,2,3
16860,-2.53,3.38,-0.62,0,2,3
16880,-4.07,3.22,-2.88,0,2,3
16900,-4.95,0.19,-5.87,0,2,3
16920,-4.5,-1.94,-6.29,0,2,3
16940,-5.48,-1.49,-6.5,0,2,3
16960,-5.34,0.32,-3.61,0,2,3
16980,-6.96,1.32,-3.11,0,2,3
17000,-6.96,1.61,-3.56,0,2,3
17020,-10.06,-0.59,-3.0,0,2,3
17040,-12.75,-3.94,-6.88,0,2,3
17060,-11.68,-7.47,-10.86,0,2,3
17080,-12.4,-13.1,-11.64,0,2,3
17100,-13.45,-12.95,-12.66,0,2,3
17120,-12.25,-7.76,-11.64,0,2,3
17140,-9.43,-0.65,-6.6,0,2,3
17160,-10.35,6.12,-2.66,0,2,3
17180,-10.16,12.49,5.7,0,2,3
17200,-5.22,14.48,10.22,0,2,3
17220,-11.67,9.98,11.41,0,2,3
17240,-15.11,6.1,4.52,0,2,3
17260,-5.14,0.59,14.34,0,2,3
17280,-2.44,-1.45,18.21,0,2,3
17300,-2.5,-0.04,19.62,0,2,3
17320,-3.1,1.01,19.62,0,2,3
17340,-2.64,1.08,19.62,0,2,3
17360,-0.76,-2.25,19.62,0,2,3
17380,-0.39,-3.51,17.5,0,2,3
17400,-1.96,0.74,14.79,0,2,3
17420,-2.18,0.46,12.61,0,2,3
17440,0.08,-2.24,9.91,0,2,3
17460,0.87,-2.28,8.62,0,2,3
17480,-0.59,-0.79,6.36,0,2,3
17500,0.3,0.67,5.44,0,2,3
17520,0.56,1.11,5.85,0,2,3
17540,-0.12,0.43,4.5,0,2,3
17560,-0.65,-1.4,3.11,0,2,3
17580,0.04,-2.4,3.07,0,2,3
17600,0.12,-3.35,3.71,0,2,3
17620,-0.17,-3.42,4.62,0,2,3
17640,-0.03,-3.65,5.72,0,2,3
17660,-1.13,-3.52,6.36,0,2,3
17680,-3.65,-3.83,7.19,0,2,3
17700,-4.39,-4.7,8.55,0,2,3
17720,-5.05,-5.48,9.32,0,2,3
17740,-5.25,-6.28,9.56,0,2,3
17760,-7.11,-6.56,9.17,0,2,3
17780,-7.95,-6.6,9.41,0,2,3
17800,-7.66,-6.56,8.27,0,2,3
17820,-7.59,-6.1,8.34,0,2,3
17840,-7.53,-5.24,7.55,0,2,3
17860,-7.46,-4.59,6.61,0,2,3
17880,-6.81,-4.15,5.96,0,2,3
17900,-6.55,-3.91,5.56,0,2,3
17920,-6.76,-3.8,5.09,0,2,3
17940,-5.93,-3.86,5.19,0,2,3
17960,-5.86,-3.34,4.88,0,2,3
17980,-5.54,-3.08,4.86,0,2,3
18000,-5.31,-2.8,5.2,0,2,3
18020,-5.15,-3.15,5.06,0,2,3
18040,-5.31,-3.52,4.84,0,2,3
18060,-5.53,-3.8,4.84,0,2,3
18080,-5.71,-4.24,5.51,0,2,3
18100,-5.39,-4.9,6.42,0,2,3
18120,-5.36,-5.56,6.67,0,2,3
18140,-5.13,-5.76,6.72,0,2,3
18160,-5.16,-5.55,6.72,0,2,3
18180,-5.08,-5.09,7.08,0,2,3
18200,-4.72,-4.67,7.67,0,2,3
18220,-4.91,-4.44,7.54,0,2,3
18240,-5.02,-4.49,7.46,0,2,3
18260,-5.03,-4.39,7.52,0,2,3
18280,-4.67,-4.15,7.62,0,2,3
18300,-4.44,-3.69,7.96,0,2,3
18320,-3.76,-3.28,8.37,0,2,3
18340,-3.98,-3.23,8.28,0,2,3
18360,-4.34,-3.59,7.86,0,2,3
18380,-4.85,-3.82,6.67,0,2,3
18400,-4.8,-3.84,6.57,0,2,3
18420,-4.48,-3.91,7.33,0,2,3
18440,-3.95,-3.9,6.9,0,2,3
18460,-4.51,-3.81,6.59,0,2,3
18480,-4.13,-3.91,6.87,0,2,3
18500,-4.65,-3.58,7.1,0,2,3
16620,-7.22,2.72,-6.01,0,2,4
16640,-6.79,2.1,-6.02,0,2,4
16660,-6.74,1.51,-6.47,0,2,4
16680,-6.23,0.8,-5.88,0,2,4
16700,-6.93,0.42,-6.11,0,2,4
16720,-6.68,0.82,-7.49,0,2,4
16740,-4.9,2.47,-4.91,0,2,4
16760,-3.77,3.45,-3.32,0,2,4
16780,-4.27,3.78,-2.74,0,2,4
16800,-5.35,4.33,-4.36,0,2,4
16820,-4.81,4.3,-3.66,0,2,4
16840,-4.36,3.63,-2.71,0,2,4
16860,-2.53,3.38,-0.62,0,2,4
16880,-4.07,3.22,-2.88,0,2,4
16900,-4.95,0.19,-5.87,0,2,4
16920,-4.5,-1.94,-6.29,0,2,4
16940,-5.48,-1.49,-6.5,0,2,4
16960,-5.34,0.32,-3.61,0,2,4
16980,-6.96,1.32,-3.11,0,2,4
17000,-6.96,1.61,-3.56,0,2,4
17020,-10.06,-0.59,-3.0,0,2,4
17040,-12.75,-3.94,-6.88,0,2,4
17060,-11.68,-7.47,-10.86,0,2,4
17080,-12.4,-13.1,-11.64,0,2,4
17100,-13.45,-12.95,-12.66,0,2,4
17120,-12.25,-7.76,-11.64,0,2,4
17140,-9.43,-0.65,-6.6,0,2,4
17160,-10.35,6.12,-2.66,0,2,4
17180,-10.16,12.49,5.7,0,2,4
17200,-5.22,14.48,10.22,0,2,4
17220,-11.67,9.98,11.41,0,2,4
17240,-15.11,6.1,4.52,0,2,4
17260,-5.14,0.59,14.34,0,2,4
17280,-2.44,-1.45,18.21,0,2,4
17300,-2.5,-0.04,19.62,0,2,4
17320,-3.1,1.01,19.62,0,2,4
17340,-2.64,1.08,19.62,0,2,4
17360,-0.76,-2.25,19.62,0,2,4
17380,-0.39,-3.51,17.5,0,2,4
17400,-1.96,0.74,14.79,0,2,4
17420,-2.18,0.46,12.61,0,2,4
17440,0.08,-2.24,9.91,0,2,4
17460,0.87,-2.28,8.62,0,2,4
17480,-0.59,-0.79,6.36,0,2,4
17500,0.3,0.67,5.44,0,2,4
17520,0.56,1.11,5.85,0,2,4
17540,-0.12,0.43,4.5,0,2,4
17560,-0.65,-1.4,3.11,0,2,4
17580,0.04,-2.4,3.07,0,2,4
17600,0.12,-3.35,3.71,0,2,4
17620,-0.17,-3.42,4.62,0,2,4
17640,-0.03,-3.65,5.72,0,2,4
17660,-1.13,-3.52,6.36,0,2,4
17680,-3.65,-3.83,7.19,0,2,4
17700,-4.39,-4.7,8.55,0,2,4
17720,-5.05,-5.48,9.32,0,2,4
17740,-5.25,-6.28,9.56,0,2,4
17760,-7.11,-6.56,9.17,0,2,4
17780,-7.95,-6.6,9.41,0,2,4
17800,-7.66,-6.56,8.27,0,2,4
17820,-7.59,-6.1,8.34,0,2,4
17840,-7.53,-5.24,7.55,0,2,4
17860,-7.46,-4.59,6.61,0,2,4
17880,-6.81,-4.15,5.96,0,2,4
17900,-6.55,-3.91,5.56,0,2,4
17920,-6.76,-3.8,5.09,0,2,4
17940,-5.93,-3.86,5.19,0,2,4
17960,-5.86,-3.34,4.88,0,2,4
17980,-5.54,-3.08,4.86,0,2,4
18000,-5.31,-2.8,5.2,0,2,4
18020,-5.15,-3.15,5.06,0,2,4
18040,-5.31,-3.52,4.84,0,2,4
18060,-5.53,-3.8,4.84,0,2,4
18080,-5.71,-4.24,5.51,0,2,4
18100,-5.39,-4.9,6.42,0,2,4
18120,-5.36,-5.56,6.67,0,2,4
18140,-5.13,-5.76,6.72,0,2,4
18160,-5.16,-5.55,6.72,0,2,4
18180,-5.08,-5.09,7.08,0,2,4
18200,-4.72,-4.67,7.67,0,2,4
18220,-4.91,-4.44,7.54,0,2,4
18240,-5.02,-4.49,7.46,0,2,4
18260,-5.03,-4.39,7.52,0,2,4
18280,-4.67,-4.15,7.62,0,2,4
18300,-4.44,-3.69,7.96,0,2,4
18320,-3.76,-3.28,8.37,0,2,4
18340,-3.98,-3.23,8.28,0,2,4
18360,-4.34,-3.59,7.86,0,2,4
18380,-4.85,-3.82,6.67,0,2,4
18400,-4.8,-3.84,6.57,0,2,4
18420,-4.48,-3.91,7.33,0,2,4
18440,-3.95,-3.9,6.9,0,2,4
18460,-4.51,-3.81,6.59,0,2,4
18480,-4.13,-3.91,6.87,0,2,4
18500,-4.65,-3.58,7.1,0,2,4
18520,-5.35,-3.09,6.9,0,2,4
18540,-5.37,-2.93,7.21,0,2,4
18560,-6.01,-3.68,6.74,0,2,4
18580,-5.56,-4.39,7.05,0,2,4
18600,-5.88,-3.95,7.34,0,2,4
16720,-6.68,0.82,-7.49,0,2,5
16740,-4.9,2.47,-4.91,0,2,5
16760,-3.77,3.45,-3.32,0,2,5
16780,-4.27,3.78,-2.74,0,2,5
16800,-5.35,4.33,-4.36,0,2,5
16820,-4.81,4.3,-3.66,0,2,5
16840,-4.36,3.63,-2.71,0,2,5
16860,-2.53,3.38,-0.62,0,2,5
16880,-4.07,3.22,-2.88,0,2,5
16900,-4.95,0.19,-5.87,0,2,5
16920,-4.5,-1.94,-6.29,0,2,5
16940,-5.48,-1.49,-6.5,0,2,5
16960,-5.34,0.32,-3.61,0,2,5
16980,-6.96,1.32,-3.11,0,2,5
17000,-6.96,1.61,-3.56,0,2,5
17020,-10.06,-0.59,-3.0,0,2,5
17040,-12.75,-3.94,-6.88,0,2,5
17060,-11.68,-7.47,-10.86,0,2,5
17080,-12.4,-13.1,-11.64,0,2,5
17100,-13.45,-12.95,-12.66,0,2,5
17120,-12.25,-7.76,-11.64,0,2,5
17140,-9.43,-0.65,-6.6,0,2,5
17160,-10.35,6.12,-2.66,0,2,5
17180,-10.16,12.49,5.7,0,2,5
17200,-5.22,14.48,10.22,0,2,5
17220,-11.67,9.98,11.41,0,2,5
17240,-15.11,6.1,4.52,0,2,5
17260,-5.14,0.59,14.34,0,2,5
17280,-2.44,-1.45,18.21,0,2,5
17300,-2.5,-0.04,19.62,0,2,5
17320,-3.1,1.01,19.62,0,2,5
17340,-2.64,1.08,19.62,0,2,5
17360,-0.76,-2.25,19.62,0,2,5
17380,-0.39,-3.51,17.5,0,2,5
17400,-1.96,0.74,14.79,0,2,5
17420,-2.18,0.46,12.61,0,2,5
17440,0.08,-2.24,9.91,0,2,5
17460,0.87,-2.28,8.62,0,2,5
17480,-0.59,-0.79,6.36,0,2,5
17500,0.3,0.67,5.44,0,2,5
17520,0.56,1.11,5.85,0,2,5
17540,-0.12,0.43,4.5,0,2,5
17560,-0.65,-1.4,3.11,0,2,5
17580,0.04,-2.4,3.07,0,2,5
17600,0.12,-3.35,3.71,0,2,5
17620,-0.17,-3.42,4.62,0,2,5
17640,-0.03,-3.65,5.72,0,2,5
17660,-1.13,-3.52,6.36,0,2,5
17680,-3.65,-3.83,7.19,0,2,5
17700,-4.39,-4.7,8.55,0,2,5
17720,-5.05,-5.48,9.32,0,2,5
17740,-5.25,-6.28,9.56,0,2,5
17760,-7.11,-6.56,9.17,0,2,5
17780,-7.95,-6.6,9.41,0,2,5
17800,-7.66,-6.56,8.27,0,2,5
17820,-7.59,-6.1,8.34,0,2,5
17840,-7.53,-5.24,7.55,0,2,5
17860,-7.46,-4.59,6.61,0,2,5
17880,-6.81,-4.15,5.96,0,2,5
17900,-6.55,-3.91,5.56,0,2,5
17920,-6.76,-3.8,5.09,0,2,5
17940,-5.93,-3.86,5.19,0,2,5
17960,-5.86,-3.34,4.88,0,2,5
17980,-5.54,-3.08,4.86,0,2,5
18000,-5.31,-2.8,5.2,0,2,5
18020,-5.15,-3.15,5.06,0,2,5
18040,-5.31,-3.52,4.84,0,2,5
18060,-5.53,-3.8,4.84,0,2,5
18080,-5.71,-4.24,5.51,0,2,5
18100,-5.39,-4.9,6.42,0,2,5
18120,-5.36,-5.56,6.67,0,2,5
18140,-5.13,-5.76,6.72,0,2,5
18160,-5.16,-5.55,6.72,0,2,5
18180,-5.08,-5.09,7.08,0,2,5
18200,-4.72,-4.67,7.67,0,2,5
18220,-4.91,-4.44,7.54,0,2,5
18240,-5.02,-4.49,7.46,0,2,5
18260,-5.03,-4.39,7.52,0,2,5
18280,-4.67,-4.15,7.62,0,2,5
18300,-4.44,-3.69,7.96,0,2,5
18320,-3.76,-3.28,8.37,0,2,5
18340,-3.98,-3.23,8.28,0,2,5
18360,-4.34,-3.59,7.86,0,2,5
18380,-4.85,-3.82,6.67,0,2,5
18400,-4.8,-3.84,6.57,0,2,5
18420,-4.48,-3.91,7.33,0,2,5
18440,-3.95,-3.9,6.9,0,2,5
18460,-4.51,-3.81,6.59,0,2,5
18480,-4.13,-3.91,6.87,0,2,5
18500,-4.65,-3.58,7.1,0,2,5
18520,-5.35,-3.09,6.9,0,2,5
18540,-5.37,-2.93,7.21,0,2,5
18560,-6.01,-3.68,6.74,0,2,5
18580,-5.56,-4.39,7.05,0,2,5
18600,-5.88,-3.95,7.34,0,2,5
18620,-6.22,-2.45,7.32,0,2,5
18640,-6.71,-1.77,7.0,0,2,5
18660,-6.39,-1.84,6.87,0,2,5
18680,-7.84,-2.32,6.56,0,2,5
18700,-7.08,-2.19,6.61,0,2,5
16820,-4.81,4.3,-3.66,0,2,6
16840,-4.36,3.63,-2.71,0,2,6
16860,-2.53,3.38,-0.62,0,2,6
16880,-4.07,3.22,-2.88,0,2,6
16900,-4.95,0.19,-5.87,0,2,6
16920,-4.5,-1.94,-6.29,0,2,6
16940,-5.48,-1.49,-6.5,0,2,6
16960,-5.34,0.32,-3.61,0,2,6
16980,-6.96,1.32,-3.11,0,2,6
17000,-6.96,1.61,-3.56,0,2,6
17020,-10.06,-0.59,-3.0,0,2,6
17040,-12.75,-3.94,-6.88,0,2,6
17060,-11.68,-7.47,-10.86,0,2,6
17080,-12.4,-13.1,-11.64,0,2,6
17100,-13.45,-12.95,-12.66,0,2,6
17120,-12.25,-7.76,-11.64,0,2,6
17140,-9.43,-0.65,-6.6,0,2,6
17160,-10.35,6.12,-2.66,0,2,6
17180,-10.16,12.49,5.7,0,2,6
17200,-5.22,14.48,10.22,0,2,6
17220,-11.67,9.98,11.41,0,2,6
17240,-15.11,6.1,4.52,0,2,6
17260,-5.14,0.59,14.34,0,2,6
17280,-2.44,-1.45,18.21,0,2,6
17300,-2.5,-0.04,19.62,0,2,6
17320,-3.1,1.01,19.62,0,2,6
17340,-2.64,1.08,19.62,0,2,6
17360,-0.76,-2.25,19.62,0,2,6
17380,-0.39,-3.51,17.5,0,2,6
17400,-1.96,0.74,14.79,0,2,6
17420,-2.18,0.46,12.61,0,2,6
17440,0.08,-2.24,9.91,0,2,6
17460,0.87,-2.28,8.62,0,2,6
17480,-0.59,-0.79,6.36,0,2,6
17500,0.3,0.67,5.44,0,2,6
17520,0.56,1.11,5.85,0,2,6
17540,-0.12,0.43,4.5,0,2,6
17560,-0.65,-1.4,3.11,0,2,6
17580,0.04,-2.4,3.07,0,2,6
17600,0.12,-3.35,3.71,0,2,6
17620,-0.17,-3.42,4.62,0,2,6
17640,-0.03,-3.65,5.72,0,2,6
17660,-1.13,-3.52,6.36,0,2,6
17680,-3.65,-3.83,7.19,0,2,6
17700,-4.39,-4.7,8.55,0,2,6
17720,-5.05,-5.48,9.32,0,2,6
17740,-5.25,-6.28,9.56,0,2,6
17760,-7.11,-6.56,9.17,0,2,6
17780,-7.95,-6.6,9.41,0,2,6
17800,-7.66,-6.56,8.27,0,2,6
17820,-7.59,-6.1,8.34,0,2,6
17840,-7.53,-5.24,7.55,0,2,6
17860,-7.46,-4.59,6.61,0,2,6
17880,-6.81,-4.15,5.96,0,2,6
17900,-6.55,-3.91,5.56,0,2,6
17920,-6.76,-3.8,5.09,0,2,6
17940,-5.93,-3.86,5.19,0,2,6
17960,-5.86,-3.34,4.88,0,2,6
17980,-5.54,-3.08,4.86,0,2,6
18000,-5.31,-2.8,5.2,0,2,6
18020,-5.15,-3.15,5.06,0,2,6
18040,-5.31,-3.52,4.84,0,2,6
18060,-5.53,-3.8,4.84,0,2,6
18080,-5.71,-4.24,5.51,0,2,6
18100,-5.39,-4.9,6.42,0,2,6
18120,-5.36,-5.56,6.67,0,2,6
18140,-5.13,-5.76,6.72,0,2,6
18160,-5.16,-5.55,6.72,0,2,6
18180,-5.08,-5.09,7.08,0,2,6
18200,-4.72,-4.67,7.67,0,2,6
18220,-4.91,-4.44,7.54,0,2,6
18240,-5.02,-4.49,7.46,0,2,6
18260,-5.03,-4.39,7.52,0,2,6
18280,-4.67,-4.15,7.62,0,2,6
18300,-4.44,-3.69,7.96,0,2,6
18320,-3.76,-3.28,8.37,0,2,6
18340,-3.98,-3.23,8.28,0,2,6
18360,-4.34,-3.59,7.86,0,2,6
18380,-4.85,-3.82,6.67,0,2,6
18400,-4.8,-3.84,6.57,0,2,6
18420,-4.48,-3.91,7.33,0,2,6
18440,-3.95,-3.9,6.9,0,2,6
18460,-4.51,-3.81,6.59,0,2,6
18480,-4.13,-3.91,6.87,0,2,6
18500,-4.65,-3.58,7.1,0,2,6
18520,-5.35,-3.09,6.9,0,2,6
18540,-5.37,-2.93,7.21,0,2,6
18560,-6.01,-3.68,6.74,0,2,6
18580,-5.56,-4.39,7.05,0,2,6
18600,-5.88,-3.95,7.34,0,2,6
18620,-6.22,-2.45,7.32,0,2,6
18640,-6.71,-1.77,7.0,0,2,6
18660,-6.39,-1.84,6.87,0,2,6
18680,-7.84,-2.32,6.56,0,2,6
18700,-7.08,-2.19,6.61,0,2,6
18720,-7.63,-0.93,6.28,0,2,6
18740,-7.75,0.16,6.37,0,2,6
18760,-7.63,0.42,6.56,0,2,6
18780,-7.17,0.27,7.33,0,2,6
18800,-7.95,0.54,6.69,0,2,6
16920,-4.5,-1.94,-6.29,0,2,7
16940,-5.48,-1.49,-6.5,0,2,7
16960,-5.34,0.32,-3.61,0,2,7
16980,-6.96,1.32,-3.11,0,2,7
17000,-6.96,1.61,-3.56,0,2,7
17020,-10.06,-0.59,-3.0,0,2,7
17040,-12.75,-3.94,-6.88,0,2,7
17060,-11.68,-7.47,-10.86,0,2,7
17080,-12.4,-13.1,-11.64,0,2,7
17100,-13.45,-12.95,-12.66,0,2,7
17120,-12.25,-7.76,-11.64,0,2,7
17140,-9.43,-0.65,-6.6,0,2,7
17160,-10.35,6.12,-2.66,0,2,7
17180,-10.16,12.49,5.7,0,2,7
17200,-5.22,14.48,10.22,0,2,7
17220,-11.67,9.98,11.41,0,2,7
17240,-15.11,6.1,4.52,0,2,7
17260,-5.14,0.59,14.34,0,2,7
17280,-2.44,-1.45,18.21,0,2,7
17300,-2.5,-0.04,19.62,0,2,7
17320,-3.1,1.01,19.62,0,2,7
17340,-2.64,1.08,19.62,0,2,7
17360,-0.76,-2.25,19.62,0,2,7
17380,-0.39,-3.51,17.5,0,2,7
17400,-1.96,0.74,14.79,0,2,7
17420,-2.18,0.46,12.61,0,2,7
17440,0.08,-2.24,9.91,0,2,7
17460,0.87,-2.28,8.62,0,2,7
17480,-0.59,-0.79,6.36,0,2,7
17500,0.3,0.67,5.44,0,2,7
17520,0.56,1.11,5.85,0,2,7
17540,-0.12,0.43,4.5,0,2,7
17560,-0.65,-1.4,3.11,0,2,7
17580,0.04,-2.4,3.07,0,2,7
17600,0.12,-3.35,3.71,0,2,7
17620,-0.17,-3.42,4.62,0,2,7
17640,-0.03,-3.65,5.72,0,2,7
17660,-1.13,-3.52,6.36,0,2,7
17680,-3.65,-3.83,7.19,0,2,7
17700,-4.39,-4.7,8.55,0,2,7
17720,-5.05,-5.48,9.32,0,2,7
17740,-5.25,-6.28,9.56,0,2,7
17760,-7.11,-6.56,9.17,0,2,7
17780,-7.95,-6.6,9.41,0,2,7
17800,-7.66,-6.56,8.27,0,2,7
17820,-7.59,-6.1,8.34,0,2,7
17840,-7.53,-5.24,7.55,0,2,7
17860,-7.46,-4.59,6.61,0,2,7
17880,-6.81,-4.15,5.96,0,2,7
17900,-6.55,-3.91,5.56,0,2,7
17920,-6.76,-3.8,5.09,0,2,7
17940,-5.93,-3.86,5.19,0,2,7
17960,-5.86,-3.34,4.88,0,2,7
17980,-5.54,-3.08,4.86,0,2,7
18000,-5.31,-2.8,5.2,0,2,7
18020,-5.15,-3.15,5.06,0,2,7
18040,-5.31,-3.52,4.84,0,2,7
18060,-5.53,-3.8,4.84,0,2,7
18080,-5.71,-4.24,5.51,0,2,7
18100,-5.39,-4.9,6.42,0,2,7
18120,-5.36,-5.56,6.67,0,2,7
18140,-5.13,-5.76,6.72,0,2,7
18160,-5.16,-5.55,6.72,0,2,7
18180,-5.08,-5.09,7.08,0,2,7
18200,-4.72,-4.67,7.67,0,2,7
18220,-4.91,-4.44,7.54,0,2,7
18240,-5.02,-4.49,7.46,0,2,7
18260,-5.03,-4.39,7.52,0,2,7
18280,-4.67,-4.15,7.62,0,2,7
18300,-4.44,-3.69,7.96,0,2,7
18320,-3.76,-3.28,8.37,0,2,7
18340,-3.98,-3.23,8.28,0,2,7
18360,-4.34,-3.59,7.86,0,2,7
18380,-4.85,-3.82,6.67,0,2,7
18400,-4.8,-3.84,6.57,0,2,7
18420,-4.48,-3.91,7.33,0,2,7
18440,-3.95,-3.9,6.9,0,2,7
18460,-4.51,-3.81,6.59,0,2,7
18480,-4.13,-3.91,6.87,0,2,7
18500,-4.65,-3.58,7.1,0,2,7
18520,-5.35,-3.09,6.9,0,2,7
18540,-5.37,-2.93,7.21,0,2,7
18560,-6.01,-3.68,6.74,0,2,7
18580,-5.56,-4.39,7.05,0,2,7
18600,-5.88,-3.95,7.34,0,2,7
18620,-6.22,-2.45,7.32,0,2,7
18640,-6.71,-1.77,7.0,0,2,7
18660,-6.39,-1.84,6.87,0,2,7
18680,-7.84,-2.32,6.56,0,2,7
18700,-7.08,-2.19,6.61,0,2,7
18720,-7.63,-0.93,6.28,0,2,7
18740,-7.75,0.16,6.37,0,2,7
18760,-7.63,0.42,6.56,0,2,7
18780,-7.17,0.27,7.33,0,2,7
18800,-7.95,0.54,6.69,0,2,7
18820,-8.69,1.21,6.67,0,2,7
18840,-9.33,0.84,7.19,0,2,7
18860,-8.82,1.08,7.22,0,2,7
18880,-8.84,1.51,6.91,0,2,7
18900,-9.13,1.26,6.55,0,2,7
17020,-10.06,-0.59,-3.0,0,2,8
17040,-12.75,-3.94,-6.88,0,2,8
17060,-11.68,-7.47,-10.86,0,2,8
17080,-12.4,-13.1,-11.64,0,2,8
17100,-13.45,-12.95,-12.66,0,2,8
17120,-12.25,-7.76,-11.64,0,2,8
17140,-9.43,-0.65,-6.6,0,2,8
17160,-10.35,6.12,-2.66,0,2,8
17180,-10.16,12.49,5.7,0,2,8
17200,-5.22,14.48,10.22,0,2,8
17220,-11.67,9.98,11.41,0,2,8
17240,-15.11,6.1,4.52,0,2,8
17260,-5.14,0.59,14.34,0,2,8
17280,-2.44,-1.45,18.21,0,2,8
17300,-2.5,-0.04,19.62,0,2,8
17320,-3.1,1.01,19.62,0,2,8
17340,-2.64,1.08,19.62,0,2,8
17360,-0.76,-2.25,19.62,0,2,8
17380,-0.39,-3.51,17.5,0,2,8
17400,-1.96,0.74,14.79,0,2,8
17420,-2.18,0.46,12.61,0,2,8
17440,0.08,-2.24,9.91,0,2,8
17460,0.87,-2.28,8.62,0,2,8
17480,-0.59,-0.79,6.36,0,2,8
17500,0.3,0.67,5.44,0,2,8
17520,0.56,1.11,5.85,0,2,8
17540,-0.12,0.43,4.5,0,2,8
17560,-0.65,-1.4,3.11,0,2,8
17580,0.04,-2.4,3.07,0,2,8
17600,0.12,-3.35,3.71,0,2,8
17620,-0.17,-3.42,4.62,0,2,8
17640,-0.03,-3.65,5.72,0,2,8
17660,-1.13,-3.52,6.36,0,2,8
17680,-3.65,-3.83,7.19,0,2,8
17700,-4.39,-4.7,8.55,0,2,8
17720,-5.05,-5.48,9.32,0,2,8
17740,-5.25,-6.28,9.56,0,2,8
17760,-7.11,-6.56,9.17,0,2,8
17780,-7.95,-6.6,9.41,0,2,8
17800,-7.66,-6.56,8.27,0,2,8
17820,-7.59,-6.1,8.34,0,2,8
17840,-7.53,-5.24,7.55,0,2,8
17860,-7.46,-4.59,6.61,0,2,8
17880,-6.81,-4.15,5.96,0,2,8
17900,-6.55,-3.91,5.56,0,2,8
17920,-6.76,-3.8,5.09,0,2,8
17940,-5.93,-3.86,5.19,0,2,8
17960,-5.86,-3.34,4.88,0,2,8
17980,-5.54,-3.08,4.86,0,2,8
18000,-5.31,-2.8,5.2,0,2,8
18020,-5.15,-3.15,5.06,0,2,8
18040,-5.31,-3.52,4.84,0,2,8
18060,-5.53,-3.8,4.84,0,2,8
18080,-5.71,-4.24,5.51,0,2,8
18100,-5.39,-4.9,6.42,0,2,8
18120,-5.36,-5.56,6.67,0,2,8
18140,-5.13,-5.76,6.72,0,2,8
18160,-5.16,-5.55,6.72,0,2,8
18180,-5.08,-5.09,7.08,0,2,8
18200,-4.72,-4.67,7.67,0,2,8
18220,-4.91,-4.44,7.54,0,2,8
18240,-5.02,-4.49,7.46,0,2,8
18260,-5.03,-4.39,7.52,0,2,8
18280,-4.67,-4.15,7.62,0,2,8
18300,-4.44,-3.69,7.96,0,2,8
18320,-3.76,-3.28,8.37,0,2,8
18340,-3.98,-3.23,8.28,0,2,8
18360,-4.34,-3.59,7.86,0,2,8
18380,-4.85,-3.82,6.67,0,2,8
18400,-4.8,-3.84,6.57,0,2,8
18420,-4.48,-3.91,7.33,0,2,8
18440,-3.95,-3.9,6.9,0,2,8
18460,-4.51,-3.81,6.59,0,2,8
18480,-4.13,-3.91,6.87,0,2,8
18500,-4.65,-3.58,7.1,0,2,8
18520,-5.35,-3.09,6.9,0,2,8
18540,-5.37,-2.93,7.21,0,2,8
18560,-6.01,-3.68,6.74,0,2,8
18580,-5.56,-4.39,7.05,0,2,8
18600,-5.88,-3.95,7.34,0,2,8
18620,-6.22,-2.45,7.32,0,2,8
18640,-6.71,-1.77,7.0,0,2,8
18660,-6.39,-1.84,6.87,0,2,8
18680,-7.84,-2.32,6.56,0,2,8
18700,-7.08,-2.19,6.61,0,2,8
18720,-7.63,-0.93,6.28,0,2,8
18740,-7.75,0.16,6.37,0,2,8
18760,-7.63,0.42,6.56,0,2,8
18780,-7.17,0.27,7.33,0,2,8
18800,-7.95,0.54,6.69,0,2,8
18820,-8.69,1.21,6.67,0,2,8
18840,-9.33,0.84,7.19,0,2,8
18860,-8.82,1.08,7.22,0,2,8
18880,-8.84,1.51,6.91,0,2,8
18900,-9.13,1.26,6.55,0,2,8
18920,-8.98,1.48,6.27,0,2,8
18940,-8.95,1.5,6.63,0,2,8
18960,-9.21,0.87,5.76,0,2,8
18980,-9.2,1.16,4.83,0,2,8
19000,-8.92,0.93,4.89,0,2,8
17120,-12.25,-7.76,-11.64,0,2,9
17140,-9.43,-0.65,-6.6,0,2,9
17160,-10.35,6.12,-2.66,0,2,9
17180,-10.16,12.49,5.7,0,2,9
17200,-5.22,14.48,10.22,0,2,9
17220,-11.67,9.98,11.41,0,2,9
17240,-15.11,6.1,4.52,0,2,9
17260,-5.14,0.59,14.34,0,2,9
17280,-2.44,-1.45,18.21,0,2,9
17300,-2.5,-0.04,19.62,0,2,9
17320,-3.1,1.01,19.62,0,2,9
17340,-2.64,1.08,19.62,0,2,9
17360,-0.76,-2.25,19.62,0,2,9
17380,-0.39,-3.51,17.5,0,2,9
17400,-1.96,0.74,14.79,0,2,9
17420,-2.18,0.46,12.61,0,2,9
17440,0.08,-2.24,9.91,0,2,9
17460,0.87,-2.28,8.62,0,2,9
17480,-0.59,-0.79,6.36,0,2,9
17500,0.3,0.67,5.44,0,2,9
17520,0.56,1.11,5.85,0,2,9
17540,-0.12,0.43,4.5,0,2,9
17560,-0.65,-1.4,3.11,0,2,9
17580,0.04,-2.4,3.07,0,2,9
17600,0.12,-3.35,3.71,0,2,9
17620,-0.17,-3.42,4.62,0,2,9
17640,-0.03,-3.65,5.72,0,2,9
17660,-1.13,-3.52,6.36,0,2,9
17680,-3.65,-3.83,7.19,0,2,9
17700,-4.39,-4.7,8.55,0,2,9
17720,-5.05,-5.48,9.32,0,2,9
17740,-5.25,-6.28,9.56,0,2,9
17760,-7.11,-6.56,9.17,0,2,9
17780,-7.95,-6.6,9.41,0,2,9
17800,-7.66,-6.56,8.27,0,2,9
17820,-7.59,-6.1,8.34,0,2,9
17840,-7.53,-5.24,7.55,0,2,9
17860,-7.46,-4.59,6.61,0,2,9
17880,-6.81,-4.15,5.96,0,2,9
17900,-6.55,-3.91,5.56,0,2,9
17920,-6.76,-3.8,5.09,0,2,9
17940,-5.93,-3.86,5.19,0,2,9
17960,-5.86,-3.34,4.88,0,2,9
17980,-5.54,-3.08,4.86,0,2,9
18000,-5.31,-2.8,5.2,0,2,9
18020,-5.15,-3.15,5.06,0,2,9
18040,-5.31,-3.52,4.84,0,2,9
18060,-5.53,-3.8,4.84,0,2,9
18080,-5.71,-4.24,5.51,0,2,9
18100,-5.39,-4.9,6.42,0,2,9
18120,-5.36,-5.56,6.67,0,2,9
18140,-5.13,-5.76,6.72,0,2,9
18160,-5.16,-5.55,6.72,0,2,9
18180,-5.08,-5.09,7.08,0,2,9
18200,-4.72,-4.67,7.67,0,2,9
18220,-4.91,-4.44,7.54,0,2,9
18240,-5.02,-4.49,7.46,0,2,9
18260,-5.03,-4.39,7.52,0,2,9
18280,-4.67,-4.15,7.62,0,2,9
18300,-4.44,-3.69,7.96,0,2,9
18320,-3.76,-3.28,8.37,0,2,9
18340,-3.98,-3.23,8.28,0,2,9
18360,-4.34,-3.59,7.86,0,2,9
18380,-4.85,-3.82,6.67,0,2,9
18400,-4.8,-3.84,6.57,0,2,9
18420,-4.48,-3.91,7.33,0,2,9
18440,-3.95,-3.9,6.9,0,2,9
18460,-4.51,-3.81,6.59,0,2,9
18480,-4.13,-3.91,6.87,0,2,9
18500,-4.65,-3.58,7.1,0,2,9
18520,-5.35,-3.09,6.9,0,2,9
18540,-5.37,-2.93,7.21,0,2,9
18560,-6.01,-3.68,6.74,0,2,9
18580,-5.56,-4.39,7.05,0,2,9
18600,-5.88,-3.95,7.34,0,2,9
18620,-6.22,-2.45,7.32,0,2,9
18640,-6.71,-1.77,7.0,0,2,9
18660,-6.39,-1.84,6.87,0,2,9
18680,-7.84,-2.32,6.56,0,2,9
18700,-7.08,-2.19,6.61,0,2,9
18720,-7.63,-0.93,6.28,0,2,9
18740,-7.75,0.16,6.37,0,2,9
18760,-7.63,0.42,6.56,0,2,9
18780,-7.17,0.27,7.33,0,2,9
18800,-7.95,0.54,6.69,0,2,9
18820,-8.69,1.21,6.67,0,2,9
18840,-9.33,0.84,7.19,0,2,9
18860,-8.82,1.08,7.22,0,2,9
18880,-8.84,1.51,6.91,0,2,9
18900,-9.13,1.26,6.55,0,2,9
18920,-8.98,1.48,6.27,0,2,9
18940,-8.95,1.5,6.63,0,2,9
18960,-9.21,0.87,5.76,0,2,9
18980,-9.2,1.16,4.83,0,2,9
19000,-8.92,0.93,4.89,0,2,9
19020,-8.31,0.97,4.56,0,2,9
19040,-8.75,0.64,4.04,0,2,9
19060,-8.81,-0.72,3.44,0,2,9
19080,-8.26,-1.87,3.09,0,2,9
19100,-7.73,-2.32,2.63,0,2,9
17220,-11.67,9.98,11.41,0,2,10
17240,-15.11,6.1,4.52,0,2,10
17260,-5.14,0.59,14.34,0,2,10
17280,-2.44,-1.45,18.21,0,2,10
17300,-2.5,-0.04,19.62,0,2,10
17320,-3.1,1.01,19.62,0,2,10
17340,-2.64,1.08,19.62,0,2,10
17360,-0.76,-2.25,19.62,0,2,10
17380,-0.39,-3.51,17.5,0,2,10
17400,-1.96,0.74,14.79,0,2,10
17420,-2.18,0.46,12.61,0,2,10
17440,0.08,-2.24,9.91,0,2,10
17460,0.87,-2.28,8.62,0,2,10
17480,-0.59,-0.79,6.36,0,2,10
17500,0.3,0.67,5.44,0,2,10
17520,0.56,1.11,5.85,0,2,10
17540,-0.12,0.43,4.5,0,2,10
17560,-0.65,-1.4,3.11,0,2,10
17580,0.04,-2.4,3.07,0,2,10
17600,0.12,-3.35,3.71,0,2,10
17620,-0.17,-3.42,4.62,0,2,10
17640,-0.03,-3.65,5.72,0,2,10
17660,-1.13,-3.52,6.36,0,2,10
17680,-3.65,-3.83,7.19,0,2,10
17700,-4.39,-4.7,8.55,0,2,10
17720,-5.05,-5.48,9.32,0,2,10
17740,-5.25,-6.28,9.56,0,2,10
17760,-7.11,-6.56,9.17,0,2,10
17780,-7.95,-6.6,9.41,0,2,10
17800,-7.66,-6.56,8.27,0,2,10
17820,-7.59,-6.1,8.34,0,2,10
17840,-7.53,-5.24,7.55,0,2,10
17860,-7.46,-4.59,6.61,0,2,10
17880,-6.81,-4.15,5.96,0,2,10
17900,-6.55,-3.91,5.56,0,2,10
17920,-6.76,-3.8,5.09,0,2,10
17940,-5.93,-3.86,5.19,0,2,10
17960,-5.86,-3.34,4.88,0,2,10
17980,-5.54,-3.08,4.86,0,2,10
18000,-5.31,-2.8,5.2,0,2,10
18020,-5.15,-3.15,5.06,0,2,10
18040,-5.31,-3.52,4.84,0,2,10
18060,-5.53,-3.8,4.84,0,2,10
18080,-5.71,-4.24,5.51,0,2,10
18100,-5.39,-4.9,6.42,0,2,10
18120,-5.36,-5.56,6.67,0,2,10
18140,-5.13,-5.76,6.72,0,2,10
18160,-5.16,-5.55,6.72,0,2,10
18180,-5.08,-5.09,7.08,0,2,10
18200,-4.72,-4.67,7.67,0,2,10
18220,-4.91,-4.44,7.54,0,2,10
18240,-5.02,-4.49,7.46,0,2,10
18260,-5.03,-4.39,7.52,0,2,10
18280,-4.67,-4.15,7.62,0,2,10
18300,-4.44,-3.69,7.96,0,2,10
18320,-3.76,-3.28,8.37,0,2,10
18340,-3.98,-3.23,8.28,0,2,10
18360,-4.34,-3.59,7.86,0,2,10
18380,-4.85,-3.82,6.67,0,2,10
18400,-4.8,-3.84,6.57,0,2,10
18420,-4.48,-3.91,7.33,0,2,10
18440,-3.95,-3.9,6.9,0,2,10
18460,-4.51,-3.81,6.59,0,2,10
18480,-4.13,-3.91,6.87,0,2,10
18500,-4.65,-3.58,7.1,0,2,10
18520,-5.35,-3.09,6.9,0,2,10
18540,-5.37,-2.93,7.21,0,2,10
18560,-6.01,-3.68,6.74,0,2,10
18580,-5.56,-4.39,7.05,0,2,10
18600,-5.88,-3.95,7.34,0,2,10
18620,-6.22,-2.45,7.32,0,2,10
18640,-6.71,-1.77,7.0,0,2,10
18660,-6.39,-1.84,6.87,0,2,10
18680,-7.84,-2.32,6.56,0,2,10
18700,-7.08,-2.19,6.61,0,2,10
18720,-7.63,-0.93,6.28,0,2,10
18740,-7.75,0.16,6.37,0,2,10
18760,-7.63,0.42,6.56,0,2,10
18780,-7.17,0.27,7.33,0,2,10
18800,-7.95,0.54,6.69,0,2,10
18820,-8.69,1.21,6.67,0,2,10
18840,-9.33,0.84,7.19,0,2,10
18860,-8.82,1.08,7.22,0,2,10
18880,-8.84,1.51,6.91,0,2,10
18900,-9.13,1.26,6.55,0,2,10
18920,-8.98,1.48,6.27,0,2,10
18940,-8.95,1.5,6.63,0,2,10
18960,-9.21,0.87,5.76,0,2,10
18980,-9.2,1.16,4.83,0,2,10
19000,-8.92,0.93,4.89,0,2,10
19020,-8.31,0.97,4.56,0,2,10
19040,-8.75,0.64,4.04,0,2,10
19060,-8.81,-0.72,3.44,0,2,10
19080,-8.26,-1.87,3.09,0,2,10
19100,-7.73,-2.32,2.63,0,2,10
19120,-7.7,-3.54,2.66,0,2,10
19140,-9.54,-4.43,1.93,0,2,10
19160,-10.12,-4.79,1.29,0,2,10
19180,-9.95,-3.79,1.42,0,2,10
19200,-9.67,-2.79,1.9,0,2,10
27100,-7.32,-2.79,-4.22,1,3,1
27120,-7.42,-3.11,-3.96,1,3,1
27140,-7.78,-1.15,-3.02,1,3,1
27160,-7.43,-0.38,-1.66,1,3,1
27180,-7.42,-0.21,-0.9,1,3,1
27200,-6.67,0.62,-1.02,0,3,1
27220,-5.03,-0.2,-2.04,0,3,1
27240,-3.97,-3.85,-3.02,0,3,1
27260,-3.43,-5.37,-3.53,0,3,1
27280,-7.04,-6.18,-9.18,0,3,1
27300,-7.75,-5.44,-7.32,0,3,1
27320,-6.61,-4.16,-3.61,0,3,1
27340,-6.55,-2.22,-4.36,0,3,1
27360,-8.5,-1.13,-4.64,0,3,1
27380,-9.5,-0.55,-4.09,0,3,1
27400,-9.11,-3.03,-5.04,0,3,1
27420,-7.44,-5.53,-5.62,0,3,1
27440,-6.66,-4.55,-4.93,0,3,1
27460,-9.65,-2.05,-4.13,0,3,1
27480,-12.23,-2.23,-3.78,0,3,1
27500,-11.11,-4.0,-5.11,0,3,1
27520,-10.4,-6.5,-6.11,0,3,1
27540,-11.69,-7.29,-5.96,0,3,1
27560,-14.65,-5.59,-4.34,0,3,1
27580,-19.62,-15.94,1.37,0,3,1
27600,-10.71,-3.14,1.02,0,3,1
27620,-6.55,-1.99,3.51,0,3,1
27640,-8.47,-10.16,-1.76,0,3,1
27660,-8.58,-7.89,-6.12,0,3,1
27680,-6.16,-4.57,-0.8,0,3,1
27700,-1.93,-4.46,4.46,0,3,1
27720,8.77,-11.61,6.39,0,3,1
27740,8.05,-6.56,0.92,0,3,1
27760,4.63,-7.36,1.97,0,3,1
27780,6.98,-10.91,6.35,0,3,1
27800,5.3,-13.41,0.22,0,3,1
27820,8.26,-12.24,0.53,0,3,1
27840,7.65,-10.9,3.58,0,3,1
27860,7.44,-12.21,4.26,0,3,1
27880,6.69,-13.23,1.83,0,3,1
27900,5.85,-11.45,2.27,0,3,1
27920,5.25,-10.52,1.06,0,3,1
27940,5.45,-10.4,2.08,0,3,1
27960,4.24,-10.3,0.36,0,3,1
27980,3.77,-10.08,-0.45,0,3,1
28000,2.46,-9.24,-0.85,0,3,1
28020,2.66,-9.49,-0.63,0,3,1
28040,1.28,-8.62,-0.8,0,3,1
28060,0.82,-8.84,-1.05,0,3,1
28080,1.37,-9.94,-0.69,0,3,1
28100,1.17,-10.08,-2.03,0,3,1
28120,1.53,-9.7,-1.31,0,3,1
28140,1.48,-9.62,-1.11,0,3,1
28160,1.14,-8.77,-1.11,0,3,1
28180,0.88,-9.31,-1.84,0,3,1
28200,0.93,-9.59,-2.04,0,3,1
28220,1.13,-9.71,-2.23,0,3,1
28240,1.14,-9.7,-2.12,0,3,1
28260,1.45,-9.49,-2.01,0,3,1
28280,1.48,-9.38,-2.24,0,3,1
28300,2.05,-10.77,-3.21,0,3,1
28320,3.34,-11.71,-3.52,0,3,1
28340,1.42,-10.88,-4.92,0,3,1
28360,2.12,-8.9,-3.68,0,3,1
28380,2.21,-7.58,-2.61,0,3,1
28400,1.01,-7.31,-3.23,0,3,1
28420,1.78,-8.67,-3.09,0,3,1
28440,2.1,-9.98,-3.71,0,3,1
28460,2.26,-10.09,-4.26,0,3,1
28480,2.15,-9.54,-4.21,0,3,1
28500,2.13,-8.8,-3.66,0,3,1
28520,2.4,-8.52,-3.18,0,3,1
28540,2.4,-8.82,-3.3,0,3,1
28560,2.17,-9.41,-3.63,0,3,1
28580,2.14,-9.51,-3.54,0,3,1
28600,2.25,-9.24,-3.31,0,3,1
28620,2.09,-8.98,-3.35,0,3,1
28640,1.9,-8.88,-3.33,0,3,1
28660,1.97,-9.02,-3.33,0,3,1
28680,1.83,-9.07,-3.14,0,3,1
28700,1.9,-9.22,-3.23,0,3,1
28720,1.85,-9.34,-3.39,0,3,1
28740,2.04,-9.31,-3.18,0,3,1
28760,1.94,-9.14,-3.01,0,3,1
28780,2.03,-9.13,-3.02,0,3,1
28800,1.93,-9.26,-3.16,0,3,1
28820,1.87,-9.29,-3.29,0,3,1
28840,1.84,-9.32,-3.3,0,3,1
28860,1.99,-9.22,-3.14,0,3,1
28880,1.96,-9.23,-3.1,0,3,1
28900,1.88,-9.32,-3.16,0,3,1
28920,1.92,-9.23,-3.19,0,3,1
28940,1.97,-9.19,-2.89,0,3,1
28960,1.95,-9.18,-3.15,0,3,1
28980,1.96,-9.28,-3.12,0,3,1
29000,1.99,-9.29,-3.05,0,3,1
29020,1.97,-9.19,-3.12,0,3,1
29040,2.0,-9.26,-3.1,0,3,1
29060,1.89,-9.21,-3.34,0,3,1
29080,2.02,-9.26,-2.98,0,3,1
27200,-6.67,0.62,-1.02,0,3,2
27220,-5.03,-0.2,-2.04,0,3,2
27240,-3.97,-3.85,-3.02,0,3,2
27260,-3.43,-5.37,-3.53,0,3,2
27280,-7.04,-6.18,-9.18,0,3,2
27300,-7.75,-5.44,-7.32,0,3,2
27320,-6.61,-4.16,-3.61,0,3,2
27340,-6.55,-2.22,-4.36,0,3,2
27360,-8.5,-1.13,-4.64,0,3,2
27380,-9.5,-0.55,-4.09,0,3,2
27400,-9.11,-3.03,-5.04,0,3,2
27420,-7.44,-5.53,-5.62,0,3,2
27440,-6.66,-4.55,-4.93,0,3,2
27460,-9.65,-2.05,-4.13,0,3,2
27480,-12.23,-2.23,-3.78,0,3,2
27500,-11.11,-4.0,-5.11,0,3,2
27520,-10.4,-6.5,-6.11,0,3,2
27540,-11.69,-7.29,-5.96,0,3,2
27560,-14.65,-5.59,-4.34,0,3,2
27580,-19.62,-15.94,1.37,0,3,2
27600,-10.71,-3.14,1.02,0,3,2
27620,-6.55,-1.99,3.51,0,3,2
27640,-8.47,-10.16,-1.76,0,3,2
27660,-8.58,-7.89,-6.12,0,3,2
27680,-6.16,-4.57,-0.8,0,3,2
27700,-1.93,-4.46,4.46,0,3,2
27720,8.77,-11.61,6.39,0,3,2
27740,8.05,-6.56,0.92,0,3,2
27760,4.63,-7.36,1.97,0,3,2
27780,6.98,-10.91,6.35,0,3,2
27800,5.3,-13.41,0.22,0,3,2
27820,8.26,-12.24,0.53,0,3,2
27840,7.65,-10.9,3.58,0,3,2
27860,7.44,-12.21,4.26,0,3,2
27880,6.69,-13.23,1.83,0,3,2
27900,5.85,-11.45,2.27,0,3,2
27920,5.25,-10.52,1.06,0,3,2
27940,5.45,-10.4,2.08,0,3,2
27960,4.24,-10.3,0.36,0,3,2
27980,3.77,-10.08,-0.45,0,3,2
28000,2.46,-9.24,-0.85,0,3,2
28020,2.66,-9.49,-0.63,0,3,2
28040,1.28,-8.62,-0.8,0,3,2
28060,0.82,-8.84,-1.05,0,3,2
28080,1.37,-9.94,-0.69,0,3,2
28100,1.17,-10.08,-2.03,0,3,2
28120,1.53,-9.7,-1.31,0,3,2
28140,1.48,-9.62,-1.11,0,3,2
28160,1.14,-8.77,-1.11,0,3,2
28180,0.88,-9.31,-1.84,0,3,2
28200,0.93,-9.59,-2.04,0,3,2
28220,1.13,-9.71,-2.23,0,3,2
28240,1.14,-9.7,-2.12,0,3,2
28260,1.45,-9.49,-2.01,0,3,2
28280,1.48,-9.38,-2.24,0,3,2
28300,2.05,-10.77,-3.21,0,3,2
28320,3.34,-11.71,-3.52,0,3,2
28340,1.42,-10.88,-4.92,0,3,2
28360,2.12,-8.9,-3.68,0,3,2
28380,2.21,-7.58,-2.61,0,3,2
28400,1.01,-7.31,-3.23,0,3,2
28420,1.78,-8.67,-3.09,0,3,2
28440,2.1,-9.98,-3.71,0,3,2
28460,2.26,-10.09,-4.26,0,3,2
28480,2.15,-9.54,-4.21,0,3,2
28500,2.13,-8.8,-3.66,0,3,2
28520,2.4,-8.52,-3.18,0,3,2
28540,2.4,-8.82,-3.3,0,3,2
28560,2.17,-9.41,-3.63,0,3,2
28580,2.14,-9.51,-3.54,0,3,2
28600,2.25,-9.24,-3.31,0,3,2
28620,2.09,-8.98,-3.35,0,3,2
28640,1.9,-8.88,-3.33,0,3,2
28660,1.97,-9.02,-3.33,0,3,2
28680,1.83,-9.07,-3.14,0,3,2
28700,1.9,-9.22,-3.23,0,3,2
28720,1.85,-9.34,-3.39,0,3,2
28740,2.04,-9.31,-3.18,0,3,2
28760,1.94,-9.14,-3.01,0,3,2
28780,2.03,-9.13,-3.02,0,3,2
28800,1.93,-9.26,-3.16,0,3,2
28820,1.87,-9.29,-3.29,0,3,2
28840,1.84,-9.32,-3.3,0,3,2
28860,1.99,-9.22,-3.14,0,3,2
28880,1.96,-9.23,-3.1,0,3,2
28900,1.88,-9.32,-3.16,0,3,2
28920,1.92,-9.23,-3.19,0,3,2
28940,1.97,-9.19,-2.89,0,3,2
28960,1.95,-9.18,-3.15,0,3,2
28980,1.96,-9.28,-3.12,0,3,2
29000,1.99,-9.29,-3.05,0,3,2
29020,1.97,-9.19,-3.12,0,3,2
29040,2.0,-9.26,-3.1,0,3,2
29060,1.89,-9.21,-3.34,0,3,2
29080,2.02,-9.26,-2.98,0,3,2
29100,2.05,-9.33,-3.02,0,3,2
29120,1.94,-9.21,-3.02,0,3,2
29140,2.07,-9.24,-2.97,0,3,2
29160,2.05,-9.22,-3.05,0,3,2
29180,2.07,-9.24,-3.06,0,3,2
27300,-7.75,-5.44,-7.32,0,3,3
27320,-6.61,-4.16,-3.61,0,3,3
27340,-6.55,-2.22,-4.36,0,3,3
27360,-8.5,-1.13,-4.64,0,3,3
27380,-9.5,-0.55,-4.09,0,3,3
27400,-9.11,-3.03,-5.04,0,3,3
27420,-7.44,-5.53,-5.62,0,3,3
27440,-6.66,-4.55,-4.93,0,3,3
27460,-9.65,-2.05,-4.13,0,3,3
27480,-12.23,-2.23,-3.78,0,3,3
27500,-11.11,-4.0,-5.11,0,3,3
27520,-10.4,-6.5,-6.11,0,3,3
27540,-11.69,-7.29,-5.96,0,3,3
27560,-14.65,-5.59,-4.34,0,3,3
27580,-19.62,-15.94,1.37,0,3,3
27600,-10.71,-3.14,1.02,0,3,3
27620,-6.55,-1.99,3.51,0,3,3
27640,-8.47,-10.16,-1.76,0,3,3
27660,-8.58,-7.89,-6.12,0,3,3
27680,-6.16,-4.57,-0.8,0,3,3
27700,-1.93,-4.46,4.46,0,3,3
27720,8.77,-11.61,6.39,0,3,3
27740,8.05,-6.56,0.92,0,3,3
27760,4.63,-7.36,1.97,0,3,3
27780,6.98,-10.91,6.35,0,3,3
27800,5.3,-13.41,0.22,0,3,3
27820,8.26,-12.24,0.53,0,3,3
27840,7.65,-10.9,3.58,0,3,3
27860,7.44,-12.21,4.26,0,3,3
27880,6.69,-13.23,1.83,0,3,3
27900,5.85,-11.45,2.27,0,3,3
27920,5.25,-10.52,1.06,0,3,3
27940,5.45,-10.4,2.08,0,3,3
27960,4.24,-10.3,0.36,0,3,3
27980,3.77,-10.08,-0.45,0,3,3
28000,2.46,-9.24,-0.85,0,3,3
28020,2.66,-9.49,-0.63,0,3,3
28040,1.28,-8.62,-0.8,0,3,3
28060,0.82,-8.84,-1.05,0,3,3
28080,1.37,-9.94,-0.69,0,3,3
28100,1.17,-10.08,-2.03,0,3,3
28120,1.53,-9.7,-1.31,0,3,3
28140,1.48,-9.62,-1.11,0,3,3
28160,1.14,-8.77,-1.11,0,3,3
28180,0.88,-9.31,-1.84,0,3,3
28200,0.93,-9.59,-2.04,0,3,3
28220,1.13,-9.71,-2.23,0,3,3
28240,1.14,-9.7,-2.12,0,3,3
28260,1.45,-9.49,-2.01,0,3,3
28280,1.48,-9.38,-2.24,0,3,3
28300,2.05,-10.77,-3.21,0,3,3
28320,3.34,-11.71,-3.52,0,3,3
28340,1.42,-10.88,-4.92,0,3,3
28360,2.12,-8.9,-3.68,0,3,3
28380,2.21,-7.58,-2.61,0,3,3
28400,1.01,-7.31,-3.23,0,3,3
28420,1.78,-8.67,-3.09,0,3,3
28440,2.1,-9.98,-3.71,0,3,3
28460,2.26,-10.09,-4.26,0,3,3
28480,2.15,-9.54,-4.21,0,3,3
28500,2.13,-8.8,-3.66,0,3,3
28520,2.4,-8.52,-3.18,0,3,3
28540,2.4,-8.82,-3.3,0,3,3
28560,2.17,-9.41,-3.63,0,3,3
28580,2.14,-9.51,-3.54,0,3,3
28600,2.25,-9.24,-3.31,0,3,3
28620,2.09,-8.98,-3.35,0,3,3
28640,1.9,-8.88,-3.33,0,3,3
28660,1.97,-9.02,-3.33,0,3,3
28680,1.83,-9.07,-3.14,0,3,3
28700,1.9,-9.22,-3.23,0,3,3
28720,1.85,-9.34,-3.39,0,3,3
28740,2.04,-9.31,-3.18,0,3,3
28760,1.94,-9.14,-3.01,0,3,3
28780,2.03,-9.13,-3.02,0,3,3
28800,1.93,-9.26,-3.16,0,3,3
28820,1.87,-9.29,-3.29,0,3,3
28840,1.84,-9.32,-3.3,0,3,3
28860,1.99,-9.22,-3.14,0,3,3
28880,1.96,-9.23,-3.1,0,3,3
28900,1.88,-9.32,-3.16,0,3,3
28920,1.92,-9.23,-3.19,0,3,3
28940,1.97,-9.19,-2.89,0,3,3
28960,1.95,-9.18,-3.15,0,3,3
28980,1.96,-9.28,-3.12,0,3,3
29000,1.99,-9.29,-3.05,0,3,3
29020,1.97,-9.19,-3.12,0,3,3
29040,2.0,-9.26,-3.1,0,3,3
29060,1.89,-9.21,-3.34,0,3,3
29080,2.02,-9.26,-2.98,0,3,3
29100,2.05,-9.33,-3.02,0,3,3
29120,1.94,-9.21,-3.02,0,3,3
29140,2.07,-9.24,-2.97,0,3,3
29160,2.05,-9.22,-3.05,0,3,3
29180,2.07,-9.24,-3.06,0,3,3
29200,1.97,-9.21,-3.09,0,3,3
29220,2.04,-9.29,-3.14,0,3,3
29240,1.99,-9.24,-3.09,0,3,3
29260,2.03,-9.16,-3.04,0,3,3
29280,2.01,-9.13,-3.11,0,3,3
27400,-9.11,-3.03,-5.04,0,3,4
27420,-7.44,-5.53,-5.62,0,3,4
27440,-6.66,-4.55,-4.93,0,3,4
27460,-9.65,-2.05,-4.13,0,3,4
27480,-12.23,-2.23,-3.78,0,3,4
27500,-11.11,-4.0,-5.11,0,3,4
27520,-10.4,-6.5,-6.11,0,3,4
27540,-11.69,-7.29,-5.96,0,3,4
27560,-14.65,-5.59,-4.34,0,3,4
27580,-19.62,-15.94,1.37,0,3,4
27600,-10.71,-3.14,1.02,0,3,4
27620,-6.55,-1.99,3.51,0,3,4
27640,-8.47,-10.16,-1.76,0,3,4
27660,-8.58,-7.89,-6.12,0,3,4
27680,-6.16,-4.57,-0.8,0,3,4
27700,-1.93,-4.46,4.46,0,3,4
27720,8.77,-11.61,6.39,0,3,4
27740,8.05,-6.56,0.92,0,3,4
27760,4.63,-7.36,1.97,0,3,4
27780,6.98,-10.91,6.35,0,3,4
27800,5.3,-13.41,0.22,0,3,4
27820,8.26,-12.24,0.53,0,3,4
27840,7.65,-10.9,3.58,0,3,4
27860,7.44,-12.21,4.26,0,3,4
27880,6.69,-13.23,1.83,0,3,4
27900,5.85,-11.45,2.27,0,3,4
27920,5.25,-10.52,1.06,0,3,4
27940,5.45,-10.4,2.08,0,3,4
27960,4.24,-10.3,0.36,0,3,4
27980,3.77,-10.08,-0.45,0,3,4
28000,2.46,-9.24,-0.85,0,3,4
28020,2.66,-9.49,-0.63,0,3,4
28040,1.28,-8.62,-0.8,0,3,4
28060,0.82,-8.84,-1.05,0,3,4
28080,1.37,-9.94,-0.69,0,3,4
28100,1.17,-10.08,-2.03,0,3,4
28120,1.53,-9.7,-1.31,0,3,4
28140,1.48,-9.62,-1.11,0,3,4
28160,1.14,-8.77,-1.11,0,3,4
28180,0.88,-9.31,-1.84,0,3,4
28200,0.93,-9.59,-2.04,0,3,4
28220,1.13,-9.71,-2.23,0,3,4
28240,1.14,-9.7,-2.12,0,3,4
28260,1.45,-9.49,-2.01,0,3,4
28280,1.48,-9.38,-2.24,0,3,4
28300,2.05,-10.77,-3.21,0,3,4
28320,3.34,-11.71,-3.52,0,3,4
28340,1.42,-10.88,-4.92,0,3,4
28360,2.12,-8.9,-3.68,0,3,4
28380,2.21,-7.58,-2.61,0,3,4
28400,1.01,-7.31,-3.23,0,3,4
28420,1.78,-8.67,-3.09,0,3,4
28440,2.1,-9.98,-3.71,0,3,4
28460,2.26,-10.09,-4.26,0,3,4
28480,2.15,-9.54,-4.21,0,3,4
28500,2.13,-8.8,-3.66,0,3,4
28520,2.4,-8.52,-3.18,0,3,4
28540,2.4,-8.82,-3.3,0,3,4
28560,2.17,-9.41,-3.63,0,3,4
28580,2.14,-9.51,-3.54,0,3,4
28600,2.25,-9.24,-3.31,0,3,4
28620,2.09,-8.98,-3.35,0,3,4
28640,1.9,-8.88,-3.33,0,3,4
28660,1.97,-9.02,-3.33,0,3,4
28680,1.83,-9.07,-3.14,0,3,4
28700,1.9,-9.22,-3.23,0,3,4
28720,1.85,-9.34,-3.39,0,3,4
28740,2.04,-9.31,-3.18,0,3,4
28760,1.94,-9.14,-3.01,0,3,4
28780,2.03,-9.13,-3.02,0,3,4
28800,1.93,-9.26,-3.16,0,3,4
28820,1.87,-9.29,-3.29,0,3,4
28840,1.84,-9.32,-3.3,0,3,4
28860,1.99,-9.22,-3.14,0,3,4
28880,1.96,-9.23,-3.1,0,3,4
28900,1.88,-9.32,-3.16,0,3,4
28920,1.92,-9.23,-3.19,0,3,4
28940,1.97,-9.19,-2.89,0,3,4
28960,1.95,-9.18,-3.15,0,3,4
28980,1.96,-9.28,-3.12,0,3,4
29000,1.99,-9.29,-3.05,0,3,4
29020,1.97,-9.19,-3.12,0,3,4
29040,2.0,-9.26,-3.1,0,3,4
29060,1.89,-9.21,-3.34,0,3,4
29080,2.02,-9.26,-2.98,0,3,4
29100,2.05,-9.33,-3.02,0,3,4
29120,1.94,-9.21,-3.02,0,3,4
29140,2.07,-9.24,-2.97,0,3,4
29160,2.05,-9.22,-3.05,0,3,4
29180,2.07,-9.24,-3.06,0,3,4
29200,1.97,-9.21,-3.09,0,3,4
29220,2.04,-9.29,-3.14,0,3,4
29240,1.99,-9.24,-3.09,0,3,4
29260,2.03,-9.16,-3.04,0,3,4
29280,2.01,-9.13,-3.11,0,3,4
29300,1.96,-9.35,-3.15,0,3,4
29320,2.06,-9.38,-2.89,0,3,4
29340,1.91,-9.25,-3.04,0,3,4
29360,1.93,-9.2,-3.21,0,3,4
29380,2.02,-9.28,-3.08,0,3,4
27500,-11.11,-4.0,-5.11,0,3,5
27520,-10.4,-6.5,-6.11,0,3,5
27540,-11.69,-7.29,-5.96,0,3,5
27560,-14.65,-5.59,-4.34,0,3,5
27580,-19.62,-15.94,1.37,0,3,5
27600,-10.71,-3.14,1.02,0,3,5
27620,-6.55,-1.99,3.51,0,3,5
27640,-8.47,-10.16,-1.76,0,3,5
27660,-8.58,-7.89,-6.12,0,3,5
27680,-6.16,-4.57,-0.8,0,3,5
27700,-1.93,-4.46,4.46,0,3,5
27720,8.77,-11.61,6.39,0,3,5
27740,8.05,-6.56,0.92,0,3,5
27760,4.63,-7.36,1.97,0,3,5
27780,6.98,-10.91,6.35,0,3,5
27800,5.3,-13.41,0.22,0,3,5
27820,8.26,-12.24,0.53,0,3,5
27840,7.65,-10.9,3.58,0,3,5
27860,7.44,-12.21,4.26,0,3,5
27880,6.69,-13.23,1.83,0,3,5
27900,5.85,-11.45,2.27,0,3,5
27920,5.25,-10.52,1.06,0,3,5
27940,5.45,-10.4,2.08,0,3,5
27960,4.24,-10.3,0.36,0,3,5
27980,3.77,-10.08,-0.45,0,3,5
28000,2.46,-9.24,-0.85,0,3,5
28020,2.66,-9.49,-0.63,0,3,5
28040,1.28,-8.62,-0.8,0,3,5
28060,0.82,-8.84,-1.05,0,3,5
28080,1.37,-9.94,-0.69,0,3,5
28100,1.17,-10.08,-2.03,0,3,5
28120,1.53,-9.7,-1.31,0,3,5
28140,1.48,-9.62,-1.11,0,3,5
28160,1.14,-8.77,-1.11,0,3,5
28180,0.88,-9.31,-1.84,0,3,5
28200,0.93,-9.59,-2.04,0,3,5
28220,1.13,-9.71,-2.23,0,3,5
28240,1.14,-9.7,-2.12,0,3,5
28260,1.45,-9.49,-2.01,0,3,5
28280,1.48,-9.38,-2.24,0,3,5
28300,2.05,-10.77,-3.21,0,3,5
28320,3.34,-11.71,-3.52,0,3,5
28340,1.42,-10.88,-4.92,0,3,5
28360,2.12,-8.9,-3.68,0,3,5
28380,2.21,-7.58,-2.61,0,3,5
28400,1.01,-7.31,-3.23,0,3,5
28420,1.78,-8.67,-3.09,0,3,5
28440,2.1,-9.98,-3.71,0,3,5
28460,2.26,-10.09,-4.26,0,3,5
28480,2.15,-9.54,-4.21,0,3,5
28500,2.13,-8.8,-3.66,0,3,5
28520,2.4,-8.52,-3.18,0,3,5
28540,2.4,-8.82,-3.3,0,3,5
28560,2.17,-9.41,-3.63,0,3,5
28580,2.14,-9.51,-3.54,0,3,5
28600,2.25,-9.24,-3.31,0,3,5
28620,2.09,-8.98,-3.35,0,3,5
28640,1.9,-8.88,-3.33,0,3,5
28660,1.97,-9.02,-3.33,0,3,5
28680,1.83,-9.07,-3.14,0,3,5
28700,1.9,-9.22,-3.23,0,3,5
28720,1.85,-9.34,-3.39,0,3,5
28740,2.04,-9.31,-3.18,0,3,5
28760,1.94,-9.14,-3.01,0,3,5
28780,2.03,-9.13,-3.02,0,3,5
28800,1.93,-9.26,-3.16,0,3,5
28820,1.87,-9.29,-3.29,0,3,5
28840,1.84,-9.32,-3.3,0,3,5
28860,1.99,-9.22,-3.14,0,3,5
28880,1.96,-9.23,-3.1,0,3,5
28900,1.88,-9.32,-3.16,0,3,5
28920,1.92,-9.23,-3.19,0,3,5
28940,1.97,-9.19,-2.89,0,3,5
28960,1.95,-9.18,-3.15,0,3,5
28980,1.96,-9.28,-3.12,0,3,5
29000,1.99,-9.29,-3.05,0,3,5
29020,1.97,-9.19,-3.12,0,3,5
29040,2.0,-9.26,-3.1,0,3,5
29060,1.89,-9.21,-3.34,0,3,5
29080,2.02,-9.26,-2.98,0,3,5
29100,2.05,-9.33,-3.02,0,3,5
29120,1.94,-9.21,-3.02,0,3,5
29140,2.07,-9.24,-2.97,0,3,5
29160,2.05,-9.22,-3.05,0,3,5
29180,2.07,-9.24,-3.06,0,3,5
29200,1.97,-9.21,-3.09,0,3,5
29220,2.04,-9.29,-3.14,0,3,5
29240,1.99,-9.24,-3.09,0,3,5
29260,2.03,-9.16,-3.04,0,3,5
29280,2.01,-9.13,-3.11,0,3,5
29300,1.96,-9.35,-3.15,0,3,5
29320,2.06,-9.38,-2.89,0,3,5
29340,1.91,-9.25,-3.04,0,3,5
29360,1.93,-9.2,-3.21,0,3,5
29380,2.02,-9.28,-3.08,0,3,5
29400,2.05,-9.33,-3.02,0,3,5
29420,1.98,-9.28,-3.06,0,3,5
29440,1.85,-9.22,-3.22,0,3,5
29460,1.93,-9.22,-3.13,0,3,5
29480,1.95,-9.23,-3.0,0,3,5
27600,-10.71,-3.14,1.02,0,3,6
27620,-6.55,-1.99,3.51,0,3,6
27640,-8.47,-10.16,-1.76,0,3,6
27660,-8.58,-7.89,-6.12,0,3,6
27680,-6.16,-4.57,-0.8,0,3,6
27700,-1.93,-4.46,4.46,0,3,6
27720,8.77,-11.61,6.39,0,3,6
27740,8.05,-6.56,0.92,0,3,6
27760,4.63,-7.36,1.97,0,3,6
27780,6.98,-10.91,6.35,0,3,6
27800,5.3,-13.41,0.22,0,3,6
27820,8.26,-12.24,0.53,0,3,6
27840,7.65,-10.9,3.58,0,3,6
27860,7.44,-12.21,4.26,0,3,6
27880,6.69,-13.23,1.83,0,3,6
27900,5.85,-11.45,2.27,0,3,6
27920,5.25,-10.52,1.06,0,3,6
27940,5.45,-10.4,2.08,0,3,6
27960,4.24,-10.3,0.36,0,3,6
27980,3.77,-10.08,-0.45,0,3,6
28000,2.46,-9.24,-0.85,0,3,6
28020,2.66,-9.49,-0.63,0,3,6
28040,1.28,-8.62,-0.8,0,3,6
28060,0.82,-8.84,-1.05,0,3,6
28080,1.37,-9.94,-0.69,0,3,6
28100,1.17,-10.08,-2.03,0,3,6
28120,1.53,-9.7,-1.31,0,3,6
28140,1.48,-9.62,-1.11,0,3,6
28160,1.14,-8.77,-1.11,0,3,6
28180,0.88,-9.31,-1.84,0,3,6
28200,0.93,-9.59,-2.04,0,3,6
28220,1.13,-9.71,-2.23,0,3,6
28240,1.14,-9.7,-2.12,0,3,6
28260,1.45,-9.49,-2.01,0,3,6
28280,1.48,-9.38,-2.24,0,3,6
28300,2.05,-10.77,-3.21,0,3,6
28320,3.34,-11.71,-3.52,0,3,6
28340,1.42,-10.88,-4.92,0,3,6
28360,2.12,-8.9,-3.68,0,3,6
28380,2.21,-7.58,-2.61,0,3,6
28400,1.01,-7.31,-3.23,0,3,6
28420,1.78,-8.67,-3.09,0,3,6
28440,2.1,-9.98,-3.71,0,3,6
28460,2.26,-10.09,-4.26,0,3,6
28480,2.15,-9.54,-4.21,0,3,6
28500,2.13,-8.8,-3.66,0,3,6
28520,2.4,-8.52,-3.18,0,3,6
28540,2.4,-8.82,-3.3,0,3,6
28560,2.17,-9.41,-3.63,0,3,6
28580,2.14,-9.51,-3.54,0,3,6
28600,2.25,-9.24,-3.31,0,3,6
28620,2.09,-8.98,-3.35,0,3,6
28640,1.9,-8.88,-3.33,0,3,6
28660,1.97,-9.02,-3.33,0,3,6
28680,1.83,-9.07,-3.14,0,3,6
28700,1.9,-9.22,-3.23,0,3,6
28720,1.85,-9.34,-3.39,0,3,6
28740,2.04,-9.31,-3.18,0,3,6
28760,1.94,-9.14,-3.01,0,3,6
28780,2.03,-9.13,-3.02,0,3,6
28800,1.93,-9.26,-3.16,0,3,6
28820,1.87,-9.29,-3.29,0,3,6
28840,1.84,-9.32,-3.3,0,3,6
28860,1.99,-9.22,-3.14,0,3,6
28880,1.96,-9.23,-3.1,0,3,6
28900,1.88,-9.32,-3.16,0,3,6
28920,1.92,-9.23,-3.19,0,3,6
28940,1.97,-9.19,-2.89,0,3,6
28960,1.95,-9.18,-3.15,0,3,6
28980,1.96,-9.28,-3.12,0,3,6
29000,1.99,-9.29,-3.05,0,3,6
29020,1.97,-9.19,-3.12,0,3,6
29040,2.0,-9.26,-3.1,0,3,6
29060,1.89,-9.21,-3.34,0,3,6
29080,2.02,-9.26,-2.98,0,3,6
29100,2.05,-9.33,-3.02,0,3,6
29120,1.94,-9.21,-3.02,0,3,6
29140,2.07,-9.24,-2.97,0,3,6
29160,2.05,-9.22,-3.05,0,3,6
29180,2.07,-9.24,-3.06,0,3,6
29200,1.97,-9.21,-3.09,0,3,6
29220,2.04,-9.29,-3.14,0,3,6
29240,1.99,-9.24,-3.09,0,3,6
29260,2.03,-9.16,-3.04,0,3,6
29280,2.01,-9.13,-3.11,0,3,6
29300,1.96,-9.35,-3.15,0,3,6
29320,2.06,-9.38,-2.89,0,3,6
29340,1.91,-9.25,-3.04,0,3,6
29360,1.93,-9.2,-3.21,0,3,6
29380,2.02,-9.28,-3.08,0,3,6
29400,2.05,-9.33,-3.02,0,3,6
29420,1.98,-9.28,-3.06,0,3,6
29440,1.85,-9.22,-3.22,0,3,6
29460,1.93,-9.22,-3.13,0,3,6
29480,1.95,-9.23,-3.0,0,3,6
29500,1.92,-9.28,-3.12,0,3,6
29520,1.92,-9.25,-3.07,0,3,6
29540,1.97,-9.27,-3.03,0,3,6
29560,1.98,-9.21,-2.86,0,3,6
29580,2.02,-9.24,-2.95,0,3,6
27700,-1.93,-4.46,4.46,0,3,7
27720,8.77,-11.61,6.39,0,3,7
27740,8.05,-6.56,0.92,0,3,7
27760,4.63,-7.36,1.97,0,3,7
27780,6.98,-10.91,6.35,0,3,7
27800,5.3,-13.41,0.22,0,3,7
27820,8.26,-12.24,0.53,0,3,7
27840,7.65,-10.9,3.58,0,3,7
27860,7.44,-12.21,4.26,0,3,7
27880,6.69,-13.23,1.83,0,3,7
27900,5.85,-11.45,2.27,0,3,7
27920,5.25,-10.52,1.06,0,3,7
27940,5.45,-10.4,2.08,0,3,7
27960,4.24,-10.3,0.36,0,3,7
27980,3.77,-10.08,-0.45,0,3,7
28000,2.46,-9.24,-0.85,0,3,7
28020,2.66,-9.49,-0.63,0,3,7
28040,1.28,-8.62,-0.8,0,3,7
28060,0.82,-8.84,-1.05,0,3,7
28080,1.37,-9.94,-0.69,0,3,7
28100,1.17,-10.08,-2.03,0,3,7
28120,1.53,-9.7,-1.31,0,3,7
28140,1.48,-9.62,-1.11,0,3,7
28160,1.14,-8.77,-1.11,0,3,7
28180,0.88,-9.31,-1.84,0,3,7
28200,0.93,-9.59,-2.04,0,3,7
28220,1.13,-9.71,-2.23,0,3,7
28240,1.14,-9.7,-2.12,0,3,7
28260,1.45,-9.49,-2.01,0,3,7
28280,1.48,-9.38,-2.24,0,3,7
28300,2.05,-10.77,-3.21,0,3,7
28320,3.34,-11.71,-3.52,0,3,7
28340,1.42,-10.88,-4.92,0,3,7
28360,2.12,-8.9,-3.68,0,3,7
28380,2.21,-7.58,-2.61,0,3,7
28400,1.01,-7.31,-3.23,0,3,7
28420,1.78,-8.67,-3.09,0,3,7
28440,2.1,-9.98,-3.71,0,3,7
28460,2.26,-10.09,-4.26,0,3,7
28480,2.15,-9.54,-4.21,0,3,7
28500,2.13,-8.8,-3.66,0,3,7
28520,2.4,-8.52,-3.18,0,3,7
28540,2.4,-8.82,-3.3,0,3,7
28560,2.17,-9.41,-3.63,0,3,7
28580,2.14,-9.51,-3.54,0,3,7
28600,2.25,-9.24,-3.31,0,3,7
28620,2.09,-8.98,-3.35,0,3,7
28640,1.9,-8.88,-3.33,0,3,7
28660,1.97,-9.02,-3.33,0,3,7
28680,1.83,-9.07,-3.14,0,3,7
28700,1.9,-9.22,-3.23,0,3,7
28720,1.85,-9.34,-3.39,0,3,7
28740,2.04,-9.31,-3.18,0,3,7
28760,1.94,-9.14,-3.01,0,3,7
28780,2.03,-9.13,-3.02,0,3,7
28800,1.93,-9.26,-3.16,0,3,7
28820,1.87,-9.29,-3.29,0,3,7
28840,1.84,-9.32,-3.3,0,3,7
28860,1.99,-9.22,-3.14,0,3,7
28880,1.96,-9.23,-3.1,0,3,7
28900,1.88,-9.32,-3.16,0,3,7
28920,1.92,-9.23,-3.19,0,3,7
28940,1.97,-9.19,-2.89,0,3,7
28960,1.95,-9.18,-3.15,0,3,7
28980,1.96,-9.28,-3.12,0,3,7
29000,1.99,-9.29,-3.05,0,3,7
29020,1.97,-9.19,-3.12,0,3,7
29040,2.0,-9.26,-3.1,0,3,7
29060,1.89,-9.21,-3.34,0,3,7
29080,2.02,-9.26,-2.98,0,3,7
29100,2.05,-9.33,-3.02,0,3,7
29120,1.94,-9.21,-3.02,0,3,7
29140,2.07,-9.24,-2.97,0,3,7
29160,2.05,-9.22,-3.05,0,3,7
29180,2.07,-9.24,-3.06,0,3,7
29200,1.97,-9.21,-3.09,0,3,7
29220,2.04,-9.29,-3.14,0,3,7
29240,1.99,-9.24,-3.09,0,3,7
29260,2.03,-9.16,-3.04,0,3,7
29280,2.01,-9.13,-3.11,0,3,7
29300,1.96,-9.35,-3.15,0,3,7
29320,2.06,-9.38,-2.89,0,3,7
29340,1.91,-9.25,-3.04,0,3,7
29360,1.93,-9.2,-3.21,0,3,7
29380,2.02,-9.28,-3.08,0,3,7
29400,2.05,-9.33,-3.02,0,3,7
29420,1.98,-9.28,-3.06,0,3,7
29440,1.85,-9.22,-3.22,0,3,7
29460,1.93,-9.22,-3.13,0,3,7
29480,1.95,-9.23,-3.0,0,3,7
29500,1.92,-9.28,-3.12,0,3,7
29520,1.92,-9.25,-3.07,0,3,7
29540,1.97,-9.27,-3.03,0,3,7
29560,1.98,-9.21,-2.86,0,3,7
29580,2.02,-9.24,-2.95,0,3,7
29600,1.96,-9.19,-3.12,0,3,7
29620,2.03,-9.25,-3.05,0,3,7
29640,1.9,-9.38,-3.08,0,3,7
29660,2.01,-9.3,-3.1,0,3,7
29680,2.07,-9.2,-2.96,0,3,7
27800,5.3,-13.41,0.22,0,3,8
27820,8.26,-12.24,0.53,0,3,8
27840,7.65,-10.9,3.58,0,3,8
27860,7.44,-12.21,4.26,0,3,8
27880,6.69,-13.23,1.83,0,3,8
27900,5.85,-11.45,2.27,0,3,8
27920,5.25,-10.52,1.06,0,3,8
27940,5.45,-10.4,2.08,0,3,8
27960,4.24,-10.3,0.36,0,3,8
27980,3.77,-10.08,-0.45,0,3,8
28000,2.46,-9.24,-0.85,0,3,8
28020,2.66,-9.49,-0.63,0,3,8
28040,1.28,-8.62,-0.8,0,3,8
28060,0.82,-8.84,-1.05,0,3,8
28080,1.37,-9.94,-0.69,0,3,8
28100,1.17,-10.08,-2.03,0,3,8
28120,1.53,-9.7,-1.31,0,3,8
28140,1.48,-9.62,-1.11,0,3,8
28160,1.14,-8.77,-1.11,0,3,8
28180,0.88,-9.31,-1.84,0,3,8
28200,0.93,-9.59,-2.04,0,3,8
28220,1.13,-9.71,-2.23,0,3,8
28240,1.14,-9.7,-2.12,0,3,8
28260,1.45,-9.49,-2.01,0,3,8
28280,1.48,-9.38,-2.24,0,3,8
28300,2.05,-10.77,-3.21,0,3,8
28320,3.34,-11.71,-3.52,0,3,8
28340,1.42,-10.88,-4.92,0,3,8
28360,2.12,-8.9,-3.68,0,3,8
28380,2.21,-7.58,-2.61,0,3,8
28400,1.01,-7.31,-3.23,0,3,8
28420,1.78,-8.67,-3.09,0,3,8
28440,2.1,-9.98,-3.71,0,3,8
28460,2.26,-10.09,-4.26,0,3,8
28480,2.15,-9.54,-4.21,0,3,8
28500,2.13,-8.8,-3.66,0,3,8
28520,2.4,-8.52,-3.18,0,3,8
28540,2.4,-8.82,-3.3,0,3,8
28560,2.17,-9.41,-3.63,0,3,8
28580,2.14,-9.51,-3.54,0,3,8
28600,2.25,-9.24,-3.31,0,3,8
28620,2.09,-8.98,-3.35,0,3,8
28640,1.9,-8.88,-3.33,0,3,8
28660,1.97,-9.02,-3.33,0,3,8
28680,1.83,-9.07,-3.14,0,3,8
28700,1.9,-9.22,-3.23,0,3,8
28720,1.85,-9.34,-3.39,0,3,8
28740,2.04,-9.31,-3.18,0,3,8
28760,1.94,-9.14,-3.01,0,3,8
28780,2.03,-9.13,-3.02,0,3,8
28800,1.93,-9.26,-3.16,0,3,8
28820,1.87,-9.29,-3.29,0,3,8
28840,1.84,-9.32,-3.3,0,3,8
28860,1.99,-9.22,-3.14,0,3,8
28880,1.96,-9.23,-3.1,0,3,8
28900,1.88,-9.32,-3.16,0,3,8
28920,1.92,-9.23,-3.19,0,3,8
28940,1.97,-9.19,-2.89,0,3,8
28960,1.95,-9.18,-3.15,0,3,8
28980,1.96,-9.28,-3.12,0,3,8
29000,1.99,-9.29,-3.05,0,3,8
29020,1.97,-9.19,-3.12,0,3,8
29040,2.0,-9.26,-3.1,0,3,8
29060,1.89,-9.21,-3.34,0,3,8
29080,2.02,-9.26,-2.98,0,3,8
29100,2.05,-9.33,-3.02,0,3,8
29120,1.94,-9.21,-3.02,0,3,8
29140,2.07,-9.24,-2.97,0,3,8
29160,2.05,-9.22,-3.05,0,3,8
29180,2.07,-9.24,-3.06,0,3,8
29200,1.97,-9.21,-3.09,0,3,8
29220,2.04,-9.29,-3.14,0,3,8
29240,1.99,-9.24,-3.09,0,3,8
29260,2.03,-9.16,-3.04,0,3,8
29280,2.01,-9.13,-3.11,0,3,8
29300,1.96,-9.35,-3.15,0,3,8
29320,2.06,-9.38,-2.89,0,3,8
29340,1.91,-9.25,-3.04,0,3,8
29360,1.93,-9.2,-3.21,0,3,8
29380,2.02,-9.28,-3.08,0,3,8
29400,2.05,-9.33,-3.02,0,3,8
29420,1.98,-9.28,-3.06,0,3,8
29440,1.85,-9.22,-3.22,0,3,8
29460,1.93,-9.22,-3.13,0,3,8
29480,1.95,-9.23,-3.0,0,3,8
29500,1.92,-9.28,-3.12,0,3,8
29520,1.92,-9.25,-3.07,0,3,8
29540,1.97,-9.27,-3.03,0,3,8
29560,1.98,-9.21,-2.86,0,3,8
29580,2.02,-9.24,-2.95,0,3,8
29600,1.96,-9.19,-3.12,0,3,8
29620,2.03,-9.25,-3.05,0,3,8
29640,1.9,-9.38,-3.08,0,3,8
29660,2.01,-9.3,-3.1,0,3,8
29680,2.07,-9.2,-2.96,0,3,8
29700,2.03,-9.23,-3.02,0,3,8
29720,2.05,-9.3,-3.05,0,3,8
29740,2.07,-9.3,-3.1,0,3,8
29760,2.04,-9.22,-3.18,0,3,8
29780,2.02,-9.24,-2.98,0,3,8
27900,5.85,-11.45,2.27,0,3,9
27920,5.25,-10.52,1.06,0,3,9
27940,5.45,-10.4,2.08,0,3,9
27960,4.24,-10.3,0.36,0,3,9
27980,3.77,-10.08,-0.45,0,3,9
28000,2.46,-9.24,-0.85,0,3,9
28020,2.66,-9.49,-0.63,0,3,9
28040,1.28,-8.62,-0.8,0,3,9
28060,0.82,-8.84,-1.05,0,3,9
28080,1.37,-9.94,-0.69,0,3,9
28100,1.17,-10.08,-2.03,0,3,9
28120,1.53,-9.7,-1.31,0,3,9
28140,1.48,-9.62,-1.11,0,3,9
28160,1.14,-8.77,-1.11,0,3,9
28180,0.88,-9.31,-1.84,0,3,9
28200,0.93,-9.59,-2.04,0,3,9
28220,1.13,-9.71,-2.23,0,3,9
28240,1.14,-9.7,-2.12,0,3,9
28260,1.45,-9.49,-2.01,0,3,9
28280,1.48,-9.38,-2.24,0,3,9
28300,2.05,-10.77,-3.21,0,3,9
28320,3.34,-11.71,-3.52,0,3,9
28340,1.42,-10.88,-4.92,0,3,9
28360,2.12,-8.9,-3.68,0,3,9
28380,2.21,-7.58,-2.61,0,3,9
28400,1.01,-7.31,-3.23,0,3,9
28420,1.78,-8.67,-3.09,0,3,9
28440,2.1,-9.98,-3.71,0,3,9
28460,2.26,-10.09,-4.26,0,3,9
28480,2.15,-9.54,-4.21,0,3,9
28500,2.13,-8.8,-3.66,0,3,9
28520,2.4,-8.52,-3.18,0,3,9
28540,2.4,-8.82,-3.3,0,3,9
28560,2.17,-9.41,-3.63,0,3,9
28580,2.14,-9.51,-3.54,0,3,9
28600,2.25,-9.24,-3.31,0,3,9
28620,2.09,-8.98,-3.35,0,3,9
28640,1.9,-8.88,-3.33,0,3,9
28660,1.97,-9.02,-3.33,0,3,9
28680,1.83,-9.07,-3.14,0,3,9
28700,1.9,-9.22,-3.23,0,3,9
28720,1.85,-9.34,-3.39,0,3,9
28740,2.04,-9.31,-3.18,0,3,9
28760,1.94,-9.14,-3.01,0,3,9
28780,2.03,-9.13,-3.02,0,3,9
28800,1.93,-9.26,-3.16,0,3,9
28820,1.87,-9.29,-3.29,0,3,9
28840,1.84,-9.32,-3.3,0,3,9
28860,1.99,-9.22,-3.14,0,3,9
28880,1.96,-9.23,-3.1,0,3,9
28900,1.88,-9.32,-3.16,0,3,9
28920,1.92,-9.23,-3.19,0,3,9
28940,1.97,-9.19,-2.89,0,3,9
28960,1.95,-9.18,-3.15,0,3,9
28980,1.96,-9.28,-3.12,0,3,9
29000,1.99,-9.29,-3.05,0,3,9
29020,1.97,-9.19,-3.12,0,3,9
29040,2.0,-9.26,-3.1,0,3,9
29060,1.89,-9.21,-3.34,0,3,9
29080,2.02,-9.26,-2.98,0,3,9
29100,2.05,-9.33,-3.02,0,3,9
29120,1.94,-9.21,-3.02,0,3,9
29140,2.07,-9.24,-2.97,0,3,9
29160,2.05,-9.22,-3.05,0,3,9
29180,2.07,-9.24,-3.06,0,3,9
29200,1.97,-9.21,-3.09,0,3,9
29220,2.04,-9.29,-3.14,0,3,9
29240,1.99,-9.24,-3.09,0,3,9
29260,2.03,-9.16,-3.04,0,3,9
29280,2.01,-9.13,-3.11,0,3,9
29300,1.96,-9.35,-3.15,0,3,9
29320,2.06,-9.38,-2.89,0,3,9
29340,1.91,-9.25,-3.04,0,3,9
29360,1.93,-9.2,-3.21,0,3,9
29380,2.02,-9.28,-3.08,0,3,9
29400,2.05,-9.33,-3.02,0,3,9
29420,1.98,-9.28,-3.06,0,3,9
29440,1.85,-9.22,-3.22,0,3,9
29460,1.93,-9.22,-3.13,0,3,9
29480,1.95,-9.23,-3.0,0,3,9
29500,1.92,-9.28,-3.12,0,3,9
29520,1.92,-9.25,-3.07,0,3,9
29540,1.97,-9.27,-3.03,0,3,9
29560,1.98,-9.21,-2.86,0,3,9
29580,2.02,-9.24,-2.95,0,3,9
29600,1.96,-9.19,-3.12,0,3,9
29620,2.03,-9.25,-3.05,0,3,9
29640,1.9,-9.38,-3.08,0,3,9
29660,2.01,-9.3,-3.1,0,3,9
29680,2.07,-9.2,-2.96,0,3,9
29700,2.03,-9.23,-3.02,0,3,9
29720,2.05,-9.3,-3.05,0,3,9
29740,2.07,-9.3,-3.1,0,3,9
29760,2.04,-9.22,-3.18,0,3,9
29780,2.02,-9.24,-2.98,0,3,9
29800,2.01,-9.23,-3.04,0,3,9
29820,1.97,-9.24,-3.07,0,3,9
29840,1.98,-9.3,-2.99,0,3,9
29860,2.0,-9.22,-2.97,0,3,9
29880,1.96,-9.25,-3.02,0,3,9
28000,2.46,-9.24,-0.85,0,3,10
28020,2.66,-9.49,-0.63,0,3,10
28040,1.28,-8.62,-0.8,0,3,10
28060,0.82,-8.84,-1.05,0,3,10
28080,1.37,-9.94,-0.69,0,3,10
28100,1.17,-10.08,-2.03,0,3,10
28120,1.53,-9.7,-1.31,0,3,10
28140,1.48,-9.62,-1.11,0,3,10
28160,1.14,-8.77,-1.11,0,3,10
28180,0.88,-9.31,-1.84,0,3,10
28200,0.93,-9.59,-2.04,0,3,10
28220,1.13,-9.71,-2.23,0,3,10
28240,1.14,-9.7,-2.12,0,3,10
28260,1.45,-9.49,-2.01,0,3,10
28280,1.48,-9.38,-2.24,0,3,10
28300,2.05,-10.77,-3.21,0,3,10
28320,3.34,-11.71,-3.52,0,3,10
28340,1.42,-10.88,-4.92,0,3,10
28360,2.12,-8.9,-3.68,0,3,10
28380,2.21,-7.58,-2.61,0,3,10
28400,1.01,-7.31,-3.23,0,3,10
28420,1.78,-8.67,-3.09,0,3,10
28440,2.1,-9.98,-3.71,0,3,10
28460,2.26,-10.09,-4.26,0,3,10
28480,2.15,-9.54,-4.21,0,3,10
28500,2.13,-8.8,-3.66,0,3,10
28520,2.4,-8.52,-3.18,0,3,10
28540,2.4,-8.82,-3.3,0,3,10
28560,2.17,-9.41,-3.63,0,3,10
28580,2.14,-9.51,-3.54,0,3,10
28600,2.25,-9.24,-3.31,0,3,10
28620,2.09,-8.98,-3.35,0,3,10
28640,1.9,-8.88,-3.33,0,3,10
28660,1.97,-9.02,-3.33,0,3,10
28680,1.83,-9.07,-3.14,0,3,10
28700,1.9,-9.22,-3.23,0,3,10
28720,1.85,-9.34,-3.39,0,3,10
28740,2.04,-9.31,-3.18,0,3,10
28760,1.94,-9.14,-3.01,0,3,10
28780,2.03,-9.13,-3.02,0,3,10
28800,1.93,-9.26,-3.16,0,3,10
28820,1.87,-9.29,-3.29,0,3,10
28840,1.84,-9.32,-3.3,0,3,10
28860,1.99,-9.22,-3.14,0,3,10
28880,1.96,-9.23,-3.1,0,3,10
28900,1.88,-9.32,-3.16,0,3,10
28920,1.92,-9.23,-3.19,0,3,10
28940,1.97,-9.19,-2.89,0,3,10
28960,1.95,-9.18,-3.15,0,3,10
28980,1.96,-9.28,-3.12,0,3,10
29000,1.99,-9.29,-3.05,0,3,10
29020,1.97,-9.19,-3.12,0,3,10
29040,2.0,-9.26,-3.1,0,3,10
29060,1.89,-9.21,-3.34,0,3,10
29080,2.02,-9.26,-2.98,0,3,10
29100,2.05,-9.33,-3.02,0,3,10
29120,1.94,-9.21,-3.02,0,3,10
29140,2.07,-9.24,-2.97,0,3,10
29160,2.05,-9.22,-3.05,0,3,10
29180,2.07,-9.24,-3.06,0,3,10
29200,1.97,-9.21,-3.09,0,3,10
29220,2.04,-9.29,-3.14,0,3,10
29240,1.99,-9.24,-3.09,0,3,10
29260,2.03,-9.16,-3.04,0,3,10
29280,2.01,-9.13,-3.11,0,3,10
29300,1.96,-9.35,-3.15,0,3,10
29320,2.06,-9.38,-2.89,0,3,10
29340,1.91,-9.25,-3.04,0,3,10
29360,1.93,-9.2,-3.21,0,3,10
29380,2.02,-9.28,-3.08,0,3,10
29400,2.05,-9.33,-3.02,0,3,10
29420,1.98,-9.28,-3.06,0,3,10
29440,1.85,-9.22,-3.22,0,3,10
29460,1.93,-9.22,-3.13,0,3,10
29480,1.95,-9.23,-3.0,0,3,10
29500,1.92,-9.28,-3.12,0,3,10
29520,1.92,-9.25,-3.07,0,3,10
29540,1.97,-9.27,-3.03,0,3,10
29560,1.98,-9.21,-2.86,0,3,10
29580,2.02,-9.24,-2.95,0,3,10
29600,1.96,-9.19,-3.12,0,3,10
29620,2.03,-9.25,-3.05,0,3,10
29640,1.9,-9.38,-3.08,0,3,10
29660,2.01,-9.3,-3.1,0,3,10
29680,2.07,-9.2,-2.96,0,3,10
29700,2.03,-9.23,-3.02,0,3,10
29720,2.05,-9.3,-3.05,0,3,10
29740,2.07,-9.3,-3.1,0,3,10
29760,2.04,-9.22,-3.18,0,3,10
29780,2.02,-9.24,-2.98,0,3,10
29800,2.01,-9.23,-3.04,0,3,10
29820,1.97,-9.24,-3.07,0,3,10
29840,1.98,-9.3,-2.99,0,3,10
29860,2.0,-9.22,-2.97,0,3,10
29880,1.96,-9.25,-3.02,0,3,10
29900,1.87,-9.28,-3.15,0,3,10
29920,1.84,-9.13,-3.2,0,3,10
29940,1.89,-9.29,-3.15,0,3,10
29960,2.11,-9.52,-2.99,0,3,10
29980,2.1,-9.49,-2.93,0,3,10
36280,-7.72,0.49,-4.68,1,4,1
36300,-6.22,0.34,-3.94,1,4,1
36320,-7.43,0.51,-3.5,1,4,1
36340,-8.55,2.31,-3.95,1,4,1
36360,-8.76,2.85,-2.85,0,4,1
36380,-6.93,-1.83,-8.97,0,4,1
36400,-8.58,-4.22,-9.27,0,4,1
36420,-8.18,-1.71,-4.83,0,4,1
36440,-7.95,0.85,-3.62,0,4,1
36460,-8.27,1.63,-4.09,0,4,1
36480,-7.85,-0.21,-4.83,0,4,1
36500,-6.0,-2.83,-4.91,0,4,1
36520,-5.5,-3.53,-2.96,0,4,1
36540,-7.39,-3.33,-3.88,0,4,1
36560,-9.0,-2.03,-5.73,0,4,1
36580,-9.37,-0.58,-5.33,0,4,1
36600,-9.82,0.74,-5.33,0,4,1
36620,-9.41,0.41,-4.74,0,4,1
36640,-9.39,-1.15,-4.69,0,4,1
36660,-9.56,-1.56,-5.1,0,4,1
36680,-10.72,-0.23,-5.5,0,4,1
36700,-9.42,1.24,-6.62,0,4,1
36720,-8.76,1.35,-6.01,0,4,1
36740,-7.33,1.3,-2.4,0,4,1
36760,-6.57,-0.12,0.14,0,4,1
36780,-4.39,1.78,5.86,0,4,1
36800,-1.32,5.04,11.32,0,4,1
36820,7.2,-3.02,11.86,0,4,1
36840,10.91,-14.8,-1.02,0,4,1
36860,6.24,-18.92,-2.85,0,4,1
36880,15.75,-19.62,2.08,0,4,1
36900,12.98,-19.62,-6.21,0,4,1
36920,5.24,-19.62,3.09,0,4,1
36940,10.64,-11.21,13.27,0,4,1
36960,8.13,-9.59,19.62,0,4,1
36980,4.4,-10.07,19.62,0,4,1
37000,-0.43,-13.73,19.62,0,4,1
37020,-3.12,-13.21,15.39,0,4,1
37040,-8.67,-1.3,19.13,0,4,1
37060,-13.88,4.83,15.29,0,4,1
37080,-10.43,7.41,12.09,0,4,1
37100,-3.61,1.5,12.17,0,4,1
37120,0.03,-7.1,11.77,0,4,1
37140,-1.93,-9.27,7.86,0,4,1
37160,-4.99,-7.46,4.85,0,4,1
37180,-5.41,-4.2,1.88,0,4,1
37200,-6.18,-0.44,-0.24,0,4,1
37220,-6.07,0.11,0.94,0,4,1
37240,-3.37,-0.99,1.64,0,4,1
37260,-3.1,-3.73,2.77,0,4,1
37280,-3.53,-5.86,2.42,0,4,1
37300,-3.94,-6.96,0.97,0,4,1
37320,-3.58,-6.49,1.23,0,4,1
37340,-3.11,-5.45,2.92,0,4,1
37360,-2.46,-4.31,3.96,0,4,1
37380,-3.61,-4.21,4.64,0,4,1
37400,-4.64,-4.67,4.64,0,4,1
37420,-5.37,-5.69,4.99,0,4,1
37440,-4.38,-6.71,6.09,0,4,1
37460,-3.44,-7.36,7.11,0,4,1
37480,-3.64,-8.12,7.53,0,4,1
37500,-4.18,-7.98,7.25,0,4,1
37520,-5.26,-7.19,7.28,0,4,1
37540,-5.32,-6.98,7.47,0,4,1
37560,-4.38,-7.19,7.54,0,4,1
37580,-3.57,-7.53,8.15,0,4,1
37600,-3.57,-7.02,7.86,0,4,1
37620,-4.53,-6.04,7.04,0,4,1
37640,-4.4,-5.54,6.77,0,4,1
37660,-3.64,-5.65,6.74,0,4,1
37680,-3.31,-5.95,6.33,0,4,1
37700,-3.46,-6.15,6.03,0,4,1
37720,-3.46,-6.2,6.09,0,4,1
37740,-3.4,-6.46,5.82,0,4,1
37760,-3.57,-6.47,5.13,0,4,1
37780,-3.69,-6.25,4.98,0,4,1
37800,-3.57,-6.11,5.45,0,4,1
37820,-3.41,-6.1,5.45,0,4,1
37840,-3.55,-6.56,5.22,0,4,1
37860,-3.54,-7.01,5.27,0,4,1
37880,-3.44,-7.18,5.37,0,4,1
37900,-3.73,-6.98,5.08,0,4,1
37920,-4.06,-6.78,5.12,0,4,1
37940,-3.86,-6.75,5.7,0,4,1
37960,-3.67,-6.79,5.93,0,4,1
37980,-3.7,-7.01,5.91,0,4,1
38000,-3.66,-7.23,5.75,0,4,1
38020,-3.56,-7.29,5.96,0,4,1
38040,-3.65,-7.2,6.13,0,4,1
38060,-3.74,-7.23,5.97,0,4,1
38080,-3.48,-7.34,5.86,0,4,1
38100,-3.41,-7.08,5.85,0,4,1
38120,-3.48,-7.1,5.64,0,4,1
38140,-3.37,-7.11,5.51,0,4,1
38160,-3.33,-7.0,5.45,0,4,1
38180,-3.13,-6.96,5.51,0,4,1
38200,-3.19,-7.02,5.45,0,4,1
38220,-3.27,-6.92,5.34,0,4,1
38240,-3.57,-6.81,5.01,0,4,1
38260,-3.59,-6.78,5.01,0,4,1
36380,-6.93,-1.83,-8.97,0,4,2
36400,-8.58,-4.22,-9.27,0,4,2
36420,-8.18,-1.71,-4.83,0,4,2
36440,-7.95,0.85,-3.62,0,4,2
36460,-8.27,1.63,-4.09,0,4,2
36480,-7.85,-0.21,-4.83,0,4,2
36500,-6.0,-2.83,-4.91,0,4,2
36520,-5.5,-3.53,-2.96,0,4,2
36540,-7.39,-3.33,-3.88,0,4,2
36560,-9.0,-2.03,-5.73,0,4,2
36580,-9.37,-0.58,-5.33,0,4,2
36600,-9.82,0.74,-5.33,0,4,2
36620,-9.41,0.41,-4.74,0,4,2
36640,-9.39,-1.15,-4.69,0,4,2
36660,-9.56,-1.56,-5.1,0,4,2
36680,-10.72,-0.23,-5.5,0,4,2
36700,-9.42,1.24,-6.62,0,4,2
36720,-8.76,1.35,-6.01,0,4,2
36740,-7.33,1.3,-2.4,0,4,2
36760,-6.57,-0.12,0.14,0,4,2
36780,-4.39,1.78,5.86,0,4,2
36800,-1.32,5.04,11.32,0,4,2
36820,7.2,-3.02,11.86,0,4,2
36840,10.91,-14.8,-1.02,0,4,2
36860,6.24,-18.92,-2.85,0,4,2
36880,15.75,-19.62,2.08,0,4,2
36900,12.98,-19.62,-6.21,0,4,2
36920,5.24,-19.62,3.09,0,4,2
36940,10.64,-11.21,13.27,0,4,2
36960,8.13,-9.59,19.62,0,4,2
36980,4.4,-10.07,19.62,0,4,2
37000,-0.43,-13.73,19.62,0,4,2
37020,-3.12,-13.21,15.39,0,4,2
37040,-8.67,-1.3,19.13,0,4,2
37060,-13.88,4.83,15.29,0,4,2
37080,-10.43,7.41,12.09,0,4,2
37100,-3.61,1.5,12.17,0,4,2
37120,0.03,-7.1,11.77,0,4,2
37140,-1.93,-9.27,7.86,0,4,2
37160,-4.99,-7.46,4.85,0,4,2
37180,-5.41,-4.2,1.88,0,4,2
37200,-6.18,-0.44,-0.24,0,4,2
37220,-6.07,0.11,0.94,0,4,2
37240,-3.37,-0.99,1.64,0,4,2
37260,-3.1,-3.73,2.77,0,4,2
37280,-3.53,-5.86,2.42,0,4,2
37300,-3.94,-6.96,0.97,0,4,2
37320,-3.58,-6.49,1.23,0,4,2
37340,-3.11,-5.45,2.92,0,4,2
37360,-2.46,-4.31,3.96,0,4,2
37380,-3.61,-4.21,4.64,0,4,2
37400,-4.64,-4.67,4.64,0,4,2
37420,-5.37,-5.69,4.99,0,4,2
37440,-4.38,-6.71,6.09,0,4,2
37460,-3.44,-7.36,7.11,0,4,2
37480,-3.64,-8.12,7.53,0,4,2
37500,-4.18,-7.98,7.25,0,4,2
37520,-5.26,-7.19,7.28,0,4,2
37540,-5.32,-6.98,7.47,0,4,2
37560,-4.38,-7.19,7.54,0,4,2
37580,-3.57,-7.53,8.15,0,4,2
37600,-3.57,-7.02,7.86,0,4,2
37620,-4.53,-6.04,7.04,0,4,2
37640,-4.4,-5.54,6.77,0,4,2
37660,-3.64,-5.65,6.74,0,4,2
37680,-3.31,-5.95,6.33,0,4,2
37700,-3.46,-6.15,6.03,0,4,2
37720,-3.46,-6.2,6.09,0,4,2
37740,-3.4,-6.46,5.82,0,4,2
37760,-3.57,-6.47,5.13,0,4,2
37780,-3.69,-6.25,4.98,0,4,2
37800,-3.57,-6.11,5.45,0,4,2
37820,-3.41,-6.1,5.45,0,4,2
37840,-3.55,-6.56,5.22,0,4,2
37860,-3.54,-7.01,5.27,0,4,2
37880,-3.44,-7.18,5.37,0,4,2
37900,-3.73,-6.98,5.08,0,4,2
37920,-4.06,-6.78,5.12,0,4,2
37940,-3.86,-6.75,5.7,0,4,2
37960,-3.67,-6.79,5.93,0,4,2
37980,-3.7,-7.01,5.91,0,4,2
38000,-3.66,-7.23,5.75,0,4,2
38020,-3.56,-7.29,5.96,0,4,2
38040,-3.65,-7.2,6.13,0,4,2
38060,-3.74,-7.23,5.97,0,4,2
38080,-3.48,-7.34,5.86,0,4,2
38100,-3.41,-7.08,5.85,0,4,2
38120,-3.48,-7.1,5.64,0,4,2
38140,-3.37,-7.11,5.51,0,4,2
38160,-3.33,-7.0,5.45,0,4,2
38180,-3.13,-6.96,5.51,0,4,2
38200,-3.19,-7.02,5.45,0,4,2
38220,-3.27,-6.92,5.34,0,4,2
38240,-3.57,-6.81,5.01,0,4,2
38260,-3.59,-6.78,5.01,0,4,2
38280,-3.26,-7.06,5.69,0,4,2
38300,-2.83,-7.26,6.1,0,4,2
38320,-2.95,-7.22,5.84,0,4,2
38340,-3.58,-6.71,5.07,0,4,2
38360,-4.05,-6.31,4.88,0,4,2
36480,-7.85,-0.21,-4.83,0,4,3
36500,-6.0,-2.83,-4.91,0,4,3
36520,-5.5,-3.53,-2.96,0,4,3
36540,-7.39,-3.33,-3.88,0,4,3
36560,-9.0,-2.03,-5.73,0,4,3
36580,-9.37,-0.58,-5.33,0,4,3
36600,-9.82,0.74,-5.33,0,4,3
36620,-9.41,0.41,-4.74,0,4,3
36640,-9.39,-1.15,-4.69,0,4,3
36660,-9.56,-1.56,-5.1,0,4,3
36680,-10.72,-0.23,-5.5,0,4,3
36700,-9.42,1.24,-6.62,0,4,3
36720,-8.76,1.35,-6.01,0,4,3
36740,-7.33,1.3,-2.4,0,4,3
36760,-6.57,-0.12,0.14,0,4,3
36780,-4.39,1.78,5.86,0,4,3
36800,-1.32,5.04,11.32,0,4,3
36820,7.2,-3.02,11.86,0,4,3
36840,10.91,-14.8,-1.02,0,4,3
36860,6.24,-18.92,-2.85,0,4,3
36880,15.75,-19.62,2.08,0,4,3
36900,12.98,-19.62,-6.21,0,4,3
36920,5.24,-19.62,3.09,0,4,3
36940,10.64,-11.21,13.27,0,4,3
36960,8.13,-9.59,19.62,0,4,3
36980,4.4,-10.07,19.62,0,4,3
37000,-0.43,-13.73,19.62,0,4,3
37020,-3.12,-13.21,15.39,0,4,3
37040,-8.67,-1.3,19.13,0,4,3
37060,-13.88,4.83,15.29,0,4,3
37080,-10.43,7.41,12.09,0,4,3
37100,-3.61,1.5,12.17,0,4,3
37120,0.03,-7.1,11.77,0,4,3
37140,-1.93,-9.27,7.86,0,4,3
37160,-4.99,-7.46,4.85,0,4,3
37180,-5.41,-4.2,1.88,0,4,3
37200,-6.18,-0.44,-0.24,0,4,3
37220,-6.07,0.11,0.94,0,4,3
37240,-3.37,-0.99,1.64,0,4,3
37260,-3.1,-3.73,2.77,0,4,3
37280,-3.53,-5.86,2.42,0,4,3
37300,-3.94,-6.96,0.97,0,4,3
37320,-3.58,-6.49,1.23,0,4,3
37340,-3.11,-5.45,2.92,0,4,3
37360,-2.46,-4.31,3.96,0,4,3
37380,-3.61,-4.21,4.64,0,4,3
37400,-4.64,-4.67,4.64,0,4,3
37420,-5.37,-5.69,4.99,0,4,3
37440,-4.38,-6.71,6.09,0,4,3
37460,-3.44,-7.36,7.11,0,4,3
37480,-3.64,-8.12,7.53,0,4,3
37500,-4.18,-7.98,7.25,0,4,3
37520,-5.26,-7.19,7.28,0,4,3
37540,-5.32,-6.98,7.47,0,4,3
37560,-4.38,-7.19,7.54,0,4,3
37580,-3.57,-7.53,8.15,0,4,3
37600,-3.57,-7.02,7.86,0,4,3
37620,-4.53,-6.04,7.04,0,4,3
37640,-4.4,-5.54,6.77,0,4,3
37660,-3.64,-5.65,6.74,0,4,3
37680,-3.31,-5.95,6.33,0,4,3
37700,-3.46,-6.15,6.03,0,4,3
37720,-3.46,-6.2,6.09,0,4,3
37740,-3.4,-6.46,5.82,0,4,3
37760,-3.57,-6.47,5.13,0,4,3
37780,-3.69,-6.25,4.98,0,4,3
37800,-3.57,-6.11,5.45,0,4,3
37820,-3.41,-6.1,5.45,0,4,3
37840,-3.55,-6.56,5.22,0,4,3
37860,-3.54,-7.01,5.27,0,4,3
37880,-3.44,-7.18,5.37,0,4,3
37900,-3.73,-6.98,5.08,0,4,3
37920,-4.06,-6.78,5.12,0,4,3
37940,-3.86,-6.75,5.7,0,4,3
37960,-3.67,-6.79,5.93,0,4,3
37980,-3.7,-7.01,5.91,0,4,3
38000,-3.66,-7.23,5.75,0,4,3
38020,-3.56,-7.29,5.96,0,4,3
38040,-3.65,-7.2,6.13,0,4,3
38060,-3.74,-7.23,5.97,0,4,3
38080,-3.48,-7.34,5.86,0,4,3
38100,-3.41,-7.08,5.85,0,4,3
38120,-3.48,-7.1,5.64,0,4,3
38140,-3.37,-7.11,5.51,0,4,3
38160,-3.33,-7.0,5.45,0,4,3
38180,-3.13,-6.96,5.51,0,4,3
38200,-3.19,-7.02,5.45,0,4,3
38220,-3.27,-6.92,5.34,0,4,3
38240,-3.57,-6.81,5.01,0,4,3
38260,-3.59,-6.78,5.01,0,4,3
38280,-3.26,-7.06,5.69,0,4,3
38300,-2.83,-7.26,6.1,0,4,3
38320,-2.95,-7.22,5.84,0,4,3
38340,-3.58,-6.71,5.07,0,4,3
38360,-4.05,-6.31,4.88,0,4,3
38380,-3.88,-6.53,5.19,0,4,3
38400,-3.09,-7.1,5.67,0,4,3
38420,-2.85,-7.44,5.75,0,4,3
38440,-3.03,-7.49,5.92,0,4,3
38460,-3.39,-7.16,5.59,0,4,3
36580,-9.37,-0.58,-5.33,0,4,4
36600,-9.82,0.74,-5.33,0,4,4
36620,-9.41,0.41,-4.74,0,4,4
36640,-9.39,-1.15,-4.69,0,4,4
36660,-9.56,-1.56,-5.1,0,4,4
36680,-10.72,-0.23,-5.5,0,4,4
36700,-9.42,1.24,-6.62,0,4,4
36720,-8.76,1.35,-6.01,0,4,4
36740,-7.33,1.3,-2.4,0,4,4
36760,-6.57,-0.12,0.14,0,4,4
36780,-4.39,1.78,5.86,0,4,4
36800,-1.32,5.04,11.32,0,4,4
36820,7.2,-3.02,11.86,0,4,4
36840,10.91,-14.8,-1.02,0,4,4
36860,6.24,-18.92,-2.85,0,4,4
36880,15.75,-19.62,2.08,0,4,4
36900,12.98,-19.62,-6.21,0,4,4
36920,5.24,-19.62,3.09,0,4,4
36940,10.64,-11.21,13.27,0,4,4
36960,8.13,-9.59,19.62,0,4,4
36980,4.4,-10.07,19.62,0,4,4
37000,-0.43,-13.73,19.62,0,4,4
37020,-3.12,-13.21,15.39,0,4,4
37040,-8.67,-1.3,19.13,0,4,4
37060,-13.88,4.83,15.29,0,4,4
37080,-10.43,7.41,12.09,0,4,4
37100,-3.61,1.5,12.17,0,4,4
37120,0.03,-7.1,11.77,0,4,4
37140,-1.93,-9.27,7.86,0,4,4
37160,-4.99,-7.46,4.85,0,4,4
37180,-5.41,-4.2,1.88,0,4,4
37200,-6.18,-0.44,-0.24,0,4,4
37220,-6.07,0.11,0.94,0,4,4
37240,-3.37,-0.99,1.64,0,4,4
37260,-3.1,-3.73,2.77,0,4,4
37280,-3.53,-5.86,2.42,0,4,4
37300,-3.94,-6.96,0.97,0,4,4
37320,-3.58,-6.49,1.23,0,4,4
37340,-3.11,-5.45,2.92,0,4,4
37360,-2.46,-4.31,3.96,0,4,4
37380,-3.61,-4.21,4.64,0,4,4
37400,-4.64,-4.67,4.64,0,4,4
37420,-5.37,-5.69,4.99,0,4,4
37440,-4.38,-6.71,6.09,0,4,4
37460,-3.44,-7.36,7.11,0,4,4
37480,-3.64,-8.12,7.53,0,4,4
37500,-4.18,-7.98,7.25,0,4,4
37520,-5.26,-7.19,7.28,0,4,4
37540,-5.32,-6.98,7.47,0,4,4
37560,-4.38,-7.19,7.54,0,4,4
37580,-3.57,-7.53,8.15,0,4,4
37600,-3.57,-7.02,7.86,0,4,4
37620,-4.53,-6.04,7.04,0,4,4
37640,-4.4,-5.54,6.77,0,4,4
37660,-3.64,-5.65,6.74,0,4,4
37680,-3.31,-5.95,6.33,0,4,4
37700,-3.46,-6.15,6.03,0,4,4
37720,-3.46,-6.2,6.09,0,4,4
37740,-3.4,-6.46,5.82,0,4,4
37760,-3.57,-6.47,5.13,0,4,4
37780,-3.69,-6.25,4.98,0,4,4
37800,-3.57,-6.11,5.45,0,4,4
37820,-3.41,-6.1,5.45,0,4,4
37840,-3.55,-6.56,5.22,0,4,4
37860,-3.54,-7.01,5.27,0,4,4
37880,-3.44,-7.18,5.37,0,4,4
37900,-3.73,-6.98,5.08,0,4,4
37920,-4.06,-6.78,5.12,0,4,4
37940,-3.86,-6.75,5.7,0,4,4
37960,-3.67,-6.79,5.93,0,4,4
37980,-3.7,-7.01,5.91,0,4,4
38000,-3.66,-7.23,5.75,0,4,4
38020,-3.56,-7.29,5.96,0,4,4
38040,-3.65,-7.2,6.13,0,4,4
38060,-3.74,-7.23,5.97,0,4,4
38080,-3.48,-7.34,5.86,0,4,4
38100,-3.41,-7.08,5.85,0,4,4
38120,-3.48,-7.1,5.64,0,4,4
38140,-3.37,-7.11,5.51,0,4,4
38160,-3.33,-7.0,5.45,0,4,4
38180,-3.13,-6.96,5.51,0,4,4
38200,-3.19,-7.02,5.45,0,4,4
38220,-3.27,-6.92,5.34,0,4,4
38240,-3.57,-6.81,5.01,0,4,4
38260,-3.59,-6.78,5.01,0,4,4
38280,-3.26,-7.06,5.69,0,4,4
38300,-2.83,-7.26,6.1,0,4,4
38320,-2.95,-7.22,5.84,0,4,4
38340,-3.58,-6.71,5.07,0,4,4
38360,-4.05,-6.31,4.88,0,4,4
38380,-3.88,-6.53,5.19,0,4,4
38400,-3.09,-7.1,5.67,0,4,4
38420,-2.85,-7.44,5.75,0,4,4
38440,-3.03,-7.49,5.92,0,4,4
38460,-3.39,-7.16,5.59,0,4,4
38480,-3.53,-6.85,5.19,0,4,4
38500,-3.4,-6.69,5.53,0,4,4
38520,-3.21,-6.79,5.74,0,4,4
38540,-3.42,-7.06,5.84,0,4,4
38560,-3.19,-7.64,5.7,0,4,4
36680,-10.72,-0.23,-5.5,0,4,5
36700,-9.42,1.24,-6.62,0,4,5
36720,-8.76,1.35,-6.01,0,4,5
36740,-7.33,1.3,-2.4,0,4,5
36760,-6.57,-0.12,0.14,0,4,5
36780,-4.39,1.78,5.86,0,4,5
36800,-1.32,5.04,11.32,0,4,5
36820,7.2,-3.02,11.86,0,4,5
36840,10.91,-14.8,-1.02,0,4,5
36860,6.24,-18.92,-2.85,0,4,5
36880,15.75,-19.62,2.08,0,4,5
36900,12.98,-19.62,-6.21,0,4,5
36920,5.24,-19.62,3.09,0,4,5
36940,10.64,-11.21,13.27,0,4,5
36960,8.13,-9.59,19.62,0,4,5
36980,4.4,-10.07,19.62,0,4,5
37000,-0.43,-13.73,19.62,0,4,5
37020,-3.12,-13.21,15.39,0,4,5
37040,-8.67,-1.3,19.13,0,4,5
37060,-13.88,4.83,15.29,0,4,5
37080,-10.43,7.41,12.09,0,4,5
37100,-3.61,1.5,12.17,0,4,5
37120,0.03,-7.1,11.77,0,4,5
37140,-1.93,-9.27,7.86,0,4,5
37160,-4.99,-7.46,4.85,0,4,5
37180,-5.41,-4.2,1.88,0,4,5
37200,-6.18,-0.44,-0.24,0,4,5
37220,-6.07,0.11,0.94,0,4,5
37240,-3.37,-0.99,1.64,0,4,5
37260,-3.1,-3.73,2.77,0,4,5
37280,-3.53,-5.86,2.42,0,4,5
37300,-3.94,-6.96,0.97,0,4,5
37320,-3.58,-6.49,1.23,0,4,5
37340,-3.11,-5.45,2.92,0,4,5
37360,-2.46,-4.31,3.96,0,4,5
37380,-3.61,-4.21,4.64,0,4,5
37400,-4.64,-4.67,4.64,0,4,5
37420,-5.37,-5.69,4.99,0,4,5
37440,-4.38,-6.71,6.09,0,4,5
37460,-3.44,-7.36,7.11,0,4,5
37480,-3.64,-8.12,7.53,0,4,5
37500,-4.18,-7.98,7.25,0,4,5
37520,-5.26,-7.19,7.28,0,4,5
37540,-5.32,-6.98,7.47,0,4,5
37560,-4.38,-7.19,7.54,0,4,5
37580,-3.57,-7.53,8.15,0,4,5
37600,-3.57,-7.02,7.86,0,4,5
37620,-4.53,-6.04,7.04,0,4,5
37640,-4.4,-5.54,6.77,0,4,5
37660,-3.64,-5.65,6.74,0,4,5
37680,-3.31,-5.95,6.33,0,4,5
37700,-3.46,-6.15,6.03,0,4,5
37720,-3.46,-6.2,6.09,0,4,5
37740,-3.4,-6.46,5.82,0,4,5
37760,-3.57,-6.47,5.13,0,4,5
37780,-3.69,-6.25,4.98,0,4,5
37800,-3.57,-6.11,5.45,0,4,5
37820,-3.41,-6.1,5.45,0,4,5
37840,-3.55,-6.56,5.22,0,4,5
37860,-3.54,-7.01,5.27,0,4,5
37880,-3.44,-7.18,5.37,0,4,5
37900,-3.73,-6.98,5.08,0,4,5
37920,-4.06,-6.78,5.12,0,4,5
37940,-3.86,-6.75,5.7,0,4,5
37960,-3.67,-6.79,5.93,0,4,5
37980,-3.7,-7.01,5.91,0,4,5
38000,-3.66,-7.23,5.75,0,4,5
38020,-3.56,-7.29,5.96,0,4,5
38040,-3.65,-7.2,6.13,0,4,5
38060,-3.74,-7.23,5.97,0,4,5
38080,-3.48,-7.34,5.86,0,4,5
38100,-3.41,-7.08,5.85,0,4,5
38120,-3.48,-7.1,5.64,0,4,5
38140,-3.37,-7.11,5.51,0,4,5
38160,-3.33,-7.0,5.45,0,4,5
38180,-3.13,-6.96,5.51,0,4,5
38200,-3.19,-7.02,5.45,0,4,5
38220,-3.27,-6.92,5.34,0,4,5
38240,-3.57,-6.81,5.01,0,4,5
38260,-3.59,-6.78,5.01,0,4,5
38280,-3.26,-7.06,5.69,0,4,5
38300,-2.83,-7.26,6.1,0,4,5
38320,-2.95,-7.22,5.84,0,4,5
38340,-3.58,-6.71,5.07,0,4,5
38360,-4.05,-6.31,4.88,0,4,5
38380,-3.88,-6.53,5.19,0,4,5
38400,-3.09,-7.1,5.67,0,4,5
38420,-2.85,-7.44,5.75,0,4,5
38440,-3.03,-7.49,5.92,0,4,5
38460,-3.39,-7.16,5.59,0,4,5
38480,-3.53,-6.85,5.19,0,4,5
38500,-3.4,-6.69,5.53,0,4,5
38520,-3.21,-6.79,5.74,0,4,5
38540,-3.42,-7.06,5.84,0,4,5
38560,-3.19,-7.64,5.7,0,4,5
38580,-3.42,-7.44,5.43,0,4,5
38600,-3.77,-6.6,5.33,0,4,5
38620,-4.0,-5.92,5.59,0,4,5
38640,-3.82,-6.05,6.0,0,4,5
38660,-3.29,-6.54,6.32,0,4,5
36780,-4.39,1.78,5.86,0,4,6
36800,-1.32,5.04,11.32,0,4,6
36820,7.2,-3.02,11.86,0,4,6
36840,10.91,-14.8,-1.02,0,4,6
36860,6.24,-18.92,-2.85,0,4,6
36880,15.75,-19.62,2.08,0,4,6
36900,12.98,-19.62,-6.21,0,4,6
36920,5.24,-19.62,3.09,0,4,6
36940,10.64,-11.21,13.27,0,4,6
36960,8.13,-9.59,19.62,0,4,6
36980,4.4,-10.07,19.62,0,4,6
37000,-0.43,-13.73,19.62,0,4,6
37020,-3.12,-13.21,15.39,0,4,6
37040,-8.67,-1.3,19.13,0,4,6
37060,-13.88,4.83,15.29,0,4,6
37080,-10.43,7.41,12.09,0,4,6
37100,-3.61,1.5,12.17,0,4,6
37120,0.03,-7.1,11.77,0,4,6
37140,-1.93,-9.27,7.86,0,4,6
37160,-4.99,-7.46,4.85,0,4,6
37180,-5.41,-4.2,1.88,0,4,6
37200,-6.18,-0.44,-0.24,0,4,6
37220,-6.07,0.11,0.94,0,4,6
37240,-3.37,-0.99,1.64,0,4,6
37260,-3.1,-3.73,2.77,0,4,6
37280,-3.53,-5.86,2.42,0,4,6
37300,-3.94,-6.96,0.97,0,4,6
37320,-3.58,-6.49,1.23,0,4,6
37340,-3.11,-5.45,2.92,0,4,6
37360,-2.46,-4.31,3.96,0,4,6
37380,-3.61,-4.21,4.64,0,4,6
37400,-4.64,-4.67,4.64,0,4,6
37420,-5.37,-5.69,4.99,0,4,6
37440,-4.38,-6.71,6.09,0,4,6
37460,-3.44,-7.36,7.11,0,4,6
37480,-3.64,-8.12,7.53,0,4,6
37500,-4.18,-7.98,7.25,0,4,6
37520,-5.26,-7.19,7.28,0,4,6
37540,-5.32,-6.98,7.47,0,4,6
37560,-4.38,-7.19,7.54,0,4,6
37580,-3.57,-7.53,8.15,0,4,6
37600,-3.57,-7.02,7.86,0,4,6
37620,-4.53,-6.04,7.04,0,4,6
37640,-4.4,-5.54,6.77,0,4,6
37660,-3.64,-5.65,6.74,0,4,6
37680,-3.31,-5.95,6.33,0,4,6
37700,-3.46,-6.15,6.03,0,4,6
37720,-3.46,-6.2,6.09,0,4,6
37740,-3.4,-6.46,5.82,0,4,6
37760,-3.57,-6.47,5.13,0,4,6
37780,-3.69,-6.25,4.98,0,4,6
37800,-3.57,-6.11,5.45,0,4,6
37820,-3.41,-6.1,5.45,0,4,6
37840,-3.55,-6.56,5.22,0,4,6
37860,-3.54,-7.01,5.27,0,4,6
37880,-3.44,-7.18,5.37,0,4,6
37900,-3.73,-6.98,5.08,0,4,6
37920,-4.06,-6.78,5.12,0,4,6
37940,-3.86,-6.75,5.7,0,4,6
37960,-3.67,-6.79,5.93,0,4,6
37980,-3.7,-7.01,5.91,0,4,6
38000,-3.66,-7.23,5.75,0,4,6
38020,-3.56,-7.29,5.96,0,4,6
38040,-3.65,-7.2,6.13,0,4,6
38060,-3.74,-7.23,5.97,0,4,6
38080,-3.48,-7.34,5.86,0,4,6
38100,-3.41,-7.08,5.85,0,4,6
38120,-3.48,-7.1,5.64,0,4,6
38140,-3.37,-7.11,5.51,0,4,6
38160,-3.33,-7.0,5.45,0,4,6
38180,-3.13,-6.96,5.51,0,4,6
38200,-3.19,-7.02,5.45,0,4,6
38220,-3.27,-6.92,5.34,0,4,6
38240,-3.57,-6.81,5.01,0,4,6
38260,-3.59,-6.78,5.01,0,4,6
38280,-3.26,-7.06,5.69,0,4,6
38300,-2.83,-7.26,6.1,0,4,6
38320,-2.95,-7.22,5.84,0,4,6
38340,-3.58,-6.71,5.07,0,4,6
38360,-4.05,-6.31,4.88,0,4,6
38380,-3.88,-6.53,5.19,0,4,6
38400,-3.09,-7.1,5.67,0,4,6
38420,-2.85,-7.44,5.75,0,4,6
38440,-3.03,-7.49,5.92,0,4,6
38460,-3.39,-7.16,5.59,0,4,6
38480,-3.53,-6.85,5.19,0,4,6
38500,-3.4,-6.69,5.53,0,4,6
38520,-3.21,-6.79,5.74,0,4,6
38540,-3.42,-7.06,5.84,0,4,6
38560,-3.19,-7.64,5.7,0,4,6
38580,-3.42,-7.44,5.43,0,4,6
38600,-3.77,-6.6,5.33,0,4,6
38620,-4.0,-5.92,5.59,0,4,6
38640,-3.82,-6.05,6.0,0,4,6
38660,-3.29,-6.54,6.32,0,4,6
38680,-3.15,-6.54,6.76,0,4,6
38700,-3.65,-6.96,6.56,0,4,6
38720,-4.09,-6.7,6.04,0,4,6
38740,-4.22,-5.15,5.49,0,4,6
38760,-4.18,-5.4,6.18,0,4,6
36880,15.75,-19.62,2.08,0,4,7
36900,12.98,-19.62,-6.21,0,4,7
36920,5.24,-19.62,3.09,0,4,7
36940,10.64,-11.21,13.27,0,4,7
36960,8.13,-9.59,19.62,0,4,7
36980,4.4,-10.07,19.62,0,4,7
37000,-0.43,-13.73,19.62,0,4,7
37020,-3.12,-13.21,15.39,0,4,7
37040,-8.67,-1.3,19.13,0,4,7
37060,-13.88,4.83,15.29,0,4,7
37080,-10.43,7.41,12.09,0,4,7
37100,-3.61,1.5,12.17,0,4,7
37120,0.03,-7.1,11.77,0,4,7
37140,-1.93,-9.27,7.86,0,4,7
37160,-4.99,-7.46,4.85,0,4,7
37180,-5.41,-4.2,1.88,0,4,7
37200,-6.18,-0.44,-0.24,0,4,7
37220,-6.07,0.11,0.94,0,4,7
37240,-3.37,-0.99,1.64,0,4,7
37260,-3.1,-3.73,2.77,0,4,7
37280,-3.53,-5.86,2.42,0,4,7
37300,-3.94,-6.96,0.97,0,4,7
37320,-3.58,-6.49,1.23,0,4,7
37340,-3.11,-5.45,2.92,0,4,7
37360,-2.46,-4.31,3.96,0,4,7
37380,-3.61,-4.21,4.64,0,4,7
37400,-4.64,-4.67,4.64,0,4,7
37420,-5.37,-5.69,4.99,0,4,7
37440,-4.38,-6.71,6.09,0,4,7
37460,-3.44,-7.36,7.11,0,4,7
37480,-3.64,-8.12,7.53,0,4,7
37500,-4.18,-7.98,7.25,0,4,7
37520,-5.26,-7.19,7.28,0,4,7
37540,-5.32,-6.98,7.47,0,4,7
37560,-4.38,-7.19,7.54,0,4,7
37580,-3.57,-7.53,8.15,0,4,7
37600,-3.57,-7.02,7.86,0,4,7
37620,-4.53,-6.04,7.04,0,4,7
37640,-4.4,-5.54,6.77,0,4,7
37660,-3.64,-5.65,6.74,0,4,7
37680,-3.31,-5.95,6.33,0,4,7
37700,-3.46,-6.15,6.03,0,4,7
37720,-3.46,-6.2,6.09,0,4,7
37740,-3.4,-6.46,5.82,0,4,7
37760,-3.57,-6.47,5.13,0,4,7
37780,-3.69,-6.25,4.98,0,4,7
37800,-3.57,-6.11,5.45,0,4,7
37820,-3.41,-6.1,5.45,0,4,7
37840,-3.55,-6.56,5.22,0,4,7
37860,-3.54,-7.01,5.27,0,4,7
37880,-3.44,-7.18,5.37,0,4,7
37900,-3.73,-6.98,5.08,0,4,7
37920,-4.06,-6.78,5.12,0,4,7
37940,-3.86,-6.75,5.7,0,4,7
37960,-3.67,-6.79,5.93,0,4,7
37980,-3.7,-7.01,5.91,0,4,7
38000,-3.66,-7.23,5.75,0,4,7
38020,-3.56,-7.29,5.96,0,4,7
38040,-3.65,-7.2,6.13,0,4,7
38060,-3.74,-7.23,5.97,0,4,7
38080,-3.48,-7.34,5.86,0,4,7
38100,-3.41,-7.08,5.85,0,4,7
38120,-3.48,-7.1,5.64,0,4,7
38140,-3.37,-7.11,5.51,0,4,7
38160,-3.33,-7.0,5.45,0,4,7
38180,-3.13,-6.96,5.51,0,4,7
38200,-3.19,-7.02,5.45,0,4,7
38220,-3.27,-6.92,5.34,0,4,7
38240,-3.57,-6.81,5.01,0,4,7
38260,-3.59,-6.78,5.01,0,4,7
38280,-3.26,-7.06,5.69,0,4,7
38300,-2.83,-7.26,6.1,0,4,7
38320,-2.95,-7.22,5.84,0,4,7
38340,-3.58,-6.71,5.07,0,4,7
38360,-4.05,-6.31,4.88,0,4,7
38380,-3.88,-6.53,5.19,0,4,7
38400,-3.09,-7.1,5.67,0,4,7
38420,-2.85,-7.44,5.75,0,4,7
38440,-3.03,-7.49,5.92,0,4,7
38460,-3.39,-7.16,5.59,0,4,7
38480,-3.53,-6.85,5.19,0,4,7
38500,-3.4,-6.69,5.53,0,4,7
38520,-3.21,-6.79,5.74,0,4,7
38540,-3.42,-7.06,5.84,0,4,7
38560,-3.19,-7.64,5.7,0,4,7
38580,-3.42,-7.44,5.43,0,4,7
38600,-3.77,-6.6,5.33,0,4,7
38620,-4.0,-5.92,5.59,0,4,7
38640,-3.82,-6.05,6.0,0,4,7
38660,-3.29,-6.54,6.32,0,4,7
38680,-3.15,-6.54,6.76,0,4,7
38700,-3.65,-6.96,6.56,0,4,7
38720,-4.09,-6.7,6.04,0,4,7
38740,-4.22,-5.15,5.49,0,4,7
38760,-4.18,-5.4,6.18,0,4,7
38780,-3.17,-7.28,6.21,0,4,7
38800,-1.26,-7.75,5.73,0,4,7
38820,0.11,-7.49,4.78,0,4,7
38840,-0.01,-7.48,3.81,0,4,7
38860,-0.23,-8.16,2.7,0,4,7
36980,4.4,-10.07,19.62,0,4,8
37000,-0.43,-13.73,19.62,0,4,8
37020,-3.12,-13.21,15.39,0,4,8
37040,-8.67,-1.3,19.13,0,4,8
37060,-13.88,4.83,15.29,0,4,8
37080,-10.43,7.41,12.09,0,4,8
37100,-3.61,1.5,12.17,0,4,8
37120,0.03,-7.1,11.77,0,4,8
37140,-1.93,-9.27,7.86,0,4,8
37160,-4.99,-7.46,4.85,0,4,8
37180,-5.41,-4.2,1.88,0,4,8
37200,-6.18,-0.44,-0.24,0,4,8
37220,-6.07,0.11,0.94,0,4,8
37240,-3.37,-0.99,1.64,0,4,8
37260,-3.1,-3.73,2.77,0,4,8
37280,-3.53,-5.86,2.42,0,4,8
37300,-3.94,-6.96,0.97,0,4,8
37320,-3.58,-6.49,1.23,0,4,8
37340,-3.11,-5.45,2.92,0,4,8
37360,-2.46,-4.31,3.96,0,4,8
37380,-3.61,-4.21,4.64,0,4,8
37400,-4.64,-4.67,4.64,0,4,8
37420,-5.37,-5.69,4.99,0,4,8
37440,-4.38,-6.71,6.09,0,4,8
37460,-3.44,-7.36,7.11,0,4,8
37480,-3.64,-8.12,7.53,0,4,8
37500,-4.18,-7.98,7.25,0,4,8
37520,-5.26,-7.19,7.28,0,4,8
37540,-5.32,-6.98,7.47,0,4,8
37560,-4.38,-7.19,7.54,0,4,8
37580,-3.57,-7.53,8.15,0,4,8
37600,-3.57,-7.02,7.86,0,4,8
37620,-4.53,-6.04,7.04,0,4,8
37640,-4.4,-5.54,6.77,0,4,8
37660,-3.64,-5.65,6.74,0,4,8
37680,-3.31,-5.95,6.33,0,4,8
37700,-3.46,-6.15,6.03,0,4,8
37720,-3.46,-6.2,6.09,0,4,8
37740,-3.4,-6.46,5.82,0,4,8
37760,-3.57,-6.47,5.13,0,4,8
37780,-3.69,-6.25,4.98,0,4,8
37800,-3.57,-6.11,5.45,0,4,8
37820,-3.41,-6.1,5.45,0,4,8
37840,-3.55,-6.56,5.22,0,4,8
37860,-3.54,-7.01,5.27,0,4,8
37880,-3.44,-7.18,5.37,0,4,8
37900,-3.73,-6.98,5.08,0,4,8
37920,-4.06,-6.78,5.12,0,4,8
37940,-3.86,-6.75,5.7,0,4,8
37960,-3.67,-6.79,5.93,0,4,8
37980,-3.7,-7.01,5.91,0,4,8
38000,-3.66,-7.23,5.75,0,4,8
38020,-3.56,-7.29,5.96,0,4,8
38040,-3.65,-7.2,6.13,0,4,8
38060,-3.74,-7.23,5.97,0,4,8
38080,-3.48,-7.34,5.86,0,4,8
38100,-3.41,-7.08,5.85,0,4,8
38120,-3.48,-7.1,5.64,0,4,8
38140,-3.37,-7.11,5.51,0,4,8
38160,-3.33,-7.0,5.45,0,4,8
38180,-3.13,-6.96,5.51,0,4,8
38200,-3.19,-7.02,5.45,0,4,8
38220,-3.27,-6.92,5.34,0,4,8
38240,-3.57,-6.81,5.01,0,4,8
38260,-3.59,-6.78,5.01,0,4,8
38280,-3.26,-7.06,5.69,0,4,8
38300,-2.83,-7.26,6.1,0,4,8
38320,-2.95,-7.22,5.84,0,4,8
38340,-3.58,-6.71,5.07,0,4,8
38360,-4.05,-6.31,4.88,0,4,8
38380,-3.88,-6.53,5.19,0,4,8
38400,-3.09,-7.1,5.67,0,4,8
38420,-2.85,-7.44,5.75,0,4,8
38440,-3.03,-7.49,5.92,0,4,8
38460,-3.39,-7.16,5.59,0,4,8
38480,-3.53,-6.85,5.19,0,4,8
38500,-3.4,-6.69,5.53,0,4,8
38520,-3.21,-6.79,5.74,0,4,8
38540,-3.42,-7.06,5.84,0,4,8
38560,-3.19,-7.64,5.7,0,4,8
38580,-3.42,-7.44,5.43,0,4,8
38600,-3.77,-6.6,5.33,0,4,8
38620,-4.0,-5.92,5.59,0,4,8
38640,-3.82,-6.05,6.0,0,4,8
38660,-3.29,-6.54,6.32,0,4,8
38680,-3.15,-6.54,6.76,0,4,8
38700,-3.65,-6.96,6.56,0,4,8
38720,-4.09,-6.7,6.04,0,4,8
38740,-4.22,-5.15,5.49,0,4,8
38760,-4.18,-5.4,6.18,0,4,8
38780,-3.17,-7.28,6.21,0,4,8
38800,-1.26,-7.75,5.73,0,4,8
38820,0.11,-7.49,4.78,0,4,8
38840,-0.01,-7.48,3.81,0,4,8
38860,-0.23,-8.16,2.7,0,4,8
38880,0.34,-10.72,1.91,0,4,8
38900,2.06,-12.44,1.46,0,4,8
38920,2.96,-13.04,3.17,0,4,8
38940,3.32,-13.5,2.57,0,4,8
38960,0.89,-12.42,-0.37,0,4,8
37080,-10.43,7.41,12.09,0,4,9
37100,-3.61,1.5,12.17,0,4,9
37120,0.03,-7.1,11.77,0,4,9
37140,-1.93,-9.27,7.86,0,4,9
37160,-4.99,-7.46,4.85,0,4,9
37180,-5.41,-4.2,1.88,0,4,9
37200,-6.18,-0.44,-0.24,0,4,9
37220,-6.07,0.11,0.94,0,4,9
37240,-3.37,-0.99,1.64,0,4,9
37260,-3.1,-3.73,2.77,0,4,9
37280,-3.53,-5.86,2.42,0,4,9
37300,-3.94,-6.96,0.97,0,4,9
37320,-3.58,-6.49,1.23,0,4,9
37340,-3.11,-5.45,2.92,0,4,9
37360,-2.46,-4.31,3.96,0,4,9
37380,-3.61,-4.21,4.64,0,4,9
37400,-4.64,-4.67,4.64,0,4,9
37420,-5.37,-5.69,4.99,0,4,9
37440,-4.38,-6.71,6.09,0,4,9
37460,-3.44,-7.36,7.11,0,4,9
37480,-3.64,-8.12,7.53,0,4,9
37500,-4.18,-7.98,7.25,0,4,9
37520,-5.26,-7.19,7.28,0,4,9
37540,-5.32,-6.98,7.47,0,4,9
37560,-4.38,-7.19,7.54,0,4,9
37580,-3.57,-7.53,8.15,0,4,9
37600,-3.57,-7.02,7.86,0,4,9
37620,-4.53,-6.04,7.04,0,4,9
37640,-4.4,-5.54,6.77,0,4,9
37660,-3.64,-5.65,6.74,0,4,9
37680,-3.31,-5.95,6.33,0,4,9
37700,-3.46,-6.15,6.03,0,4,9
37720,-3.46,-6.2,6.09,0,4,9
37740,-3.4,-6.46,5.82,0,4,9
37760,-3.57,-6.47,5.13,0,4,9
37780,-3.69,-6.25,4.98,0,4,9
37800,-3.57,-6.11,5.45,0,4,9
37820,-3.41,-6.1,5.45,0,4,9
37840,-3.55,-6.56,5.22,0,4,9
37860,-3.54,-7.01,5.27,0,4,9
37880,-3.44,-7.18,5.37,0,4,9
37900,-3.73,-6.98,5.08,0,4,9
37920,-4.06,-6.78,5.12,0,4,9
37940,-3.86,-6.75,5.7,0,4,9
37960,-3.67,-6.79,5.93,0,4,9
37980,-3.7,-7.01,5.91,0,4,9
38000,-3.66,-7.23,5.75,0,4,9
38020,-3.56,-7.29,5.96,0,4,9
38040,-3.65,-7.2,6.13,0,4,9
38060,-3.74,-7.23,5.97,0,4,9
38080,-3.48,-7.34,5.86,0,4,9
38100,-3.41,-7.08,5.85,0,4,9
38120,-3.48,-7.1,5.64,0,4,9
38140,-3.37,-7.11,5.51,0,4,9
38160,-3.33,-7.0,5.45,0,4,9
38180,-3.13,-6.96,5.51,0,4,9
38200,-3.19,-7.02,5.45,0,4,9
38220,-3.27,-6.92,5.34,0,4,9
38240,-3.57,-6.81,5.01,0,4,9
38260,-3.59,-6.78,5.01,0,4,9
38280,-3.26,-7.06,5.69,0,4,9
38300,-2.83,-7.26,6.1,0,4,9
38320,-2.95,-7.22,5.84,0,4,9
38340,-3.58,-6.71,5.07,0,4,9
38360,-4.05,-6.31,4.88,0,4,9
38380,-3.88,-6.53,5.19,0,4,9
38400,-3.09,-7.1,5.67,0,4,9
38420,-2.85,-7.44,5.75,0,4,9
38440,-3.03,-7.49,5.92,0,4,9
38460,-3.39,-7.16,5.59,0,4,9
38480,-3.53,-6.85,5.19,0,4,9
38500,-3.4,-6.69,5.53,0,4,9
38520,-3.21,-6.79,5.74,0,4,9
38540,-3.42,-7.06,5.84,0,4,9
38560,-3.19,-7.64,5.7,0,4,9
38580,-3.42,-7.44,5.43,0,4,9
38600,-3.77,-6.6,5.33,0,4,9
38620,-4.0,-5.92,5.59,0,4,9
38640,-3.82,-6.05,6.0,0,4,9
38660,-3.29,-6.54,6.32,0,4,9
38680,-3.15,-6.54,6.76,0,4,9
38700,-3.65,-6.96,6.56,0,4,9
38720,-4.09,-6.7,6.04,0,4,9
38740,-4.22,-5.15,5.49,0,4,9
38760,-4.18,-5.4,6.18,0,4,9
38780,-3.17,-7.28,6.21,0,4,9
38800,-1.26,-7.75,5.73,0,4,9
38820,0.11,-7.49,4.78,0,4,9
38840,-0.01,-7.48,3.81,0,4,9
38860,-0.23,-8.16,2.7,0,4,9
38880,0.34,-10.72,1.91,0,4,9
38900,2.06,-12.44,1.46,0,4,9
38920,2.96,-13.04,3.17,0,4,9
38940,3.32,-13.5,2.57,0,4,9
38960,0.89,-12.42,-0.37,0,4,9
38980,-1.42,-10.35,-1.4,0,4,9
39000,-1.19,-8.56,-0.46,0,4,9
39020,-0.46,-8.55,1.06,0,4,9
39040,0.39,-8.83,0.35,0,4,9
39060,0.47,-9.81,-0.55,0,4,9
37180,-5.41,-4.2,1.88,0,4,10
37200,-6.18,-0.44,-0.24,0,4,10
37220,-6.07,0.11,0.94,0,4,10
37240,-3.37,-0.99,1.64,0,4,10
37260,-3.1,-3.73,2.77,0,4,10
37280,-3.53,-5.86,2.42,0,4,10
37300,-3.94,-6.96,0.97,0,4,10
37320,-3.58,-6.49,1.23,0,4,10
37340,-3.11,-5.45,2.92,0,4,10
37360,-2.46,-4.31,3.96,0,4,10
37380,-3.61,-4.21,4.64,0,4,10
37400,-4.64,-4.67,4.64,0,4,10
37420,-5.37,-5.69,4.99,0,4,10
37440,-4.38,-6.71,6.09,0,4,10
37460,-3.44,-7.36,7.11,0,4,10
37480,-3.64,-8.12,7.53,0,4,10
37500,-4.18,-7.98,7.25,0,4,10
37520,-5.26,-7.19,7.28,0,4,10
37540,-5.32,-6.98,7.47,0,4,10
37560,-4.38,-7.19,7.54,0,4,10
37580,-3.57,-7.53,8.15,0,4,10
37600,-3.57,-7.02,7.86,0,4,10
37620,-4.53,-6.04,7.04,0,4,10
37640,-4.4,-5.54,6.77,0,4,10
37660,-3.64,-5.65,6.74,0,4,10
37680,-3.31,-5.95,6.33,0,4,10
37700,-3.46,-6.15,6.03,0,4,10
37720,-3.46,-6.2,6.09,0,4,10
37740,-3.4,-6.46,5.82,0,4,10
37760,-3.57,-6.47,5.13,0,4,10
37780,-3.69,-6.25,4.98,0,4,10
37800,-3.57,-6.11,5.45,0,4,10
37820,-3.41,-6.1,5.45,0,4,10
37840,-3.55,-6.56,5.22,0,4,10
37860,-3.54,-7.01,5.27,0,4,10
37880,-3.44,-7.18,5.37,0,4,10
37900,-3.73,-6.98,5.08,0,4,10
37920,-4.06,-6.78,5.12,0,4,10
37940,-3.86,-6.75,5.7,0,4,10
37960,-3.67,-6.79,5.93,0,4,10
37980,-3.7,-7.01,5.91,0,4,10
38000,-3.66,-7.23,5.75,0,4,10
38020,-3.56,-7.29,5.96,0,4,10
38040,-3.65,-7.2,6.13,0,4,10
38060,-3.74,-7.23,5.97,0,4,10
38080,-3.48,-7.34,5.86,0,4,10
38100,-3.41,-7.08,5.85,0,4,10
38120,-3.48,-7.1,5.64,0,4,10
38140,-3.37,-7.11,5.51,0,4,10
38160,-3.33,-7.0,5.45,0,4,10
38180,-3.13,-6.96,5.51,0,4,10
38200,-3.19,-7.02,5.45,0,4,10
38220,-3.27,-6.92,5.34,0,4,10
38240,-3.57,-6.81,5.01,0,4,10
38260,-3.59,-6.78,5.01,0,4,10
38280,-3.26,-7.06,5.69,0,4,10
38300,-2.83,-7.26,6.1,0,4,10
38320,-2.95,-7.22,5.84,0,4,10
38340,-3.58,-6.71,5.07,0,4,10
38360,-4.05,-6.31,4.88,0,4,10
38380,-3.88,-6.53,5.19,0,4,10
38400,-3.09,-7.1,5.67,0,4,10
38420,-2.85,-7.44,5.75,0,4,10
38440,-3.03,-7.49,5.92,0,4,10
38460,-3.39,-7.16,5.59,0,4,10
38480,-3.53,-6.85,5.19,0,4,10
38500,-3.4,-6.69,5.53,0,4,10
38520,-3.21,-6.79,5.74,0,4,10
38540,-3.42,-7.06,5.84,0,4,10
38560,-3.19,-7.64,5.7,0,4,10
38580,-3.42,-7.44,5.43,0,4,10
38600,-3.77,-6.6,5.33,0,4,10
38620,-4.0,-5.92,5.59,0,4,10
38640,-3.82,-6.05,6.0,0,4,10
38660,-3.29,-6.54,6.32,0,4,10
38680,-3.15,-6.54,6.76,0,4,10
38700,-3.65,-6.96,6.56,0,4,10
38720,-4.09,-6.7,6.04,0,4,10
38740,-4.22,-5.15,5.49,0,4,10
38760,-4.18,-5.4,6.18,0,4,10
38780,-3.17,-7.28,6.21,0,4,10
38800,-1.26,-7.75,5.73,0,4,10
38820,0.11,-7.49,4.78,0,4,10
38840,-0.01,-7.48,3.81,0,4,10
38860,-0.23,-8.16,2.7,0,4,10
38880,0.34,-10.72,1.91,0,4,10
38900,2.06,-12.44,1.46,0,4,10
38920,2.96,-13.04,3.17,0,4,10
38940,3.32,-13.5,2.57,0,4,10
38960,0.89,-12.42,-0.37,0,4,10
38980,-1.42,-10.35,-1.4,0,4,10
39000,-1.19,-8.56,-0.46,0,4,10
39020,-0.46,-8.55,1.06,0,4,10
39040,0.39,-8.83,0.35,0,4,10
39060,0.47,-9.81,-0.55,0,4,10
39080,1.14,-10.95,-1.81,0,4,10
39100,0.79,-10.65,-2.69,0,4,10
39120,0.43,-10.87,-2.96,0,4,10
39140,0.76,-11.64,-3.43,0,4,10
39160,1.71,-12.07,-3.19,0,4,10
44860,-6.63,-1.74,-5.42,1,5,1
44880,-6.28,-0.95,-4.73,1,5,1
44900,-6.98,-0.8,-5.35,1,5,1
44920,-6.49,-1.32,-5.32,1,5,1
44940,-6.07,-2.01,-4.46,1,5,1
44960,-7.85,-1.09,-4.78,1,5,1
44980,-7.28,-1.71,-7.53,0,5,1
45000,-7.34,-5.04,-9.33,0,5,1
45020,-6.47,-4.29,-7.04,0,5,1
45040,-6.35,-2.56,-5.87,0,5,1
45060,-6.88,-0.67,-4.77,0,5,1
45080,-6.17,-0.67,-4.2,0,5,1
45100,-4.88,-2.55,-4.21,0,5,1
45120,-4.32,-3.87,-4.32,0,5,1
45140,-5.68,-3.75,-5.27,0,5,1
45160,-6.63,-2.62,-5.6,0,5,1
45180,-6.74,-2.11,-5.22,0,5,1
45200,-6.44,-1.75,-4.49,0,5,1
45220,-7.59,-1.41,-5.13,0,5,1
45240,-8.33,-0.81,-6.05,0,5,1
45260,-8.92,-1.07,-6.4,0,5,1
45280,-8.12,-0.78,-5.27,0,5,1
45300,-8.54,-1.19,-5.38,0,5,1
45320,-9.39,-0.86,-5.59,0,5,1
45340,-8.49,-0.59,-4.8,0,5,1
45360,-6.46,-1.07,-3.95,0,5,1
45380,-6.62,-1.71,-4.61,0,5,1
45400,-7.13,-0.59,-5.84,0,5,1
45420,-4.66,-0.72,-3.14,0,5,1
45440,-3.93,-0.91,-2.79,0,5,1
45460,-3.36,-0.64,-2.11,0,5,1
45480,-3.2,-1.85,-4.49,0,5,1
45500,-2.67,-1.59,-7.42,0,5,1
45520,0.97,-3.46,-8.16,0,5,1
45540,6.66,-10.69,-9.86,0,5,1
45560,10.78,-15.87,-6.63,0,5,1
45580,16.04,-16.72,-2.66,0,5,1
45600,8.24,-11.43,-8.39,0,5,1
45620,2.87,-12.34,-9.57,0,5,1
45640,7.71,-13.8,-7.86,0,5,1
45660,7.23,-10.75,-6.93,0,5,1
45680,8.12,-8.01,-1.42,0,5,1
45700,7.11,-8.13,-2.46,0,5,1
45720,12.71,-14.57,-6.43,0,5,1
45740,15.61,-19.58,-4.4,0,5,1
45760,15.13,-14.39,-3.84,0,5,1
45780,6.84,-10.33,-3.8,0,5,1
45800,11.52,-12.07,-3.65,0,5,1
45820,11.17,-9.2,-2.51,0,5,1
45840,11.24,-7.0,2.08,0,5,1
45860,10.01,-6.62,0.28,0,5,1
45880,2.04,-8.76,-8.08,0,5,1
45900,2.78,-9.78,-6.5,0,5,1
45920,5.07,-9.33,-4.45,0,5,1
45940,6.54,-8.14,0.27,0,5,1
45960,2.28,-8.11,-3.45,0,5,1
45980,0.4,-7.32,-3.33,0,5,1
46000,0.86,-7.22,-4.34,0,5,1
46020,2.3,-7.09,-3.81,0,5,1
46040,3.54,-8.67,-2.42,0,5,1
46060,3.53,-10.67,-4.37,0,5,1
46080,3.22,-9.76,-5.58,0,5,1
46100,2.2,-7.59,-5.01,0,5,1
46120,2.79,-7.43,-3.63,0,5,1
46140,3.75,-7.83,-4.36,0,5,1
46160,4.7,-8.44,-3.49,0,5,1
46180,5.42,-8.73,-3.21,0,5,1
46200,4.2,-8.31,-4.82,0,5,1
46220,4.21,-7.45,-3.5,0,5,1
46240,4.28,-7.02,-2.55,0,5,1
46260,4.38,-7.74,-3.5,0,5,1
46280,4.62,-8.56,-4.43,0,5,1
46300,5.38,-7.92,-2.63,0,5,1
46320,4.62,-7.81,-2.59,0,5,1
46340,4.54,-8.89,-3.47,0,5,1
46360,4.69,-8.96,-3.74,0,5,1
46380,4.45,-8.01,-3.03,0,5,1
46400,4.33,-7.7,-2.76,0,5,1
46420,4.49,-8.41,-3.3,0,5,1
46440,4.0,-8.68,-3.72,0,5,1
46460,4.05,-7.97,-2.8,0,5,1
46480,4.08,-7.87,-2.69,0,5,1
46500,4.43,-8.5,-3.77,0,5,1
46520,4.13,-8.88,-3.89,0,5,1
46540,4.6,-8.39,-3.2,0,5,1
46560,4.45,-8.55,-3.02,0,5,1
46580,4.19,-8.81,-4.07,0,5,1
46600,3.92,-8.69,-4.0,0,5,1
46620,4.31,-8.27,-3.27,0,5,1
46640,4.45,-8.7,-3.01,0,5,1
46660,3.96,-8.97,-4.64,0,5,1
46680,3.96,-8.35,-3.83,0,5,1
46700,4.3,-7.84,-2.88,0,5,1
46720,4.33,-8.28,-3.36,0,5,1
46740,3.81,-8.49,-4.45,0,5,1
46760,4.3,-8.1,-3.26,0,5,1
46780,4.58,-8.16,-2.93,0,5,1
46800,4.69,-8.7,-3.82,0,5,1
46820,4.62,-8.74,-3.86,0,5,1
46840,4.6,-8.58,-3.86,0,5,1
44960,-7.85,-1.09,-4.78,1,5,2
44980,-7.28,-1.71,-7.53,0,5,2
45000,-7.34,-5.04,-9.33,0,5,2
45020,-6.47,-4.29,-7.04,0,5,2
45040,-6.35,-2.56,-5.87,0,5,2
45060,-6.88,-0.67,-4.77,0,5,2
45080,-6.17,-0.67,-4.2,0,5,2
45100,-4.88,-2.55,-4.21,0,5,2
45120,-4.32,-3.87,-4.32,0,5,2
45140,-5.68,-3.75,-5.27,0,5,2
45160,-6.63,-2.62,-5.6,0,5,2
45180,-6.74,-2.11,-5.22,0,5,2
45200,-6.44,-1.75,-4.49,0,5,2
45220,-7.59,-1.41,-5.13,0,5,2
45240,-8.33,-0.81,-6.05,0,5,2
45260,-8.92,-1.07,-6.4,0,5,2
45280,-8.12,-0.78,-5.27,0,5,2
45300,-8.54,-1.19,-5.38,0,5,2
45320,-9.39,-0.86,-5.59,0,5,2
45340,-8.49,-0.59,-4.8,0,5,2
45360,-6.46,-1.07,-3.95,0,5,2
45380,-6.62,-1.71,-4.61,0,5,2
45400,-7.13,-0.59,-5.84,0,5,2
45420,-4.66,-0.72,-3.14,0,5,2
45440,-3.93,-0.91,-2.79,0,5,2
45460,-3.36,-0.64,-2.11,0,5,2
45480,-3.2,-1.85,-4.49,0,5,2
45500,-2.67,-1.59,-7.42,0,5,2
45520,0.97,-3.46,-8.16,0,5,2
45540,6.66,-10.69,-9.86,0,5,2
45560,10.78,-15.87,-6.63,0,5,2
45580,16.04,-16.72,-2.66,0,5,2
45600,8.24,-11.43,-8.39,0,5,2
45620,2.87,-12.34,-9.57,0,5,2
45640,7.71,-13.8,-7.86,0,5,2
45660,7.23,-10.75,-6.93,0,5,2
45680,8.12,-8.01,-1.42,0,5,2
45700,7.11,-8.13,-2.46,0,5,2
45720,12.71,-14.57,-6.43,0,5,2
45740,15.61,-19.58,-4.4,0,5,2
45760,15.13,-14.39,-3.84,0,5,2
45780,6.84,-10.33,-3.8,0,5,2
45800,11.52,-12.07,-3.65,0,5,2
45820,11.17,-9.2,-2.51,0,5,2
45840,11.24,-7.0,2.08,0,5,2
45860,10.01,-6.62,0.28,0,5,2
45880,2.04,-8.76,-8.08,0,5,2
45900,2.78,-9.78,-6.5,0,5,2
45920,5.07,-9.33,-4.45,0,5,2
45940,6.54,-8.14,0.27,0,5,2
45960,2.28,-8.11,-3.45,0,5,2
45980,0.4,-7.32,-3.33,0,5,2
46000,0.86,-7.22,-4.34,0,5,2
46020,2.3,-7.09,-3.81,0,5,2
46040,3.54,-8.67,-2.42,0,5,2
46060,3.53,-10.67,-4.37,0,5,2
46080,3.22,-9.76,-5.58,0,5,2
46100,2.2,-7.59,-5.01,0,5,2
46120,2.79,-7.43,-3.63,0,5,2
46140,3.75,-7.83,-4.36,0,5,2
46160,4.7,-8.44,-3.49,0,5,2
46180,5.42,-8.73,-3.21,0,5,2
46200,4.2,-8.31,-4.82,0,5,2
46220,4.21,-7.45,-3.5,0,5,2
46240,4.28,-7.02,-2.55,0,5,2
46260,4.38,-7.74,-3.5,0,5,2
46280,4.62,-8.56,-4.43,0,5,2
46300,5.38,-7.92,-2.63,0,5,2
46320,4.62,-7.81,-2.59,0,5,2
46340,4.54,-8.89,-3.47,0,5,2
46360,4.69,-8.96,-3.74,0,5,2
46380,4.45,-8.01,-3.03,0,5,2
46400,4.33,-7.7,-2.76,0,5,2
46420,4.49,-8.41,-3.3,0,5,2
46440,4.0,-8.68,-3.72,0,5,2
46460,4.05,-7.97,-2.8,0,5,2
46480,4.08,-7.87,-2.69,0,5,2
46500,4.43,-8.5,-3.77,0,5,2
46520,4.13,-8.88,-3.89,0,5,2
46540,4.6,-8.39,-3.2,0,5,2
46560,4.45,-8.55,-3.02,0,5,2
46580,4.19,-8.81,-4.07,0,5,2
46600,3.92,-8.69,-4.0,0,5,2
46620,4.31,-8.27,-3.27,0,5,2
46640,4.45,-8.7,-3.01,0,5,2
46660,3.96,-8.97,-4.64,0,5,2
46680,3.96,-8.35,-3.83,0,5,2
46700,4.3,-7.84,-2.88,0,5,2
46720,4.33,-8.28,-3.36,0,5,2
46740,3.81,-8.49,-4.45,0,5,2
46760,4.3,-8.1,-3.26,0,5,2
46780,4.58,-8.16,-2.93,0,5,2
46800,4.69,-8.7,-3.82,0,5,2
46820,4.62,-8.74,-3.86,0,5,2
46840,4.6,-8.58,-3.86,0,5,2
46860,4.73,-8.92,-3.76,0,5,2
46880,4.79,-8.8,-4.33,0,5,2
46900,4.34,-8.75,-4.63,0,5,2
46920,5.05,-9.23,-4.39,0,5,2
46940,6.17,-9.86,-3.5,0,5,2
45060,-6.88,-0.67,-4.77,0,5,3
45080,-6.17,-0.67,-4.2,0,5,3
45100,-4.88,-2.55,-4.21,0,5,3
45120,-4.32,-3.87,-4.32,0,5,3
45140,-5.68,-3.75,-5.27,0,5,3
45160,-6.63,-2.62,-5.6,0,5,3
45180,-6.74,-2.11,-5.22,0,5,3
45200,-6.44,-1.75,-4.49,0,5,3
45220,-7.59,-1.41,-5.13,0,5,3
45240,-8.33,-0.81,-6.05,0,5,3
45260,-8.92,-1.07,-6.4,0,5,3
45280,-8.12,-0.78,-5.27,0,5,3
45300,-8.54,-1.19,-5.38,0,5,3
45320,-9.39,-0.86,-5.59,0,5,3
45340,-8.49,-0.59,-4.8,0,5,3
45360,-6.46,-1.07,-3.95,0,5,3
45380,-6.62,-1.71,-4.61,0,5,3
45400,-7.13,-0.59,-5.84,0,5,3
45420,-4.66,-0.72,-3.14,0,5,3
45440,-3.93,-0.91,-2.79,0,5,3
45460,-3.36,-0.64,-2.11,0,5,3
45480,-3.2,-1.85,-4.49,0,5,3
45500,-2.67,-1.59,-7.42,0,5,3
45520,0.97,-3.46,-8.16,0,5,3
45540,6.66,-10.69,-9.86,0,5,3
45560,10.78,-15.87,-6.63,0,5,3
45580,16.04,-16.72,-2.66,0,5,3
45600,8.24,-11.43,-8.39,0,5,3
45620,2.87,-12.34,-9.57,0,5,3
45640,7.71,-13.8,-7.86,0,5,3
45660,7.23,-10.75,-6.93,0,5,3
45680,8.12,-8.01,-1.42,0,5,3
45700,7.11,-8.13,-2.46,0,5,3
45720,12.71,-14.57,-6.43,0,5,3
45740,15.61,-19.58,-4.4,0,5,3
45760,15.13,-14.39,-3.84,0,5,3
45780,6.84,-10.33,-3.8,0,5,3
45800,11.52,-12.07,-3.65,0,5,3
45820,11.17,-9.2,-2.51,0,5,3
45840,11.24,-7.0,2.08,0,5,3
45860,10.01,-6.62,0.28,0,5,3
45880,2.04,-8.76,-8.08,0,5,3
45900,2.78,-9.78,-6.5,0,5,3
45920,5.07,-9.33,-4.45,0,5,3
45940,6.54,-8.14,0.27,0,5,3
45960,2.28,-8.11,-3.45,0,5,3
45980,0.4,-7.32,-3.33,0,5,3
46000,0.86,-7.22,-4.34,0,5,3
46020,2.3,-7.09,-3.81,0,5,3
46040,3.54,-8.67,-2.42,0,5,3
46060,3.53,-10.67,-4.37,0,5,3
46080,3.22,-9.76,-5.58,0,5,3
46100,2.2,-7.59,-5.01,0,5,3
46120,2.79,-7.43,-3.63,0,5,3
46140,3.75,-7.83,-4.36,0,5,3
46160,4.7,-8.44,-3.49,0,5,3
46180,5.42,-8.73,-3.21,0,5,3
46200,4.2,-8.31,-4.82,0,5,3
46220,4.21,-7.45,-3.5,0,5,3
46240,4.28,-7.02,-2.55,0,5,3
46260,4.38,-7.74,-3.5,0,5,3
46280,4.62,-8.56,-4.43,0,5,3
46300,5.38,-7.92,-2.63,0,5,3
46320,4.62,-7.81,-2.59,0,5,3
46340,4.54,-8.89,-3.47,0,5,3
46360,4.69,-8.96,-3.74,0,5,3
46380,4.45,-8.01,-3.03,0,5,3
46400,4.33,-7.7,-2.76,0,5,3
46420,4.49,-8.41,-3.3,0,5,3
46440,4.0,-8.68,-3.72,0,5,3
46460,4.05,-7.97,-2.8,0,5,3
46480,4.08,-7.87,-2.69,0,5,3
46500,4.43,-8.5,-3.77,0,5,3
46520,4.13,-8.88,-3.89,0,5,3
46540,4.6,-8.39,-3.2,0,5,3
46560,4.45,-8.55,-3.02,0,5,3
46580,4.19,-8.81,-4.07,0,5,3
46600,3.92,-8.69,-4.0,0,5,3
46620,4.31,-8.27,-3.27,0,5,3
46640,4.45,-8.7,-3.01,0,5,3
46660,3.96,-8.97,-4.64,0,5,3
46680,3.96,-8.35,-3.83,0,5,3
46700,4.3,-7.84,-2.88,0,5,3
46720,4.33,-8.28,-3.36,0,5,3
46740,3.81,-8.49,-4.45,0,5,3
46760,4.3,-8.1,-3.26,0,5,3
46780,4.58,-8.16,-2.93,0,5,3
46800,4.69,-8.7,-3.82,0,5,3
46820,4.62,-8.74,-3.86,0,5,3
46840,4.6,-8.58,-3.86,0,5,3
46860,4.73,-8.92,-3.76,0,5,3
46880,4.79,-8.8,-4.33,0,5,3
46900,4.34,-8.75,-4.63,0,5,3
46920,5.05,-9.23,-4.39,0,5,3
46940,6.17,-9.86,-3.5,0,5,3
46960,5.9,-9.84,-4.37,0,5,3
46980,5.29,-9.68,-4.52,0,5,3
47000,5.67,-9.57,-4.11,0,5,3
47020,5.59,-9.58,-4.36,0,5,3
47040,4.81,-9.3,-4.58,0,5,3
45160,-6.63,-2.62,-5.6,0,5,4
45180,-6.74,-2.11,-5.22,0,5,4
45200,-6.44,-1.75,-4.49,0,5,4
45220,-7.59,-1.41,-5.13,0,5,4
45240,-8.33,-0.81,-6.05,0,5,4
45260,-8.92,-1.07,-6.4,0,5,4
45280,-8.12,-0.78,-5.27,0,5,4
45300,-8.54,-1.19,-5.38,0,5,4
45320,-9.39,-0.86,-5.59,0,5,4
45340,-8.49,-0.59,-4.8,0,5,4
45360,-6.46,-1.07,-3.95,0,5,4
45380,-6.62,-1.71,-4.61,0,5,4
45400,-7.13,-0.59,-5.84,0,5,4
45420,-4.66,-0.72,-3.14,0,5,4
45440,-3.93,-0.91,-2.79,0,5,4
45460,-3.36,-0.64,-2.11,0,5,4
45480,-3.2,-1.85,-4.49,0,5,4
45500,-2.67,-1.59,-7.42,0,5,4
45520,0.97,-3.46,-8.16,0,5,4
45540,6.66,-10.69,-9.86,0,5,4
45560,10.78,-15.87,-6.63,0,5,4
45580,16.04,-16.72,-2.66,0,5,4
45600,8.24,-11.43,-8.39,0,5,4
45620,2.87,-12.34,-9.57,0,5,4
45640,7.71,-13.8,-7.86,0,5,4
45660,7.23,-10.75,-6.93,0,5,4
45680,8.12,-8.01,-1.42,0,5,4
45700,7.11,-8.13,-2.46,0,5,4
45720,12.71,-14.57,-6.43,0,5,4
45740,15.61,-19.58,-4.4,0,5,4
45760,15.13,-14.39,-3.84,0,5,4
45780,6.84,-10.33,-3.8,0,5,4
45800,11.52,-12.07,-3.65,0,5,4
45820,11.17,-9.2,-2.51,0,5,4
45840,11.24,-7.0,2.08,0,5,4
45860,10.01,-6.62,0.28,0,5,4
45880,2.04,-8.76,-8.08,0,5,4
45900,2.78,-9.78,-6.5,0,5,4
45920,5.07,-9.33,-4.45,0,5,4
45940,6.54,-8.14,0.27,0,5,4
45960,2.28,-8.11,-3.45,0,5,4
45980,0.4,-7.32,-3.33,0,5,4
46000,0.86,-7.22,-4.34,0,5,4
46020,2.3,-7.09,-3.81,0,5,4
46040,3.54,-8.67,-2.42,0,5,4
46060,3.53,-10.67,-4.37,0,5,4
46080,3.22,-9.76,-5.58,0,5,4
46100,2.2,-7.59,-5.01,0,5,4
46120,2.79,-7.43,-3.63,0,5,4
46140,3.75,-7.83,-4.36,0,5,4
46160,4.7,-8.44,-3.49,0,5,4
46180,5.42,-8.73,-3.21,0,5,4
46200,4.2,-8.31,-4.82,0,5,4
46220,4.21,-7.45,-3.5,0,5,4
46240,4.28,-7.02,-2.55,0,5,4
46260,4.38,-7.74,-3.5,0,5,4
46280,4.62,-8.56,-4.43,0,5,4
46300,5.38,-7.92,-2.63,0,5,4
46320,4.62,-7.81,-2.59,0,5,4
46340,4.54,-8.89,-3.47,0,5,4
46360,4.69,-8.96,-3.74,0,5,4
46380,4.45,-8.01,-3.03,0,5,4
46400,4.33,-7.7,-2.76,0,5,4
46420,4.49,-8.41,-3.3,0,5,4
46440,4.0,-8.68,-3.72,0,5,4
46460,4.05,-7.97,-2.8,0,5,4
46480,4.08,-7.87,-2.69,0,5,4
46500,4.43,-8.5,-3.77,0,5,4
46520,4.13,-8.88,-3.89,0,5,4
46540,4.6,-8.39,-3.2,0,5,4
46560,4.45,-8.55,-3.02,0,5,4
46580,4.19,-8.81,-4.07,0,5,4
46600,3.92,-8.69,-4.0,0,5,4
46620,4.31,-8.27,-3.27,0,5,4
46640,4.45,-8.7,-3.01,0,5,4
46660,3.96,-8.97,-4.64,0,5,4
46680,3.96,-8.35,-3.83,0,5,4
46700,4.3,-7.84,-2.88,0,5,4
46720,4.33,-8.28,-3.36,0,5,4
46740,3.81,-8.49,-4.45,0,5,4
46760,4.3,-8.1,-3.26,0,5,4
46780,4.58,-8.16,-2.93,0,5,4
46800,4.69,-8.7,-3.82,0,5,4
46820,4.62,-8.74,-3.86,0,5,4
46840,4.6,-8.58,-3.86,0,5,4
46860,4.73,-8.92,-3.76,0,5,4
46880,4.79,-8.8,-4.33,0,5,4
46900,4.34,-8.75,-4.63,0,5,4
46920,5.05,-9.23,-4.39,0,5,4
46940,6.17,-9.86,-3.5,0,5,4
46960,5.9,-9.84,-4.37,0,5,4
46980,5.29,-9.68,-4.52,0,5,4
47000,5.67,-9.57,-4.11,0,5,4
47020,5.59,-9.58,-4.36,0,5,4
47040,4.81,-9.3,-4.58,0,5,4
47060,4.44,-9.21,-4.32,0,5,4
47080,4.87,-9.52,-4.8,0,5,4
47100,4.96,-9.81,-4.91,0,5,4
47120,4.89,-9.23,-4.15,0,5,4
47140,4.61,-8.76,-4.75,0,5,4
45260,-8.92,-1.07,-6.4,0,5,5
45280,-8.12,-0.78,-5.27,0,5,5
45300,-8.54,-1.19,-5.38,0,5,5
45320,-9.39,-0.86,-5.59,0,5,5
45340,-8.49,-0.59,-4.8,0,5,5
45360,-6.46,-1.07,-3.95,0,5,5
45380,-6.62,-1.71,-4.61,0,5,5
45400,-7.13,-0.59,-5.84,0,5,5
45420,-4.66,-0.72,-3.14,0,5,5
45440,-3.93,-0.91,-2.79,0,5,5
45460,-3.36,-0.64,-2.11,0,5,5
45480,-3.2,-1.85,-4.49,0,5,5
45500,-2.67,-1.59,-7.42,0,5,5
45520,0.97,-3.46,-8.16,0,5,5
45540,6.66,-10.69,-9.86,0,5,5
45560,10.78,-15.87,-6.63,0,5,5
45580,16.04,-16.72,-2.66,0,5,5
45600,8.24,-11.43,-8.39,0,5,5
45620,2.87,-12.34,-9.57,0,5,5
45640,7.71,-13.8,-7.86,0,5,5
45660,7.23,-10.75,-6.93,0,5,5
45680,8.12,-8.01,-1.42,0,5,5
45700,7.11,-8.13,-2.46,0,5,5
45720,12.71,-14.57,-6.43,0,5,5
45740,15.61,-19.58,-4.4,0,5,5
45760,15.13,-14.39,-3.84,0,5,5
45780,6.84,-10.33,-3.8,0,5,5
45800,11.52,-12.07,-3.65,0,5,5
45820,11.17,-9.2,-2.51,0,5,5
45840,11.24,-7.0,2.08,0,5,5
45860,10.01,-6.62,0.28,0,5,5
45880,2.04,-8.76,-8.08,0,5,5
45900,2.78,-9.78,-6.5,0,5,5
45920,5.07,-9.33,-4.45,0,5,5
45940,6.54,-8.14,0.27,0,5,5
45960,2.28,-8.11,-3.45,0,5,5
45980,0.4,-7.32,-3.33,0,5,5
46000,0.86,-7.22,-4.34,0,5,5
46020,2.3,-7.09,-3.81,0,5,5
46040,3.54,-8.67,-2.42,0,5,5
46060,3.53,-10.67,-4.37,0,5,5
46080,3.22,-9.76,-5.58,0,5,5
46100,2.2,-7.59,-5.01,0,5,5
46120,2.79,-7.43,-3.63,0,5,5
46140,3.75,-7.83,-4.36,0,5,5
46160,4.7,-8.44,-3.49,0,5,5
46180,5.42,-8.73,-3.21,0,5,5
46200,4.2,-8.31,-4.82,0,5,5
46220,4.21,-7.45,-3.5,0,5,5
46240,4.28,-7.02,-2.55,0,5,5
46260,4.38,-7.74,-3.5,0,5,5
46280,4.62,-8.56,-4.43,0,5,5
46300,5.38,-7.92,-2.63,0,5,5
46320,4.62,-7.81,-2.59,0,5,5
46340,4.54,-8.89,-3.47,0,5,5
46360,4.69,-8.96,-3.74,0,5,5
46380,4.45,-8.01,-3.03,0,5,5
46400,4.33,-7.7,-2.76,0,5,5
46420,4.49,-8.41,-3.3,0,5,5
46440,4.0,-8.68,-3.72,0,5,5
46460,4.05,-7.97,-2.8,0,5,5
46480,4.08,-7.87,-2.69,0,5,5
46500,4.43,-8.5,-3.77,0,5,5
46520,4.13,-8.88,-3.89,0,5,5
46540,4.6,-8.39,-3.2,0,5,5
46560,4.45,-8.55,-3.02,0,5,5
46580,4.19,-8.81,-4.07,0,5,5
46600,3.92,-8.69,-4.0,0,5,5
46620,4.31,-8.27,-3.27,0,5,5
46640,4.45,-8.7,-3.01,0,5,5
46660,3.96,-8.97,-4.64,0,5,5
46680,3.96,-8.35,-3.83,0,5,5
46700,4.3,-7.84,-2.88,0,5,5
46720,4.33,-8.28,-3.36,0,5,5
46740,3.81,-8.49,-4.45,0,5,5
46760,4.3,-8.1,-3.26,0,5,5
46780,4.58,-8.16,-2.93,0,5,5
46800,4.69,-8.7,-3.82,0,5,5
46820,4.62,-8.74,-3.86,0,5,5
46840,4.6,-8.58,-3.86,0,5,5
46860,4.73,-8.92,-3.76,0,5,5
46880,4.79,-8.8,-4.33,0,5,5
46900,4.34,-8.75,-4.63,0,5,5
46920,5.05,-9.23,-4.39,0,5,5
46940,6.17,-9.86,-3.5,0,5,5
46960,5.9,-9.84,-4.37,0,5,5
46980,5.29,-9.68,-4.52,0,5,5
47000,5.67,-9.57,-4.11,0,5,5
47020,5.59,-9.58,-4.36,0,5,5
47040,4.81,-9.3,-4.58,0,5,5
47060,4.44,-9.21,-4.32,0,5,5
47080,4.87,-9.52,-4.8,0,5,5
47100,4.96,-9.81,-4.91,0,5,5
47120,4.89,-9.23,-4.15,0,5,5
47140,4.61,-8.76,-4.75,0,5,5
47160,4.6,-8.83,-4.3,0,5,5
47180,4.57,-8.55,-3.85,0,5,5
47200,4.1,-8.21,-4.56,0,5,5
47220,4.67,-8.26,-4.0,0,5,5
47240,4.73,-8.39,-3.3,0,5,5
45360,-6.46,-1.07,-3.95,0,5,6
45380,-6.62,-1.71,-4.61,0,5,6
45400,-7.13,-0.59,-5.84,0,5,6
45420,-4.66,-0.72,-3.14,0,5,6
45440,-3.93,-0.91,-2.79,0,5,6
45460,-3.36,-0.64,-2.11,0,5,6
45480,-3.2,-1.85,-4.49,0,5,6
45500,-2.67,-1.59,-7.42,0,5,6
45520,0.97,-3.46,-8.16,0,5,6
45540,6.66,-10.69,-9.86,0,5,6
45560,10.78,-15.87,-6.63,0,5,6
45580,16.04,-16.72,-2.66,0,5,6
45600,8.24,-11.43,-8.39,0,5,6
45620,2.87,-12.34,-9.57,0,5,6
45640,7.71,-13.8,-7.86,0,5,6
45660,7.23,-10.75,-6.93,0,5,6
45680,8.12,-8.01,-1.42,0,5,6
45700,7.11,-8.13,-2.46,0,5,6
45720,12.71,-14.57,-6.43,0,5,6
45740,15.61,-19.58,-4.4,0,5,6
45760,15.13,-14.39,-3.84,0,5,6
45780,6.84,-10.33,-3.8,0,5,6
45800,11.52,-12.07,-3.65,0,5,6
45820,11.17,-9.2,-2.51,0,5,6
45840,11.24,-7.0,2.08,0,5,6
45860,10.01,-6.62,0.28,0,5,6
45880,2.04,-8.76,-8.08,0,5,6
45900,2.78,-9.78,-6.5,0,5,6
45920,5.07,-9.33,-4.45,0,5,6
45940,6.54,-8.14,0.27,0,5,6
45960,2.28,-8.11,-3.45,0,5,6
45980,0.4,-7.32,-3.33,0,5,6
46000,0.86,-7.22,-4.34,0,5,6
46020,2.3,-7.09,-3.81,0,5,6
46040,3.54,-8.67,-2.42,0,5,6
46060,3.53,-10.67,-4.37,0,5,6
46080,3.22,-9.76,-5.58,0,5,6
46100,2.2,-7.59,-5.01,0,5,6
46120,2.79,-7.43,-3.63,0,5,6
46140,3.75,-7.83,-4.36,0,5,6
46160,4.7,-8.44,-3.49,0,5,6
46180,5.42,-8.73,-3.21,0,5,6
46200,4.2,-8.31,-4.82,0,5,6
46220,4.21,-7.45,-3.5,0,5,6
46240,4.28,-7.02,-2.55,0,5,6
46260,4.38,-7.74,-3.5,0,5,6
46280,4.62,-8.56,-4.43,0,5,6
46300,5.38,-7.92,-2.63,0,5,6
46320,4.62,-7.81,-2.59,0,5,6
46340,4.54,-8.89,-3.47,0,5,6
46360,4.69,-8.96,-3.74,0,5,6
46380,4.45,-8.01,-3.03,0,5,6
46400,4.33,-7.7,-2.76,0,5,6
46420,4.49,-8.41,-3.3,0,5,6
46440,4.0,-8.68,-3.72,0,5,6
46460,4.05,-7.97,-2.8,0,5,6
46480,4.08,-7.87,-2.69,0,5,6
46500,4.43,-8.5,-3.77,0,5,6
46520,4.13,-8.88,-3.89,0,5,6
46540,4.6,-8.39,-3.2,0,5,6
46560,4.45,-8.55,-3.02,0,5,6
46580,4.19,-8.81,-4.07,0,5,6
46600,3.92,-8.69,-4.0,0,5,6
46620,4.31,-8.27,-3.27,0,5,6
46640,4.45,-8.7,-3.01,0,5,6
46660,3.96,-8.97,-4.64,0,5,6
46680,3.96,-8.35,-3.83,0,5,6
46700,4.3,-7.84,-2.88,0,5,6
46720,4.33,-8.28,-3.36,0,5,6
46740,3.81,-8.49,-4.45,0,5,6
46760,4.3,-8.1,-3.26,0,5,6
46780,4.58,-8.16,-2.93,0,5,6
46800,4.69,-8.7,-3.82,0,5,6
46820,4.62,-8.74,-3.86,0,5,6
46840,4.6,-8.58,-3.86,0,5,6
46860,4.73,-8.92,-3.76,0,5,6
46880,4.79,-8.8,-4.33,0,5,6
46900,4.34,-8.75,-4.63,0,5,6
46920,5.05,-9.23,-4.39,0,5,6
46940,6.17,-9.86,-3.5,0,5,6
46960,5.9,-9.84,-4.37,0,5,6
46980,5.29,-9.68,-4.52,0,5,6
47000,5.67,-9.57,-4.11,0,5,6
47020,5.59,-9.58,-4.36,0,5,6
47040,4.81,-9.3,-4.58,0,5,6
47060,4.44,-9.21,-4.32,0,5,6
47080,4.87,-9.52,-4.8,0,5,6
47100,4.96,-9.81,-4.91,0,5,6
47120,4.89,-9.23,-4.15,0,5,6
47140,4.61,-8.76,-4.75,0,5,6
47160,4.6,-8.83,-4.3,0,5,6
47180,4.57,-8.55,-3.85,0,5,6
47200,4.1,-8.21,-4.56,0,5,6
47220,4.67,-8.26,-4.0,0,5,6
47240,4.73,-8.39,-3.3,0,5,6
47260,4.14,-7.91,-3.92,0,5,6
47280,3.99,-7.87,-3.67,0,5,6
47300,3.79,-8.4,-3.35,0,5,6
47320,3.64,-7.96,-3.1,0,5,6
47340,3.25,-7.9,-3.21,0,5,6
45460,-3.36,-0.64,-2.11,0,5,7
45480,-3.2,-1.85,-4.49,0,5,7
45500,-2.67,-1.59,-7.42,0,5,7
45520,0.97,-3.46,-8.16,0,5,7
45540,6.66,-10.69,-9.86,0,5,7
45560,10.78,-15.87,-6.63,0,5,7
45580,16.04,-16.72,-2.66,0,5,7
45600,8.24,-11.43,-8.39,0,5,7
45620,2.87,-12.34,-9.57,0,5,7
45640,7.71,-13.8,-7.86,0,5,7
45660,7.23,-10.75,-6.93,0,5,7
45680,8.12,-8.01,-1.42,0,5,7
45700,7.11,-8.13,-2.46,0,5,7
45720,12.71,-14.57,-6.43,0,5,7
45740,15.61,-19.58,-4.4,0,5,7
45760,15.13,-14.39,-3.84,0,5,7
45780,6.84,-10.33,-3.8,0,5,7
45800,11.52,-12.07,-3.65,0,5,7
45820,11.17,-9.2,-2.51,0,5,7
45840,11.24,-7.0,2.08,0,5,7
45860,10.01,-6.62,0.28,0,5,7
45880,2.04,-8.76,-8.08,0,5,7
45900,2.78,-9.78,-6.5,0,5,7
45920,5.07,-9.33,-4.45,0,5,7
45940,6.54,-8.14,0.27,0,5,7
45960,2.28,-8.11,-3.45,0,5,7
45980,0.4,-7.32,-3.33,0,5,7
46000,0.86,-7.22,-4.34,0,5,7
46020,2.3,-7.09,-3.81,0,5,7
46040,3.54,-8.67,-2.42,0,5,7
46060,3.53,-10.67,-4.37,0,5,7
46080,3.22,-9.76,-5.58,0,5,7
46100,2.2,-7.59,-5.01,0,5,7
46120,2.79,-7.43,-3.63,0,5,7
46140,3.75,-7.83,-4.36,0,5,7
46160,4.7,-8.44,-3.49,0,5,7
46180,5.42,-8.73,-3.21,0,5,7
46200,4.2,-8.31,-4.82,0,5,7
46220,4.21,-7.45,-3.5,0,5,7
46240,4.28,-7.02,-2.55,0,5,7
46260,4.38,-7.74,-3.5,0,5,7
46280,4.62,-8.56,-4.43,0,5,7
46300,5.38,-7.92,-2.63,0,5,7
46320,4.62,-7.81,-2.59,0,5,7
46340,4.54,-8.89,-3.47,0,5,7
46360,4.69,-8.96,-3.74,0,5,7
46380,4.45,-8.01,-3.03,0,5,7
46400,4.33,-7.7,-2.76,0,5,7
46420,4.49,-8.41,-3.3,0,5,7
46440,4.0,-8.68,-3.72,0,5,7
46460,4.05,-7.97,-2.8,0,5,7
46480,4.08,-7.87,-2.69,0,5,7
46500,4.43,-8.5,-3.77,0,5,7
46520,4.13,-8.88,-3.89,0,5,7
46540,4.6,-8.39,-3.2,0,5,7
46560,4.45,-8.55,-3.02,0,5,7
46580,4.19,-8.81,-4.07,0,5,7
46600,3.92,-8.69,-4.0,0,5,7
46620,4.31,-8.27,-3.27,0,5,7
46640,4.45,-8.7,-3.01,0,5,7
46660,3.96,-8.97,-4.64,0,5,7
46680,3.96,-8.35,-3.83,0,5,7
46700,4.3,-7.84,-2.88,0,5,7
46720,4.33,-8.28,-3.36,0,5,7
46740,3.81,-8.49,-4.45,0,5,7
46760,4.3,-8.1,-3.26,0,5,7
46780,4.58,-8.16,-2.93,0,5,7
46800,4.69,-8.7,-3.82,0,5,7
46820,4.62,-8.74,-3.86,0,5,7
46840,4.6,-8.58,-3.86,0,5,7
46860,4.73,-8.92,-3.76,0,5,7
46880,4.79,-8.8,-4.33,0,5,7
46900,4.34,-8.75,-4.63,0,5,7
46920,5.05,-9.23,-4.39,0,5,7
46940,6.17,-9.86,-3.5,0,5,7
46960,5.9,-9.84,-4.37,0,5,7
46980,5.29,-9.68,-4.52,0,5,7
47000,5.67,-9.57,-4.11,0,5,7
47020,5.59,-9.58,-4.36,0,5,7
47040,4.81,-9.3,-4.58,0,5,7
47060,4.44,-9.21,-4.32,0,5,7
47080,4.87,-9.52,-4.8,0,5,7
47100,4.96,-9.81,-4.91,0,5,7
47120,4.89,-9.23,-4.15,0,5,7
47140,4.61,-8.76,-4.75,0,5,7
47160,4.6,-8.83,-4.3,0,5,7
47180,4.57,-8.55,-3.85,0,5,7
47200,4.1,-8.21,-4.56,0,5,7
47220,4.67,-8.26,-4.0,0,5,7
47240,4.73,-8.39,-3.3,0,5,7
47260,4.14,-7.91,-3.92,0,5,7
47280,3.99,-7.87,-3.67,0,5,7
47300,3.79,-8.4,-3.35,0,5,7
47320,3.64,-7.96,-3.1,0,5,7
47340,3.25,-7.9,-3.21,0,5,7
47360,3.28,-8.74,-2.7,0,5,7
47380,3.2,-8.59,-3.31,0,5,7
47400,3.18,-8.23,-3.79,0,5,7
47420,3.56,-8.74,-3.06,0,5,7
47440,2.97,-9.27,-3.76,0,5,7
45560,10.78,-15.87,-6.63,0,5,8
45580,16.04,-16.72,-2.66,0,5,8
45600,8.24,-11.43,-8.39,0,5,8
45620,2.87,-12.34,-9.57,0,5,8
45640,7.71,-13.8,-7.86,0,5,8
45660,7.23,-10.75,-6.93,0,5,8
45680,8.12,-8.01,-1.42,0,5,8
45700,7.11,-8.13,-2.46,0,5,8
45720,12.71,-14.57,-6.43,0,5,8
45740,15.61,-19.58,-4.4,0,5,8
45760,15.13,-14.39,-3.84,0,5,8
45780,6.84,-10.33,-3.8,0,5,8
45800,11.52,-12.07,-3.65,0,5,8
45820,11.17,-9.2,-2.51,0,5,8
45840,11.24,-7.0,2.08,0,5,8
45860,10.01,-6.62,0.28,0,5,8
45880,2.04,-8.76,-8.08,0,5,8
45900,2.78,-9.78,-6.5,0,5,8
45920,5.07,-9.33,-4.45,0,5,8
45940,6.54,-8.14,0.27,0,5,8
45960,2.28,-8.11,-3.45,0,5,8
45980,0.4,-7.32,-3.33,0,5,8
46000,0.86,-7.22,-4.34,0,5,8
46020,2.3,-7.09,-3.81,0,5,8
46040,3.54,-8.67,-2.42,0,5,8
46060,3.53,-10.67,-4.37,0,5,8
46080,3.22,-9.76,-5.58,0,5,8
46100,2.2,-7.59,-5.01,0,5,8
46120,2.79,-7.43,-3.63,0,5,8
46140,3.75,-7.83,-4.36,0,5,8
46160,4.7,-8.44,-3.49,0,5,8
46180,5.42,-8.73,-3.21,0,5,8
46200,4.2,-8.31,-4.82,0,5,8
46220,4.21,-7.45,-3.5,0,5,8
46240,4.28,-7.02,-2.55,0,5,8
46260,4.38,-7.74,-3.5,0,5,8
46280,4.62,-8.56,-4.43,0,5,8
46300,5.38,-7.92,-2.63,0,5,8
46320,4.62,-7.81,-2.59,0,5,8
46340,4.54,-8.89,-3.47,0,5,8
46360,4.69,-8.96,-3.74,0,5,8
46380,4.45,-8.01,-3.03,0,5,8
46400,4.33,-7.7,-2.76,0,5,8
46420,4.49,-8.41,-3.3,0,5,8
46440,4.0,-8.68,-3.72,0,5,8
46460,4.05,-7.97,-2.8,0,5,8
46480,4.08,-7.87,-2.69,0,5,8
46500,4.43,-8.5,-3.77,0,5,8
46520,4.13,-8.88,-3.89,0,5,8
46540,4.6,-8.39,-3.2,0,5,8
46560,4.45,-8.55,-3.02,0,5,8
46580,4.19,-8.81,-4.07,0,5,8
46600,3.92,-8.69,-4.0,0,5,8
46620,4.31,-8.27,-3.27,0,5,8
46640,4.45,-8.7,-3.01,0,5,8
46660,3.96,-8.97,-4.64,0,5,8
46680,3.96,-8.35,-3.83,0,5,8
46700,4.3,-7.84,-2.88,0,5,8
46720,4.33,-8.28,-3.36,0,5,8
46740,3.81,-8.49,-4.45,0,5,8
46760,4.3,-8.1,-3.26,0,5,8
46780,4.58,-8.16,-2.93,0,5,8
46800,4.69,-8.7,-3.82,0,5,8
46820,4.62,-8.74,-3.86,0,5,8
46840,4.6,-8.58,-3.86,0,5,8
46860,4.73,-8.92,-3.76,0,5,8
46880,4.79,-8.8,-4.33,0,5,8
46900,4.34,-8.75,-4.63,0,5,8
46920,5.05,-9.23,-4.39,0,5,8
46940,6.17,-9.86,-3.5,0,5,8
46960,5.9,-9.84,-4.37,0,5,8
46980,5.29,-9.68,-4.52,0,5,8
47000,5.67,-9.57,-4.11,0,5,8
47020,5.59,-9.58,-4.36,0,5,8
47040,4.81,-9.3,-4.58,0,5,8
47060,4.44,-9.21,-4.32,0,5,8
47080,4.87,-9.52,-4.8,0,5,8
47100,4.96,-9.81,-4.91,0,5,8
47120,4.89,-9.23,-4.15,0,5,8
47140,4.61,-8.76,-4.75,0,5,8
47160,4.6,-8.83,-4.3,0,5,8
47180,4.57,-8.55,-3.85,0,5,8
47200,4.1,-8.21,-4.56,0,5,8
47220,4.67,-8.26,-4.0,0,5,8
47240,4.73,-8.39,-3.3,0,5,8
47260,4.14,-7.91,-3.92,0,5,8
47280,3.99,-7.87,-3.67,0,5,8
47300,3.79,-8.4,-3.35,0,5,8
47320,3.64,-7.96,-3.1,0,5,8
47340,3.25,-7.9,-3.21,0,5,8
47360,3.28,-8.74,-2.7,0,5,8
47380,3.2,-8.59,-3.31,0,5,8
47400,3.18,-8.23,-3.79,0,5,8
47420,3.56,-8.74,-3.06,0,5,8
47440,2.97,-9.27,-3.76,0,5,8
47460,2.46,-8.82,-3.79,0,5,8
47480,3.36,-9.01,-2.93,0,5,8
47500,3.38,-9.15,-3.33,0,5,8
47520,2.54,-9.48,-3.96,0,5,8
47540,2.73,-9.85,-4.19,0,5,8
45660,7.23,-10.75,-6.93,0,5,9
45680,8.12,-8.01,-1.42,0,5,9
45700,7.11,-8.13,-2.46,0,5,9
45720,12.71,-14.57,-6.43,0,5,9
45740,15.61,-19.58,-4.4,0,5,9
45760,15.13,-14.39,-3.84,0,5,9
45780,6.84,-10.33,-3.8,0,5,9
45800,11.52,-12.07,-3.65,0,5,9
45820,11.17,-9.2,-2.51,0,5,9
45840,11.24,-7.0,2.08,0,5,9
45860,10.01,-6.62,0.28,0,5,9
45880,2.04,-8.76,-8.08,0,5,9
45900,2.78,-9.78,-6.5,0,5,9
45920,5.07,-9.33,-4.45,0,5,9
45940,6.54,-8.14,0.27,0,5,9
45960,2.28,-8.11,-3.45,0,5,9
45980,0.4,-7.32,-3.33,0,5,9
46000,0.86,-7.22,-4.34,0,5,9
46020,2.3,-7.09,-3.81,0,5,9
46040,3.54,-8.67,-2.42,0,5,9
46060,3.53,-10.67,-4.37,0,5,9
46080,3.22,-9.76,-5.58,0,5,9
46100,2.2,-7.59,-5.01,0,5,9
46120,2.79,-7.43,-3.63,0,5,9
46140,3.75,-7.83,-4.36,0,5,9
46160,4.7,-8.44,-3.49,0,5,9
46180,5.42,-8.73,-3.21,0,5,9
46200,4.2,-8.31,-4.82,0,5,9
46220,4.21,-7.45,-3.5,0,5,9
46240,4.28,-7.02,-2.55,0,5,9
46260,4.38,-7.74,-3.5,0,5,9
46280,4.62,-8.56,-4.43,0,5,9
46300,5.38,-7.92,-2.63,0,5,9
46320,4.62,-7.81,-2.59,0,5,9
46340,4.54,-8.89,-3.47,0,5,9
46360,4.69,-8.96,-3.74,0,5,9
46380,4.45,-8.01,-3.03,0,5,9
46400,4.33,-7.7,-2.76,0,5,9
46420,4.49,-8.41,-3.3,0,5,9
46440,4.0,-8.68,-3.72,0,5,9
46460,4.05,-7.97,-2.8,0,5,9
46480,4.08,-7.87,-2.69,0,5,9
46500,4.43,-8.5,-3.77,0,5,9
46520,4.13,-8.88,-3.89,0,5,9
46540,4.6,-8.39,-3.2,0,5,9
46560,4.45,-8.55,-3.02,0,5,9
46580,4.19,-8.81,-4.07,0,5,9
46600,3.92,-8.69,-4.0,0,5,9
46620,4.31,-8.27,-3.27,0,5,9
46640,4.45,-8.7,-3.01,0,5,9
46660,3.96,-8.97,-4.64,0,5,9
46680,3.96,-8.35,-3.83,0,5,9
46700,4.3,-7.84,-2.88,0,5,9
46720,4.33,-8.28,-3.36,0,5,9
46740,3.81,-8.49,-4.45,0,5,9
46760,4.3,-8.1,-3.26,0,5,9
46780,4.58,-8.16,-2.93,0,5,9
46800,4.69,-8.7,-3.82,0,5,9
46820,4.62,-8.74,-3.86,0,5,9
46840,4.6,-8.58,-3.86,0,5,9
46860,4.73,-8.92,-3.76,0,5,9
46880,4.79,-8.8,-4.33,0,5,9
46900,4.34,-8.75,-4.63,0,5,9
46920,5.05,-9.23,-4.39,0,5,9
46940,6.17,-9.86,-3.5,0,5,9
46960,5.9,-9.84,-4.37,0,5,9
46980,5.29,-9.68,-4.52,0,5,9
47000,5.67,-9.57,-4.11,0,5,9
47020,5.59,-9.58,-4.36,0,5,9
47040,4.81,-9.3,-4.58,0,5,9
47060,4.44,-9.21,-4.32,0,5,9
47080,4.87,-9.52,-4.8,0,5,9
47100,4.96,-9.81,-4.91,0,5,9
47120,4.89,-9.23,-4.15,0,5,9
47140,4.61,-8.76,-4.75,0,5,9
47160,4.6,-8.83,-4.3,0,5,9
47180,4.57,-8.55,-3.85,0,5,9
47200,4.1,-8.21,-4.56,0,5,9
47220,4.67,-8.26,-4.0,0,5,9
47240,4.73,-8.39,-3.3,0,5,9
47260,4.14,-7.91,-3.92,0,5,9
47280,3.99,-7.87,-3.67,0,5,9
47300,3.79,-8.4,-3.35,0,5,9
47320,3.64,-7.96,-3.1,0,5,9
47340,3.25,-7.9,-3.21,0,5,9
47360,3.28,-8.74,-2.7,0,5,9
47380,3.2,-8.59,-3.31,0,5,9
47400,3.18,-8.23,-3.79,0,5,9
47420,3.56,-8.74,-3.06,0,5,9
47440,2.97,-9.27,-3.76,0,5,9
47460,2.46,-8.82,-3.79,0,5,9
47480,3.36,-9.01,-2.93,0,5,9
47500,3.38,-9.15,-3.33,0,5,9
47520,2.54,-9.48,-3.96,0,5,9
47540,2.73,-9.85,-4.19,0,5,9
47560,2.7,-9.78,-3.68,0,5,9
47580,2.28,-8.97,-4.1,0,5,9
47600,2.11,-8.32,-3.25,0,5,9
47620,2.9,-8.72,-2.76,0,5,9
47640,2.67,-9.5,-3.52,0,5,9
45760,15.13,-14.39,-3.84,0,5,10
45780,6.84,-10.33,-3.8,0,5,10
45800,11.52,-12.07,-3.65,0,5,10
45820,11.17,-9.2,-2.51,0,5,10
45840,11.24,-7.0,2.08,0,5,10
45860,10.01,-6.62,0.28,0,5,10
45880,2.04,-8.76,-8.08,0,5,10
45900,2.78,-9.78,-6.5,0,5,10
45920,5.07,-9.33,-4.45,0,5,10
45940,6.54,-8.14,0.27,0,5,10
45960,2.28,-8.11,-3.45,0,5,10
45980,0.4,-7.32,-3.33,0,5,10
46000,0.86,-7.22,-4.34,0,5,10
46020,2.3,-7.09,-3.81,0,5,10
46040,3.54,-8.67,-2.42,0,5,10
46060,3.53,-10.67,-4.37,0,5,10
46080,3.22,-9.76,-5.58,0,5,10
46100,2.2,-7.59,-5.01,0,5,10
46120,2.79,-7.43,-3.63,0,5,10
46140,3.75,-7.83,-4.36,0,5,10
46160,4.7,-8.44,-3.49,0,5,10
46180,5.42,-8.73,-3.21,0,5,10
46200,4.2,-8.31,-4.82,0,5,10
46220,4.21,-7.45,-3.5,0,5,10
46240,4.28,-7.02,-2.55,0,5,10
46260,4.38,-7.74,-3.5,0,5,10
46280,4.62,-8.56,-4.43,0,5,10
46300,5.38,-7.92,-2.63,0,5,10
46320,4.62,-7.81,-2.59,0,5,10
46340,4.54,-8.89,-3.47,0,5,10
46360,4.69,-8.96,-3.74,0,5,10
46380,4.45,-8.01,-3.03,0,5,10
46400,4.33,-7.7,-2.76,0,5,10
46420,4.49,-8.41,-3.3,0,5,10
46440,4.0,-8.68,-3.72,0,5,10
46460,4.05,-7.97,-2.8,0,5,10
46480,4.08,-7.87,-2.69,0,5,10
46500,4.43,-8.5,-3.77,0,5,10
46520,4.13,-8.88,-3.89,0,5,10
46540,4.6,-8.39,-3.2,0,5,10
46560,4.45,-8.55,-3.02,0,5,10
46580,4.19,-8.81,-4.07,0,5,10
46600,3.92,-8.69,-4.0,0,5,10
46620,4.31,-8.27,-3.27,0,5,10
46640,4.45,-8.7,-3.01,0,5,10
46660,3.96,-8.97,-4.64,0,5,10
46680,3.96,-8.35,-3.83,0,5,10
46700,4.3,-7.84,-2.88,0,5,10
46720,4.33,-8.28,-3.36,0,5,10
46740,3.81,-8.49,-4.45,0,5,10
46760,4.3,-8.1,-3.26,0,5,10
46780,4.58,-8.16,-2.93,0,5,10
46800,4.69,-8.7,-3.82,0,5,10
46820,4.62,-8.74,-3.86,0,5,10
46840,4.6,-8.58,-3.86,0,5,10
46860,4.73,-8.92,-3.76,0,5,10
46880,4.79,-8.8,-4.33,0,5,10
46900,4.34,-8.75,-4.63,0,5,10
46920,5.05,-9.23,-4.39,0,5,10
46940,6.17,-9.86,-3.5,0,5,10
46960,5.9,-9.84,-4.37,0,5,10
46980,5.29,-9.68,-4.52,0,5,10
47000,5.67,-9.57,-4.11,0,5,10
47020,5.59,-9.58,-4.36,0,5,10
47040,4.81,-9.3,-4.58,0,5,10
47060,4.44,-9.21,-4.32,0,5,10
47080,4.87,-9.52,-4.8,0,5,10
47100,4.96,-9.81,-4.91,0,5,10
47120,4.89,-9.23,-4.15,0,5,10
47140,4.61,-8.76,-4.75,0,5,10
47160,4.6,-8.83,-4.3,0,5,10
47180,4.57,-8.55,-3.85,0,5,10
47200,4.1,-8.21,-4.56,0,5,10
47220,4.67,-8.26,-4.0,0,5,10
47240,4.73,-8.39,-3.3,0,5,10
47260,4.14,-7.91,-3.92,0,5,10
47280,3.99,-7.87,-3.67,0,5,10
47300,3.79,-8.4,-3.35,0,5,10
47320,3.64,-7.96,-3.1,0,5,10
47340,3.25,-7.9,-3.21,0,5,10
47360,3.28,-8.74,-2.7,0,5,10
47380,3.2,-8.59,-3.31,0,5,10
47400,3.18,-8.23,-3.79,0,5,10
47420,3.56,-8.74,-3.06,0,5,10
47440,2.97,-9.27,-3.76,0,5,10
47460,2.46,-8.82,-3.79,0,5,10
47480,3.36,-9.01,-2.93,0,5,10
47500,3.38,-9.15,-3.33,0,5,10
47520,2.54,-9.48,-3.96,0,5,10
47540,2.73,-9.85,-4.19,0,5,10
47560,2.7,-9.78,-3.68,0,5,10
47580,2.28,-8.97,-4.1,0,5,10
47600,2.11,-8.32,-3.25,0,5,10
47620,2.9,-8.72,-2.76,0,5,10
47640,2.67,-9.5,-3.52,0,5,10
47660,2.18,-9.36,-3.61,0,5,10
47680,1.61,-8.52,-3.37,0,5,10
47700,0.92,-8.05,-3.25,0,5,10
47720,0.65,-7.87,-3.35,0,5,10
47740,0.79,-7.19,-3.05,0,5,10
52760,-7.67,-3.72,-4.81,1,6,1
52780,-7.46,-2.93,-3.18,1,6,1
52800,-6.09,-2.83,-4.03,1,6,1
52820,-7.04,-2.77,-4.02,1,6,1
52840,-6.11,-2.3,0.54,1,6,1
52860,-7.19,-0.97,-0.12,0,6,1
52880,-4.79,-4.06,-8.78,0,6,1
52900,-3.08,-6.72,-3.28,0,6,1
52920,-5.05,-7.59,-4.06,0,6,1
52940,-7.06,-5.96,-3.04,0,6,1
52960,-6.52,-4.08,-3.1,0,6,1
52980,-6.9,-3.1,-4.54,0,6,1
53000,-7.66,-3.49,-5.21,0,6,1
53020,-6.81,-4.98,-4.58,0,6,1
53040,-5.31,-6.99,-2.91,0,6,1
53060,-5.34,-5.99,-2.73,0,6,1
53080,-7.02,-4.89,-3.8,0,6,1
53100,-8.46,-4.63,-5.15,0,6,1
53120,-8.54,-5.89,-5.87,0,6,1
53140,-9.13,-4.92,-6.1,0,6,1
53160,-9.05,-3.92,-5.3,0,6,1
53180,-8.77,-4.31,-4.68,0,6,1
53200,-7.13,-5.12,-2.48,0,6,1
53220,-7.55,-4.54,-4.24,0,6,1
53240,-9.45,-3.88,-7.23,0,6,1
53260,-9.11,-3.74,-5.17,0,6,1
53280,-7.7,-4.88,-5.48,0,6,1
53300,-4.49,-1.26,-1.85,0,6,1
53320,1.76,-2.67,5.98,0,6,1
53340,3.83,-6.97,2.48,0,6,1
53360,5.28,-9.4,-3.31,0,6,1
53380,9.68,-10.95,1.15,0,6,1
53400,13.14,-12.26,1.31,0,6,1
53420,7.04,-12.47,-3.45,0,6,1
53440,7.19,-11.03,-0.13,0,6,1
53460,13.32,-7.89,4.45,0,6,1
53480,11.42,-8.23,3.83,0,6,1
53500,8.82,-12.45,-0.64,0,6,1
53520,7.41,-12.19,-4.94,0,6,1
53540,12.38,-12.55,2.01,0,6,1
53560,15.49,-13.38,5.49,0,6,1
53580,11.13,-14.7,1.4,0,6,1
53600,11.32,-13.26,2.55,0,6,1
53620,12.63,-11.04,5.44,0,6,1
53640,9.89,-11.42,0.85,0,6,1
53660,7.57,-10.82,0.8,0,6,1
53680,1.34,-9.5,0.13,0,6,1
53700,2.56,-10.61,-0.03,0,6,1
53720,1.97,-11.62,-1.22,0,6,1
53740,2.92,-12.15,-2.03,0,6,1
53760,3.93,-12.09,0.69,0,6,1
53780,3.51,-11.67,2.15,0,6,1
53800,0.72,-11.91,-3.13,0,6,1
53820,-0.57,-10.12,-1.66,0,6,1
53840,0.69,-9.2,0.26,0,6,1
53860,0.58,-8.53,0.28,0,6,1
53880,0.2,-9.3,0.1,0,6,1
53900,-1.31,-9.53,-1.91,0,6,1
53920,-1.3,-7.98,-1.24,0,6,1
53940,0.02,-7.19,0.2,0,6,1
53960,1.15,-8.04,0.83,0,6,1
53980,0.77,-9.44,-1.54,0,6,1
54000,0.2,-8.44,-2.87,0,6,1
54020,1.42,-7.59,-0.45,0,6,1
54040,2.92,-8.75,0.77,0,6,1
54060,1.91,-9.59,-1.81,0,6,1
54080,1.26,-8.7,-2.86,0,6,1
54100,2.03,-9.01,-1.21,0,6,1
54120,3.04,-10.02,-1.5,0,6,1
54140,2.23,-9.88,-2.35,0,6,1
54160,1.71,-9.12,-2.13,0,6,1
54180,2.43,-9.69,-1.67,0,6,1
54200,2.3,-10.66,-3.22,0,6,1
54220,2.45,-9.81,-2.58,0,6,1
54240,2.47,-9.91,-1.77,0,6,1
54260,2.85,-10.67,-2.61,0,6,1
54280,2.12,-10.09,-3.7,0,6,1
54300,2.04,-9.26,-2.64,0,6,1
54320,2.6,-9.24,-2.24,0,6,1
54340,2.82,-9.59,-2.47,0,6,1
54360,2.95,-9.75,-2.12,0,6,1
54380,2.57,-10.1,-2.49,0,6,1
54400,2.59,-9.58,-2.44,0,6,1
54420,2.07,-8.85,-2.77,0,6,1
54440,2.34,-9.17,-1.52,0,6,1
54460,2.41,-9.53,-1.85,0,6,1
54480,1.57,-9.2,-2.88,0,6,1
54500,1.47,-9.16,-2.29,0,6,1
54520,1.83,-9.15,-1.68,0,6,1
54540,1.93,-9.32,-1.84,0,6,1
54560,1.58,-9.57,-2.57,0,6,1
54580,1.83,-9.62,-1.96,0,6,1
54600,1.99,-9.53,-1.96,0,6,1
54620,1.89,-9.51,-2.04,0,6,1
54640,1.8,-9.37,-2.09,0,6,1
54660,1.92,-9.37,-1.81,0,6,1
54680,2.14,-9.65,-2.02,0,6,1
54700,2.15,-9.6,-2.0,0,6,1
54720,1.87,-9.54,-1.99,0,6,1
54740,1.91,-9.48,-1.86,0,6,1
52860,-7.19,-0.97,-0.12,0,6,2
52880,-4.79,-4.06,-8.78,0,6,2
52900,-3.08,-6.72,-3.28,0,6,2
52920,-5.05,-7.59,-4.06,0,6,2
52940,-7.06,-5.96,-3.04,0,6,2
52960,-6.52,-4.08,-3.1,0,6,2
52980,-6.9,-3.1,-4.54,0,6,2
53000,-7.66,-3.49,-5.21,0,6,2
53020,-6.81,-4.98,-4.58,0,6,2
53040,-5.31,-6.99,-2.91,0,6,2
53060,-5.34,-5.99,-2.73,0,6,2
53080,-7.02,-4.89,-3.8,0,6,2
53100,-8.46,-4.63,-5.15,0,6,2
53120,-8.54,-5.89,-5.87,0,6,2
53140,-9.13,-4.92,-6.1,0,6,2
53160,-9.05,-3.92,-5.3,0,6,2
53180,-8.77,-4.31,-4.68,0,6,2
53200,-7.13,-5.12,-2.48,0,6,2
53220,-7.55,-4.54,-4.24,0,6,2
53240,-9.45,-3.88,-7.23,0,6,2
53260,-9.11,-3.74,-5.17,0,6,2
53280,-7.7,-4.88,-5.48,0,6,2
53300,-4.49,-1.26,-1.85,0,6,2
53320,1.76,-2.67,5.98,0,6,2
53340,3.83,-6.97,2.48,0,6,2
53360,5.28,-9.4,-3.31,0,6,2
53380,9.68,-10.95,1.15,0,6,2
53400,13.14,-12.26,1.31,0,6,2
53420,7.04,-12.47,-3.45,0,6,2
53440,7.19,-11.03,-0.13,0,6,2
53460,13.32,-7.89,4.45,0,6,2
53480,11.42,-8.23,3.83,0,6,2
53500,8.82,-12.45,-0.64,0,6,2
53520,7.41,-12.19,-4.94,0,6,2
53540,12.38,-12.55,2.01,0,6,2
53560,15.49,-13.38,5.49,0,6,2
53580,11.13,-14.7,1.4,0,6,2
53600,11.32,-13.26,2.55,0,6,2
53620,12.63,-11.04,5.44,0,6,2
53640,9.89,-11.42,0.85,0,6,2
53660,7.57,-10.82,0.8,0,6,2
53680,1.34,-9.5,0.13,0,6,2
53700,2.56,-10.61,-0.03,0,6,2
53720,1.97,-11.62,-1.22,0,6,2
53740,2.92,-12.15,-2.03,0,6,2
53760,3.93,-12.09,0.69,0,6,2
53780,3.51,-11.67,2.15,0,6,2
53800,0.72,-11.91,-3.13,0,6,2
53820,-0.57,-10.12,-1.66,0,6,2
53840,0.69,-9.2,0.26,0,6,2
53860,0.58,-8.53,0.28,0,6,2
53880,0.2,-9.3,0.1,0,6,2
53900,-1.31,-9.53,-1.91,0,6,2
53920,-1.3,-7.98,-1.24,0,6,2
53940,0.02,-7.19,0.2,0,6,2
53960,1.15,-8.04,0.83,0,6,2
53980,0.77,-9.44,-1.54,0,6,2
54000,0.2,-8.44,-2.87,0,6,2
54020,1.42,-7.59,-0.45,0,6,2
54040,2.92,-8.75,0.77,0,6,2
54060,1.91,-9.59,-1.81,0,6,2
54080,1.26,-8.7,-2.86,0,6,2
54100,2.03,-9.01,-1.21,0,6,2
54120,3.04,-10.02,-1.5,0,6,2
54140,2.23,-9.88,-2.35,0,6,2
54160,1.71,-9.12,-2.13,0,6,2
54180,2.43,-9.69,-1.67,0,6,2
54200,2.3,-10.66,-3.22,0,6,2
54220,2.45,-9.81,-2.58,0,6,2
54240,2.47,-9.91,-1.77,0,6,2
54260,2.85,-10.67,-2.61,0,6,2
54280,2.12,-10.09,-3.7,0,6,2
54300,2.04,-9.26,-2.64,0,6,2
54320,2.6,-9.24,-2.24,0,6,2
54340,2.82,-9.59,-2.47,0,6,2
54360,2.95,-9.75,-2.12,0,6,2
54380,2.57,-10.1,-2.49,0,6,2
54400,2.59,-9.58,-2.44,0,6,2
54420,2.07,-8.85,-2.77,0,6,2
54440,2.34,-9.17,-1.52,0,6,2
54460,2.41,-9.53,-1.85,0,6,2
54480,1.57,-9.2,-2.88,0,6,2
54500,1.47,-9.16,-2.29,0,6,2
54520,1.83,-9.15,-1.68,0,6,2
54540,1.93,-9.32,-1.84,0,6,2
54560,1.58,-9.57,-2.57,0,6,2
54580,1.83,-9.62,-1.96,0,6,2
54600,1.99,-9.53,-1.96,0,6,2
54620,1.89,-9.51,-2.04,0,6,2
54640,1.8,-9.37,-2.09,0,6,2
54660,1.92,-9.37,-1.81,0,6,2
54680,2.14,-9.65,-2.02,0,6,2
54700,2.15,-9.6,-2.0,0,6,2
54720,1.87,-9.54,-1.99,0,6,2
54740,1.91,-9.48,-1.86,0,6,2
54760,1.87,-9.39,-2.38,0,6,2
54780,1.74,-9.19,-2.25,0,6,2
54800,2.11,-9.56,-1.74,0,6,2
54820,2.16,-9.85,-2.04,0,6,2
54840,1.83,-9.36,-2.6,0,6,2
52960,-6.52,-4.08,-3.1,0,6,3
52980,-6.9,-3.1,-4.54,0,6,3
53000,-7.66,-3.49,-5.21,0,6,3
53020,-6.81,-4.98,-4.58,0,6,3
53040,-5.31,-6.99,-2.91,0,6,3
53060,-5.34,-5.99,-2.73,0,6,3
53080,-7.02,-4.89,-3.8,0,6,3
53100,-8.46,-4.63,-5.15,0,6,3
53120,-8.54,-5.89,-5.87,0,6,3
53140,-9.13,-4.92,-6.1,0,6,3
53160,-9.05,-3.92,-5.3,0,6,3
53180,-8.77,-4.31,-4.68,0,6,3
53200,-7.13,-5.12,-2.48,0,6,3
53220,-7.55,-4.54,-4.24,0,6,3
53240,-9.45,-3.88,-7.23,0,6,3
53260,-9.11,-3.74,-5.17,0,6,3
53280,-7.7,-4.88,-5.48,0,6,3
53300,-4.49,-1.26,-1.85,0,6,3
53320,1.76,-2.67,5.98,0,6,3
53340,3.83,-6.97,2.48,0,6,3
53360,5.28,-9.4,-3.31,0,6,3
53380,9.68,-10.95,1.15,0,6,3
53400,13.14,-12.26,1.31,0,6,3
53420,7.04,-12.47,-3.45,0,6,3
53440,7.19,-11.03,-0.13,0,6,3
53460,13.32,-7.89,4.45,0,6,3
53480,11.42,-8.23,3.83,0,6,3
53500,8.82,-12.45,-0.64,0,6,3
53520,7.41,-12.19,-4.94,0,6,3
53540,12.38,-12.55,2.01,0,6,3
53560,15.49,-13.38,5.49,0,6,3
53580,11.13,-14.7,1.4,0,6,3
53600,11.32,-13.26,2.55,0,6,3
53620,12.63,-11.04,5.44,0,6,3
53640,9.89,-11.42,0.85,0,6,3
53660,7.57,-10.82,0.8,0,6,3
53680,1.34,-9.5,0.13,0,6,3
53700,2.56,-10.61,-0.03,0,6,3
53720,1.97,-11.62,-1.22,0,6,3
53740,2.92,-12.15,-2.03,0,6,3
53760,3.93,-12.09,0.69,0,6,3
53780,3.51,-11.67,2.15,0,6,3
53800,0.72,-11.91,-3.13,0,6,3
53820,-0.57,-10.12,-1.66,0,6,3
53840,0.69,-9.2,0.26,0,6,3
53860,0.58,-8.53,0.28,0,6,3
53880,0.2,-9.3,0.1,0,6,3
53900,-1.31,-9.53,-1.91,0,6,3
53920,-1.3,-7.98,-1.24,0,6,3
53940,0.02,-7.19,0.2,0,6,3
53960,1.15,-8.04,0.83,0,6,3
53980,0.77,-9.44,-1.54,0,6,3
54000,0.2,-8.44,-2.87,0,6,3
54020,1.42,-7.59,-0.45,0,6,3
54040,2.92,-8.75,0.77,0,6,3
54060,1.91,-9.59,-1.81,0,6,3
54080,1.26,-8.7,-2.86,0,6,3
54100,2.03,-9.01,-1.21,0,6,3
54120,3.04,-10.02,-1.5,0,6,3
54140,2.23,-9.88,-2.35,0,6,3
54160,1.71,-9.12,-2.13,0,6,3
54180,2.43,-9.69,-1.67,0,6,3
54200,2.3,-10.66,-3.22,0,6,3
54220,2.45,-9.81,-2.58,0,6,3
54240,2.47,-9.91,-1.77,0,6,3
54260,2.85,-10.67,-2.61,0,6,3
54280,2.12,-10.09,-3.7,0,6,3
54300,2.04,-9.26,-2.64,0,6,3
54320,2.6,-9.24,-2.24,0,6,3
54340,2.82,-9.59,-2.47,0,6,3
54360,2.95,-9.75,-2.12,0,6,3
54380,2.57,-10.1,-2.49,0,6,3
54400,2.59,-9.58,-2.44,0,6,3
54420,2.07,-8.85,-2.77,0,6,3
54440,2.34,-9.17,-1.52,0,6,3
54460,2.41,-9.53,-1.85,0,6,3
54480,1.57,-9.2,-2.88,0,6,3
54500,1.47,-9.16,-2.29,0,6,3
54520,1.83,-9.15,-1.68,0,6,3
54540,1.93,-9.32,-1.84,0,6,3
54560,1.58,-9.57,-2.57,0,6,3
54580,1.83,-9.62,-1.96,0,6,3
54600,1.99,-9.53,-1.96,0,6,3
54620,1.89,-9.51,-2.04,0,6,3
54640,1.8,-9.37,-2.09,0,6,3
54660,1.92,-9.37,-1.81,0,6,3
54680,2.14,-9.65,-2.02,0,6,3
54700,2.15,-9.6,-2.0,0,6,3
54720,1.87,-9.54,-1.99,0,6,3
54740,1.91,-9.48,-1.86,0,6,3
54760,1.87,-9.39,-2.38,0,6,3
54780,1.74,-9.19,-2.25,0,6,3
54800,2.11,-9.56,-1.74,0,6,3
54820,2.16,-9.85,-2.04,0,6,3
54840,1.83,-9.36,-2.6,0,6,3
54860,1.73,-9.14,-2.12,0,6,3
54880,2.26,-9.54,-1.75,0,6,3
54900,1.94,-9.84,-2.65,0,6,3
54920,1.77,-9.41,-2.78,0,6,3
54940,2.1,-9.19,-1.79,0,6,3
53060,-5.34,-5.99,-2.73,0,6,4
53080,-7.02,-4.89,-3.8,0,6,4
53100,-8.46,-4.63,-5.15,0,6,4
53120,-8.54,-5.89,-5.87,0,6,4
53140,-9.13,-4.92,-6.1,0,6,4
53160,-9.05,-3.92,-5.3,0,6,4
53180,-8.77,-4.31,-4.68,0,6,4
53200,-7.13,-5.12,-2.48,0,6,4
53220,-7.55,-4.54,-4.24,0,6,4
53240,-9.45,-3.88,-7.23,0,6,4
53260,-9.11,-3.74,-5.17,0,6,4
53280,-7.7,-4.88,-5.48,0,6,4
53300,-4.49,-1.26,-1.85,0,6,4
53320,1.76,-2.67,5.98,0,6,4
53340,3.83,-6.97,2.48,0,6,4
53360,5.28,-9.4,-3.31,0,6,4
53380,9.68,-10.95,1.15,0,6,4
53400,13.14,-12.26,1.31,0,6,4
53420,7.04,-12.47,-3.45,0,6,4
53440,7.19,-11.03,-0.13,0,6,4
53460,13.32,-7.89,4.45,0,6,4
53480,11.42,-8.23,3.83,0,6,4
53500,8.82,-12.45,-0.64,0,6,4
53520,7.41,-12.19,-4.94,0,6,4
53540,12.38,-12.55,2.01,0,6,4
53560,15.49,-13.38,5.49,0,6,4
53580,11.13,-14.7,1.4,0,6,4
53600,11.32,-13.26,2.55,0,6,4
53620,12.63,-11.04,5.44,0,6,4
53640,9.89,-11.42,0.85,0,6,4
53660,7.57,-10.82,0.8,0,6,4
53680,1.34,-9.5,0.13,0,6,4
53700,2.56,-10.61,-0.03,0,6,4
53720,1.97,-11.62,-1.22,0,6,4
53740,2.92,-12.15,-2.03,0,6,4
53760,3.93,-12.09,0.69,0,6,4
53780,3.51,-11.67,2.15,0,6,4
53800,0.72,-11.91,-3.13,0,6,4
53820,-0.57,-10.12,-1.66,0,6,4
53840,0.69,-9.2,0.26,0,6,4
53860,0.58,-8.53,0.28,0,6,4
53880,0.2,-9.3,0.1,0,6,4
53900,-1.31,-9.53,-1.91,0,6,4
53920,-1.3,-7.98,-1.24,0,6,4
53940,0.02,-7.19,0.2,0,6,4
53960,1.15,-8.04,0.83,0,6,4
53980,0.77,-9.44,-1.54,0,6,4
54000,0.2,-8.44,-2.87,0,6,4
54020,1.42,-7.59,-0.45,0,6,4
54040,2.92,-8.75,0.77,0,6,4
54060,1.91,-9.59,-1.81,0,6,4
54080,1.26,-8.7,-2.86,0,6,4
54100,2.03,-9.01,-1.21,0,6,4
54120,3.04,-10.02,-1.5,0,6,4
54140,2.23,-9.88,-2.35,0,6,4
54160,1.71,-9.12,-2.13,0,6,4
54180,2.43,-9.69,-1.67,0,6,4
54200,2.3,-10.66,-3.22,0,6,4
54220,2.45,-9.81,-2.58,0,6,4
54240,2.47,-9.91,-1.77,0,6,4
54260,2.85,-10.67,-2.61,0,6,4
54280,2.12,-10.09,-3.7,0,6,4
54300,2.04,-9.26,-2.64,0,6,4
54320,2.6,-9.24,-2.24,0,6,4
54340,2.82,-9.59,-2.47,0,6,4
54360,2.95,-9.75,-2.12,0,6,4
54380,2.57,-10.1,-2.49,0,6,4
54400,2.59,-9.58,-2.44,0,6,4
54420,2.07,-8.85,-2.77,0,6,4
54440,2.34,-9.17,-1.52,0,6,4
54460,2.41,-9.53,-1.85,0,6,4
54480,1.57,-9.2,-2.88,0,6,4
54500,1.47,-9.16,-2.29,0,6,4
54520,1.83,-9.15,-1.68,0,6,4
54540,1.93,-9.32,-1.84,0,6,4
54560,1.58,-9.57,-2.57,0,6,4
54580,1.83,-9.62,-1.96,0,6,4
54600,1.99,-9.53,-1.96,0,6,4
54620,1.89,-9.51,-2.04,0,6,4
54640,1.8,-9.37,-2.09,0,6,4
54660,1.92,-9.37,-1.81,0,6,4
54680,2.14,-9.65,-2.02,0,6,4
54700,2.15,-9.6,-2.0,0,6,4
54720,1.87,-9.54,-1.99,0,6,4
54740,1.91,-9.48,-1.86,0,6,4
54760,1.87,-9.39,-2.38,0,6,4
54780,1.74,-9.19,-2.25,0,6,4
54800,2.11,-9.56,-1.74,0,6,4
54820,2.16,-9.85,-2.04,0,6,4
54840,1.83,-9.36,-2.6,0,6,4
54860,1.73,-9.14,-2.12,0,6,4
54880,2.26,-9.54,-1.75,0,6,4
54900,1.94,-9.84,-2.65,0,6,4
54920,1.77,-9.41,-2.78,0,6,4
54940,2.1,-9.19,-1.79,0,6,4
54960,2.29,-9.63,-1.6,0,6,4
54980,1.87,-9.81,-2.94,0,6,4
55000,1.63,-9.26,-2.88,0,6,4
55020,2.2,-9.39,-1.54,0,6,4
55040,2.26,-9.63,-1.83,0,6,4
53160,-9.05,-3.92,-5.3,0,6,5
53180,-8.77,-4.31,-4.68,0,6,5
53200,-7.13,-5.12,-2.48,0,6,5
53220,-7.55,-4.54,-4.24,0,6,5
53240,-9.45,-3.88,-7.23,0,6,5
53260,-9.11,-3.74,-5.17,0,6,5
53280,-7.7,-4.88,-5.48,0,6,5
53300,-4.49,-1.26,-1.85,0,6,5
53320,1.76,-2.67,5.98,0,6,5
53340,3.83,-6.97,2.48,0,6,5
53360,5.28,-9.4,-3.31,0,6,5
53380,9.68,-10.95,1.15,0,6,5
53400,13.14,-12.26,1.31,0,6,5
53420,7.04,-12.47,-3.45,0,6,5
53440,7.19,-11.03,-0.13,0,6,5
53460,13.32,-7.89,4.45,0,6,5
53480,11.42,-8.23,3.83,0,6,5
53500,8.82,-12.45,-0.64,0,6,5
53520,7.41,-12.19,-4.94,0,6,5
53540,12.38,-12.55,2.01,0,6,5
53560,15.49,-13.38,5.49,0,6,5
53580,11.13,-14.7,1.4,0,6,5
53600,11.32,-13.26,2.55,0,6,5
53620,12.63,-11.04,5.44,0,6,5
53640,9.89,-11.42,0.85,0,6,5
53660,7.57,-10.82,0.8,0,6,5
53680,1.34,-9.5,0.13,0,6,5
53700,2.56,-10.61,-0.03,0,6,5
53720,1.97,-11.62,-1.22,0,6,5
53740,2.92,-12.15,-2.03,0,6,5
53760,3.93,-12.09,0.69,0,6,5
53780,3.51,-11.67,2.15,0,6,5
53800,0.72,-11.91,-3.13,0,6,5
53820,-0.57,-10.12,-1.66,0,6,5
53840,0.69,-9.2,0.26,0,6,5
53860,0.58,-8.53,0.28,0,6,5
53880,0.2,-9.3,0.1,0,6,5
53900,-1.31,-9.53,-1.91,0,6,5
53920,-1.3,-7.98,-1.24,0,6,5
53940,0.02,-7.19,0.2,0,6,5
53960,1.15,-8.04,0.83,0,6,5
53980,0.77,-9.44,-1.54,0,6,5
54000,0.2,-8.44,-2.87,0,6,5
54020,1.42,-7.59,-0.45,0,6,5
54040,2.92,-8.75,0.77,0,6,5
54060,1.91,-9.59,-1.81,0,6,5
54080,1.26,-8.7,-2.86,0,6,5
54100,2.03,-9.01,-1.21,0,6,5
54120,3.04,-10.02,-1.5,0,6,5
54140,2.23,-9.88,-2.35,0,6,5
54160,1.71,-9.12,-2.13,0,6,5
54180,2.43,-9.69,-1.67,0,6,5
54200,2.3,-10.66,-3.22,0,6,5
54220,2.45,-9.81,-2.58,0,6,5
54240,2.47,-9.91,-1.77,0,6,5
54260,2.85,-10.67,-2.61,0,6,5
54280,2.12,-10.09,-3.7,0,6,5
54300,2.04,-9.26,-2.64,0,6,5
54320,2.6,-9.24,-2.24,0,6,5
54340,2.82,-9.59,-2.47,0,6,5
54360,2.95,-9.75,-2.12,0,6,5
54380,2.57,-10.1,-2.49,0,6,5
54400,2.59,-9.58,-2.44,0,6,5
54420,2.07,-8.85,-2.77,0,6,5
54440,2.34,-9.17,-1.52,0,6,5
54460,2.41,-9.53,-1.85,0,6,5
54480,1.57,-9.2,-2.88,0,6,5
54500,1.47,-9.16,-2.29,0,6,5
54520,1.83,-9.15,-1.68,0,6,5
54540,1.93,-9.32,-1.84,0,6,5
54560,1.58,-9.57,-2.57,0,6,5
54580,1.83,-9.62,-1.96,0,6,5
54600,1.99,-9.53,-1.96,0,6,5
54620,1.89,-9.51,-2.04,0,6,5
54640,1.8,-9.37,-2.09,0,6,5
54660,1.92,-9.37,-1.81,0,6,5
54680,2.14,-9.65,-2.02,0,6,5
54700,2.15,-9.6,-2.0,0,6,5
54720,1.87,-9.54,-1.99,0,6,5
54740,1.91,-9.48,-1.86,0,6,5
54760,1.87,-9.39,-2.38,0,6,5
54780,1.74,-9.19,-2.25,0,6,5
54800,2.11,-9.56,-1.74,0,6,5
54820,2.16,-9.85,-2.04,0,6,5
54840,1.83,-9.36,-2.6,0,6,5
54860,1.73,-9.14,-2.12,0,6,5
54880,2.26,-9.54,-1.75,0,6,5
54900,1.94,-9.84,-2.65,0,6,5
54920,1.77,-9.41,-2.78,0,6,5
54940,2.1,-9.19,-1.79,0,6,5
54960,2.29,-9.63,-1.6,0,6,5
54980,1.87,-9.81,-2.94,0,6,5
55000,1.63,-9.26,-2.88,0,6,5
55020,2.2,-9.39,-1.54,0,6,5
55040,2.26,-9.63,-1.83,0,6,5
55060,1.82,-9.64,-2.57,0,6,5
55080,1.89,-9.39,-2.41,0,6,5
55100,2.13,-9.41,-1.78,0,6,5
55120,1.83,-9.71,-2.38,0,6,5
55140,1.72,-9.39,-2.58,0,6,5
53260,-9.11,-3.74,-5.17,0,6,6
53280,-7.7,-4.88,-5.48,0,6,6
53300,-4.49,-1.26,-1.85,0,6,6
53320,1.76,-2.67,5.98,0,6,6
53340,3.83,-6.97,2.48,0,6,6
53360,5.28,-9.4,-3.31,0,6,6
53380,9.68,-10.95,1.15,0,6,6
53400,13.14,-12.26,1.31,0,6,6
53420,7.04,-12.47,-3.45,0,6,6
53440,7.19,-11.03,-0.13,0,6,6
53460,13.32,-7.89,4.45,0,6,6
53480,11.42,-8.23,3.83,0,6,6
53500,8.82,-12.45,-0.64,0,6,6
53520,7.41,-12.19,-4.94,0,6,6
53540,12.38,-12.55,2.01,0,6,6
53560,15.49,-13.38,5.49,0,6,6
53580,11.13,-14.7,1.4,0,6,6
53600,11.32,-13.26,2.55,0,6,6
53620,12.63,-11.04,5.44,0,6,6
53640,9.89,-11.42,0.85,0,6,6
53660,7.57,-10.82,0.8,0,6,6
53680,1.34,-9.5,0.13,0,6,6
53700,2.56,-10.61,-0.03,0,6,6
53720,1.97,-11.62,-1.22,0,6,6
53740,2.92,-12.15,-2.03,0,6,6
53760,3.93,-12.09,0.69,0,6,6
53780,3.51,-11.67,2.15,0,6,6
53800,0.72,-11.91,-3.13,0,6,6
53820,-0.57,-10.12,-1.66,0,6,6
53840,0.69,-9.2,0.26,0,6,6
53860,0.58,-8.53,0.28,0,6,6
53880,0.2,-9.3,0.1,0,6,6
53900,-1.31,-9.53,-1.91,0,6,6
53920,-1.3,-7.98,-1.24,0,6,6
53940,0.02,-7.19,0.2,0,6,6
53960,1.15,-8.04,0.83,0,6,6
53980,0.77,-9.44,-1.54,0,6,6
54000,0.2,-8.44,-2.87,0,6,6
54020,1.42,-7.59,-0.45,0,6,6
54040,2.92,-8.75,0.77,0,6,6
54060,1.91,-9.59,-1.81,0,6,6
54080,1.26,-8.7,-2.86,0,6,6
54100,2.03,-9.01,-1.21,0,6,6
54120,3.04,-10.02,-1.5,0,6,6
54140,2.23,-9.88,-2.35,0,6,6
54160,1.71,-9.12,-2.13,0,6,6
54180,2.43,-9.69,-1.67,0,6,6
54200,2.3,-10.66,-3.22,0,6,6
54220,2.45,-9.81,-2.58,0,6,6
54240,2.47,-9.91,-1.77,0,6,6
54260,2.85,-10.67,-2.61,0,6,6
54280,2.12,-10.09,-3.7,0,6,6
54300,2.04,-9.26,-2.64,0,6,6
54320,2.6,-9.24,-2.24,0,6,6
54340,2.82,-9.59,-2.47,0,6,6
54360,2.95,-9.75,-2.12,0,6,6
54380,2.57,-10.1,-2.49,0,6,6
54400,2.59,-9.58,-2.44,0,6,6
54420,2.07,-8.85,-2.77,0,6,6
54440,2.34,-9.17,-1.52,0,6,6
54460,2.41,-9.53,-1.85,0,6,6
54480,1.57,-9.2,-2.88,0,6,6
54500,1.47,-9.16,-2.29,0,6,6
54520,1.83,-9.15,-1.68,0,6,6
54540,1.93,-9.32,-1.84,0,6,6
54560,1.58,-9.57,-2.57,0,6,6
54580,1.83,-9.62,-1.96,0,6,6
54600,1.99,-9.53,-1.96,0,6,6
54620,1.89,-9.51,-2.04,0,6,6
54640,1.8,-9.37,-2.09,0,6,6
54660,1.92,-9.37,-1.81,0,6,6
54680,2.14,-9.65,-2.02,0,6,6
54700,2.15,-9.6,-2.0,0,6,6
54720,1.87,-9.54,-1.99,0,6,6
54740,1.91,-9.48,-1.86,0,6,6
54760,1.87,-9.39,-2.38,0,6,6
54780,1.74,-9.19,-2.25,0,6,6
54800,2.11,-9.56,-1.74,0,6,6
54820,2.16,-9.85,-2.04,0,6,6
54840,1.83,-9.36,-2.6,0,6,6
54860,1.73,-9.14,-2.12,0,6,6
54880,2.26,-9.54,-1.75,0,6,6
54900,1.94,-9.84,-2.65,0,6,6
54920,1.77,-9.41,-2.78,0,6,6
54940,2.1,-9.19,-1.79,0,6,6
54960,2.29,-9.63,-1.6,0,6,6
54980,1.87,-9.81,-2.94,0,6,6
55000,1.63,-9.26,-2.88,0,6,6
55020,2.2,-9.39,-1.54,0,6,6
55040,2.26,-9.63,-1.83,0,6,6
55060,1.82,-9.64,-2.57,0,6,6
55080,1.89,-9.39,-2.41,0,6,6
55100,2.13,-9.41,-1.78,0,6,6
55120,1.83,-9.71,-2.38,0,6,6
55140,1.72,-9.39,-2.58,0,6,6
55160,1.92,-9.14,-1.98,0,6,6
55180,2.03,-9.3,-1.63,0,6,6
55200,1.77,-9.52,-2.43,0,6,6
55220,1.73,-9.49,-2.82,0,6,6
55240,2.02,-9.28,-1.96,0,6,6
53360,5.28,-9.4,-3.31,0,6,7
53380,9.68,-10.95,1.15,0,6,7
53400,13.14,-12.26,1.31,0,6,7
53420,7.04,-12.47,-3.45,0,6,7
53440,7.19,-11.03,-0.13,0,6,7
53460,13.32,-7.89,4.45,0,6,7
53480,11.42,-8.23,3.83,0,6,7
53500,8.82,-12.45,-0.64,0,6,7
53520,7.41,-12.19,-4.94,0,6,7
53540,12.38,-12.55,2.01,0,6,7
53560,15.49,-13.38,5.49,0,6,7
53580,11.13,-14.7,1.4,0,6,7
53600,11.32,-13.26,2.55,0,6,7
53620,12.63,-11.04,5.44,0,6,7
53640,9.89,-11.42,0.85,0,6,7
53660,7.57,-10.82,0.8,0,6,7
53680,1.34,-9.5,0.13,0,6,7
53700,2.56,-10.61,-0.03,0,6,7
53720,1.97,-11.62,-1.22,0,6,7
53740,2.92,-12.15,-2.03,0,6,7
53760,3.93,-12.09,0.69,0,6,7
53780,3.51,-11.67,2.15,0,6,7
53800,0.72,-11.91,-3.13,0,6,7
53820,-0.57,-10.12,-1.66,0,6,7
53840,0.69,-9.2,0.26,0,6,7
53860,0.58,-8.53,0.28,0,6,7
53880,0.2,-9.3,0.1,0,6,7
53900,-1.31,-9.53,-1.91,0,6,7
53920,-1.3,-7.98,-1.24,0,6,7
53940,0.02,-7.19,0.2,0,6,7
53960,1.15,-8.04,0.83,0,6,7
53980,0.77,-9.44,-1.54,0,6,7
54000,0.2,-8.44,-2.87,0,6,7
54020,1.42,-7.59,-0.45,0,6,7
54040,2.92,-8.75,0.77,0,6,7
54060,1.91,-9.59,-1.81,0,6,7
54080,1.26,-8.7,-2.86,0,6,7
54100,2.03,-9.01,-1.21,0,6,7
54120,3.04,-10.02,-1.5,0,6,7
54140,2.23,-9.88,-2.35,0,6,7
54160,1.71,-9.12,-2.13,0,6,7
54180,2.43,-9.69,-1.67,0,6,7
54200,2.3,-10.66,-3.22,0,6,7
54220,2.45,-9.81,-2.58,0,6,7
54240,2.47,-9.91,-1.77,0,6,7
54260,2.85,-10.67,-2.61,0,6,7
54280,2.12,-10.09,-3.7,0,6,7
54300,2.04,-9.26,-2.64,0,6,7
54320,2.6,-9.24,-2.24,0,6,7
54340,2.82,-9.59,-2.47,0,6,7
54360,2.95,-9.75,-2.12,0,6,7
54380,2.57,-10.1,-2.49,0,6,7
54400,2.59,-9.58,-2.44,0,6,7
54420,2.07,-8.85,-2.77,0,6,7
54440,2.34,-9.17,-1.52,0,6,7
54460,2.41,-9.53,-1.85,0,6,7
54480,1.57,-9.2,-2.88,0,6,7
54500,1.47,-9.16,-2.29,0,6,7
54520,1.83,-9.15,-1.68,0,6,7
54540,1.93,-9.32,-1.84,0,6,7
54560,1.58,-9.57,-2.57,0,6,7
54580,1.83,-9.62,-1.96,0,6,7
54600,1.99,-9.53,-1.96,0,6,7
54620,1.89,-9.51,-2.04,0,6,7
54640,1.8,-9.37,-2.09,0,6,7
54660,1.92,-9.37,-1.81,0,6,7
54680,2.14,-9.65,-2.02,0,6,7
54700,2.15,-9.6,-2.0,0,6,7
54720,1.87,-9.54,-1.99,0,6,7
54740,1.91,-9.48,-1.86,0,6,7
54760,1.87,-9.39,-2.38,0,6,7
54780,1.74,-9.19,-2.25,0,6,7
54800,2.11,-9.56,-1.74,0,6,7
54820,2.16,-9.85,-2.04,0,6,7
54840,1.83,-9.36,-2.6,0,6,7
54860,1.73,-9.14,-2.12,0,6,7
54880,2.26,-9.54,-1.75,0,6,7
54900,1.94,-9.84,-2.65,0,6,7
54920,1.77,-9.41,-2.78,0,6,7
54940,2.1,-9.19,-1.79,0,6,7
54960,2.29,-9.63,-1.6,0,6,7
54980,1.87,-9.81,-2.94,0,6,7
55000,1.63,-9.26,-2.88,0,6,7
55020,2.2,-9.39,-1.54,0,6,7
55040,2.26,-9.63,-1.83,0,6,7
55060,1.82,-9.64,-2.57,0,6,7
55080,1.89,-9.39,-2.41,0,6,7
55100,2.13,-9.41,-1.78,0,6,7
55120,1.83,-9.71,-2.38,0,6,7
55140,1.72,-9.39,-2.58,0,6,7
55160,1.92,-9.14,-1.98,0,6,7
55180,2.03,-9.3,-1.63,0,6,7
55200,1.77,-9.52,-2.43,0,6,7
55220,1.73,-9.49,-2.82,0,6,7
55240,2.02,-9.28,-1.96,0,6,7
55260,2.05,-9.37,-1.6,0,6,7
55280,1.84,-9.65,-2.42,0,6,7
55300,1.94,-9.55,-2.61,0,6,7
55320,2.05,-9.47,-2.02,0,6,7
55340,2.12,-9.38,-1.81,0,6,7
53460,13.32,-7.89,4.45,0,6,8
53480,11.42,-8.23,3.83,0,6,8
53500,8.82,-12.45,-0.64,0,6,8
53520,7.41,-12.19,-4.94,0,6,8
53540,12.38,-12.55,2.01,0,6,8
53560,15.49,-13.38,5.49,0,6,8
53580,11.13,-14.7,1.4,0,6,8
53600,11.32,-13.26,2.55,0,6,8
53620,12.63,-11.04,5.44,0,6,8
53640,9.89,-11.42,0.85,0,6,8
53660,7.57,-10.82,0.8,0,6,8
53680,1.34,-9.5,0.13,0,6,8
53700,2.56,-10.61,-0.03,0,6,8
53720,1.97,-11.62,-1.22,0,6,8
53740,2.92,-12.15,-2.03,0,6,8
53760,3.93,-12.09,0.69,0,6,8
53780,3.51,-11.67,2.15,0,6,8
53800,0.72,-11.91,-3.13,0,6,8
53820,-0.57,-10.12,-1.66,0,6,8
53840,0.69,-9.2,0.26,0,6,8
53860,0.58,-8.53,0.28,0,6,8
53880,0.2,-9.3,0.1,0,6,8
53900,-1.31,-9.53,-1.91,0,6,8
53920,-1.3,-7.98,-1.24,0,6,8
53940,0.02,-7.19,0.2,0,6,8
53960,1.15,-8.04,0.83,0,6,8
53980,0.77,-9.44,-1.54,0,6,8
54000,0.2,-8.44,-2.87,0,6,8
54020,1.42,-7.59,-0.45,0,6,8
54040,2.92,-8.75,0.77,0,6,8
54060,1.91,-9.59,-1.81,0,6,8
54080,1.26,-8.7,-2.86,0,6,8
54100,2.03,-9.01,-1.21,0,6,8
54120,3.04,-10.02,-1.5,0,6,8
54140,2.23,-9.88,-2.35,0,6,8
54160,1.71,-9.12,-2.13,0,6,8
54180,2.43,-9.69,-1.67,0,6,8
54200,2.3,-10.66,-3.22,0,6,8
54220,2.45,-9.81,-2.58,0,6,8
54240,2.47,-9.91,-1.77,0,6,8
54260,2.85,-10.67,-2.61,0,6,8
54280,2.12,-10.09,-3.7,0,6,8
54300,2.04,-9.26,-2.64,0,6,8
54320,2.6,-9.24,-2.24,0,6,8
54340,2.82,-9.59,-2.47,0,6,8
54360,2.95,-9.75,-2.12,0,6,8
54380,2.57,-10.1,-2.49,0,6,8
54400,2.59,-9.58,-2.44,0,6,8
54420,2.07,-8.85,-2.77,0,6,8
54440,2.34,-9.17,-1.52,0,6,8
54460,2.41,-9.53,-1.85,0,6,8
54480,1.57,-9.2,-2.88,0,6,8
54500,1.47,-9.16,-2.29,0,6,8
54520,1.83,-9.15,-1.68,0,6,8
54540,1.93,-9.32,-1.84,0,6,8
54560,1.58,-9.57,-2.57,0,6,8
54580,1.83,-9.62,-1.96,0,6,8
54600,1.99,-9.53,-1.96,0,6,8
54620,1.89,-9.51,-2.04,0,6,8
54640,1.8,-9.37,-2.09,0,6,8
54660,1.92,-9.37,-1.81,0,6,8
54680,2.14,-9.65,-2.02,0,6,8
54700,2.15,-9.6,-2.0,0,6,8
54720,1.87,-9.54,-1.99,0,6,8
54740,1.91,-9.48,-1.86,0,6,8
54760,1.87,-9.39,-2.38,0,6,8
54780,1.74,-9.19,-2.25,0,6,8
54800,2.11,-9.56,-1.74,0,6,8
54820,2.16,-9.85,-2.04,0,6,8
54840,1.83,-9.36,-2.6,0,6,8
54860,1.73,-9.14,-2.12,0,6,8
54880,2.26,-9.54,-1.75,0,6,8
54900,1.94,-9.84,-2.65,0,6,8
54920,1.77,-9.41,-2.78,0,6,8
54940,2.1,-9.19,-1.79,0,6,8
54960,2.29,-9.63,-1.6,0,6,8
54980,1.87,-9.81,-2.94,0,6,8
55000,1.63,-9.26,-2.88,0,6,8
55020,2.2,-9.39,-1.54,0,6,8
55040,2.26,-9.63,-1.83,0,6,8
55060,1.82,-9.64,-2.57,0,6,8
55080,1.89,-9.39,-2.41,0,6,8
55100,2.13,-9.41,-1.78,0,6,8
55120,1.83,-9.71,-2.38,0,6,8
55140,1.72,-9.39,-2.58,0,6,8
55160,1.92,-9.14,-1.98,0,6,8
55180,2.03,-9.3,-1.63,0,6,8
55200,1.77,-9.52,-2.43,0,6,8
55220,1.73,-9.49,-2.82,0,6,8
55240,2.02,-9.28,-1.96,0,6,8
55260,2.05,-9.37,-1.6,0,6,8
55280,1.84,-9.65,-2.42,0,6,8
55300,1.94,-9.55,-2.61,0,6,8
55320,2.05,-9.47,-2.02,0,6,8
55340,2.12,-9.38,-1.81,0,6,8
55360,1.99,-9.57,-2.17,0,6,8
55380,1.93,-9.77,-2.68,0,6,8
55400,1.85,-9.42,-2.34,0,6,8
55420,1.97,-9.3,-1.75,0,6,8
55440,1.92,-9.76,-2.23,0,6,8
53560,15.49,-13.38,5.49,0,6,9
53580,11.13,-14.7,1.4,0,6,9
53600,11.32,-13.26,2.55,0,6,9
53620,12.63,-11.04,5.44,0,6,9
53640,9.89,-11.42,0.85,0,6,9
53660,7.57,-10.82,0.8,0,6,9
53680,1.34,-9.5,0.13,0,6,9
53700,2.56,-10.61,-0.03,0,6,9
53720,1.97,-11.62,-1.22,0,6,9
53740,2.92,-12.15,-2.03,0,6,9
53760,3.93,-12.09,0.69,0,6,9
53780,3.51,-11.67,2.15,0,6,9
53800,0.72,-11.91,-3.13,0,6,9
53820,-0.57,-10.12,-1.66,0,6,9
53840,0.69,-9.2,0.26,0,6,9
53860,0.58,-8.53,0.28,0,6,9
53880,0.2,-9.3,0.1,0,6,9
53900,-1.31,-9.53,-1.91,0,6,9
53920,-1.3,-7.98,-1.24,0,6,9
53940,0.02,-7.19,0.2,0,6,9
53960,1.15,-8.04,0.83,0,6,9
53980,0.77,-9.44,-1.54,0,6,9
54000,0.2,-8.44,-2.87,0,6,9
54020,1.42,-7.59,-0.45,0,6,9
54040,2.92,-8.75,0.77,0,6,9
54060,1.91,-9.59,-1.81,0,6,9
54080,1.26,-8.7,-2.86,0,6,9
54100,2.03,-9.01,-1.21,0,6,9
54120,3.04,-10.02,-1.5,0,6,9
54140,2.23,-9.88,-2.35,0,6,9
54160,1.71,-9.12,-2.13,0,6,9
54180,2.43,-9.69,-1.67,0,6,9
54200,2.3,-10.66,-3.22,0,6,9
54220,2.45,-9.81,-2.58,0,6,9
54240,2.47,-9.91,-1.77,0,6,9
54260,2.85,-10.67,-2.61,0,6,9
54280,2.12,-10.09,-3.7,0,6,9
54300,2.04,-9.26,-2.64,0,6,9
54320,2.6,-9.24,-2.24,0,6,9
54340,2.82,-9.59,-2.47,0,6,9
54360,2.95,-9.75,-2.12,0,6,9
54380,2.57,-10.1,-2.49,0,6,9
54400,2.59,-9.58,-2.44,0,6,9
54420,2.07,-8.85,-2.77,0,6,9
54440,2.34,-9.17,-1.52,0,6,9
54460,2.41,-9.53,-1.85,0,6,9
54480,1.57,-9.2,-2.88,0,6,9
54500,1.47,-9.16,-2.29,0,6,9
54520,1.83,-9.15,-1.68,0,6,9
54540,1.93,-9.32,-1.84,0,6,9
54560,1.58,-9.57,-2.57,0,6,9
54580,1.83,-9.62,-1.96,0,6,9
54600,1.99,-9.53,-1.96,0,6,9
54620,1.89,-9.51,-2.04,0,6,9
54640,1.8,-9.37,-2.09,0,6,9
54660,1.92,-9.37,-1.81,0,6,9
54680,2.14,-9.65,-2.02,0,6,9
54700,2.15,-9.6,-2.0,0,6,9
54720,1.87,-9.54,-1.99,0,6,9
54740,1.91,-9.48,-1.86,0,6,9
54760,1.87,-9.39,-2.38,0,6,9
54780,1.74,-9.19,-2.25,0,6,9
54800,2.11,-9.56,-1.74,0,6,9
54820,2.16,-9.85,-2.04,0,6,9
54840,1.83,-9.36,-2.6,0,6,9
54860,1.73,-9.14,-2.12,0,6,9
54880,2.26,-9.54,-1.75,0,6,9
54900,1.94,-9.84,-2.65,0,6,9
54920,1.77,-9.41,-2.78,0,6,9
54940,2.1,-9.19,-1.79,0,6,9
54960,2.29,-9.63,-1.6,0,6,9
54980,1.87,-9.81,-2.94,0,6,9
55000,1.63,-9.26,-2.88,0,6,9
55020,2.2,-9.39,-1.54,0,6,9
55040,2.26,-9.63,-1.83,0,6,9
55060,1.82,-9.64,-2.57,0,6,9
55080,1.89,-9.39,-2.41,0,6,9
55100,2.13,-9.41,-1.78,0,6,9
55120,1.83,-9.71,-2.38,0,6,9
55140,1.72,-9.39,-2.58,0,6,9
55160,1.92,-9.14,-1.98,0,6,9
55180,2.03,-9.3,-1.63,0,6,9
55200,1.77,-9.52,-2.43,0,6,9
55220,1.73,-9.49,-2.82,0,6,9
55240,2.02,-9.28,-1.96,0,6,9
55260,2.05,-9.37,-1.6,0,6,9
55280,1.84,-9.65,-2.42,0,6,9
55300,1.94,-9.55,-2.61,0,6,9
55320,2.05,-9.47,-2.02,0,6,9
55340,2.12,-9.38,-1.81,0,6,9
55360,1.99,-9.57,-2.17,0,6,9
55380,1.93,-9.77,-2.68,0,6,9
55400,1.85,-9.42,-2.34,0,6,9
55420,1.97,-9.3,-1.75,0,6,9
55440,1.92,-9.76,-2.23,0,6,9
55460,1.9,-9.6,-2.78,0,6,9
55480,1.84,-9.22,-2.17,0,6,9
55500,2.15,-9.58,-1.63,0,6,9
55520,1.85,-9.78,-2.5,0,6,9
55540,1.68,-9.38,-2.72,0,6,9
53660,7.57,-10.82,0.8,0,6,10
53680,1.34,-9.5,0.13,0,6,10
53700,2.56,-10.61,-0.03,0,6,10
53720,1.97,-11.62,-1.22,0,6,10
53740,2.92,-12.15,-2.03,0,6,10
53760,3.93,-12.09,0.69,0,6,10
53780,3.51,-11.67,2.15,0,6,10
53800,0.72,-11.91,-3.13,0,6,10
53820,-0.57,-10.12,-1.66,0,6,10
53840,0.69,-9.2,0.26,0,6,10
53860,0.58,-8.53,0.28,0,6,10
53880,0.2,-9.3,0.1,0,6,10
53900,-1.31,-9.53,-1.91,0,6,10
53920,-1.3,-7.98,-1.24,0,6,10
53940,0.02,-7.19,0.2,0,6,10
53960,1.15,-8.04,0.83,0,6,10
53980,0.77,-9.44,-1.54,0,6,10
54000,0.2,-8.44,-2.87,0,6,10
54020,1.42,-7.59,-0.45,0,6,10
54040,2.92,-8.75,0.77,0,6,10
54060,1.91,-9.59,-1.81,0,6,10
54080,1.26,-8.7,-2.86,0,6,10
54100,2.03,-9.01,-1.21,0,6,10
54120,3.04,-10.02,-1.5,0,6,10
54140,2.23,-9.88,-2.35,0,6,10
54160,1.71,-9.12,-2.13,0,6,10
54180,2.43,-9.69,-1.67,0,6,10
54200,2.3,-10.66,-3.22,0,6,10
54220,2.45,-9.81,-2.58,0,6,10
54240,2.47,-9.91,-1.77,0,6,10
54260,2.85,-10.67,-2.61,0,6,10
54280,2.12,-10.09,-3.7,0,6,10
54300,2.04,-9.26,-2.64,0,6,10
54320,2.6,-9.24,-2.24,0,6,10
54340,2.82,-9.59,-2.47,0,6,10
54360,2.95,-9.75,-2.12,0,6,10
54380,2.57,-10.1,-2.49,0,6,10
54400,2.59,-9.58,-2.44,0,6,10
54420,2.07,-8.85,-2.77,0,6,10
54440,2.34,-9.17,-1.52,0,6,10
54460,2.41,-9.53,-1.85,0,6,10
54480,1.57,-9.2,-2.88,0,6,10
54500,1.47,-9.16,-2.29,0,6,10
54520,1.83,-9.15,-1.68,0,6,10
54540,1.93,-9.32,-1.84,0,6,10
54560,1.58,-9.57,-2.57,0,6,10
54580,1.83,-9.62,-1.96,0,6,10
54600,1.99,-9.53,-1.96,0,6,10
54620,1.89,-9.51,-2.04,0,6,10
54640,1.8,-9.37,-2.09,0,6,10
54660,1.92,-9.37,-1.81,0,6,10
54680,2.14,-9.65,-2.02,0,6,10
54700,2.15,-9.6,-2.0,0,6,10
54720,1.87,-9.54,-1.99,0,6,10
54740,1.91,-9.48,-1.86,0,6,10
54760,1.87,-9.39,-2.38,0,6,10
54780,1.74,-9.19,-2.25,0,6,10
54800,2.11,-9.56,-1.74,0,6,10
54820,2.16,-9.85,-2.04,0,6,10
54840,1.83,-9.36,-2.6,0,6,10
54860,1.73,-9.14,-2.12,0,6,10
54880,2.26,-9.54,-1.75,0,6,10
54900,1.94,-9.84,-2.65,0,6,10
54920,1.77,-9.41,-2.78,0,6,10
54940,2.1,-9.19,-1.79,0,6,10
54960,2.29,-9.63,-1.6,0,6,10
54980,1.87,-9.81,-2.94,0,6,10
55000,1.63,-9.26,-2.88,0,6,10
55020,2.2,-9.39,-1.54,0,6,10
55040,2.26,-9.63,-1.83,0,6,10
55060,1.82,-9.64,-2.57,0,6,10
55080,1.89,-9.39,-2.41,0,6,10
55100,2.13,-9.41,-1.78,0,6,10
55120,1.83,-9.71,-2.38,0,6,10
55140,1.72,-9.39,-2.58,0,6,10
55160,1.92,-9.14,-1.98,0,6,10
55180,2.03,-9.3,-1.63,0,6,10
55200,1.77,-9.52,-2.43,0,6,10
55220,1.73,-9.49,-2.82,0,6,10
55240,2.02,-9.28,-1.96,0,6,10
55260,2.05,-9.37,-1.6,0,6,10
55280,1.84,-9.65,-2.42,0,6,10
55300,1.94,-9.55,-2.61,0,6,10
55320,2.05,-9.47,-2.02,0,6,10
55340,2.12,-9.38,-1.81,0,6,10
55360,1.99,-9.57,-2.17,0,6,10
55380,1.93,-9.77,-2.68,0,6,10
55400,1.85,-9.42,-2.34,0,6,10
55420,1.97,-9.3,-1.75,0,6,10
55440,1.92,-9.76,-2.23,0,6,10
55460,1.9,-9.6,-2.78,0,6,10
55480,1.84,-9.22,-2.17,0,6,10
55500,2.15,-9.58,-1.63,0,6,10
55520,1.85,-9.78,-2.5,0,6,10
55540,1.68,-9.38,-2.72,0,6,10
55560,1.95,-9.06,-1.68,0,6,10
55580,2.15,-9.53,-1.54,0,6,10
55600,1.94,-9.93,-2.57,0,6,10
55620,1.78,-9.55,-2.57,0,6,10
55640,2.09,-9.19,-1.56,0,6,10
60940,-6.47,-3.3,-4.94,1,7,1
60960,-4.45,-3.99,-3.33,1,7,1
60980,-4.19,-4.45,-3.88,1,7,1
61000,-5.82,-3.42,-5.49,1,7,1
61020,-6.91,-1.66,-4.84,0,7,1
61040,-5.31,-3.23,-4.46,0,7,1
61060,-6.82,-6.05,-9.68,0,7,1
61080,-5.9,-5.57,-6.57,0,7,1
61100,-5.7,-4.55,-5.11,0,7,1
61120,-5.72,-3.58,-4.12,0,7,1
61140,-6.61,-2.9,-4.87,0,7,1
61160,-6.34,-3.26,-5.12,0,7,1
61180,-4.16,-3.97,-4.6,0,7,1
61200,-2.4,-5.51,-4.14,0,7,1
61220,-1.88,-6.48,-3.88,0,7,1
61240,-3.48,-6.9,-5.16,0,7,1
61260,-4.73,-5.27,-6.84,0,7,1
61280,-4.04,-1.97,-6.25,0,7,1
61300,-3.19,0.76,-4.18,0,7,1
61320,-2.37,0.35,-3.46,0,7,1
61340,-3.27,-2.86,-3.65,0,7,1
61360,-2.05,-5.07,-4.07,0,7,1
61380,0.12,-4.95,-3.55,0,7,1
61400,-2.07,-4.75,-2.72,0,7,1
61420,-5.65,-4.11,-0.32,0,7,1
61440,-9.85,-1.03,5.9,0,7,1
61460,-6.56,1.18,11.56,0,7,1
61480,-7.84,-1.94,19.62,0,7,1
61500,-9.53,-5.8,19.62,0,7,1
61520,-4.78,-6.94,19.62,0,7,1
61540,-2.21,3.33,19.62,0,7,1
61560,-3.99,12.59,19.62,0,7,1
61580,6.59,6.21,19.62,0,7,1
61600,3.77,-5.06,13.58,0,7,1
61620,0.23,-0.7,7.15,0,7,1
61640,2.28,3.71,14.03,0,7,1
61660,1.01,-0.05,8.83,0,7,1
61680,2.05,-2.3,6.55,0,7,1
61700,2.61,-2.55,5.63,0,7,1
61720,1.74,-1.04,4.3,0,7,1
61740,0.8,1.27,1.99,0,7,1
61760,-1.35,3.36,0.1,0,7,1
61780,-2.3,2.81,0.3,0,7,1
61800,-0.85,0.01,1.52,0,7,1
61820,0.39,-1.78,1.87,0,7,1
61840,0.68,-1.83,2.43,0,7,1
61860,0.16,-1.1,3.71,0,7,1
61880,-0.86,-1.62,4.64,0,7,1
61900,-1.14,-4.07,5.21,0,7,1
61920,-1.58,-7.1,5.33,0,7,1
61940,-1.74,-8.76,6.59,0,7,1
61960,-1.81,-10.1,8.96,0,7,1
61980,-1.73,-11.93,9.45,0,7,1
62000,-1.72,-13.53,9.53,0,7,1
62020,-1.39,-15.77,9.76,0,7,1
62040,-1.65,-15.07,9.41,0,7,1
62060,-3.0,-11.97,9.09,0,7,1
62080,-3.77,-9.16,8.12,0,7,1
62100,-4.14,-7.44,7.58,0,7,1
62120,-2.84,-6.84,7.16,0,7,1
62140,-1.57,-6.97,6.32,0,7,1
62160,-0.7,-6.78,5.4,0,7,1
62180,-0.53,-6.03,5.01,0,7,1
62200,-0.71,-5.21,4.66,0,7,1
62220,-0.76,-4.96,4.52,0,7,1
62240,-0.48,-4.92,4.71,0,7,1
62260,-0.34,-5.13,4.65,0,7,1
62280,-0.12,-5.5,4.98,0,7,1
62300,-0.12,-6.0,5.12,0,7,1
62320,-0.43,-6.4,5.38,0,7,1
62340,-0.81,-6.36,6.3,0,7,1
62360,-0.69,-6.38,7.31,0,7,1
62380,-0.72,-7.05,7.66,0,7,1
62400,-0.73,-7.72,7.75,0,7,1
62420,-0.58,-8.01,7.83,0,7,1
62440,-0.5,-7.96,8.1,0,7,1
62460,-0.37,-7.75,8.06,0,7,1
62480,-0.25,-7.68,7.95,0,7,1
62500,-0.29,-7.59,7.4,0,7,1
62520,-0.25,-7.46,7.17,0,7,1
62540,-0.41,-7.16,6.94,0,7,1
62560,-0.67,-6.85,6.42,0,7,1
62580,-0.82,-6.51,6.03,0,7,1
62600,-1.12,-6.27,5.67,0,7,1
62620,-1.03,-6.06,5.77,0,7,1
62640,-0.8,-5.93,6.05,0,7,1
62660,-0.73,-6.13,6.16,0,7,1
62680,-0.46,-6.57,6.25,0,7,1
62700,-0.18,-6.98,6.46,0,7,1
62720,0.06,-7.22,6.68,0,7,1
62740,0.07,-7.27,6.86,0,7,1
62760,0.09,-7.38,6.92,0,7,1
62780,0.12,-7.48,6.88,0,7,1
62800,0.11,-7.56,6.74,0,7,1
62820,0.14,-7.61,6.74,0,7,1
62840,0.15,-7.42,6.73,0,7,1
62860,0.09,-7.22,6.72,0,7,1
62880,0.16,-7.07,6.58,0,7,1
62900,0.04,-7.03,6.48,0,7,1
62920,0.05,-7.01,6.39,0,7,1
61040,-5.31,-3.23,-4.46,0,7,2
61060,-6.82,-6.05,-9.68,0,7,2
61080,-5.9,-5.57,-6.57,0,7,2
61100,-5.7,-4.55,-5.11,0,7,2
61120,-5.72,-3.58,-4.12,0,7,2
61140,-6.61,-2.9,-4.87,0,7,2
61160,-6.34,-3.26,-5.12,0,7,2
61180,-4.16,-3.97,-4.6,0,7,2
61200,-2.4,-5.51,-4.14,0,7,2
61220,-1.88,-6.48,-3.88,0,7,2
61240,-3.48,-6.9,-5.16,0,7,2
61260,-4.73,-5.27,-6.84,0,7,2
61280,-4.04,-1.97,-6.25,0,7,2
61300,-3.19,0.76,-4.18,0,7,2
61320,-2.37,0.35,-3.46,0,7,2
61340,-3.27,-2.86,-3.65,0,7,2
61360,-2.05,-5.07,-4.07,0,7,2
61380,0.12,-4.95,-3.55,0,7,2
61400,-2.07,-4.75,-2.72,0,7,2
61420,-5.65,-4.11,-0.32,0,7,2
61440,-9.85,-1.03,5.9,0,7,2
61460,-6.56,1.18,11.56,0,7,2
61480,-7.84,-1.94,19.62,0,7,2
61500,-9.53,-5.8,19.62,0,7,2
61520,-4.78,-6.94,19.62,0,7,2
61540,-2.21,3.33,19.62,0,7,2
61560,-3.99,12.59,19.62,0,7,2
61580,6.59,6.21,19.62,0,7,2
61600,3.77,-5.06,13.58,0,7,2
61620,0.23,-0.7,7.15,0,7,2
61640,2.28,3.71,14.03,0,7,2
61660,1.01,-0.05,8.83,0,7,2
61680,2.05,-2.3,6.55,0,7,2
61700,2.61,-2.55,5.63,0,7,2
61720,1.74,-1.04,4.3,0,7,2
61740,0.8,1.27,1.99,0,7,2
61760,-1.35,3.36,0.1,0,7,2
61780,-2.3,2.81,0.3,0,7,2
61800,-0.85,0.01,1.52,0,7,2
61820,0.39,-1.78,1.87,0,7,2
61840,0.68,-1.83,2.43,0,7,2
61860,0.16,-1.1,3.71,0,7,2
61880,-0.86,-1.62,4.64,0,7,2
61900,-1.14,-4.07,5.21,0,7,2
61920,-1.58,-7.1,5.33,0,7,2
61940,-1.74,-8.76,6.59,0,7,2
61960,-1.81,-10.1,8.96,0,7,2
61980,-1.73,-11.93,9.45,0,7,2
62000,-1.72,-13.53,9.53,0,7,2
62020,-1.39,-15.77,9.76,0,7,2
62040,-1.65,-15.07,9.41,0,7,2
62060,-3.0,-11.97,9.09,0,7,2
62080,-3.77,-9.16,8.12,0,7,2
62100,-4.14,-7.44,7.58,0,7,2
62120,-2.84,-6.84,7.16,0,7,2
62140,-1.57,-6.97,6.32,0,7,2
62160,-0.7,-6.78,5.4,0,7,2
62180,-0.53,-6.03,5.01,0,7,2
62200,-0.71,-5.21,4.66,0,7,2
62220,-0.76,-4.96,4.52,0,7,2
62240,-0.48,-4.92,4.71,0,7,2
62260,-0.34,-5.13,4.65,0,7,2
62280,-0.12,-5.5,4.98,0,7,2
62300,-0.12,-6.0,5.12,0,7,2
62320,-0.43,-6.4,5.38,0,7,2
62340,-0.81,-6.36,6.3,0,7,2
62360,-0.69,-6.38,7.31,0,7,2
62380,-0.72,-7.05,7.66,0,7,2
62400,-0.73,-7.72,7.75,0,7,2
62420,-0.58,-8.01,7.83,0,7,2
62440,-0.5,-7.96,8.1,0,7,2
62460,-0.37,-7.75,8.06,0,7,2
62480,-0.25,-7.68,7.95,0,7,2
62500,-0.29,-7.59,7.4,0,7,2
62520,-0.25,-7.46,7.17,0,7,2
62540,-0.41,-7.16,6.94,0,7,2
62560,-0.67,-6.85,6.42,0,7,2
62580,-0.82,-6.51,6.03,0,7,2
62600,-1.12,-6.27,5.67,0,7,2
62620,-1.03,-6.06,5.77,0,7,2
62640,-0.8,-5.93,6.05,0,7,2
62660,-0.73,-6.13,6.16,0,7,2
62680,-0.46,-6.57,6.25,0,7,2
62700,-0.18,-6.98,6.46,0,7,2
62720,0.06,-7.22,6.68,0,7,2
62740,0.07,-7.27,6.86,0,7,2
62760,0.09,-7.38,6.92,0,7,2
62780,0.12,-7.48,6.88,0,7,2
62800,0.11,-7.56,6.74,0,7,2
62820,0.14,-7.61,6.74,0,7,2
62840,0.15,-7.42,6.73,0,7,2
62860,0.09,-7.22,6.72,0,7,2
62880,0.16,-7.07,6.58,0,7,2
62900,0.04,-7.03,6.48,0,7,2
62920,0.05,-7.01,6.39,0,7,2
62940,-0.01,-6.85,6.35,0,7,2
62960,0.0,-6.85,6.35,0,7,2
62980,-0.02,-6.9,6.38,0,7,2
63000,-0.03,-6.92,6.39,0,7,2
63020,-0.01,-7.04,6.45,0,7,2
61140,-6.61,-2.9,-4.87,0,7,3
61160,-6.34,-3.26,-5.12,0,7,3
61180,-4.16,-3.97,-4.6,0,7,3
61200,-2.4,-5.51,-4.14,0,7,3
61220,-1.88,-6.48,-3.88,0,7,3
61240,-3.48,-6.9,-5.16,0,7,3
61260,-4.73,-5.27,-6.84,0,7,3
61280,-4.04,-1.97,-6.25,0,7,3
61300,-3.19,0.76,-4.18,0,7,3
61320,-2.37,0.35,-3.46,0,7,3
61340,-3.27,-2.86,-3.65,0,7,3
61360,-2.05,-5.07,-4.07,0,7,3
61380,0.12,-4.95,-3.55,0,7,3
61400,-2.07,-4.75,-2.72,0,7,3
61420,-5.65,-4.11,-0.32,0,7,3
61440,-9.85,-1.03,5.9,0,7,3
61460,-6.56,1.18,11.56,0,7,3
61480,-7.84,-1.94,19.62,0,7,3
61500,-9.53,-5.8,19.62,0,7,3
61520,-4.78,-6.94,19.62,0,7,3
61540,-2.21,3.33,19.62,0,7,3
61560,-3.99,12.59,19.62,0,7,3
61580,6.59,6.21,19.62,0,7,3
61600,3.77,-5.06,13.58,0,7,3
61620,0.23,-0.7,7.15,0,7,3
61640,2.28,3.71,14.03,0,7,3
61660,1.01,-0.05,8.83,0,7,3
61680,2.05,-2.3,6.55,0,7,3
61700,2.61,-2.55,5.63,0,7,3
61720,1.74,-1.04,4.3,0,7,3
61740,0.8,1.27,1.99,0,7,3
61760,-1.35,3.36,0.1,0,7,3
61780,-2.3,2.81,0.3,0,7,3
61800,-0.85,0.01,1.52,0,7,3
61820,0.39,-1.78,1.87,0,7,3
61840,0.68,-1.83,2.43,0,7,3
61860,0.16,-1.1,3.71,0,7,3
61880,-0.86,-1.62,4.64,0,7,3
61900,-1.14,-4.07,5.21,0,7,3
61920,-1.58,-7.1,5.33,0,7,3
61940,-1.74,-8.76,6.59,0,7,3
61960,-1.81,-10.1,8.96,0,7,3
61980,-1.73,-11.93,9.45,0,7,3
62000,-1.72,-13.53,9.53,0,7,3
62020,-1.39,-15.77,9.76,0,7,3
62040,-1.65,-15.07,9.41,0,7,3
62060,-3.0,-11.97,9.09,0,7,3
62080,-3.77,-9.16,8.12,0,7,3
62100,-4.14,-7.44,7.58,0,7,3
62120,-2.84,-6.84,7.16,0,7,3
62140,-1.57,-6.97,6.32,0,7,3
62160,-0.7,-6.78,5.4,0,7,3
62180,-0.53,-6.03,5.01,0,7,3
62200,-0.71,-5.21,4.66,0,7,3
62220,-0.76,-4.96,4.52,0,7,3
62240,-0.48,-4.92,4.71,0,7,3
62260,-0.34,-5.13,4.65,0,7,3
62280,-0.12,-5.5,4.98,0,7,3
62300,-0.12,-6.0,5.12,0,7,3
62320,-0.43,-6.4,5.38,0,7,3
62340,-0.81,-6.36,6.3,0,7,3
62360,-0.69,-6.38,7.31,0,7,3
62380,-0.72,-7.05,7.66,0,7,3
62400,-0.73,-7.72,7.75,0,7,3
62420,-0.58,-8.01,7.83,0,7,3
62440,-0.5,-7.96,8.1,0,7,3
62460,-0.37,-7.75,8.06,0,7,3
62480,-0.25,-7.68,7.95,0,7,3
62500,-0.29,-7.59,7.4,0,7,3
62520,-0.25,-7.46,7.17,0,7,3
62540,-0.41,-7.16,6.94,0,7,3
62560,-0.67,-6.85,6.42,0,7,3
62580,-0.82,-6.51,6.03,0,7,3
62600,-1.12,-6.27,5.67,0,7,3
62620,-1.03,-6.06,5.77,0,7,3
62640,-0.8,-5.93,6.05,0,7,3
62660,-0.73,-6.13,6.16,0,7,3
62680,-0.46,-6.57,6.25,0,7,3
62700,-0.18,-6.98,6.46,0,7,3
62720,0.06,-7.22,6.68,0,7,3
62740,0.07,-7.27,6.86,0,7,3
62760,0.09,-7.38,6.92,0,7,3
62780,0.12,-7.48,6.88,0,7,3
62800,0.11,-7.56,6.74,0,7,3
62820,0.14,-7.61,6.74,0,7,3
62840,0.15,-7.42,6.73,0,7,3
62860,0.09,-7.22,6.72,0,7,3
62880,0.16,-7.07,6.58,0,7,3
62900,0.04,-7.03,6.48,0,7,3
62920,0.05,-7.01,6.39,0,7,3
62940,-0.01,-6.85,6.35,0,7,3
62960,0.0,-6.85,6.35,0,7,3
62980,-0.02,-6.9,6.38,0,7,3
63000,-0.03,-6.92,6.39,0,7,3
63020,-0.01,-7.04,6.45,0,7,3
63040,0.04,-7.08,6.58,0,7,3
63060,0.01,-7.13,6.63,0,7,3
63080,-0.06,-7.08,6.64,0,7,3
63100,-0.03,-7.22,6.66,0,7,3
63120,-0.12,-7.11,6.49,0,7,3
61240,-3.48,-6.9,-5.16,0,7,4
61260,-4.73,-5.27,-6.84,0,7,4
61280,-4.04,-1.97,-6.25,0,7,4
61300,-3.19,0.76,-4.18,0,7,4
61320,-2.37,0.35,-3.46,0,7,4
61340,-3.27,-2.86,-3.65,0,7,4
61360,-2.05,-5.07,-4.07,0,7,4
61380,0.12,-4.95,-3.55,0,7,4
61400,-2.07,-4.75,-2.72,0,7,4
61420,-5.65,-4.11,-0.32,0,7,4
61440,-9.85,-1.03,5.9,0,7,4
61460,-6.56,1.18,11.56,0,7,4
61480,-7.84,-1.94,19.62,0,7,4
61500,-9.53,-5.8,19.62,0,7,4
61520,-4.78,-6.94,19.62,0,7,4
61540,-2.21,3.33,19.62,0,7,4
61560,-3.99,12.59,19.62,0,7,4
61580,6.59,6.21,19.62,0,7,4
61600,3.77,-5.06,13.58,0,7,4
61620,0.23,-0.7,7.15,0,7,4
61640,2.28,3.71,14.03,0,7,4
61660,1.01,-0.05,8.83,0,7,4
61680,2.05,-2.3,6.55,0,7,4
61700,2.61,-2.55,5.63,0,7,4
61720,1.74,-1.04,4.3,0,7,4
61740,0.8,1.27,1.99,0,7,4
61760,-1.35,3.36,0.1,0,7,4
61780,-2.3,2.81,0.3,0,7,4
61800,-0.85,0.01,1.52,0,7,4
61820,0.39,-1.78,1.87,0,7,4
61840,0.68,-1.83,2.43,0,7,4
61860,0.16,-1.1,3.71,0,7,4
61880,-0.86,-1.62,4.64,0,7,4
61900,-1.14,-4.07,5.21,0,7,4
61920,-1.58,-7.1,5.33,0,7,4
61940,-1.74,-8.76,6.59,0,7,4
61960,-1.81,-10.1,8.96,0,7,4
61980,-1.73,-11.93,9.45,0,7,4
62000,-1.72,-13.53,9.53,0,7,4
62020,-1.39,-15.77,9.76,0,7,4
62040,-1.65,-15.07,9.41,0,7,4
62060,-3.0,-11.97,9.09,0,7,4
62080,-3.77,-9.16,8.12,0,7,4
62100,-4.14,-7.44,7.58,0,7,4
62120,-2.84,-6.84,7.16,0,7,4
62140,-1.57,-6.97,6.32,0,7,4
62160,-0.7,-6.78,5.4,0,7,4
62180,-0.53,-6.03,5.01,0,7,4
62200,-0.71,-5.21,4.66,0,7,4
62220,-0.76,-4.96,4.52,0,7,4
62240,-0.48,-4.92,4.71,0,7,4
62260,-0.34,-5.13,4.65,0,7,4
62280,-0.12,-5.5,4.98,0,7,4
62300,-0.12,-6.0,5.12,0,7,4
62320,-0.43,-6.4,5.38,0,7,4
62340,-0.81,-6.36,6.3,0,7,4
62360,-0.69,-6.38,7.31,0,7,4
62380,-0.72,-7.05,7.66,0,7,4
62400,-0.73,-7.72,7.75,0,7,4
62420,-0.58,-8.01,7.83,0,7,4
62440,-0.5,-7.96,8.1,0,7,4
62460,-0.37,-7.75,8.06,0,7,4
62480,-0.25,-7.68,7.95,0,7,4
62500,-0.29,-7.59,7.4,0,7,4
62520,-0.25,-7.46,7.17,0,7,4
62540,-0.41,-7.16,6.94,0,7,4
62560,-0.67,-6.85,6.42,0,7,4
62580,-0.82,-6.51,6.03,0,7,4
62600,-1.12,-6.27,5.67,0,7,4
62620,-1.03,-6.06,5.77,0,7,4
62640,-0.8,-5.93,6.05,0,7,4
62660,-0.73,-6.13,6.16,0,7,4
62680,-0.46,-6.57,6.25,0,7,4
62700,-0.18,-6.98,6.46,0,7,4
62720,0.06,-7.22,6.68,0,7,4
62740,0.07,-7.27,6.86,0,7,4
62760,0.09,-7.38,6.92,0,7,4
62780,0.12,-7.48,6.88,0,7,4
62800,0.11,-7.56,6.74,0,7,4
62820,0.14,-7.61,6.74,0,7,4
62840,0.15,-7.42,6.73,0,7,4
62860,0.09,-7.22,6.72,0,7,4
62880,0.16,-7.07,6.58,0,7,4
62900,0.04,-7.03,6.48,0,7,4
62920,0.05,-7.01,6.39,0,7,4
62940,-0.01,-6.85,6.35,0,7,4
62960,0.0,-6.85,6.35,0,7,4
62980,-0.02,-6.9,6.38,0,7,4
63000,-0.03,-6.92,6.39,0,7,4
63020,-0.01,-7.04,6.45,0,7,4
63040,0.04,-7.08,6.58,0,7,4
63060,0.01,-7.13,6.63,0,7,4
63080,-0.06,-7.08,6.64,0,7,4
63100,-0.03,-7.22,6.66,0,7,4
63120,-0.12,-7.11,6.49,0,7,4
63140,-0.21,-6.95,6.62,0,7,4
63160,-0.1,-6.92,6.92,0,7,4
63180,-0.14,-6.88,6.83,0,7,4
63200,-0.24,-6.9,6.63,0,7,4
63220,-0.18,-6.89,6.5,0,7,4
61340,-3.27,-2.86,-3.65,0,7,5
61360,-2.05,-5.07,-4.07,0,7,5
61380,0.12,-4.95,-3.55,0,7,5
61400,-2.07,-4.75,-2.72,0,7,5
61420,-5.65,-4.11,-0.32,0,7,5
61440,-9.85,-1.03,5.9,0,7,5
61460,-6.56,1.18,11.56,0,7,5
61480,-7.84,-1.94,19.62,0,7,5
61500,-9.53,-5.8,19.62,0,7,5
61520,-4.78,-6.94,19.62,0,7,5
61540,-2.21,3.33,19.62,0,7,5
61560,-3.99,12.59,19.62,0,7,5
61580,6.59,6.21,19.62,0,7,5
61600,3.77,-5.06,13.58,0,7,5
61620,0.23,-0.7,7.15,0,7,5
61640,2.28,3.71,14.03,0,7,5
61660,1.01,-0.05,8.83,0,7,5
61680,2.05,-2.3,6.55,0,7,5
61700,2.61,-2.55,5.63,0,7,5
61720,1.74,-1.04,4.3,0,7,5
61740,0.8,1.27,1.99,0,7,5
61760,-1.35,3.36,0.1,0,7,5
61780,-2.3,2.81,0.3,0,7,5
61800,-0.85,0.01,1.52,0,7,5
61820,0.39,-1.78,1.87,0,7,5
61840,0.68,-1.83,2.43,0,7,5
61860,0.16,-1.1,3.71,0,7,5
61880,-0.86,-1.62,4.64,0,7,5
61900,-1.14,-4.07,5.21,0,7,5
61920,-1.58,-7.1,5.33,0,7,5
61940,-1.74,-8.76,6.59,0,7,5
61960,-1.81,-10.1,8.96,0,7,5
61980,-1.73,-11.93,9.45,0,7,5
62000,-1.72,-13.53,9.53,0,7,5
62020,-1.39,-15.77,9.76,0,7,5
62040,-1.65,-15.07,9.41,0,7,5
62060,-3.0,-11.97,9.09,0,7,5
62080,-3.77,-9.16,8.12,0,7,5
62100,-4.14,-7.44,7.58,0,7,5
62120,-2.84,-6.84,7.16,0,7,5
62140,-1.57,-6.97,6.32,0,7,5
62160,-0.7,-6.78,5.4,0,7,5
62180,-0.53,-6.03,5.01,0,7,5
62200,-0.71,-5.21,4.66,0,7,5
62220,-0.76,-4.96,4.52,0,7,5
62240,-0.48,-4.92,4.71,0,7,5
62260,-0.34,-5.13,4.65,0,7,5
62280,-0.12,-5.5,4.98,0,7,5
62300,-0.12,-6.0,5.12,0,7,5
62320,-0.43,-6.4,5.38,0,7,5
62340,-0.81,-6.36,6.3,0,7,5
62360,-0.69,-6.38,7.31,0,7,5
62380,-0.72,-7.05,7.66,0,7,5
62400,-0.73,-7.72,7.75,0,7,5
62420,-0.58,-8.01,7.83,0,7,5
62440,-0.5,-7.96,8.1,0,7,5
62460,-0.37,-7.75,8.06,0,7,5
62480,-0.25,-7.68,7.95,0,7,5
62500,-0.29,-7.59,7.4,0,7,5
62520,-0.25,-7.46,7.17,0,7,5
62540,-0.41,-7.16,6.94,0,7,5
62560,-0.67,-6.85,6.42,0,7,5
62580,-0.82,-6.51,6.03,0,7,5
62600,-1.12,-6.27,5.67,0,7,5
62620,-1.03,-6.06,5.77,0,7,5
62640,-0.8,-5.93,6.05,0,7,5
62660,-0.73,-6.13,6.16,0,7,5
62680,-0.46,-6.57,6.25,0,7,5
62700,-0.18,-6.98,6.46,0,7,5
62720,0.06,-7.22,6.68,0,7,5
62740,0.07,-7.27,6.86,0,7,5
62760,0.09,-7.38,6.92,0,7,5
62780,0.12,-7.48,6.88,0,7,5
62800,0.11,-7.56,6.74,0,7,5
62820,0.14,-7.61,6.74,0,7,5
62840,0.15,-7.42,6.73,0,7,5
62860,0.09,-7.22,6.72,0,7,5
62880,0.16,-7.07,6.58,0,7,5
62900,0.04,-7.03,6.48,0,7,5
62920,0.05,-7.01,6.39,0,7,5
62940,-0.01,-6.85,6.35,0,7,5
62960,0.0,-6.85,6.35,0,7,5
62980,-0.02,-6.9,6.38,0,7,5
63000,-0.03,-6.92,6.39,0,7,5
63020,-0.01,-7.04,6.45,0,7,5
63040,0.04,-7.08,6.58,0,7,5
63060,0.01,-7.13,6.63,0,7,5
63080,-0.06,-7.08,6.64,0,7,5
63100,-0.03,-7.22,6.66,0,7,5
63120,-0.12,-7.11,6.49,0,7,5
63140,-0.21,-6.95,6.62,0,7,5
63160,-0.1,-6.92,6.92,0,7,5
63180,-0.14,-6.88,6.83,0,7,5
63200,-0.24,-6.9,6.63,0,7,5
63220,-0.18,-6.89,6.5,0,7,5
63240,-0.18,-6.92,6.53,0,7,5
63260,-0.21,-6.78,6.59,0,7,5
63280,-0.21,-6.81,6.62,0,7,5
63300,-0.19,-6.94,6.58,0,7,5
63320,-0.22,-6.99,6.46,0,7,5
61440,-9.85,-1.03,5.9,0,7,6
61460,-6.56,1.18,11.56,0,7,6
61480,-7.84,-1.94,19.62,0,7,6
61500,-9.53,-5.8,19.62,0,7,6
61520,-4.78,-6.94,19.62,0,7,6
61540,-2.21,3.33,19.62,0,7,6
61560,-3.99,12.59,19.62,0,7,6
61580,6.59,6.21,19.62,0,7,6
61600,3.77,-5.06,13.58,0,7,6
61620,0.23,-0.7,7.15,0,7,6
61640,2.28,3.71,14.03,0,7,6
61660,1.01,-0.05,8.83,0,7,6
61680,2.05,-2.3,6.55,0,7,6
61700,2.61,-2.55,5.63,0,7,6
61720,1.74,-1.04,4.3,0,7,6
61740,0.8,1.27,1.99,0,7,6
61760,-1.35,3.36,0.1,0,7,6
61780,-2.3,2.81,0.3,0,7,6
61800,-0.85,0.01,1.52,0,7,6
61820,0.39,-1.78,1.87,0,7,6
61840,0.68,-1.83,2.43,0,7,6
61860,0.16,-1.1,3.71,0,7,6
61880,-0.86,-1.62,4.64,0,7,6
61900,-1.14,-4.07,5.21,0,7,6
61920,-1.58,-7.1,5.33,0,7,6
61940,-1.74,-8.76,6.59,0,7,6
61960,-1.81,-10.1,8.96,0,7,6
61980,-1.73,-11.93,9.45,0,7,6
62000,-1.72,-13.53,9.53,0,7,6
62020,-1.39,-15.77,9.76,0,7,6
62040,-1.65,-15.07,9.41,0,7,6
62060,-3.0,-11.97,9.09,0,7,6
62080,-3.77,-9.16,8.12,0,7,6
62100,-4.14,-7.44,7.58,0,7,6
62120,-2.84,-6.84,7.16,0,7,6
62140,-1.57,-6.97,6.32,0,7,6
62160,-0.7,-6.78,5.4,0,7,6
62180,-0.53,-6.03,5.01,0,7,6
62200,-0.71,-5.21,4.66,0,7,6
62220,-0.76,-4.96,4.52,0,7,6
62240,-0.48,-4.92,4.71,0,7,6
62260,-0.34,-5.13,4.65,0,7,6
62280,-0.12,-5.5,4.98,0,7,6
62300,-0.12,-6.0,5.12,0,7,6
62320,-0.43,-6.4,5.38,0,7,6
62340,-0.81,-6.36,6.3,0,7,6
62360,-0.69,-6.38,7.31,0,7,6
62380,-0.72,-7.05,7.66,0,7,6
62400,-0.73,-7.72,7.75,0,7,6
62420,-0.58,-8.01,7.83,0,7,6
62440,-0.5,-7.96,8.1,0,7,6
62460,-0.37,-7.75,8.06,0,7,6
62480,-0.25,-7.68,7.95,0,7,6
62500,-0.29,-7.59,7.4,0,7,6
62520,-0.25,-7.46,7.17,0,7,6
62540,-0.41,-7.16,6.94,0,7,6
62560,-0.67,-6.85,6.42,0,7,6
62580,-0.82,-6.51,6.03,0,7,6
62600,-1.12,-6.27,5.67,0,7,6
62620,-1.03,-6.06,5.77,0,7,6
62640,-0.8,-5.93,6.05,0,7,6
62660,-0.73,-6.13,6.16,0,7,6
62680,-0.46,-6.57,6.25,0,7,6
62700,-0.18,-6.98,6.46,0,7,6
62720,0.06,-7.22,6.68,0,7,6
62740,0.07,-7.27,6.86,0,7,6
62760,0.09,-7.38,6.92,0,7,6
62780,0.12,-7.48,6.88,0,7,6
62800,0.11,-7.56,6.74,0,7,6
62820,0.14,-7.61,6.74,0,7,6
62840,0.15,-7.42,6.73,0,7,6
62860,0.09,-7.22,6.72,0,7,6
62880,0.16,-7.07,6.58,0,7,6
62900,0.04,-7.03,6.48,0,7,6
62920,0.05,-7.01,6.39,0,7,6
62940,-0.01,-6.85,6.35,0,7,6
62960,0.0,-6.85,6.35,0,7,6
62980,-0.02,-6.9,6.38,0,7,6
63000,-0.03,-6.92,6.39,0,7,6
63020,-0.01,-7.04,6.45,0,7,6
63040,0.04,-7.08,6.58,0,7,6
63060,0.01,-7.13,6.63,0,7,6
63080,-0.06,-7.08,6.64,0,7,6
63100,-0.03,-7.22,6.66,0,7,6
63120,-0.12,-7.11,6.49,0,7,6
63140,-0.21,-6.95,6.62,0,7,6
63160,-0.1,-6.92,6.92,0,7,6
63180,-0.14,-6.88,6.83,0,7,6
63200,-0.24,-6.9,6.63,0,7,6
63220,-0.18,-6.89,6.5,0,7,6
63240,-0.18,-6.92,6.53,0,7,6
63260,-0.21,-6.78,6.59,0,7,6
63280,-0.21,-6.81,6.62,0,7,6
63300,-0.19,-6.94,6.58,0,7,6
63320,-0.22,-6.99,6.46,0,7,6
63340,-0.19,-6.93,6.57,0,7,6
63360,-0.08,-6.92,6.71,0,7,6
63380,-0.05,-6.92,6.76,0,7,6
63400,0.0,-6.98,6.81,0,7,6
63420,-0.08,-7.02,6.74,0,7,6
61540,-2.21,3.33,19.62,0,7,7
61560,-3.99,12.59,19.62,0,7,7
61580,6.59,6.21,19.62,0,7,7
61600,3.77,-5.06,13.58,0,7,7
61620,0.23,-0.7,7.15,0,7,7
61640,2.28,3.71,14.03,0,7,7
61660,1.01,-0.05,8.83,0,7,7
61680,2.05,-2.3,6.55,0,7,7
61700,2.61,-2.55,5.63,0,7,7
61720,1.74,-1.04,4.3,0,7,7
61740,0.8,1.27,1.99,0,7,7
61760,-1.35,3.36,0.1,0,7,7
61780,-2.3,2.81,0.3,0,7,7
61800,-0.85,0.01,1.52,0,7,7
61820,0.39,-1.78,1.87,0,7,7
61840,0.68,-1.83,2.43,0,7,7
61860,0.16,-1.1,3.71,0,7,7
61880,-0.86,-1.62,4.64,0,7,7
61900,-1.14,-4.07,5.21,0,7,7
61920,-1.58,-7.1,5.33,0,7,7
61940,-1.74,-8.76,6.59,0,7,7
61960,-1.81,-10.1,8.96,0,7,7
61980,-1.73,-11.93,9.45,0,7,7
62000,-1.72,-13.53,9.53,0,7,7
62020,-1.39,-15.77,9.76,0,7,7
62040,-1.65,-15.07,9.41,0,7,7
62060,-3.0,-11.97,9.09,0,7,7
62080,-3.77,-9.16,8.12,0,7,7
62100,-4.14,-7.44,7.58,0,7,7
62120,-2.84,-6.84,7.16,0,7,7
62140,-1.57,-6.97,6.32,0,7,7
62160,-0.7,-6.78,5.4,0,7,7
62180,-0.53,-6.03,5.01,0,7,7
62200,-0.71,-5.21,4.66,0,7,7
62220,-0.76,-4.96,4.52,0,7,7
62240,-0.48,-4.92,4.71,0,7,7
62260,-0.34,-5.13,4.65,0,7,7
62280,-0.12,-5.5,4.98,0,7,7
62300,-0.12,-6.0,5.12,0,7,7
62320,-0.43,-6.4,5.38,0,7,7
62340,-0.81,-6.36,6.3,0,7,7
62360,-0.69,-6.38,7.31,0,7,7
62380,-0.72,-7.05,7.66,0,7,7
62400,-0.73,-7.72,7.75,0,7,7
62420,-0.58,-8.01,7.83,0,7,7
62440,-0.5,-7.96,8.1,0,7,7
62460,-0.37,-7.75,8.06,0,7,7
62480,-0.25,-7.68,7.95,0,7,7
62500,-0.29,-7.59,7.4,0,7,7
62520,-0.25,-7.46,7.17,0,7,7
62540,-0.41,-7.16,6.94,0,7,7
62560,-0.67,-6.85,6.42,0,7,7
62580,-0.82,-6.51,6.03,0,7,7
62600,-1.12,-6.27,5.67,0,7,7
62620,-1.03,-6.06,5.77,0,7,7
62640,-0.8,-5.93,6.05,0,7,7
62660,-0.73,-6.13,6.16,0,7,7
62680,-0.46,-6.57,6.25,0,7,7
62700,-0.18,-6.98,6.46,0,7,7
62720,0.06,-7.22,6.68,0,7,7
62740,0.07,-7.27,6.86,0,7,7
62760,0.09,-7.38,6.92,0,7,7
62780,0.12,-7.48,6.88,0,7,7
62800,0.11,-7.56,6.74,0,7,7
62820,0.14,-7.61,6.74,0,7,7
62840,0.15,-7.42,6.73,0,7,7
62860,0.09,-7.22,6.72,0,7,7
62880,0.16,-7.07,6.58,0,7,7
62900,0.04,-7.03,6.48,0,7,7
62920,0.05,-7.01,6.39,0,7,7
62940,-0.01,-6.85,6.35,0,7,7
62960,0.0,-6.85,6.35,0,7,7
62980,-0.02,-6.9,6.38,0,7,7
63000,-0.03,-6.92,6.39,0,7,7
63020,-0.01,-7.04,6.45,0,7,7
63040,0.04,-7.08,6.58,0,7,7
63060,0.01,-7.13,6.63,0,7,7
63080,-0.06,-7.08,6.64,0,7,7
63100,-0.03,-7.22,6.66,0,7,7
63120,-0.12,-7.11,6.49,0,7,7
63140,-0.21,-6.95,6.62,0,7,7
63160,-0.1,-6.92,6.92,0,7,7
63180,-0.14,-6.88,6.83,0,7,7
63200,-0.24,-6.9,6.63,0,7,7
63220,-0.18,-6.89,6.5,0,7,7
63240,-0.18,-6.92,6.53,0,7,7
63260,-0.21,-6.78,6.59,0,7,7
63280,-0.21,-6.81,6.62,0,7,7
63300,-0.19,-6.94,6.58,0,7,7
63320,-0.22,-6.99,6.46,0,7,7
63340,-0.19,-6.93,6.57,0,7,7
63360,-0.08,-6.92,6.71,0,7,7
63380,-0.05,-6.92,6.76,0,7,7
63400,0.0,-6.98,6.81,0,7,7
63420,-0.08,-7.02,6.74,0,7,7
63440,-0.19,-7.01,6.74,0,7,7
63460,-0.19,-6.93,6.64,0,7,7
63480,-0.19,-6.92,6.68,0,7,7
63500,-0.15,-6.92,6.58,0,7,7
63520,-0.12,-6.96,6.71,0,7,7
61640,2.28,3.71,14.03,0,7,8
61660,1.01,-0.05,8.83,0,7,8
61680,2.05,-2.3,6.55,0,7,8
61700,2.61,-2.55,5.63,0,7,8
61720,1.74,-1.04,4.3,0,7,8
61740,0.8,1.27,1.99,0,7,8
61760,-1.35,3.36,0.1,0,7,8
61780,-2.3,2.81,0.3,0,7,8
61800,-0.85,0.01,1.52,0,7,8
61820,0.39,-1.78,1.87,0,7,8
61840,0.68,-1.83,2.43,0,7,8
61860,0.16,-1.1,3.71,0,7,8
61880,-0.86,-1.62,4.64,0,7,8
61900,-1.14,-4.07,5.21,0,7,8
61920,-1.58,-7.1,5.33,0,7,8
61940,-1.74,-8.76,6.59,0,7,8
61960,-1.81,-10.1,8.96,0,7,8
61980,-1.73,-11.93,9.45,0,7,8
62000,-1.72,-13.53,9.53,0,7,8
62020,-1.39,-15.77,9.76,0,7,8
62040,-1.65,-15.07,9.41,0,7,8
62060,-3.0,-11.97,9.09,0,7,8
62080,-3.77,-9.16,8.12,0,7,8
62100,-4.14,-7.44,7.58,0,7,8
62120,-2.84,-6.84,7.16,0,7,8
62140,-1.57,-6.97,6.32,0,7,8
62160,-0.7,-6.78,5.4,0,7,8
62180,-0.53,-6.03,5.01,0,7,8
62200,-0.71,-5.21,4.66,0,7,8
62220,-0.76,-4.96,4.52,0,7,8
62240,-0.48,-4.92,4.71,0,7,8
62260,-0.34,-5.13,4.65,0,7,8
62280,-0.12,-5.5,4.98,0,7,8
62300,-0.12,-6.0,5.12,0,7,8
62320,-0.43,-6.4,5.38,0,7,8
62340,-0.81,-6.36,6.3,0,7,8
62360,-0.69,-6.38,7.31,0,7,8
62380,-0.72,-7.05,7.66,0,7,8
62400,-0.73,-7.72,7.75,0,7,8
62420,-0.58,-8.01,7.83,0,7,8
62440,-0.5,-7.96,8.1,0,7,8
62460,-0.37,-7.75,8.06,0,7,8
62480,-0.25,-7.68,7.95,0,7,8
62500,-0.29,-7.59,7.4,0,7,8
62520,-0.25,-7.46,7.17,0,7,8
62540,-0.41,-7.16,6.94,0,7,8
62560,-0.67,-6.85,6.42,0,7,8
62580,-0.82,-6.51,6.03,0,7,8
62600,-1.12,-6.27,5.67,0,7,8
62620,-1.03,-6.06,5.77,0,7,8
62640,-0.8,-5.93,6.05,0,7,8
62660,-0.73,-6.13,6.16,0,7,8
62680,-0.46,-6.57,6.25,0,7,8
62700,-0.18,-6.98,6.46,0,7,8
62720,0.06,-7.22,6.68,0,7,8
62740,0.07,-7.27,6.86,0,7,8
62760,0.09,-7.38,6.92,0,7,8
62780,0.12,-7.48,6.88,0,7,8
62800,0.11,-7.56,6.74,0,7,8
62820,0.14,-7.61,6.74,0,7,8
62840,0.15,-7.42,6.73,0,7,8
62860,0.09,-7.22,6.72,0,7,8
62880,0.16,-7.07,6.58,0,7,8
62900,0.04,-7.03,6.48,0,7,8
62920,0.05,-7.01,6.39,0,7,8
62940,-0.01,-6.85,6.35,0,7,8
62960,0.0,-6.85,6.35,0,7,8
62980,-0.02,-6.9,6.38,0,7,8
63000,-0.03,-6.92,6.39,0,7,8
63020,-0.01,-7.04,6.45,0,7,8
63040,0.04,-7.08,6.58,0,7,8
63060,0.01,-7.13,6.63,0,7,8
63080,-0.06,-7.08,6.64,0,7,8
63100,-0.03,-7.22,6.66,0,7,8
63120,-0.12,-7.11,6.49,0,7,8
63140,-0.21,-6.95,6.62,0,7,8
63160,-0.1,-6.92,6.92,0,7,8
63180,-0.14,-6.88,6.83,0,7,8
63200,-0.24,-6.9,6.63,0,7,8
63220,-0.18,-6.89,6.5,0,7,8
63240,-0.18,-6.92,6.53,0,7,8
63260,-0.21,-6.78,6.59,0,7,8
63280,-0.21,-6.81,6.62,0,7,8
63300,-0.19,-6.94,6.58,0,7,8
63320,-0.22,-6.99,6.46,0,7,8
63340,-0.19,-6.93,6.57,0,7,8
63360,-0.08,-6.92,6.71,0,7,8
63380,-0.05,-6.92,6.76,0,7,8
63400,0.0,-6.98,6.81,0,7,8
63420,-0.08,-7.02,6.74,0,7,8
63440,-0.19,-7.01,6.74,0,7,8
63460,-0.19,-6.93,6.64,0,7,8
63480,-0.19,-6.92,6.68,0,7,8
63500,-0.15,-6.92,6.58,0,7,8
63520,-0.12,-6.96,6.71,0,7,8
63540,-0.12,-7.02,6.67,0,7,8
63560,-0.17,-6.96,6.51,0,7,8
63580,-0.36,-6.93,6.42,0,7,8
63600,-0.24,-7.03,6.51,0,7,8
63620,-0.19,-6.92,6.43,0,7,8
61740,0.8,1.27,1.99,0,7,9
61760,-1.35,3.36,0.1,0,7,9
61780,-2.3,2.81,0.3,0,7,9
61800,-0.85,0.01,1.52,0,7,9
61820,0.39,-1.78,1.87,0,7,9
61840,0.68,-1.83,2.43,0,7,9
61860,0.16,-1.1,3.71,0,7,9
61880,-0.86,-1.62,4.64,0,7,9
61900,-1.14,-4.07,5.21,0,7,9
61920,-1.58,-7.1,5.33,0,7,9
61940,-1.74,-8.76,6.59,0,7,9
61960,-1.81,-10.1,8.96,0,7,9
61980,-1.73,-11.93,9.45,0,7,9
62000,-1.72,-13.53,9.53,0,7,9
62020,-1.39,-15.77,9.76,0,7,9
62040,-1.65,-15.07,9.41,0,7,9
62060,-3.0,-11.97,9.09,0,7,9
62080,-3.77,-9.16,8.12,0,7,9
62100,-4.14,-7.44,7.58,0,7,9
62120,-2.84,-6.84,7.16,0,7,9
62140,-1.57,-6.97,6.32,0,7,9
62160,-0.7,-6.78,5.4,0,7,9
62180,-0.53,-6.03,5.01,0,7,9
62200,-0.71,-5.21,4.66,0,7,9
62220,-0.76,-4.96,4.52,0,7,9
62240,-0.48,-4.92,4.71,0,7,9
62260,-0.34,-5.13,4.65,0,7,9
62280,-0.12,-5.5,4.98,0,7,9
62300,-0.12,-6.0,5.12,0,7,9
62320,-0.43,-6.4,5.38,0,7,9
62340,-0.81,-6.36,6.3,0,7,9
62360,-0.69,-6.38,7.31,0,7,9
62380,-0.72,-7.05,7.66,0,7,9
62400,-0.73,-7.72,7.75,0,7,9
62420,-0.58,-8.01,7.83,0,7,9
62440,-0.5,-7.96,8.1,0,7,9
62460,-0.37,-7.75,8.06,0,7,9
62480,-0.25,-7.68,7.95,0,7,9
62500,-0.29,-7.59,7.4,0,7,9
62520,-0.25,-7.46,7.17,0,7,9
62540,-0.41,-7.16,6.94,0,7,9
62560,-0.67,-6.85,6.42,0,7,9
62580,-0.82,-6.51,6.03,0,7,9
62600,-1.12,-6.27,5.67,0,7,9
62620,-1.03,-6.06,5.77,0,7,9
62640,-0.8,-5.93,6.05,0,7,9
62660,-0.73,-6.13,6.16,0,7,9
62680,-0.46,-6.57,6.25,0,7,9
62700,-0.18,-6.98,6.46,0,7,9
62720,0.06,-7.22,6.68,0,7,9
62740,0.07,-7.27,6.86,0,7,9
62760,0.09,-7.38,6.92,0,7,9
62780,0.12,-7.48,6.88,0,7,9
62800,0.11,-7.56,6.74,0,7,9
62820,0.14,-7.61,6.74,0,7,9
62840,0.15,-7.42,6.73,0,7,9
62860,0.09,-7.22,6.72,0,7,9
62880,0.16,-7.07,6.58,0,7,9
62900,0.04,-7.03,6.48,0,7,9
62920,0.05,-7.01,6.39,0,7,9
62940,-0.01,-6.85,6.35,0,7,9
62960,0.0,-6.85,6.35,0,7,9
62980,-0.02,-6.9,6.38,0,7,9
63000,-0.03,-6.92,6.39,0,7,9
63020,-0.01,-7.04,6.45,0,7,9
63040,0.04,-7.08,6.58,0,7,9
63060,0.01,-7.13,6.63,0,7,9
63080,-0.06,-7.08,6.64,0,7,9
63100,-0.03,-7.22,6.66,0,7,9
63120,-0.12,-7.11,6.49,0,7,9
63140,-0.21,-6.95,6.62,0,7,9
63160,-0.1,-6.92,6.92,0,7,9
63180,-0.14,-6.88,6.83,0,7,9
63200,-0.24,-6.9,6.63,0,7,9
63220,-0.18,-6.89,6.5,0,7,9
63240,-0.18,-6.92,6.53,0,7,9
63260,-0.21,-6.78,6.59,0,7,9
63280,-0.21,-6.81,6.62,0,7,9
63300,-0.19,-6.94,6.58,0,7,9
63320,-0.22,-6.99,6.46,0,7,9
63340,-0.19,-6.93,6.57,0,7,9
63360,-0.08,-6.92,6.71,0,7,9
63380,-0.05,-6.92,6.76,0,7,9
63400,0.0,-6.98,6.81,0,7,9
63420,-0.08,-7.02,6.74,0,7,9
63440,-0.19,-7.01,6.74,0,7,9
63460,-0.19,-6.93,6.64,0,7,9
63480,-0.19,-6.92,6.68,0,7,9
63500,-0.15,-6.92,6.58,0,7,9
63520,-0.12,-6.96,6.71,0,7,9
63540,-0.12,-7.02,6.67,0,7,9
63560,-0.17,-6.96,6.51,0,7,9
63580,-0.36,-6.93,6.42,0,7,9
63600,-0.24,-7.03,6.51,0,7,9
63620,-0.19,-6.92,6.43,0,7,9
63640,-0.11,-6.96,6.71,0,7,9
63660,-0.06,-7.05,6.69,0,7,9
63680,-0.11,-7.07,6.53,0,7,9
63700,-0.22,-7.03,6.6,0,7,9
63720,-0.19,-7.01,6.61,0,7,9
61840,0.68,-1.83,2.43,0,7,10
61860,0.16,-1.1,3.71,0,7,10
61880,-0.86,-1.62,4.64,0,7,10
61900,-1.14,-4.07,5.21,0,7,10
61920,-1.58,-7.1,5.33,0,7,10
61940,-1.74,-8.76,6.59,0,7,10
61960,-1.81,-10.1,8.96,0,7,10
61980,-1.73,-11.93,9.45,0,7,10
62000,-1.72,-13.53,9.53,0,7,10
62020,-1.39,-15.77,9.76,0,7,10
62040,-1.65,-15.07,9.41,0,7,10
62060,-3.0,-11.97,9.09,0,7,10
62080,-3.77,-9.16,8.12,0,7,10
62100,-4.14,-7.44,7.58,0,7,10
62120,-2.84,-6.84,7.16,0,7,10
62140,-1.57,-6.97,6.32,0,7,10
62160,-0.7,-6.78,5.4,0,7,10
62180,-0.53,-6.03,5.01,0,7,10
62200,-0.71,-5.21,4.66,0,7,10
62220,-0.76,-4.96,4.52,0,7,10
62240,-0.48,-4.92,4.71,0,7,10
62260,-0.34,-5.13,4.65,0,7,10
62280,-0.12,-5.5,4.98,0,7,10
62300,-0.12,-6.0,5.12,0,7,10
62320,-0.43,-6.4,5.38,0,7,10
62340,-0.81,-6.36,6.3,0,7,10
62360,-0.69,-6.38,7.31,0,7,10
62380,-0.72,-7.05,7.66,0,7,10
62400,-0.73,-7.72,7.75,0,7,10
62420,-0.58,-8.01,7.83,0,7,10
62440,-0.5,-7.96,8.1,0,7,10
62460,-0.37,-7.75,8.06,0,7,10
62480,-0.25,-7.68,7.95,0,7,10
62500,-0.29,-7.59,7.4,0,7,10
62520,-0.25,-7.46,7.17,0,7,10
62540,-0.41,-7.16,6.94,0,7,10
62560,-0.67,-6.85,6.42,0,7,10
62580,-0.82,-6.51,6.03,0,7,10
62600,-1.12,-6.27,5.67,0,7,10
62620,-1.03,-6.06,5.77,0,7,10
62640,-0.8,-5.93,6.05,0,7,10
62660,-0.73,-6.13,6.16,0,7,10
62680,-0.46,-6.57,6.25,0,7,10
62700,-0.18,-6.98,6.46,0,7,10
62720,0.06,-7.22,6.68,0,7,10
62740,0.07,-7.27,6.86,0,7,10
62760,0.09,-7.38,6.92,0,7,10
62780,0.12,-7.48,6.88,0,7,10
62800,0.11,-7.56,6.74,0,7,10
62820,0.14,-7.61,6.74,0,7,10
62840,0.15,-7.42,6.73,0,7,10
62860,0.09,-7.22,6.72,0,7,10
62880,0.16,-7.07,6.58,0,7,10
62900,0.04,-7.03,6.48,0,7,10
62920,0.05,-7.01,6.39,0,7,10
62940,-0.01,-6.85,6.35,0,7,10
62960,0.0,-6.85,6.35,0,7,10
62980,-0.02,-6.9,6.38,0,7,10
63000,-0.03,-6.92,6.39,0,7,10
63020,-0.01,-7.04,6.45,0,7,10
63040,0.04,-7.08,6.58,0,7,10
63060,0.01,-7.13,6.63,0,7,10
63080,-0.06,-7.08,6.64,0,7,10
63100,-0.03,-7.22,6.66,0,7,10
63120,-0.12,-7.11,6.49,0,7,10
63140,-0.21,-6.95,6.62,0,7,10
63160,-0.1,-6.92,6.92,0,7,10
63180,-0.14,-6.88,6.83,0,7,10
63200,-0.24,-6.9,6.63,0,7,10
63220,-0.18,-6.89,6.5,0,7,10
63240,-0.18,-6.92,6.53,0,7,10
63260,-0.21,-6.78,6.59,0,7,10
63280,-0.21,-6.81,6.62,0,7,10
63300,-0.19,-6.94,6.58,0,7,10
63320,-0.22,-6.99,6.46,0,7,10
63340,-0.19,-6.93,6.57,0,7,10
63360,-0.08,-6.92,6.71,0,7,10
63380,-0.05,-6.92,6.76,0,7,10
63400,0.0,-6.98,6.81,0,7,10
63420,-0.08,-7.02,6.74,0,7,10
63440,-0.19,-7.01,6.74,0,7,10
63460,-0.19,-6.93,6.64,0,7,10
63480,-0.19,-6.92,6.68,0,7,10
63500,-0.15,-6.92,6.58,0,7,10
63520,-0.12,-6.96,6.71,0,7,10
63540,-0.12,-7.02,6.67,0,7,10
63560,-0.17,-6.96,6.51,0,7,10
63580,-0.36,-6.93,6.42,0,7,10
63600,-0.24,-7.03,6.51,0,7,10
63620,-0.19,-6.92,6.43,0,7,10
63640,-0.11,-6.96,6.71,0,7,10
63660,-0.06,-7.05,6.69,0,7,10
63680,-0.11,-7.07,6.53,0,7,10
63700,-0.22,-7.03,6.6,0,7,10
63720,-0.19,-7.01,6.61,0,7,10
63740,-0.13,-7.05,6.63,0,7,10
63760,-0.05,-7.14,6.58,0,7,10
63780,-0.03,-7.19,6.55,0,7,10
63800,-0.09,-7.14,6.56,0,7,10
63820,-0.24,-7.02,6.51,0,7,10
