timestamp,Accel_X,Accel_Y,Accel_Z,Fall_Indicator,Label,Event_ID,Window_Number
0,-8.18,-2.1,-4.91,0,0,1,1
20,-8.22,-2.12,-4.98,0,0,1,1
40,-8.18,-2.23,-5.02,0,0,1,1
60,-8.22,-2.22,-4.96,0,0,1,1
80,-8.17,-2.2,-4.92,0,0,1,1
100,-8.2,-2.28,-4.9,0,0,1,1
120,-8.19,-2.21,-4.95,0,0,1,1
140,-8.21,-2.21,-4.93,0,0,1,1
160,-8.23,-2.21,-4.93,0,0,1,1
180,-8.2,-2.21,-4.95,0,0,1,1
200,-8.15,-2.27,-4.94,0,0,1,1
220,-8.2,-2.23,-4.93,0,0,1,1
240,-8.17,-2.25,-4.94,0,0,1,1
260,-8.14,-2.22,-4.88,0,0,1,1
280,-8.17,-2.28,-4.9,0,0,1,1
300,-8.27,-2.23,-4.96,0,0,1,1
320,-8.28,-2.17,-4.82,0,0,1,1
340,-8.26,-2.22,-4.87,0,0,1,1
360,-8.25,-2.21,-4.82,0,0,1,1
380,-8.28,-2.07,-4.82,0,0,1,1
400,-8.32,-2.11,-4.84,0,0,1,1
420,-8.15,-2.21,-4.75,0,0,1,1
440,-8.13,-2.3,-4.7,0,0,1,1
460,-8.14,-2.42,-4.77,0,0,1,1
480,-8.17,-2.38,-4.88,0,0,1,1
500,-8.27,-2.28,-4.93,0,0,1,1
520,-8.22,-2.23,-4.93,0,0,1,1
540,-8.25,-2.1,-4.76,0,0,1,1
560,-8.37,-1.96,-4.89,0,0,1,1
580,-8.27,-2.05,-4.96,0,0,1,1
600,-8.19,-2.17,-4.88,0,0,1,1
620,-8.3,-1.97,-4.96,0,0,1,1
640,-8.41,-1.74,-5.02,0,0,1,1
660,-8.42,-1.61,-4.88,0,0,1,1
680,-8.38,-1.41,-4.92,0,0,1,1
700,-8.48,-1.48,-4.98,0,0,1,1
720,-8.32,-1.84,-4.91,0,0,1,1
740,-8.12,-2.22,-4.72,0,0,1,1
760,-8.11,-2.14,-4.79,0,0,1,1
780,-8.3,-1.74,-5.04,0,0,1,1
800,-8.52,-1.4,-5.02,0,0,1,1
820,-8.42,-1.4,-4.9,0,0,1,1
840,-8.27,-1.88,-4.84,0,0,1,1
860,-8.15,-2.22,-4.8,0,0,1,1
880,-8.1,-2.15,-4.85,0,0,1,1
900,-8.08,-1.94,-4.84,0,0,1,1
920,-8.25,-1.61,-4.59,0,0,1,1
940,-8.45,-1.54,-5.03,0,0,1,1
960,-8.44,-1.58,-5.14,0,0,1,1
980,-8.44,-1.51,-4.95,0,0,1,1
1000,-8.28,-1.41,-4.76,0,0,1,1
1020,-8.13,-1.3,-4.71,0,0,1,1
1040,-8.22,-1.16,-4.97,0,0,1,1
1060,-8.42,-1.28,-5.16,0,0,1,1
1080,-8.33,-1.47,-5.24,0,0,1,1
1100,-8.15,-1.71,-5.13,0,0,1,1
1120,-8.0,-1.72,-5.12,0,0,1,1
1140,-8.17,-1.64,-5.27,0,0,1,1
1160,-8.12,-1.73,-5.26,0,0,1,1
1180,-8.06,-1.89,-5.21,0,0,1,1
1200,-7.94,-2.02,-5.24,0,0,1,1
1220,-7.79,-2.04,-5.38,0,0,1,1
1240,-7.78,-2.02,-5.49,0,0,1,1
1260,-7.96,-1.85,-5.59,0,0,1,1
1280,-7.8,-1.92,-5.55,0,0,1,1
1300,-7.95,-1.54,-5.56,0,0,1,1
1320,-7.81,-1.05,-5.46,0,0,1,1
1340,-7.63,-1.16,-5.7,0,0,1,1
1360,-7.67,-1.34,-6.16,0,0,1,1
1380,-7.86,-1.15,-6.49,0,0,1,1
1400,-7.84,-0.53,-6.53,0,0,1,1
1420,-7.89,-0.25,-6.56,0,0,1,1
1440,-7.99,-0.2,-6.56,0,0,1,1
1460,-7.97,-0.3,-6.38,0,0,1,1
1480,-8.02,-0.21,-6.13,0,0,1,1
1500,-8.01,0.22,-6.26,0,0,1,1
1520,-8.1,0.69,-6.33,0,0,1,1
1540,-8.15,0.75,-6.28,0,0,1,1
1560,-8.0,0.51,-6.16,0,0,1,1
1580,-7.69,0.11,-6.25,0,0,1,1
1600,-7.6,-0.59,-6.26,0,0,1,1
1620,-7.43,-0.87,-6.41,0,0,1,1
1640,-7.58,-0.85,-6.56,0,0,1,1
1660,-7.97,-0.72,-6.71,0,0,1,1
1680,-8.01,-0.15,-6.64,0,0,1,1
1700,-7.89,0.17,-6.43,0,0,1,1
1720,-7.67,0.12,-6.1,0,0,1,1
1740,-7.33,-0.17,-5.68,0,0,1,1
1760,-7.34,-0.68,-5.97,0,0,1,1
1780,-7.43,-0.81,-6.67,0,0,1,1
1800,-7.46,-0.88,-7.07,0,0,1,1
1820,-7.83,-1.56,-7.02,0,0,1,1
1840,-7.71,-1.7,-6.19,0,0,1,1
1860,-7.87,-1.44,-5.64,0,0,1,1
1880,-7.73,-1.08,-5.2,0,0,1,1
1900,-7.94,-1.58,-6.04,0,0,1,1
1920,-8.07,-1.77,-5.88,0,0,1,1
1940,-8.34,-1.87,-5.26,0,0,1,1
1960,-8.29,-1.58,-4.38,0,0,1,1
1980,-7.67,-0.19,-3.46,0,0,1,1
1000,-8.28,-1.41,-4.76,0,0,1,2
1020,-8.13,-1.3,-4.71,0,0,1,2
1040,-8.22,-1.16,-4.97,0,0,1,2
1060,-8.42,-1.28,-5.16,0,0,1,2
1080,-8.33,-1.47,-5.24,0,0,1,2
1100,-8.15,-1.71,-5.13,0,0,1,2
1120,-8.0,-1.72,-5.12,0,0,1,2
1140,-8.17,-1.64,-5.27,0,0,1,2
1160,-8.12,-1.73,-5.26,0,0,1,2
1180,-8.06,-1.89,-5.21,0,0,1,2
1200,-7.94,-2.02,-5.24,0,0,1,2
1220,-7.79,-2.04,-5.38,0,0,1,2
1240,-7.78,-2.02,-5.49,0,0,1,2
1260,-7.96,-1.85,-5.59,0,0,1,2
1280,-7.8,-1.92,-5.55,0,0,1,2
1300,-7.95,-1.54,-5.56,0,0,1,2
1320,-7.81,-1.05,-5.46,0,0,1,2
1340,-7.63,-1.16,-5.7,0,0,1,2
1360,-7.67,-1.34,-6.16,0,0,1,2
1380,-7.86,-1.15,-6.49,0,0,1,2
1400,-7.84,-0.53,-6.53,0,0,1,2
1420,-7.89,-0.25,-6.56,0,0,1,2
1440,-7.99,-0.2,-6.56,0,0,1,2
1460,-7.97,-0.3,-6.38,0,0,1,2
1480,-8.02,-0.21,-6.13,0,0,1,2
1500,-8.01,0.22,-6.26,0,0,1,2
1520,-8.1,0.69,-6.33,0,0,1,2
1540,-8.15,0.75,-6.28,0,0,1,2
1560,-8.0,0.51,-6.16,0,0,1,2
1580,-7.69,0.11,-6.25,0,0,1,2
1600,-7.6,-0.59,-6.26,0,0,1,2
1620,-7.43,-0.87,-6.41,0,0,1,2
1640,-7.58,-0.85,-6.56,0,0,1,2
1660,-7.97,-0.72,-6.71,0,0,1,2
1680,-8.01,-0.15,-6.64,0,0,1,2
1700,-7.89,0.17,-6.43,0,0,1,2
1720,-7.67,0.12,-6.1,0,0,1,2
1740,-7.33,-0.17,-5.68,0,0,1,2
1760,-7.34,-0.68,-5.97,0,0,1,2
1780,-7.43,-0.81,-6.67,0,0,1,2
1800,-7.46,-0.88,-7.07,0,0,1,2
1820,-7.83,-1.56,-7.02,0,0,1,2
1840,-7.71,-1.7,-6.19,0,0,1,2
1860,-7.87,-1.44,-5.64,0,0,1,2
1880,-7.73,-1.08,-5.2,0,0,1,2
1900,-7.94,-1.58,-6.04,0,0,1,2
1920,-8.07,-1.77,-5.88,0,0,1,2
1940,-8.34,-1.87,-5.26,0,0,1,2
1960,-8.29,-1.58,-4.38,0,0,1,2
1980,-7.67,-0.19,-3.46,0,0,1,2
2000,-7.89,-0.2,-4.64,0,0,1,2
2020,-8.71,-0.84,-6.9,0,0,1,2
2040,-8.4,-0.85,-6.49,0,0,1,2
2060,-8.15,0.55,-4.51,0,0,1,2
2080,-8.84,1.67,-3.28,0,0,1,2
2100,-9.78,2.01,-4.03,0,0,1,2
2120,-11.06,1.74,-5.85,0,0,1,2
2140,-10.98,1.71,-7.23,0,0,1,2
2160,-10.27,1.77,-6.38,0,0,1,2
2180,-8.89,2.05,-4.02,0,0,1,2
2200,-8.47,2.01,-2.14,0,0,1,2
2220,-8.2,1.98,-2.42,0,0,1,2
2240,-9.07,1.32,-3.79,0,0,1,2
2260,-8.89,0.84,-4.2,0,0,1,2
2280,-7.77,0.51,-3.52,0,0,1,2
2300,-8.15,0.6,-2.46,0,0,1,2
2320,-8.29,0.68,-2.33,0,0,1,2
2340,-8.21,0.44,-3.1,0,0,1,2
2360,-8.18,0.1,-3.76,0,0,1,2
2380,-8.42,0.55,-3.88,0,0,1,2
2400,-8.43,1.55,-3.69,0,0,1,2
2420,-8.49,2.42,-3.64,0,0,1,2
2440,-8.81,2.88,-4.03,0,0,1,2
2460,-8.9,2.85,-4.32,0,0,1,2
2480,-8.7,2.24,-4.44,0,0,1,2
2500,-8.63,1.34,-4.52,0,0,1,2
2520,-8.81,0.56,-4.21,0,0,1,2
2540,-8.95,0.14,-3.99,0,0,1,2
2560,-8.65,0.5,-3.65,0,0,1,2
2580,-8.54,1.11,-3.61,0,0,1,2
2600,-8.65,1.77,-3.93,0,0,1,2
2620,-8.79,1.68,-4.54,0,0,1,2
2640,-9.01,1.31,-4.71,0,0,1,2
2660,-8.75,1.02,-4.49,0,0,1,2
2680,-8.35,0.72,-3.68,0,0,1,2
2700,-7.98,0.34,-3.26,0,0,1,2
2720,-8.35,0.01,-3.49,0,0,1,2
2740,-8.2,0.35,-3.83,0,0,1,2
2760,-8.57,0.77,-4.03,0,0,1,2
2780,-8.7,1.02,-4.12,0,0,1,2
2800,-8.39,1.34,-4.02,0,0,1,2
2820,-8.01,2.05,-3.83,0,0,1,2
2840,-8.3,2.68,-3.78,0,0,1,2
2860,-8.45,3.15,-4.47,0,0,1,2
2880,-8.75,3.01,-5.03,0,0,1,2
2900,-8.63,2.63,-5.24,0,0,1,2
2920,-6.93,2.81,-5.0,0,0,1,2
2940,-6.39,2.62,-4.07,0,0,1,2
2960,-12.97,-1.59,-5.07,0,0,1,2
2980,-14.73,-3.58,-12.0,0,0,1,2
2000,-7.89,-0.2,-4.64,0,0,1,3
2020,-8.71,-0.84,-6.9,0,0,1,3
2040,-8.4,-0.85,-6.49,0,0,1,3
2060,-8.15,0.55,-4.51,0,0,1,3
2080,-8.84,1.67,-3.28,0,0,1,3
2100,-9.78,2.01,-4.03,0,0,1,3
2120,-11.06,1.74,-5.85,0,0,1,3
2140,-10.98,1.71,-7.23,0,0,1,3
2160,-10.27,1.77,-6.38,0,0,1,3
2180,-8.89,2.05,-4.02,0,0,1,3
2200,-8.47,2.01,-2.14,0,0,1,3
2220,-8.2,1.98,-2.42,0,0,1,3
2240,-9.07,1.32,-3.79,0,0,1,3
2260,-8.89,0.84,-4.2,0,0,1,3
2280,-7.77,0.51,-3.52,0,0,1,3
2300,-8.15,0.6,-2.46,0,0,1,3
2320,-8.29,0.68,-2.33,0,0,1,3
2340,-8.21,0.44,-3.1,0,0,1,3
2360,-8.18,0.1,-3.76,0,0,1,3
2380,-8.42,0.55,-3.88,0,0,1,3
2400,-8.43,1.55,-3.69,0,0,1,3
2420,-8.49,2.42,-3.64,0,0,1,3
2440,-8.81,2.88,-4.03,0,0,1,3
2460,-8.9,2.85,-4.32,0,0,1,3
2480,-8.7,2.24,-4.44,0,0,1,3
2500,-8.63,1.34,-4.52,0,0,1,3
2520,-8.81,0.56,-4.21,0,0,1,3
2540,-8.95,0.14,-3.99,0,0,1,3
2560,-8.65,0.5,-3.65,0,0,1,3
2580,-8.54,1.11,-3.61,0,0,1,3
2600,-8.65,1.77,-3.93,0,0,1,3
2620,-8.79,1.68,-4.54,0,0,1,3
2640,-9.01,1.31,-4.71,0,0,1,3
2660,-8.75,1.02,-4.49,0,0,1,3
2680,-8.35,0.72,-3.68,0,0,1,3
2700,-7.98,0.34,-3.26,0,0,1,3
2720,-8.35,0.01,-3.49,0,0,1,3
2740,-8.2,0.35,-3.83,0,0,1,3
2760,-8.57,0.77,-4.03,0,0,1,3
2780,-8.7,1.02,-4.12,0,0,1,3
2800,-8.39,1.34,-4.02,0,0,1,3
2820,-8.01,2.05,-3.83,0,0,1,3
2840,-8.3,2.68,-3.78,0,0,1,3
2860,-8.45,3.15,-4.47,0,0,1,3
2880,-8.75,3.01,-5.03,0,0,1,3
2900,-8.63,2.63,-5.24,0,0,1,3
2920,-6.93,2.81,-5.0,0,0,1,3
2940,-6.39,2.62,-4.07,0,0,1,3
2960,-12.97,-1.59,-5.07,0,0,1,3
2980,-14.73,-3.58,-12.0,0,0,1,3
3000,-11.97,-6.7,-11.56,0,0,1,3
3020,-6.72,-3.18,-2.42,0,0,1,3
3040,-6.22,0.86,0.64,0,0,1,3
3060,-7.56,4.17,-1.08,0,0,1,3
3080,-8.46,2.07,-2.87,0,0,1,3
3100,-9.0,-2.65,-5.56,0,0,1,3
3120,-9.79,-5.19,-7.71,0,0,1,3
3140,-8.65,-3.18,-6.04,0,0,1,3
3160,-7.1,-0.43,-3.76,0,0,1,3
3180,-7.32,1.03,-3.17,0,0,1,3
3200,-8.22,0.58,-4.63,0,0,1,3
3220,-8.74,-0.97,-6.45,0,0,1,3
3240,-8.16,-1.32,-6.71,0,0,1,3
3260,-8.01,-1.61,-6.23,0,0,1,3
3280,-7.93,-1.03,-5.42,0,0,1,3
3300,-7.58,-0.28,-4.77,0,0,1,3
3320,-7.64,0.31,-4.86,0,0,1,3
3340,-7.84,0.76,-5.34,0,0,1,3
3360,-8.05,0.72,-5.42,0,0,1,3
3380,-7.56,0.72,-5.13,0,0,1,3
3400,-7.06,0.94,-4.69,0,0,1,3
3420,-6.64,1.17,-4.71,0,0,1,3
3440,-7.35,1.17,-5.25,0,0,1,3
3460,-8.03,1.12,-5.88,0,0,1,3
3480,-9.03,0.81,-6.44,0,0,1,3
3500,-8.92,1.41,-6.39,0,0,1,3
3520,-8.38,1.13,-5.9,0,0,1,3
3540,-7.31,0.19,-5.75,0,0,1,3
3560,-8.39,-0.39,-4.72,0,0,1,3
3580,-7.24,0.13,-4.19,0,0,1,3
3600,-9.82,2.07,-4.56,0,0,1,3
3620,-11.24,4.62,-5.78,0,0,1,3
3640,-12.06,4.03,-9.19,0,0,1,3
3660,-12.03,0.25,-11.75,0,0,1,3
3680,-10.51,-1.06,-10.28,0,0,1,3
3700,-8.26,-0.87,-6.3,0,0,1,3
3720,-6.21,-0.74,-2.7,0,0,1,3
3740,-5.24,-1.76,0.65,0,0,1,3
3760,-4.94,-3.1,1.31,0,0,1,3
3780,-6.31,-2.8,-1.98,0,0,1,3
3800,-9.93,-1.9,-4.9,0,0,1,3
3820,-11.82,1.26,-7.2,0,0,1,3
3840,-12.33,3.2,-7.55,0,0,1,3
3860,-10.47,3.27,-5.6,0,0,1,3
3880,-8.22,2.18,-3.02,0,0,1,3
3900,-7.07,0.82,-1.36,0,0,1,3
3920,-6.81,0.16,-2.43,0,0,1,3
3940,-8.12,0.11,-3.85,0,0,1,3
3960,-8.62,0.48,-4.31,0,0,1,3
3980,-8.36,0.5,-3.76,0,0,1,3
3000,-11.97,-6.7,-11.56,0,0,1,4
3020,-6.72,-3.18,-2.42,0,0,1,4
3040,-6.22,0.86,0.64,0,0,1,4
3060,-7.56,4.17,-1.08,0,0,1,4
3080,-8.46,2.07,-2.87,0,0,1,4
3100,-9.0,-2.65,-5.56,0,0,1,4
3120,-9.79,-5.19,-7.71,0,0,1,4
3140,-8.65,-3.18,-6.04,0,0,1,4
3160,-7.1,-0.43,-3.76,0,0,1,4
3180,-7.32,1.03,-3.17,0,0,1,4
3200,-8.22,0.58,-4.63,0,0,1,4
3220,-8.74,-0.97,-6.45,0,0,1,4
3240,-8.16,-1.32,-6.71,0,0,1,4
3260,-8.01,-1.61,-6.23,0,0,1,4
3280,-7.93,-1.03,-5.42,0,0,1,4
3300,-7.58,-0.28,-4.77,0,0,1,4
3320,-7.64,0.31,-4.86,0,0,1,4
3340,-7.84,0.76,-5.34,0,0,1,4
3360,-8.05,0.72,-5.42,0,0,1,4
3380,-7.56,0.72,-5.13,0,0,1,4
3400,-7.06,0.94,-4.69,0,0,1,4
3420,-6.64,1.17,-4.71,0,0,1,4
3440,-7.35,1.17,-5.25,0,0,1,4
3460,-8.03,1.12,-5.88,0,0,1,4
3480,-9.03,0.81,-6.44,0,0,1,4
3500,-8.92,1.41,-6.39,0,0,1,4
3520,-8.38,1.13,-5.9,0,0,1,4
3540,-7.31,0.19,-5.75,0,0,1,4
3560,-8.39,-0.39,-4.72,0,0,1,4
3580,-7.24,0.13,-4.19,0,0,1,4
3600,-9.82,2.07,-4.56,0,0,1,4
3620,-11.24,4.62,-5.78,0,0,1,4
3640,-12.06,4.03,-9.19,0,0,1,4
3660,-12.03,0.25,-11.75,0,0,1,4
3680,-10.51,-1.06,-10.28,0,0,1,4
3700,-8.26,-0.87,-6.3,0,0,1,4
3720,-6.21,-0.74,-2.7,0,0,1,4
3740,-5.24,-1.76,0.65,0,0,1,4
3760,-4.94,-3.1,1.31,0,0,1,4
3780,-6.31,-2.8,-1.98,0,0,1,4
3800,-9.93,-1.9,-4.9,0,0,1,4
3820,-11.82,1.26,-7.2,0,0,1,4
3840,-12.33,3.2,-7.55,0,0,1,4
3860,-10.47,3.27,-5.6,0,0,1,4
3880,-8.22,2.18,-3.02,0,0,1,4
3900,-7.07,0.82,-1.36,0,0,1,4
3920,-6.81,0.16,-2.43,0,0,1,4
3940,-8.12,0.11,-3.85,0,0,1,4
3960,-8.62,0.48,-4.31,0,0,1,4
3980,-8.36,0.5,-3.76,0,0,1,4
4000,-7.98,0.21,-3.08,0,0,1,4
4020,-7.54,0.44,-3.06,0,0,1,4
4040,-7.43,1.04,-3.22,0,0,1,4
4060,-7.38,1.7,-3.63,0,0,1,4
4080,-8.23,1.64,-3.83,0,0,1,4
4100,-8.98,1.56,-4.43,0,0,1,4
4120,-8.79,1.7,-4.89,0,0,1,4
4140,-8.46,1.68,-4.4,0,0,1,4
4160,-8.28,2.28,-3.53,0,0,1,4
4180,-7.95,3.32,-3.24,0,0,1,4
4200,-8.07,4.68,-3.34,0,0,1,4
4220,-8.26,5.52,-3.6,0,0,1,4
4240,-14.23,2.39,-3.38,0,0,1,4
4260,-12.48,1.06,-9.29,0,0,1,4
4280,-13.02,-3.33,-10.42,0,0,1,4
4300,-9.61,-5.38,-6.45,0,0,1,4
4320,-8.21,-2.4,-0.4,0,0,1,4
4340,-8.16,1.82,0.17,0,0,1,4
4360,-8.34,2.16,-3.31,0,0,1,4
4380,-8.64,-1.15,-6.48,0,0,1,4
4400,-7.95,-3.06,-7.29,0,0,1,4
4420,-7.56,-2.9,-6.07,0,0,1,4
4440,-7.46,-1.52,-4.04,0,0,1,4
4460,-7.22,-1.39,-3.25,0,0,1,4
4480,-7.24,-1.29,-3.42,0,0,1,4
4500,-7.56,-0.06,-4.1,0,0,1,4
4520,-8.53,1.22,-5.22,0,0,1,4
4540,-8.88,1.6,-6.22,0,0,1,4
4560,-8.99,1.54,-6.74,0,0,1,4
4580,-8.9,1.09,-6.19,0,0,1,4
4600,-7.87,0.99,-4.84,0,0,1,4
4620,-7.37,1.41,-4.11,0,0,1,4
4640,-7.44,2.04,-4.17,0,0,1,4
4660,-7.78,2.61,-4.79,0,0,1,4
4680,-7.83,3.12,-5.37,0,0,1,4
4700,-7.7,3.19,-5.06,0,0,1,4
4720,-7.3,2.73,-4.39,0,0,1,4
4740,-7.54,1.34,-4.79,0,0,1,4
4760,-8.58,-0.49,-5.46,0,0,1,4
4780,-9.2,-1.15,-5.51,0,0,1,4
4800,-8.55,-0.21,-5.02,0,0,1,4
4820,-8.41,0.86,-4.35,0,0,1,4
4840,-8.0,1.09,-4.43,0,0,1,4
4860,-9.32,0.37,-4.21,0,0,1,4
4880,-7.74,0.29,-2.81,0,0,1,4
4900,-7.73,2.42,-3.05,0,0,1,4
4920,-10.46,4.49,-5.13,0,0,1,4
4940,-12.58,2.28,-8.53,0,0,1,4
4960,-11.23,-1.74,-10.0,0,0,1,4
4980,-11.53,-2.26,-9.86,0,0,1,4
4000,-7.98,0.21,-3.08,0,0,1,5
4020,-7.54,0.44,-3.06,0,0,1,5
4040,-7.43,1.04,-3.22,0,0,1,5
4060,-7.38,1.7,-3.63,0,0,1,5
4080,-8.23,1.64,-3.83,0,0,1,5
4100,-8.98,1.56,-4.43,0,0,1,5
4120,-8.79,1.7,-4.89,0,0,1,5
4140,-8.46,1.68,-4.4,0,0,1,5
4160,-8.28,2.28,-3.53,0,0,1,5
4180,-7.95,3.32,-3.24,0,0,1,5
4200,-8.07,4.68,-3.34,0,0,1,5
4220,-8.26,5.52,-3.6,0,0,1,5
4240,-14.23,2.39,-3.38,0,0,1,5
4260,-12.48,1.06,-9.29,0,0,1,5
4280,-13.02,-3.33,-10.42,0,0,1,5
4300,-9.61,-5.38,-6.45,0,0,1,5
4320,-8.21,-2.4,-0.4,0,0,1,5
4340,-8.16,1.82,0.17,0,0,1,5
4360,-8.34,2.16,-3.31,0,0,1,5
4380,-8.64,-1.15,-6.48,0,0,1,5
4400,-7.95,-3.06,-7.29,0,0,1,5
4420,-7.56,-2.9,-6.07,0,0,1,5
4440,-7.46,-1.52,-4.04,0,0,1,5
4460,-7.22,-1.39,-3.25,0,0,1,5
4480,-7.24,-1.29,-3.42,0,0,1,5
4500,-7.56,-0.06,-4.1,0,0,1,5
4520,-8.53,1.22,-5.22,0,0,1,5
4540,-8.88,1.6,-6.22,0,0,1,5
4560,-8.99,1.54,-6.74,0,0,1,5
4580,-8.9,1.09,-6.19,0,0,1,5
4600,-7.87,0.99,-4.84,0,0,1,5
4620,-7.37,1.41,-4.11,0,0,1,5
4640,-7.44,2.04,-4.17,0,0,1,5
4660,-7.78,2.61,-4.79,0,0,1,5
4680,-7.83,3.12,-5.37,0,0,1,5
4700,-7.7,3.19,-5.06,0,0,1,5
4720,-7.3,2.73,-4.39,0,0,1,5
4740,-7.54,1.34,-4.79,0,0,1,5
4760,-8.58,-0.49,-5.46,0,0,1,5
4780,-9.2,-1.15,-5.51,0,0,1,5
4800,-8.55,-0.21,-5.02,0,0,1,5
4820,-8.41,0.86,-4.35,0,0,1,5
4840,-8.0,1.09,-4.43,0,0,1,5
4860,-9.32,0.37,-4.21,0,0,1,5
4880,-7.74,0.29,-2.81,0,0,1,5
4900,-7.73,2.42,-3.05,0,0,1,5
4920,-10.46,4.49,-5.13,0,0,1,5
4940,-12.58,2.28,-8.53,0,0,1,5
4960,-11.23,-1.74,-10.0,0,0,1,5
4980,-11.53,-2.26,-9.86,0,0,1,5
5000,-10.7,-0.49,-8.08,0,0,1,5
5020,-9.1,0.7,-6.01,0,0,1,5
5040,-6.68,1.58,-3.6,0,0,1,5
5060,-6.23,6.0,-1.51,0,0,1,5
5080,-6.36,7.39,3.59,0,0,1,5
5100,-4.27,-0.04,0.59,0,0,1,5
5120,-7.38,-3.37,-6.74,0,0,1,5
5140,-11.69,-0.39,-10.05,0,0,1,5
5160,-12.5,2.98,-8.43,0,0,1,5
5180,-10.28,4.24,-4.66,0,0,1,5
5200,-8.02,4.3,-1.19,0,0,1,5
5220,-6.27,3.07,-0.36,0,0,1,5
5240,-6.86,1.75,-2.87,0,0,1,5
5260,-7.91,1.49,-3.94,0,0,1,5
5280,-8.01,1.71,-3.94,0,0,1,5
5300,-7.34,2.01,-2.5,0,0,1,5
5320,-6.53,2.69,-1.53,0,0,1,5
5340,-6.89,3.27,-2.35,0,0,1,5
5360,-7.53,3.3,-3.92,0,0,1,5
5380,-7.81,3.28,-4.57,0,0,1,5
5400,-7.8,3.34,-4.55,0,0,1,5
5420,-8.13,3.05,-4.13,0,0,1,5
5440,-8.55,3.61,-3.91,0,0,1,5
5460,-8.42,4.83,-3.74,0,0,1,5
5480,-7.78,5.66,-3.65,0,0,1,5
5500,-9.06,5.7,-3.38,0,0,1,5
5520,-12.72,4.89,-7.95,0,0,1,5
5540,-14.52,0.86,-11.77,0,0,1,5
5560,-11.37,-1.96,-7.82,0,0,1,5
5580,-8.16,-2.88,0.16,0,0,1,5
5600,-6.21,-0.44,1.1,0,0,1,5
5620,-6.52,2.63,-1.65,0,0,1,5
5640,-7.98,2.7,-5.04,0,0,1,5
5660,-8.92,1.14,-7.35,0,0,1,5
5680,-9.02,0.25,-7.55,0,0,1,5
5700,-8.43,0.58,-6.7,0,0,1,5
5720,-7.41,0.55,-4.29,0,0,1,5
5740,-6.86,-0.08,-2.4,0,0,1,5
5760,-6.48,1.47,-2.71,0,0,1,5
5780,-7.36,2.8,-4.96,0,0,1,5
5800,-8.22,3.06,-6.43,0,0,1,5
5820,-9.03,2.24,-7.03,0,0,1,5
5840,-9.06,1.12,-6.6,0,0,1,5
5860,-8.12,0.24,-5.32,0,0,1,5
5880,-7.53,0.57,-4.31,0,0,1,5
5900,-7.56,1.89,-4.12,0,0,1,5
5920,-7.9,2.96,-4.89,0,0,1,5
5940,-8.03,3.5,-5.66,0,0,1,5
5960,-7.86,3.57,-5.65,0,0,1,5
5980,-7.4,3.41,-5.06,0,0,1,5
5000,-10.7,-0.49,-8.08,0,0,1,6
5020,-9.1,0.7,-6.01,0,0,1,6
5040,-6.68,1.58,-3.6,0,0,1,6
5060,-6.23,6.0,-1.51,0,0,1,6
5080,-6.36,7.39,3.59,0,0,1,6
5100,-4.27,-0.04,0.59,0,0,1,6
5120,-7.38,-3.37,-6.74,0,0,1,6
5140,-11.69,-0.39,-10.05,0,0,1,6
5160,-12.5,2.98,-8.43,0,0,1,6
5180,-10.28,4.24,-4.66,0,0,1,6
5200,-8.02,4.3,-1.19,0,0,1,6
5220,-6.27,3.07,-0.36,0,0,1,6
5240,-6.86,1.75,-2.87,0,0,1,6
5260,-7.91,1.49,-3.94,0,0,1,6
5280,-8.01,1.71,-3.94,0,0,1,6
5300,-7.34,2.01,-2.5,0,0,1,6
5320,-6.53,2.69,-1.53,0,0,1,6
5340,-6.89,3.27,-2.35,0,0,1,6
5360,-7.53,3.3,-3.92,0,0,1,6
5380,-7.81,3.28,-4.57,0,0,1,6
5400,-7.8,3.34,-4.55,0,0,1,6
5420,-8.13,3.05,-4.13,0,0,1,6
5440,-8.55,3.61,-3.91,0,0,1,6
5460,-8.42,4.83,-3.74,0,0,1,6
5480,-7.78,5.66,-3.65,0,0,1,6
5500,-9.06,5.7,-3.38,0,0,1,6
5520,-12.72,4.89,-7.95,0,0,1,6
5540,-14.52,0.86,-11.77,0,0,1,6
5560,-11.37,-1.96,-7.82,0,0,1,6
5580,-8.16,-2.88,0.16,0,0,1,6
5600,-6.21,-0.44,1.1,0,0,1,6
5620,-6.52,2.63,-1.65,0,0,1,6
5640,-7.98,2.7,-5.04,0,0,1,6
5660,-8.92,1.14,-7.35,0,0,1,6
5680,-9.02,0.25,-7.55,0,0,1,6
5700,-8.43,0.58,-6.7,0,0,1,6
5720,-7.41,0.55,-4.29,0,0,1,6
5740,-6.86,-0.08,-2.4,0,0,1,6
5760,-6.48,1.47,-2.71,0,0,1,6
5780,-7.36,2.8,-4.96,0,0,1,6
5800,-8.22,3.06,-6.43,0,0,1,6
5820,-9.03,2.24,-7.03,0,0,1,6
5840,-9.06,1.12,-6.6,0,0,1,6
5860,-8.12,0.24,-5.32,0,0,1,6
5880,-7.53,0.57,-4.31,0,0,1,6
5900,-7.56,1.89,-4.12,0,0,1,6
5920,-7.9,2.96,-4.89,0,0,1,6
5940,-8.03,3.5,-5.66,0,0,1,6
5960,-7.86,3.57,-5.65,0,0,1,6
5980,-7.4,3.41,-5.06,0,0,1,6
6000,-7.11,3.06,-4.42,0,0,1,6
6020,-6.94,2.59,-4.39,0,0,1,6
6040,-7.12,2.08,-4.51,0,0,1,6
6060,-7.59,1.9,-4.82,0,0,1,6
6080,-8.87,2.02,-4.82,0,0,1,6
6100,-8.02,2.88,-4.9,0,0,1,6
6120,-8.32,3.32,-4.42,0,0,1,6
6140,-8.02,2.02,-5.26,0,0,1,6
6160,-7.63,1.54,-3.76,0,0,1,6
6180,-7.08,1.83,-4.01,0,0,1,6
6200,-8.86,4.12,-5.45,0,0,1,6
6220,-11.13,6.77,-6.56,0,0,1,6
6240,-11.6,5.99,-9.32,0,0,1,6
6260,-11.69,2.39,-11.38,0,0,1,6
6280,-10.19,0.46,-9.29,0,0,1,6
6300,-7.52,-0.19,-4.77,0,0,1,6
6320,-5.45,-1.34,-0.45,0,0,1,6
6340,-3.51,-2.54,2.62,0,0,1,6
6360,-4.28,-2.78,0.68,0,0,1,6
6380,-7.22,-1.79,-3.11,0,0,1,6
6400,-10.08,1.56,-6.25,0,0,1,6
6420,-12.24,5.15,-8.27,0,0,1,6
6440,-12.84,5.94,-8.84,0,0,1,6
6460,-10.05,4.66,-5.79,0,0,1,6
6480,-6.98,3.28,-1.44,0,0,1,6
6500,-5.74,1.77,0.14,0,0,1,6
6520,-7.44,1.15,-2.44,0,0,1,6
6540,-8.7,1.35,-4.87,0,0,1,6
6560,-9.73,1.84,-5.91,0,0,1,6
6580,-9.28,2.17,-5.01,0,0,1,6
6600,-7.71,2.84,-3.27,0,0,1,6
6620,-6.09,2.97,-2.4,0,0,1,6
6640,-5.96,3.22,-3.54,0,0,1,6
6660,-7.36,3.81,-4.54,0,0,1,6
6680,-7.38,4.36,-3.96,0,0,1,6
6700,-6.11,4.38,-3.97,0,0,1,6
6720,-6.64,3.62,-4.06,0,0,1,6
6740,-7.03,3.56,-4.55,0,0,1,6
6760,-8.26,4.23,-4.71,0,0,1,6
6780,-11.11,4.02,-7.9,0,0,1,6
6800,-12.29,1.93,-10.47,0,0,1,6
6820,-13.41,-0.69,-9.16,0,0,1,6
6840,-9.42,-0.7,-4.76,0,0,1,6
6860,-6.5,0.89,-1.0,0,0,1,6
6880,-8.19,3.05,-1.89,0,0,1,6
6900,-9.0,2.48,-4.41,0,0,1,6
6920,-8.73,0.75,-6.02,0,0,1,6
6940,-7.92,-1.19,-6.24,0,0,1,6
6960,-6.56,-0.77,-5.3,0,0,1,6
6980,-6.37,0.57,-4.74,0,0,1,6
6000,-7.11,3.06,-4.42,0,0,1,7
6020,-6.94,2.59,-4.39,0,0,1,7
6040,-7.12,2.08,-4.51,0,0,1,7
6060,-7.59,1.9,-4.82,0,0,1,7
6080,-8.87,2.02,-4.82,0,0,1,7
6100,-8.02,2.88,-4.9,0,0,1,7
6120,-8.32,3.32,-4.42,0,0,1,7
6140,-8.02,2.02,-5.26,0,0,1,7
6160,-7.63,1.54,-3.76,0,0,1,7
6180,-7.08,1.83,-4.01,0,0,1,7
6200,-8.86,4.12,-5.45,0,0,1,7
6220,-11.13,6.77,-6.56,0,0,1,7
6240,-11.6,5.99,-9.32,0,0,1,7
6260,-11.69,2.39,-11.38,0,0,1,7
6280,-10.19,0.46,-9.29,0,0,1,7
6300,-7.52,-0.19,-4.77,0,0,1,7
6320,-5.45,-1.34,-0.45,0,0,1,7
6340,-3.51,-2.54,2.62,0,0,1,7
6360,-4.28,-2.78,0.68,0,0,1,7
6380,-7.22,-1.79,-3.11,0,0,1,7
6400,-10.08,1.56,-6.25,0,0,1,7
6420,-12.24,5.15,-8.27,0,0,1,7
6440,-12.84,5.94,-8.84,0,0,1,7
6460,-10.05,4.66,-5.79,0,0,1,7
6480,-6.98,3.28,-1.44,0,0,1,7
6500,-5.74,1.77,0.14,0,0,1,7
6520,-7.44,1.15,-2.44,0,0,1,7
6540,-8.7,1.35,-4.87,0,0,1,7
6560,-9.73,1.84,-5.91,0,0,1,7
6580,-9.28,2.17,-5.01,0,0,1,7
6600,-7.71,2.84,-3.27,0,0,1,7
6620,-6.09,2.97,-2.4,0,0,1,7
6640,-5.96,3.22,-3.54,0,0,1,7
6660,-7.36,3.81,-4.54,0,0,1,7
6680,-7.38,4.36,-3.96,0,0,1,7
6700,-6.11,4.38,-3.97,0,0,1,7
6720,-6.64,3.62,-4.06,0,0,1,7
6740,-7.03,3.56,-4.55,0,0,1,7
6760,-8.26,4.23,-4.71,0,0,1,7
6780,-11.11,4.02,-7.9,0,0,1,7
6800,-12.29,1.93,-10.47,0,0,1,7
6820,-13.41,-0.69,-9.16,0,0,1,7
6840,-9.42,-0.7,-4.76,0,0,1,7
6860,-6.5,0.89,-1.0,0,0,1,7
6880,-8.19,3.05,-1.89,0,0,1,7
6900,-9.0,2.48,-4.41,0,0,1,7
6920,-8.73,0.75,-6.02,0,0,1,7
6940,-7.92,-1.19,-6.24,0,0,1,7
6960,-6.56,-0.77,-5.3,0,0,1,7
6980,-6.37,0.57,-4.74,0,0,1,7
7000,-7.69,1.91,-5.25,0,0,1,7
7020,-8.31,2.55,-6.21,0,0,1,7
7040,-7.78,2.05,-6.26,0,0,1,7
7060,-7.29,1.33,-6.26,0,0,1,7
7080,-6.88,0.46,-6.15,0,0,1,7
7100,-6.92,0.46,-6.51,0,0,1,7
7120,-7.07,0.78,-7.2,0,0,1,7
7140,-7.03,1.08,-7.22,0,0,1,7
7160,-6.95,0.77,-7.0,0,0,1,7
7180,-7.43,0.94,-6.95,0,0,1,7
7200,-8.01,1.35,-6.91,0,0,1,7
7220,-8.17,1.82,-6.58,0,0,1,7
7240,-7.17,1.83,-6.45,0,0,1,7
7260,-7.78,1.77,-5.69,0,0,1,7
7280,-7.76,-0.14,-5.46,0,0,1,7
7300,-8.79,-0.67,-3.99,0,0,1,7
7320,-9.69,-2.1,-5.36,0,0,1,7
7340,-8.92,-1.08,-6.23,0,0,1,7
7360,-9.37,-0.41,-7.5,0,0,1,7
7380,-9.62,0.54,-7.66,0,0,1,7
7400,-9.73,-0.54,-6.7,0,0,1,7
7420,-9.33,-1.38,-2.99,0,0,1,7
7440,-7.35,-0.64,0.3,0,0,1,7
7460,-7.32,-0.69,-1.4,0,0,1,7
7480,-8.73,-1.61,-3.15,0,0,1,7
7500,-10.65,-0.19,-1.72,0,0,1,7
7520,-8.78,0.84,-0.9,0,0,1,7
7540,-10.45,-0.29,-2.96,0,0,1,7
7560,-9.74,-0.89,-2.36,0,0,1,7
7580,-10.21,-4.1,-2.82,0,0,1,7
7600,-9.22,-3.23,-2.62,0,0,1,7
7620,-9.19,-3.02,-3.02,0,0,1,7
7640,-9.44,-1.61,-3.62,0,0,1,7
7660,-9.13,-0.81,-4.08,0,0,1,7
7680,-8.79,-0.25,-3.94,0,0,1,7
7700,-10.25,-1.04,-4.19,0,0,1,7
7720,-10.18,-1.36,-4.09,0,0,1,7
7740,-9.15,-1.44,-4.33,0,0,1,7
7760,-9.52,-1.62,-5.18,0,0,1,7
7780,-8.99,-1.64,-5.83,0,0,1,7
7800,-9.9,-1.78,-7.36,0,0,1,7
7820,-8.84,-1.26,-8.37,0,0,1,7
7840,-7.19,0.14,-6.54,0,0,1,7
7860,-4.97,1.02,-4.08,0,0,1,7
7880,-5.59,1.32,-3.92,0,0,1,7
7900,-7.72,0.76,-5.97,0,0,1,7
7920,-8.89,-0.77,-7.31,0,0,1,7
7940,-9.55,-2.14,-7.76,0,0,1,7
7960,-9.0,-2.55,-7.71,0,0,1,7
7980,-9.16,-0.22,-6.78,0,0,1,7
7000,-7.69,1.91,-5.25,0,0,1,8
7020,-8.31,2.55,-6.21,0,0,1,8
7040,-7.78,2.05,-6.26,0,0,1,8
7060,-7.29,1.33,-6.26,0,0,1,8
7080,-6.88,0.46,-6.15,0,0,1,8
7100,-6.92,0.46,-6.51,0,0,1,8
7120,-7.07,0.78,-7.2,0,0,1,8
7140,-7.03,1.08,-7.22,0,0,1,8
7160,-6.95,0.77,-7.0,0,0,1,8
7180,-7.43,0.94,-6.95,0,0,1,8
7200,-8.01,1.35,-6.91,0,0,1,8
7220,-8.17,1.82,-6.58,0,0,1,8
7240,-7.17,1.83,-6.45,0,0,1,8
7260,-7.78,1.77,-5.69,0,0,1,8
7280,-7.76,-0.14,-5.46,0,0,1,8
7300,-8.79,-0.67,-3.99,0,0,1,8
7320,-9.69,-2.1,-5.36,0,0,1,8
7340,-8.92,-1.08,-6.23,0,0,1,8
7360,-9.37,-0.41,-7.5,0,0,1,8
7380,-9.62,0.54,-7.66,0,0,1,8
7400,-9.73,-0.54,-6.7,0,0,1,8
7420,-9.33,-1.38,-2.99,0,0,1,8
7440,-7.35,-0.64,0.3,0,0,1,8
7460,-7.32,-0.69,-1.4,0,0,1,8
7480,-8.73,-1.61,-3.15,0,0,1,8
7500,-10.65,-0.19,-1.72,0,0,1,8
7520,-8.78,0.84,-0.9,0,0,1,8
7540,-10.45,-0.29,-2.96,0,0,1,8
7560,-9.74,-0.89,-2.36,0,0,1,8
7580,-10.21,-4.1,-2.82,0,0,1,8
7600,-9.22,-3.23,-2.62,0,0,1,8
7620,-9.19,-3.02,-3.02,0,0,1,8
7640,-9.44,-1.61,-3.62,0,0,1,8
7660,-9.13,-0.81,-4.08,0,0,1,8
7680,-8.79,-0.25,-3.94,0,0,1,8
7700,-10.25,-1.04,-4.19,0,0,1,8
7720,-10.18,-1.36,-4.09,0,0,1,8
7740,-9.15,-1.44,-4.33,0,0,1,8
7760,-9.52,-1.62,-5.18,0,0,1,8
7780,-8.99,-1.64,-5.83,0,0,1,8
7800,-9.9,-1.78,-7.36,0,0,1,8
7820,-8.84,-1.26,-8.37,0,0,1,8
7840,-7.19,0.14,-6.54,0,0,1,8
7860,-4.97,1.02,-4.08,0,0,1,8
7880,-5.59,1.32,-3.92,0,0,1,8
7900,-7.72,0.76,-5.97,0,0,1,8
7920,-8.89,-0.77,-7.31,0,0,1,8
7940,-9.55,-2.14,-7.76,0,0,1,8
7960,-9.0,-2.55,-7.71,0,0,1,8
7980,-9.16,-0.22,-6.78,0,0,1,8
8000,-10.41,4.92,-4.4,0,0,1,8
8020,-9.92,7.99,-4.08,0,0,1,8
8040,-6.7,6.01,-5.85,0,0,1,8
8060,-5.89,2.65,-4.66,0,0,1,8
8080,-4.43,2.47,-1.3,0,0,1,8
8100,-6.92,4.26,-2.93,0,0,1,8
8120,-9.69,5.38,-4.3,0,0,1,8
8140,-8.9,4.91,-3.34,0,0,1,8
8160,-8.09,4.46,-1.72,0,0,1,8
8180,-7.14,4.97,-2.13,0,0,1,8
8200,-7.97,5.73,-3.02,0,0,1,8
8220,-8.58,5.3,-3.23,0,0,1,8
8240,-7.76,4.14,-1.78,0,0,1,8
8260,-7.71,2.44,-0.22,0,0,1,8
8280,-8.66,1.13,0.04,0,0,1,8
8300,-9.55,0.82,-1.68,0,0,1,8
8320,-9.45,1.17,-2.97,0,0,1,8
8340,-8.91,2.28,-2.62,0,0,1,8
8360,-9.13,2.65,-1.09,0,0,1,8
8380,-9.12,1.81,-0.23,0,0,1,8
8400,-8.55,1.16,-1.99,0,0,1,8
8420,-9.59,1.1,-3.42,0,0,1,8
8440,-8.4,0.75,-4.77,0,0,1,8
8460,-9.09,-0.18,-4.38,0,0,1,8
8480,-9.46,0.25,-6.03,0,0,1,8
8500,-8.47,0.75,-6.04,0,0,1,8
8520,-7.99,2.23,-5.05,0,0,1,8
8540,-9.1,2.9,-7.36,0,0,1,8
8560,-10.42,2.63,-8.62,0,0,1,8
8580,-8.93,0.95,-6.33,0,0,1,8
8600,-7.11,0.29,-4.23,0,0,1,8
8620,-5.95,1.38,-3.42,0,0,1,8
8640,-6.75,2.7,-4.44,0,0,1,8
8660,-8.17,2.97,-6.63,0,0,1,8
8680,-8.99,3.36,-8.34,0,0,1,8
8700,-9.04,2.94,-7.83,0,0,1,8
8720,-8.36,1.52,-6.54,0,0,1,8
8740,-7.7,0.78,-5.72,0,0,1,8
8760,-7.5,1.31,-5.61,0,0,1,8
8780,-7.9,2.34,-5.69,0,0,1,8
8800,-8.19,2.92,-5.83,0,0,1,8
8820,-7.66,3.14,-5.55,0,0,1,8
8840,-7.3,3.01,-5.62,0,0,1,8
8860,-7.35,2.92,-5.46,0,0,1,8
8880,-7.25,2.96,-5.42,0,0,1,8
8900,-7.53,3.25,-5.45,0,0,1,8
8920,-7.27,3.83,-6.0,0,0,1,8
8940,-7.51,4.54,-5.72,0,0,1,8
8960,-7.24,5.42,-5.07,0,0,1,8
8980,-7.35,5.77,-4.85,0,0,1,8
8000,-10.41,4.92,-4.4,0,0,1,9
8020,-9.92,7.99,-4.08,0,0,1,9
8040,-6.7,6.01,-5.85,0,0,1,9
8060,-5.89,2.65,-4.66,0,0,1,9
8080,-4.43,2.47,-1.3,0,0,1,9
8100,-6.92,4.26,-2.93,0,0,1,9
8120,-9.69,5.38,-4.3,0,0,1,9
8140,-8.9,4.91,-3.34,0,0,1,9
8160,-8.09,4.46,-1.72,0,0,1,9
8180,-7.14,4.97,-2.13,0,0,1,9
8200,-7.97,5.73,-3.02,0,0,1,9
8220,-8.58,5.3,-3.23,0,0,1,9
8240,-7.76,4.14,-1.78,0,0,1,9
8260,-7.71,2.44,-0.22,0,0,1,9
8280,-8.66,1.13,0.04,0,0,1,9
8300,-9.55,0.82,-1.68,0,0,1,9
8320,-9.45,1.17,-2.97,0,0,1,9
8340,-8.91,2.28,-2.62,0,0,1,9
8360,-9.13,2.65,-1.09,0,0,1,9
8380,-9.12,1.81,-0.23,0,0,1,9
8400,-8.55,1.16,-1.99,0,0,1,9
8420,-9.59,1.1,-3.42,0,0,1,9
8440,-8.4,0.75,-4.77,0,0,1,9
8460,-9.09,-0.18,-4.38,0,0,1,9
8480,-9.46,0.25,-6.03,0,0,1,9
8500,-8.47,0.75,-6.04,0,0,1,9
8520,-7.99,2.23,-5.05,0,0,1,9
8540,-9.1,2.9,-7.36,0,0,1,9
8560,-10.42,2.63,-8.62,0,0,1,9
8580,-8.93,0.95,-6.33,0,0,1,9
8600,-7.11,0.29,-4.23,0,0,1,9
8620,-5.95,1.38,-3.42,0,0,1,9
8640,-6.75,2.7,-4.44,0,0,1,9
8660,-8.17,2.97,-6.63,0,0,1,9
8680,-8.99,3.36,-8.34,0,0,1,9
8700,-9.04,2.94,-7.83,0,0,1,9
8720,-8.36,1.52,-6.54,0,0,1,9
8740,-7.7,0.78,-5.72,0,0,1,9
8760,-7.5,1.31,-5.61,0,0,1,9
8780,-7.9,2.34,-5.69,0,0,1,9
8800,-8.19,2.92,-5.83,0,0,1,9
8820,-7.66,3.14,-5.55,0,0,1,9
8840,-7.3,3.01,-5.62,0,0,1,9
8860,-7.35,2.92,-5.46,0,0,1,9
8880,-7.25,2.96,-5.42,0,0,1,9
8900,-7.53,3.25,-5.45,0,0,1,9
8920,-7.27,3.83,-6.0,0,0,1,9
8940,-7.51,4.54,-5.72,0,0,1,9
8960,-7.24,5.42,-5.07,0,0,1,9
8980,-7.35,5.77,-4.85,0,0,1,9
9000,-7.65,5.31,-4.77,0,0,1,9
9020,-7.62,4.73,-4.52,0,0,1,9
9040,-7.4,4.44,-4.09,0,0,1,9
9060,-7.31,4.36,-4.24,0,0,1,9
9080,-7.64,4.42,-4.21,0,0,1,9
9100,-7.9,4.66,-4.2,0,0,1,9
9120,-7.97,4.68,-4.24,0,0,1,9
9140,-9.32,3.24,-4.28,0,0,1,9
9160,-10.08,2.34,-1.0,0,0,1,9
9180,-9.05,2.86,-0.77,0,0,1,9
9200,-9.83,0.75,-4.42,0,0,1,9
9220,-11.09,-2.32,-9.55,0,0,1,9
9240,-10.28,-3.67,-8.8,0,0,1,9
9260,-7.93,-1.97,-6.02,0,0,1,9
9280,-6.79,0.84,-3.21,0,0,1,9
9300,-6.5,2.02,-2.67,0,0,1,9
9320,-6.94,1.31,-3.31,0,0,1,9
9340,-7.71,0.95,-4.0,0,0,1,9
9360,-8.87,1.88,-4.83,0,0,1,9
9380,-9.55,3.54,-4.65,0,0,1,9
9400,-9.71,4.63,-4.35,0,0,1,9
9420,-10.04,4.98,-4.16,0,0,1,9
9440,-10.05,4.99,-4.2,0,0,1,9
9460,-9.42,4.53,-3.78,0,0,1,9
9480,-8.15,3.85,-3.25,0,0,1,9
9500,-7.29,3.57,-2.66,0,0,1,9
9520,-6.85,3.83,-2.32,0,0,1,9
9540,-6.57,4.25,-2.23,0,0,1,9
9560,-6.57,4.06,-2.02,0,0,1,9
9580,-6.61,3.27,-2.01,0,0,1,9
9600,-6.92,2.46,-2.29,0,0,1,9
9620,-7.03,2.44,-2.97,0,0,1,9
9640,-7.49,2.81,-3.8,0,0,1,9
9660,-7.92,3.62,-3.66,0,0,1,9
9680,-8.53,5.43,-3.39,0,0,1,9
9700,-12.87,5.58,-3.99,0,0,1,9
9720,-13.15,6.41,-8.49,0,0,1,9
9740,-13.08,4.63,-6.83,0,0,1,9
9760,-8.53,3.91,-2.49,0,0,1,9
9780,-6.78,3.02,0.19,0,0,1,9
9800,-7.96,2.84,-0.9,0,0,1,9
9820,-9.06,1.16,-4.61,0,0,1,9
9840,-9.11,-0.25,-7.08,0,0,1,9
9860,-7.32,-1.18,-5.48,0,0,1,9
9880,-7.15,-0.61,-5.47,0,0,1,9
9900,-7.45,0.37,-5.13,0,0,1,9
9920,-7.65,0.01,-4.5,0,0,1,9
9940,-7.73,-0.79,-4.36,0,0,1,9
9960,-8.2,-0.55,-4.37,0,0,1,9
9980,-8.56,1.41,-4.86,0,0,1,9
9000,-7.65,5.31,-4.77,0,0,1,10
9020,-7.62,4.73,-4.52,0,0,1,10
9040,-7.4,4.44,-4.09,0,0,1,10
9060,-7.31,4.36,-4.24,0,0,1,10
9080,-7.64,4.42,-4.21,0,0,1,10
9100,-7.9,4.66,-4.2,0,0,1,10
9120,-7.97,4.68,-4.24,0,0,1,10
9140,-9.32,3.24,-4.28,0,0,1,10
9160,-10.08,2.34,-1.0,0,0,1,10
9180,-9.05,2.86,-0.77,0,0,1,10
9200,-9.83,0.75,-4.42,0,0,1,10
9220,-11.09,-2.32,-9.55,0,0,1,10
9240,-10.28,-3.67,-8.8,0,0,1,10
9260,-7.93,-1.97,-6.02,0,0,1,10
9280,-6.79,0.84,-3.21,0,0,1,10
9300,-6.5,2.02,-2.67,0,0,1,10
9320,-6.94,1.31,-3.31,0,0,1,10
9340,-7.71,0.95,-4.0,0,0,1,10
9360,-8.87,1.88,-4.83,0,0,1,10
9380,-9.55,3.54,-4.65,0,0,1,10
9400,-9.71,4.63,-4.35,0,0,1,10
9420,-10.04,4.98,-4.16,0,0,1,10
9440,-10.05,4.99,-4.2,0,0,1,10
9460,-9.42,4.53,-3.78,0,0,1,10
9480,-8.15,3.85,-3.25,0,0,1,10
9500,-7.29,3.57,-2.66,0,0,1,10
9520,-6.85,3.83,-2.32,0,0,1,10
9540,-6.57,4.25,-2.23,0,0,1,10
9560,-6.57,4.06,-2.02,0,0,1,10
9580,-6.61,3.27,-2.01,0,0,1,10
9600,-6.92,2.46,-2.29,0,0,1,10
9620,-7.03,2.44,-2.97,0,0,1,10
9640,-7.49,2.81,-3.8,0,0,1,10
9660,-7.92,3.62,-3.66,0,0,1,10
9680,-8.53,5.43,-3.39,0,0,1,10
9700,-12.87,5.58,-3.99,0,0,1,10
9720,-13.15,6.41,-8.49,0,0,1,10
9740,-13.08,4.63,-6.83,0,0,1,10
9760,-8.53,3.91,-2.49,0,0,1,10
9780,-6.78,3.02,0.19,0,0,1,10
9800,-7.96,2.84,-0.9,0,0,1,10
9820,-9.06,1.16,-4.61,0,0,1,10
9840,-9.11,-0.25,-7.08,0,0,1,10
9860,-7.32,-1.18,-5.48,0,0,1,10
9880,-7.15,-0.61,-5.47,0,0,1,10
9900,-7.45,0.37,-5.13,0,0,1,10
9920,-7.65,0.01,-4.5,0,0,1,10
9940,-7.73,-0.79,-4.36,0,0,1,10
9960,-8.2,-0.55,-4.37,0,0,1,10
9980,-8.56,1.41,-4.86,0,0,1,10
10000,-8.86,3.48,-5.84,0,0,1,10
10020,-9.22,4.46,-6.67,0,0,1,10
10040,-8.85,4.08,-6.29,0,0,1,10
10060,-8.07,2.79,-5.29,0,0,1,10
10080,-7.4,1.61,-4.28,0,0,1,10
10100,-7.14,0.84,-4.38,0,0,1,10
10120,-7.46,0.94,-4.87,0,0,1,10
10140,-7.96,1.33,-5.47,0,0,1,10
10160,-7.74,1.81,-5.62,0,0,1,10
10180,-7.38,1.87,-5.22,0,0,1,10
10200,-6.65,2.26,-4.73,0,0,1,10
10220,-6.09,3.62,-4.4,0,0,1,10
10240,-6.61,5.16,-4.21,0,0,1,10
10260,-7.12,6.15,-4.6,0,0,1,10
10280,-7.75,5.43,-5.59,0,0,1,10
10300,-7.33,4.38,-5.58,0,0,1,10
10320,-9.95,1.68,-5.07,0,0,1,10
10340,-9.33,1.53,-2.58,0,0,1,10
10360,-9.31,3.12,-3.4,0,0,1,10
10380,-13.67,2.2,-7.37,0,0,1,10
10400,-15.11,1.27,-11.43,0,0,1,10
10420,-13.07,0.28,-10.88,0,0,1,10
10440,-9.73,-0.31,-8.0,0,0,1,10
10460,-6.91,-0.3,-4.47,0,0,1,10
10480,-4.86,-0.82,-0.02,0,0,1,10
10500,-3.15,-1.42,2.08,0,0,1,10
10520,-5.09,-0.7,0.83,0,0,1,10
10540,-8.15,1.28,-2.35,0,0,1,10
10560,-10.74,3.89,-5.09,0,0,1,10
10580,-11.84,4.91,-6.5,0,0,1,10
10600,-11.35,3.81,-6.76,0,0,1,10
10620,-9.23,3.54,-4.84,0,0,1,10
10640,-7.28,2.44,-2.12,0,0,1,10
10660,-6.36,1.7,-1.06,0,0,1,10
10680,-6.58,1.84,-1.7,0,0,1,10
10700,-7.77,1.96,-2.97,0,0,1,10
10720,-7.85,1.94,-3.73,0,0,1,10
10740,-7.42,1.61,-3.3,0,0,1,10
10760,-7.02,1.5,-2.19,0,0,1,10
10780,-7.97,1.29,-2.42,0,0,1,10
10800,-8.69,1.35,-3.79,0,0,1,10
10820,-9.35,1.47,-4.93,0,0,1,10
10840,-9.29,2.32,-5.02,0,0,1,10
10860,-8.55,3.32,-4.38,0,0,1,10
10880,-8.06,4.08,-3.35,0,0,1,10
10900,-6.79,4.65,-3.2,0,0,1,10
10920,-6.9,5.49,-3.2,0,0,1,10
10940,-7.68,6.62,-4.15,0,0,1,10
10960,-7.84,7.11,-4.51,0,0,1,10
10980,-7.58,6.98,-3.68,0,0,1,10
10000,-8.86,3.48,-5.84,0,0,1,11
10020,-9.22,4.46,-6.67,0,0,1,11
10040,-8.85,4.08,-6.29,0,0,1,11
10060,-8.07,2.79,-5.29,0,0,1,11
10080,-7.4,1.61,-4.28,0,0,1,11
10100,-7.14,0.84,-4.38,0,0,1,11
10120,-7.46,0.94,-4.87,0,0,1,11
10140,-7.96,1.33,-5.47,0,0,1,11
10160,-7.74,1.81,-5.62,0,0,1,11
10180,-7.38,1.87,-5.22,0,0,1,11
10200,-6.65,2.26,-4.73,0,0,1,11
10220,-6.09,3.62,-4.4,0,0,1,11
10240,-6.61,5.16,-4.21,0,0,1,11
10260,-7.12,6.15,-4.6,0,0,1,11
10280,-7.75,5.43,-5.59,0,0,1,11
10300,-7.33,4.38,-5.58,0,0,1,11
10320,-9.95,1.68,-5.07,0,0,1,11
10340,-9.33,1.53,-2.58,0,0,1,11
10360,-9.31,3.12,-3.4,0,0,1,11
10380,-13.67,2.2,-7.37,0,0,1,11
10400,-15.11,1.27,-11.43,0,0,1,11
10420,-13.07,0.28,-10.88,0,0,1,11
10440,-9.73,-0.31,-8.0,0,0,1,11
10460,-6.91,-0.3,-4.47,0,0,1,11
10480,-4.86,-0.82,-0.02,0,0,1,11
10500,-3.15,-1.42,2.08,0,0,1,11
10520,-5.09,-0.7,0.83,0,0,1,11
10540,-8.15,1.28,-2.35,0,0,1,11
10560,-10.74,3.89,-5.09,0,0,1,11
10580,-11.84,4.91,-6.5,0,0,1,11
10600,-11.35,3.81,-6.76,0,0,1,11
10620,-9.23,3.54,-4.84,0,0,1,11
10640,-7.28,2.44,-2.12,0,0,1,11
10660,-6.36,1.7,-1.06,0,0,1,11
10680,-6.58,1.84,-1.7,0,0,1,11
10700,-7.77,1.96,-2.97,0,0,1,11
10720,-7.85,1.94,-3.73,0,0,1,11
10740,-7.42,1.61,-3.3,0,0,1,11
10760,-7.02,1.5,-2.19,0,0,1,11
10780,-7.97,1.29,-2.42,0,0,1,11
10800,-8.69,1.35,-3.79,0,0,1,11
10820,-9.35,1.47,-4.93,0,0,1,11
10840,-9.29,2.32,-5.02,0,0,1,11
10860,-8.55,3.32,-4.38,0,0,1,11
10880,-8.06,4.08,-3.35,0,0,1,11
10900,-6.79,4.65,-3.2,0,0,1,11
10920,-6.9,5.49,-3.2,0,0,1,11
10940,-7.68,6.62,-4.15,0,0,1,11
10960,-7.84,7.11,-4.51,0,0,1,11
10980,-7.58,6.98,-3.68,0,0,1,11
11000,-6.66,5.99,-2.65,0,0,1,11
11020,-13.29,1.48,-1.75,0,0,1,11
11040,-13.46,0.74,-8.45,0,0,1,11
11060,-17.64,-3.97,-12.34,0,0,1,11
11080,-10.1,-3.61,-7.77,0,0,1,11
11100,-5.7,1.46,-0.63,0,0,1,11
11120,-6.16,6.6,0.23,0,0,1,11
11140,-7.2,7.55,-2.08,0,0,1,11
11160,-8.13,2.31,-5.06,0,0,1,11
11180,-8.69,-3.59,-7.19,0,0,1,11
11200,-9.51,-6.59,-7.54,0,0,1,11
11220,-7.66,-3.11,-4.9,0,0,1,11
11240,-6.23,1.4,-1.84,0,0,1,11
11260,-6.9,4.45,-1.94,0,0,1,11
11280,-8.18,5.12,-3.94,0,0,1,11
11300,-9.3,3.09,-7.02,0,0,1,11
11320,-9.62,1.25,-8.63,0,0,1,11
11340,-8.77,0.12,-7.23,0,0,1,11
11360,-7.23,0.32,-4.55,0,0,1,11
11380,-6.52,1.7,-3.1,0,0,1,11
11400,-6.25,2.75,-3.3,0,0,1,11
11420,-7.06,3.11,-4.3,0,0,1,11
11440,-7.67,3.16,-5.08,0,0,1,11
11460,-7.2,3.34,-5.18,0,0,1,11
11480,-6.96,3.5,-5.12,0,0,1,11
11500,-8.28,2.77,-4.81,0,0,1,11
11520,-9.46,1.61,-4.78,0,0,1,11
11540,-8.33,0.96,-4.95,0,0,1,11
11560,-8.03,1.19,-5.02,0,0,1,11
11580,-7.63,1.73,-4.9,0,0,1,11
11600,-7.87,1.86,-5.36,0,0,1,11
11620,-8.34,2.55,-3.48,0,0,1,11
11640,-9.53,5.81,-5.29,0,0,1,11
11660,-12.73,7.93,-7.18,0,0,1,11
11680,-13.22,5.32,-9.62,0,0,1,11
11700,-11.23,1.19,-10.5,0,0,1,11
11720,-10.09,-2.0,-9.87,0,0,1,11
11740,-7.43,-3.27,-4.14,0,0,1,11
11760,-3.69,-3.0,1.8,0,0,1,11
11780,-3.07,-1.49,2.99,0,0,1,11
11800,-4.76,-0.66,0.16,0,0,1,11
11820,-7.37,0.14,-4.1,0,0,1,11
11840,-10.17,2.31,-7.06,0,0,1,11
11860,-12.35,5.2,-8.43,0,0,1,11
11880,-12.35,5.9,-7.71,0,0,1,11
11900,-10.3,5.3,-4.78,0,0,1,11
11920,-7.77,4.62,-1.76,0,0,1,11
11940,-7.1,4.08,-1.56,0,0,1,11
11960,-7.3,3.86,-2.61,0,0,1,11
11980,-7.76,3.13,-4.15,0,0,1,11
11000,-6.66,5.99,-2.65,0,0,1,12
11020,-13.29,1.48,-1.75,0,0,1,12
11040,-13.46,0.74,-8.45,0,0,1,12
11060,-17.64,-3.97,-12.34,0,0,1,12
11080,-10.1,-3.61,-7.77,0,0,1,12
11100,-5.7,1.46,-0.63,0,0,1,12
11120,-6.16,6.6,0.23,0,0,1,12
11140,-7.2,7.55,-2.08,0,0,1,12
11160,-8.13,2.31,-5.06,0,0,1,12
11180,-8.69,-3.59,-7.19,0,0,1,12
11200,-9.51,-6.59,-7.54,0,0,1,12
11220,-7.66,-3.11,-4.9,0,0,1,12
11240,-6.23,1.4,-1.84,0,0,1,12
11260,-6.9,4.45,-1.94,0,0,1,12
11280,-8.18,5.12,-3.94,0,0,1,12
11300,-9.3,3.09,-7.02,0,0,1,12
11320,-9.62,1.25,-8.63,0,0,1,12
11340,-8.77,0.12,-7.23,0,0,1,12
11360,-7.23,0.32,-4.55,0,0,1,12
11380,-6.52,1.7,-3.1,0,0,1,12
11400,-6.25,2.75,-3.3,0,0,1,12
11420,-7.06,3.11,-4.3,0,0,1,12
11440,-7.67,3.16,-5.08,0,0,1,12
11460,-7.2,3.34,-5.18,0,0,1,12
11480,-6.96,3.5,-5.12,0,0,1,12
11500,-8.28,2.77,-4.81,0,0,1,12
11520,-9.46,1.61,-4.78,0,0,1,12
11540,-8.33,0.96,-4.95,0,0,1,12
11560,-8.03,1.19,-5.02,0,0,1,12
11580,-7.63,1.73,-4.9,0,0,1,12
11600,-7.87,1.86,-5.36,0,0,1,12
11620,-8.34,2.55,-3.48,0,0,1,12
11640,-9.53,5.81,-5.29,0,0,1,12
11660,-12.73,7.93,-7.18,0,0,1,12
11680,-13.22,5.32,-9.62,0,0,1,12
11700,-11.23,1.19,-10.5,0,0,1,12
11720,-10.09,-2.0,-9.87,0,0,1,12
11740,-7.43,-3.27,-4.14,0,0,1,12
11760,-3.69,-3.0,1.8,0,0,1,12
11780,-3.07,-1.49,2.99,0,0,1,12
11800,-4.76,-0.66,0.16,0,0,1,12
11820,-7.37,0.14,-4.1,0,0,1,12
11840,-10.17,2.31,-7.06,0,0,1,12
11860,-12.35,5.2,-8.43,0,0,1,12
11880,-12.35,5.9,-7.71,0,0,1,12
11900,-10.3,5.3,-4.78,0,0,1,12
11920,-7.77,4.62,-1.76,0,0,1,12
11940,-7.1,4.08,-1.56,0,0,1,12
11960,-7.3,3.86,-2.61,0,0,1,12
11980,-7.76,3.13,-4.15,0,0,1,12
12000,-7.94,2.54,-4.5,0,0,1,12
12020,-7.4,2.26,-3.9,0,0,1,12
12040,-7.09,2.1,-3.3,0,0,1,12
12060,-6.69,1.43,-3.49,0,0,1,12
12080,-7.18,0.43,-4.19,0,0,1,12
12100,-7.27,0.14,-4.69,0,0,1,12
12120,-7.16,0.68,-4.79,0,0,1,12
12140,-7.39,2.37,-4.21,0,0,1,12
12160,-7.87,4.52,-4.2,0,0,1,12
12180,-8.72,5.75,-4.61,0,0,1,12
12200,-9.3,6.06,-5.46,0,0,1,12
12220,-8.89,5.72,-5.35,0,0,1,12
12240,-7.89,5.71,-4.59,0,0,1,12
12260,-7.13,6.0,-3.66,0,0,1,12
12280,-9.84,4.77,-3.34,0,0,1,12
12300,-10.32,4.36,-7.29,0,0,1,12
12320,-11.81,0.5,-8.61,0,0,1,12
12340,-12.52,-2.43,-8.19,0,0,1,12
12360,-9.23,-2.62,-5.59,0,0,1,12
12380,-7.56,-0.14,-2.52,0,0,1,12
12400,-7.38,2.28,-1.45,0,0,1,12
12420,-7.02,1.93,-2.6,0,0,1,12
12440,-7.49,-0.23,-4.43,0,0,1,12
12460,-7.98,-2.42,-6.29,0,0,1,12
12480,-8.35,-2.2,-6.94,0,0,1,12
12500,-8.21,0.51,-5.7,0,0,1,12
12520,-7.26,3.69,-3.78,0,0,1,12
12540,-7.33,5.03,-3.21,0,0,1,12
12560,-7.71,4.42,-4.48,0,0,1,12
12580,-8.22,3.03,-6.3,0,0,1,12
12600,-8.37,1.73,-6.38,0,0,1,12
12620,-7.82,1.42,-5.01,0,0,1,12
12640,-7.47,1.73,-3.9,0,0,1,12
12660,-7.45,1.95,-4.17,0,0,1,12
12680,-7.77,1.87,-5.09,0,0,1,12
12700,-8.06,1.51,-5.97,0,0,1,12
12720,-8.22,1.02,-6.08,0,0,1,12
12740,-7.98,0.9,-5.57,0,0,1,12
12760,-7.68,1.22,-5.2,0,0,1,12
12780,-8.11,1.43,-5.68,0,0,1,12
12800,-8.03,1.64,-6.31,0,0,1,12
12820,-7.79,1.98,-6.14,0,0,1,12
12840,-7.56,2.21,-5.4,0,0,1,12
12860,-7.41,2.26,-4.93,0,0,1,12
12880,-7.04,2.24,-4.92,0,0,1,12
12900,-7.24,2.44,-5.28,0,0,1,12
12920,-7.54,2.67,-5.72,0,0,1,12
12940,-7.59,2.8,-5.87,0,0,1,12
12960,-7.28,3.02,-6.0,0,0,1,12
12980,-7.59,2.67,-6.62,0,0,1,12
12000,-7.94,2.54,-4.5,0,0,1,13
12020,-7.4,2.26,-3.9,0,0,1,13
12040,-7.09,2.1,-3.3,0,0,1,13
12060,-6.69,1.43,-3.49,0,0,1,13
12080,-7.18,0.43,-4.19,0,0,1,13
12100,-7.27,0.14,-4.69,0,0,1,13
12120,-7.16,0.68,-4.79,0,0,1,13
12140,-7.39,2.37,-4.21,0,0,1,13
12160,-7.87,4.52,-4.2,0,0,1,13
12180,-8.72,5.75,-4.61,0,0,1,13
12200,-9.3,6.06,-5.46,0,0,1,13
12220,-8.89,5.72,-5.35,0,0,1,13
12240,-7.89,5.71,-4.59,0,0,1,13
12260,-7.13,6.0,-3.66,0,0,1,13
12280,-9.84,4.77,-3.34,0,0,1,13
12300,-10.32,4.36,-7.29,0,0,1,13
12320,-11.81,0.5,-8.61,0,0,1,13
12340,-12.52,-2.43,-8.19,0,0,1,13
12360,-9.23,-2.62,-5.59,0,0,1,13
12380,-7.56,-0.14,-2.52,0,0,1,13
12400,-7.38,2.28,-1.45,0,0,1,13
12420,-7.02,1.93,-2.6,0,0,1,13
12440,-7.49,-0.23,-4.43,0,0,1,13
12460,-7.98,-2.42,-6.29,0,0,1,13
12480,-8.35,-2.2,-6.94,0,0,1,13
12500,-8.21,0.51,-5.7,0,0,1,13
12520,-7.26,3.69,-3.78,0,0,1,13
12540,-7.33,5.03,-3.21,0,0,1,13
12560,-7.71,4.42,-4.48,0,0,1,13
12580,-8.22,3.03,-6.3,0,0,1,13
12600,-8.37,1.73,-6.38,0,0,1,13
12620,-7.82,1.42,-5.01,0,0,1,13
12640,-7.47,1.73,-3.9,0,0,1,13
12660,-7.45,1.95,-4.17,0,0,1,13
12680,-7.77,1.87,-5.09,0,0,1,13
12700,-8.06,1.51,-5.97,0,0,1,13
12720,-8.22,1.02,-6.08,0,0,1,13
12740,-7.98,0.9,-5.57,0,0,1,13
12760,-7.68,1.22,-5.2,0,0,1,13
12780,-8.11,1.43,-5.68,0,0,1,13
12800,-8.03,1.64,-6.31,0,0,1,13
12820,-7.79,1.98,-6.14,0,0,1,13
12840,-7.56,2.21,-5.4,0,0,1,13
12860,-7.41,2.26,-4.93,0,0,1,13
12880,-7.04,2.24,-4.92,0,0,1,13
12900,-7.24,2.44,-5.28,0,0,1,13
12920,-7.54,2.67,-5.72,0,0,1,13
12940,-7.59,2.8,-5.87,0,0,1,13
12960,-7.28,3.02,-6.0,0,0,1,13
12980,-7.59,2.67,-6.62,0,0,1,13
13000,-7.91,2.36,-7.07,0,0,1,13
13020,-7.68,2.21,-6.92,0,0,1,13
13040,-6.99,2.52,-6.09,0,0,1,13
13060,-6.53,2.58,-6.33,0,0,1,13
13080,-6.41,2.16,-6.62,0,0,1,13
13100,-9.41,0.76,-5.23,0,0,1,13
13120,-8.11,2.57,-2.13,0,0,1,13
13140,-7.85,4.88,-0.92,0,0,1,13
13160,-9.29,1.12,-4.12,0,0,1,13
13180,-13.14,-2.59,-7.57,0,0,1,13
13200,-13.93,-4.45,-8.83,0,0,1,13
13220,-12.52,-5.05,-9.0,0,0,1,13
13240,-9.73,-1.66,-5.85,0,0,1,13
13260,-7.48,2.27,-1.68,0,0,1,13
13280,-8.51,3.82,0.3,0,0,1,13
13300,-10.36,3.49,-1.38,0,0,1,13
13320,-11.54,2.98,-5.13,0,0,1,13
13340,-11.28,1.83,-6.85,0,0,1,13
13360,-9.36,0.74,-4.14,0,0,1,13
13380,-7.07,0.6,-0.71,0,0,1,13
13400,-6.26,1.84,-0.28,0,0,1,13
13420,-7.35,2.77,-2.65,0,0,1,13
13440,-7.83,2.64,-3.98,0,0,1,13
13460,-7.57,1.76,-3.06,0,0,1,13
13480,-7.53,0.92,-2.45,0,0,1,13
13500,-7.69,0.79,-2.38,0,0,1,13
13520,-8.16,1.44,-2.55,0,0,1,13
13540,-8.32,2.91,-3.21,0,0,1,13
13560,-7.4,3.52,-3.19,0,0,1,13
13580,-7.48,3.73,-2.94,0,0,1,13
13600,-6.92,3.05,-3.22,0,0,1,13
13620,-6.11,2.02,-2.55,0,0,1,13
13640,-7.47,1.91,-2.45,0,0,1,13
13660,-10.72,3.15,-5.46,0,0,1,13
13680,-13.03,4.65,-7.87,0,0,1,13
13700,-13.01,5.61,-7.96,0,0,1,13
13720,-11.41,2.3,-5.33,0,0,1,13
13740,-9.23,-0.93,-3.89,0,0,1,13
13760,-7.56,-1.23,-3.67,0,0,1,13
13780,-6.84,-1.37,-3.3,0,0,1,13
13800,-6.87,-1.28,-3.27,0,0,1,13
13820,-6.72,0.08,-4.06,0,0,1,13
13840,-7.33,2.17,-5.08,0,0,1,13
13860,-8.12,2.68,-4.7,0,0,1,13
13880,-8.58,2.05,-4.29,0,0,1,13
13900,-8.52,2.11,-4.65,0,0,1,13
13920,-8.34,2.32,-5.25,0,0,1,13
13940,-7.75,2.18,-5.55,0,0,1,13
13960,-7.66,2.02,-5.82,0,0,1,13
13980,-7.73,1.62,-6.12,0,0,1,13
13000,-7.91,2.36,-7.07,0,0,1,14
13020,-7.68,2.21,-6.92,0,0,1,14
13040,-6.99,2.52,-6.09,0,0,1,14
13060,-6.53,2.58,-6.33,0,0,1,14
13080,-6.41,2.16,-6.62,0,0,1,14
13100,-9.41,0.76,-5.23,0,0,1,14
13120,-8.11,2.57,-2.13,0,0,1,14
13140,-7.85,4.88,-0.92,0,0,1,14
13160,-9.29,1.12,-4.12,0,0,1,14
13180,-13.14,-2.59,-7.57,0,0,1,14
13200,-13.93,-4.45,-8.83,0,0,1,14
13220,-12.52,-5.05,-9.0,0,0,1,14
13240,-9.73,-1.66,-5.85,0,0,1,14
13260,-7.48,2.27,-1.68,0,0,1,14
13280,-8.51,3.82,0.3,0,0,1,14
13300,-10.36,3.49,-1.38,0,0,1,14
13320,-11.54,2.98,-5.13,0,0,1,14
13340,-11.28,1.83,-6.85,0,0,1,14
13360,-9.36,0.74,-4.14,0,0,1,14
13380,-7.07,0.6,-0.71,0,0,1,14
13400,-6.26,1.84,-0.28,0,0,1,14
13420,-7.35,2.77,-2.65,0,0,1,14
13440,-7.83,2.64,-3.98,0,0,1,14
13460,-7.57,1.76,-3.06,0,0,1,14
13480,-7.53,0.92,-2.45,0,0,1,14
13500,-7.69,0.79,-2.38,0,0,1,14
13520,-8.16,1.44,-2.55,0,0,1,14
13540,-8.32,2.91,-3.21,0,0,1,14
13560,-7.4,3.52,-3.19,0,0,1,14
13580,-7.48,3.73,-2.94,0,0,1,14
13600,-6.92,3.05,-3.22,0,0,1,14
13620,-6.11,2.02,-2.55,0,0,1,14
13640,-7.47,1.91,-2.45,0,0,1,14
13660,-10.72,3.15,-5.46,0,0,1,14
13680,-13.03,4.65,-7.87,0,0,1,14
13700,-13.01,5.61,-7.96,0,0,1,14
13720,-11.41,2.3,-5.33,0,0,1,14
13740,-9.23,-0.93,-3.89,0,0,1,14
13760,-7.56,-1.23,-3.67,0,0,1,14
13780,-6.84,-1.37,-3.3,0,0,1,14
13800,-6.87,-1.28,-3.27,0,0,1,14
13820,-6.72,0.08,-4.06,0,0,1,14
13840,-7.33,2.17,-5.08,0,0,1,14
13860,-8.12,2.68,-4.7,0,0,1,14
13880,-8.58,2.05,-4.29,0,0,1,14
13900,-8.52,2.11,-4.65,0,0,1,14
13920,-8.34,2.32,-5.25,0,0,1,14
13940,-7.75,2.18,-5.55,0,0,1,14
13960,-7.66,2.02,-5.82,0,0,1,14
13980,-7.73,1.62,-6.12,0,0,1,14
14000,-7.83,1.6,-5.78,0,0,1,14
14020,-7.88,1.91,-5.25,0,0,1,14
14040,-7.86,2.44,-5.01,0,0,1,14
14060,-8.18,2.64,-5.39,0,0,1,14
14080,-8.26,3.52,-5.56,0,0,1,14
14100,-8.27,4.33,-5.31,0,0,1,14
14120,-7.97,4.27,-5.16,0,0,1,14
14140,-7.82,3.65,-5.42,0,0,1,14
14160,-7.72,3.06,-5.7,0,0,1,14
14180,-7.55,2.68,-5.77,0,0,1,14
14200,-7.57,2.83,-5.53,0,0,1,14
14220,-6.98,3.63,-5.12,0,0,1,14
14240,-6.85,4.2,-5.09,0,0,1,14
14260,-7.19,3.78,-5.68,0,0,1,14
14280,-7.41,3.49,-5.71,0,0,1,14
14300,-6.86,3.68,-5.8,0,0,1,14
14320,-7.16,3.34,-5.81,0,0,1,14
14340,-7.55,2.41,-6.42,0,0,1,14
14360,-10.49,1.31,-5.24,0,0,1,14
14380,-6.85,1.94,-4.61,0,0,1,14
14400,-6.17,2.16,-4.88,0,0,1,14
14420,-8.0,1.66,-6.15,0,0,1,14
14440,-8.33,2.46,-5.39,0,0,1,14
14460,-8.03,3.94,-4.96,0,0,1,14
14480,-9.58,3.87,-6.3,0,0,1,14
14500,-11.0,2.61,-8.08,0,0,1,14
14520,-10.58,2.29,-7.28,0,0,1,14
14540,-9.08,2.3,-4.31,0,0,1,14
14560,-8.66,1.4,-3.16,0,0,1,14
14580,-8.27,-0.58,-2.98,0,0,1,14
14600,-7.14,-1.92,-3.0,0,0,1,14
14620,-7.15,-2.07,-2.69,0,0,1,14
14640,-7.65,-1.6,-3.17,0,0,1,14
14660,-7.98,0.4,-4.2,0,0,1,14
14680,-9.72,3.95,-5.05,0,0,1,14
14700,-11.47,6.52,-5.8,0,0,1,14
14720,-10.74,6.16,-5.56,0,0,1,14
14740,-9.59,4.13,-4.77,0,0,1,14
14760,-8.71,2.39,-4.36,0,0,1,14
14780,-8.34,1.73,-4.56,0,0,1,14
14800,-8.15,2.53,-4.29,0,0,1,14
14820,-7.98,3.26,-3.9,0,0,1,14
14840,-7.1,3.6,-2.99,0,0,1,14
14860,-6.3,3.44,-2.2,0,0,1,14
14880,-5.87,3.1,-1.93,0,0,1,14
14900,-6.08,2.56,-2.26,0,0,1,14
14920,-5.99,2.05,-2.97,0,0,1,14
14940,-6.39,1.31,-3.98,0,0,1,14
14960,-7.15,1.65,-5.0,0,0,1,14
14980,-7.81,3.08,-6.2,0,0,1,14
14000,-7.83,1.6,-5.78,0,0,1,15
14020,-7.88,1.91,-5.25,0,0,1,15
14040,-7.86,2.44,-5.01,0,0,1,15
14060,-8.18,2.64,-5.39,0,0,1,15
14080,-8.26,3.52,-5.56,0,0,1,15
14100,-8.27,4.33,-5.31,0,0,1,15
14120,-7.97,4.27,-5.16,0,0,1,15
14140,-7.82,3.65,-5.42,0,0,1,15
14160,-7.72,3.06,-5.7,0,0,1,15
14180,-7.55,2.68,-5.77,0,0,1,15
14200,-7.57,2.83,-5.53,0,0,1,15
14220,-6.98,3.63,-5.12,0,0,1,15
14240,-6.85,4.2,-5.09,0,0,1,15
14260,-7.19,3.78,-5.68,0,0,1,15
14280,-7.41,3.49,-5.71,0,0,1,15
14300,-6.86,3.68,-5.8,0,0,1,15
14320,-7.16,3.34,-5.81,0,0,1,15
14340,-7.55,2.41,-6.42,0,0,1,15
14360,-10.49,1.31,-5.24,0,0,1,15
14380,-6.85,1.94,-4.61,0,0,1,15
14400,-6.17,2.16,-4.88,0,0,1,15
14420,-8.0,1.66,-6.15,0,0,1,15
14440,-8.33,2.46,-5.39,0,0,1,15
14460,-8.03,3.94,-4.96,0,0,1,15
14480,-9.58,3.87,-6.3,0,0,1,15
14500,-11.0,2.61,-8.08,0,0,1,15
14520,-10.58,2.29,-7.28,0,0,1,15
14540,-9.08,2.3,-4.31,0,0,1,15
14560,-8.66,1.4,-3.16,0,0,1,15
14580,-8.27,-0.58,-2.98,0,0,1,15
14600,-7.14,-1.92,-3.0,0,0,1,15
14620,-7.15,-2.07,-2.69,0,0,1,15
14640,-7.65,-1.6,-3.17,0,0,1,15
14660,-7.98,0.4,-4.2,0,0,1,15
14680,-9.72,3.95,-5.05,0,0,1,15
14700,-11.47,6.52,-5.8,0,0,1,15
14720,-10.74,6.16,-5.56,0,0,1,15
14740,-9.59,4.13,-4.77,0,0,1,15
14760,-8.71,2.39,-4.36,0,0,1,15
14780,-8.34,1.73,-4.56,0,0,1,15
14800,-8.15,2.53,-4.29,0,0,1,15
14820,-7.98,3.26,-3.9,0,0,1,15
14840,-7.1,3.6,-2.99,0,0,1,15
14860,-6.3,3.44,-2.2,0,0,1,15
14880,-5.87,3.1,-1.93,0,0,1,15
14900,-6.08,2.56,-2.26,0,0,1,15
14920,-5.99,2.05,-2.97,0,0,1,15
14940,-6.39,1.31,-3.98,0,0,1,15
14960,-7.15,1.65,-5.0,0,0,1,15
14980,-7.81,3.08,-6.2,0,0,1,15
15000,-9.01,4.82,-7.72,0,0,1,15
15020,-10.68,5.98,-7.99,0,0,1,15
15040,-14.57,4.38,-7.84,0,0,1,15
15060,-12.16,1.67,-8.02,0,0,1,15
15080,-7.9,-2.52,-6.18,0,0,1,15
15100,-4.69,-2.35,-0.31,0,0,1,15
15120,-6.1,-1.22,1.43,0,0,1,15
15140,-10.74,0.11,-2.57,0,0,1,15
15160,-11.37,0.63,-7.05,0,0,1,15
15180,-10.11,-0.06,-7.78,0,0,1,15
15200,-8.34,-0.73,-6.33,0,0,1,15
15220,-6.24,-0.64,-4.86,0,0,1,15
15240,-5.87,-0.7,-5.35,0,0,1,15
15260,-7.7,-0.07,-5.79,0,0,1,15
15280,-8.27,1.13,-5.62,0,0,1,15
15300,-9.04,2.51,-4.87,0,0,1,15
15320,-9.62,2.9,-5.19,0,0,1,15
15340,-9.71,1.9,-6.84,0,0,1,15
15360,-8.97,1.39,-8.19,0,0,1,15
15380,-7.84,1.57,-7.2,0,0,1,15
15400,-7.06,1.84,-5.96,0,0,1,15
15420,-6.23,1.91,-5.27,0,0,1,15
15440,-6.08,1.38,-5.63,0,0,1,15
15460,-7.01,0.5,-7.05,0,0,1,15
15480,-7.08,0.91,-7.52,0,0,1,15
15500,-6.84,1.86,-7.57,0,0,1,15
15520,-6.08,2.77,-7.17,0,0,1,15
15540,-5.71,3.44,-5.94,0,0,1,15
15560,-6.11,4.18,-5.13,0,0,1,15
15580,-9.07,3.59,-5.17,0,0,1,15
15600,-9.33,3.89,-3.99,0,0,1,15
15620,-8.12,4.96,-2.78,0,0,1,15
15640,-8.2,4.24,-3.52,0,0,1,15
15660,-8.72,2.39,-6.42,0,0,1,15
15680,-8.94,0.29,-7.03,0,0,1,15
15700,-8.78,0.39,-5.83,0,0,1,15
15720,-8.31,1.88,-4.18,0,0,1,15
15740,-8.74,2.58,-2.96,0,0,1,15
15760,-7.81,2.84,-3.02,0,0,1,15
15780,-7.13,3.04,-3.75,0,0,1,15
15800,-7.26,4.11,-4.61,0,0,1,15
15820,-7.78,5.08,-5.6,0,0,1,15
15840,-7.7,5.6,-5.33,0,0,1,15
15860,-7.88,5.39,-3.39,0,0,1,15
15880,-7.96,6.01,-2.74,0,0,1,15
15900,-8.48,6.92,-4.18,0,0,1,15
15920,-9.04,6.98,-5.3,0,0,1,15
15940,-9.21,6.65,-5.63,0,0,1,15
15960,-8.49,5.55,-4.85,0,0,1,15
15980,-7.68,4.86,-3.48,0,0,1,15
15000,-9.01,4.82,-7.72,0,0,1,16
15020,-10.68,5.98,-7.99,0,0,1,16
15040,-14.57,4.38,-7.84,0,0,1,16
15060,-12.16,1.67,-8.02,0,0,1,16
15080,-7.9,-2.52,-6.18,0,0,1,16
15100,-4.69,-2.35,-0.31,0,0,1,16
15120,-6.1,-1.22,1.43,0,0,1,16
15140,-10.74,0.11,-2.57,0,0,1,16
15160,-11.37,0.63,-7.05,0,0,1,16
15180,-10.11,-0.06,-7.78,0,0,1,16
15200,-8.34,-0.73,-6.33,0,0,1,16
15220,-6.24,-0.64,-4.86,0,0,1,16
15240,-5.87,-0.7,-5.35,0,0,1,16
15260,-7.7,-0.07,-5.79,0,0,1,16
15280,-8.27,1.13,-5.62,0,0,1,16
15300,-9.04,2.51,-4.87,0,0,1,16
15320,-9.62,2.9,-5.19,0,0,1,16
15340,-9.71,1.9,-6.84,0,0,1,16
15360,-8.97,1.39,-8.19,0,0,1,16
15380,-7.84,1.57,-7.2,0,0,1,16
15400,-7.06,1.84,-5.96,0,0,1,16
15420,-6.23,1.91,-5.27,0,0,1,16
15440,-6.08,1.38,-5.63,0,0,1,16
15460,-7.01,0.5,-7.05,0,0,1,16
15480,-7.08,0.91,-7.52,0,0,1,16
15500,-6.84,1.86,-7.57,0,0,1,16
15520,-6.08,2.77,-7.17,0,0,1,16
15540,-5.71,3.44,-5.94,0,0,1,16
15560,-6.11,4.18,-5.13,0,0,1,16
15580,-9.07,3.59,-5.17,0,0,1,16
15600,-9.33,3.89,-3.99,0,0,1,16
15620,-8.12,4.96,-2.78,0,0,1,16
15640,-8.2,4.24,-3.52,0,0,1,16
15660,-8.72,2.39,-6.42,0,0,1,16
15680,-8.94,0.29,-7.03,0,0,1,16
15700,-8.78,0.39,-5.83,0,0,1,16
15720,-8.31,1.88,-4.18,0,0,1,16
15740,-8.74,2.58,-2.96,0,0,1,16
15760,-7.81,2.84,-3.02,0,0,1,16
15780,-7.13,3.04,-3.75,0,0,1,16
15800,-7.26,4.11,-4.61,0,0,1,16
15820,-7.78,5.08,-5.6,0,0,1,16
15840,-7.7,5.6,-5.33,0,0,1,16
15860,-7.88,5.39,-3.39,0,0,1,16
15880,-7.96,6.01,-2.74,0,0,1,16
15900,-8.48,6.92,-4.18,0,0,1,16
15920,-9.04,6.98,-5.3,0,0,1,16
15940,-9.21,6.65,-5.63,0,0,1,16
15960,-8.49,5.55,-4.85,0,0,1,16
15980,-7.68,4.86,-3.48,0,0,1,16
16000,-7.28,4.67,-2.35,0,0,1,16
16020,-7.02,4.98,-2.53,0,0,1,16
16040,-7.23,4.86,-2.45,0,0,1,16
16060,-7.48,4.24,-2.46,0,0,1,16
16080,-7.58,3.11,-2.56,0,0,1,16
16100,-7.75,2.05,-2.92,0,0,1,16
16120,-7.95,1.71,-3.51,0,0,1,16
16140,-8.04,2.16,-3.67,0,0,1,16
16160,-8.18,3.25,-3.45,0,0,1,16
16180,-8.24,3.98,-3.41,0,0,1,16
16200,-8.17,4.4,-3.33,0,0,1,16
16220,-7.83,4.39,-3.25,0,0,1,16
16240,-7.48,4.28,-2.79,0,0,1,16
16260,-7.87,3.95,-2.33,0,0,1,16
16280,-10.51,3.26,-3.81,0,0,1,16
16300,-13.73,1.95,-7.92,0,0,1,16
16320,-11.04,1.26,-7.57,0,0,1,16
16340,-7.95,0.43,-2.51,0,0,1,16
16360,-6.5,0.64,-0.14,0,0,1,16
16380,-6.79,1.98,-1.13,0,0,1,16
16400,-7.98,2.22,-3.52,0,0,1,16
16420,-9.17,0.26,-6.0,0,0,1,16
16440,-9.24,-2.43,-7.12,0,0,1,16
16460,-9.21,-3.62,-7.28,0,0,1,16
16480,-7.87,-2.1,-5.79,0,0,1,16
16500,-8.19,-0.07,-4.01,0,0,1,16
16520,-7.94,1.3,-4.09,0,0,1,16
16540,-7.07,0.8,-4.6,0,0,1,16
16560,-7.55,-1.15,-4.87,0,0,1,16
16580,-7.88,-2.16,-6.21,0,0,1,16
16600,-8.18,-0.92,-7.13,0,0,1,16
16620,-8.76,1.01,-7.36,0,0,1,16
16640,-8.93,2.81,-7.47,0,0,1,16
16660,-7.88,3.78,-5.84,0,0,1,16
16680,-7.07,3.12,-3.74,0,0,1,16
16700,-7.3,1.14,-3.52,0,0,1,16
16720,-7.31,-1.23,-4.49,0,0,1,16
16740,-6.61,-2.85,-5.32,0,0,1,16
16760,-5.68,-2.93,-5.4,0,0,1,16
16780,-6.44,-1.56,-4.94,0,0,1,16
16800,-8.03,0.83,-3.76,0,0,1,16
16820,-7.59,2.27,-3.41,0,0,1,16
16840,-9.18,2.86,-2.97,0,0,1,16
16860,-7.72,3.51,-2.81,0,0,1,16
16880,-7.64,0.91,-4.04,0,0,1,16
16900,-7.94,-0.95,-4.13,0,0,1,16
16920,-8.29,-1.72,-4.08,0,0,1,16
16940,-9.25,-1.85,-4.08,0,0,1,16
16960,-9.08,-1.26,-2.66,0,0,1,16
16980,-7.95,-1.31,-2.63,0,0,1,16
16000,-7.28,4.67,-2.35,0,0,1,17
16020,-7.02,4.98,-2.53,0,0,1,17
16040,-7.23,4.86,-2.45,0,0,1,17
16060,-7.48,4.24,-2.46,0,0,1,17
16080,-7.58,3.11,-2.56,0,0,1,17
16100,-7.75,2.05,-2.92,0,0,1,17
16120,-7.95,1.71,-3.51,0,0,1,17
16140,-8.04,2.16,-3.67,0,0,1,17
16160,-8.18,3.25,-3.45,0,0,1,17
16180,-8.24,3.98,-3.41,0,0,1,17
16200,-8.17,4.4,-3.33,0,0,1,17
16220,-7.83,4.39,-3.25,0,0,1,17
16240,-7.48,4.28,-2.79,0,0,1,17
16260,-7.87,3.95,-2.33,0,0,1,17
16280,-10.51,3.26,-3.81,0,0,1,17
16300,-13.73,1.95,-7.92,0,0,1,17
16320,-11.04,1.26,-7.57,0,0,1,17
16340,-7.95,0.43,-2.51,0,0,1,17
16360,-6.5,0.64,-0.14,0,0,1,17
16380,-6.79,1.98,-1.13,0,0,1,17
16400,-7.98,2.22,-3.52,0,0,1,17
16420,-9.17,0.26,-6.0,0,0,1,17
16440,-9.24,-2.43,-7.12,0,0,1,17
16460,-9.21,-3.62,-7.28,0,0,1,17
16480,-7.87,-2.1,-5.79,0,0,1,17
16500,-8.19,-0.07,-4.01,0,0,1,17
16520,-7.94,1.3,-4.09,0,0,1,17
16540,-7.07,0.8,-4.6,0,0,1,17
16560,-7.55,-1.15,-4.87,0,0,1,17
16580,-7.88,-2.16,-6.21,0,0,1,17
16600,-8.18,-0.92,-7.13,0,0,1,17
16620,-8.76,1.01,-7.36,0,0,1,17
16640,-8.93,2.81,-7.47,0,0,1,17
16660,-7.88,3.78,-5.84,0,0,1,17
16680,-7.07,3.12,-3.74,0,0,1,17
16700,-7.3,1.14,-3.52,0,0,1,17
16720,-7.31,-1.23,-4.49,0,0,1,17
16740,-6.61,-2.85,-5.32,0,0,1,17
16760,-5.68,-2.93,-5.4,0,0,1,17
16780,-6.44,-1.56,-4.94,0,0,1,17
16800,-8.03,0.83,-3.76,0,0,1,17
16820,-7.59,2.27,-3.41,0,0,1,17
16840,-9.18,2.86,-2.97,0,0,1,17
16860,-7.72,3.51,-2.81,0,0,1,17
16880,-7.64,0.91,-4.04,0,0,1,17
16900,-7.94,-0.95,-4.13,0,0,1,17
16920,-8.29,-1.72,-4.08,0,0,1,17
16940,-9.25,-1.85,-4.08,0,0,1,17
16960,-9.08,-1.26,-2.66,0,0,1,17
16980,-7.95,-1.31,-2.63,0,0,1,17
17000,-8.99,-0.79,-3.66,0,0,1,17
17020,-9.33,0.9,-4.46,0,0,1,17
17040,-8.97,1.51,-3.83,0,0,1,17
17060,-7.87,1.25,-2.27,0,0,1,17
17080,-7.63,0.35,-1.34,0,0,1,17
17100,-8.91,-0.25,-1.13,0,0,1,17
17120,-9.63,-0.31,-2.04,0,0,1,17
17140,-8.89,-0.24,-2.69,0,0,1,17
17160,-8.63,0.06,-3.05,0,0,1,17
17180,-9.06,0.11,-2.54,0,0,1,17
17200,-8.84,0.55,-2.12,0,0,1,17
17220,-9.55,0.48,-2.41,0,0,1,17
17240,-10.08,0.13,-3.68,0,0,1,17
17260,-10.07,0.11,-3.79,0,0,1,17
17280,-10.08,0.51,-2.7,0,0,1,17
17300,-9.85,0.91,-2.05,0,0,1,17
17320,-9.29,0.63,-2.08,0,0,1,17
17340,-8.95,0.04,-2.49,0,0,1,17
17360,-9.42,-0.35,-2.97,0,0,1,17
17380,-9.6,-0.02,-3.27,0,0,1,17
17400,-9.66,0.28,-3.31,0,0,1,17
17420,-9.55,1.11,-2.6,0,0,1,17
17440,-9.47,1.04,-2.12,0,0,1,17
17460,-9.39,0.49,-2.52,0,0,1,17
17480,-9.7,-0.21,-3.14,0,0,1,17
17500,-9.65,-0.0,-3.54,0,0,1,17
17520,-10.2,0.51,-3.28,0,0,1,17
17540,-10.18,1.01,-2.72,0,0,1,17
17560,-9.96,0.9,-2.35,0,0,1,17
17580,-9.56,0.48,-2.41,0,0,1,17
17600,-9.23,-0.04,-2.91,0,0,1,17
17620,-9.07,-0.27,-2.99,0,0,1,17
17640,-9.3,0.44,-2.49,0,0,1,17
17660,-9.93,0.97,-2.68,0,0,1,17
17680,-10.44,0.86,-3.37,0,0,1,17
17700,-10.51,0.2,-3.91,0,0,1,17
17720,-9.98,0.54,-3.8,0,0,1,17
17740,-10.11,1.61,-3.06,0,0,1,17
17760,-10.22,1.74,-3.08,0,0,1,17
17780,-10.56,0.84,-3.23,0,0,1,17
17800,-10.64,0.18,-3.56,0,0,1,17
17820,-10.86,0.51,-3.61,0,0,1,17
17840,-10.91,1.32,-3.44,0,0,1,17
17860,-10.84,1.55,-3.45,0,0,1,17
17880,-10.81,1.35,-3.68,0,0,1,17
17900,-10.77,1.11,-3.78,0,0,1,17
17920,-10.34,0.48,-3.4,0,0,1,17
17940,-9.6,0.29,-2.97,0,0,1,17
17960,-9.08,0.59,-2.77,0,0,1,17
17980,-8.98,1.16,-2.98,0,0,1,17
17000,-8.99,-0.79,-3.66,0,0,1,18
17020,-9.33,0.9,-4.46,0,0,1,18
17040,-8.97,1.51,-3.83,0,0,1,18
17060,-7.87,1.25,-2.27,0,0,1,18
17080,-7.63,0.35,-1.34,0,0,1,18
17100,-8.91,-0.25,-1.13,0,0,1,18
17120,-9.63,-0.31,-2.04,0,0,1,18
17140,-8.89,-0.24,-2.69,0,0,1,18
17160,-8.63,0.06,-3.05,0,0,1,18
17180,-9.06,0.11,-2.54,0,0,1,18
17200,-8.84,0.55,-2.12,0,0,1,18
17220,-9.55,0.48,-2.41,0,0,1,18
17240,-10.08,0.13,-3.68,0,0,1,18
17260,-10.07,0.11,-3.79,0,0,1,18
17280,-10.08,0.51,-2.7,0,0,1,18
17300,-9.85,0.91,-2.05,0,0,1,18
17320,-9.29,0.63,-2.08,0,0,1,18
17340,-8.95,0.04,-2.49,0,0,1,18
17360,-9.42,-0.35,-2.97,0,0,1,18
17380,-9.6,-0.02,-3.27,0,0,1,18
17400,-9.66,0.28,-3.31,0,0,1,18
17420,-9.55,1.11,-2.6,0,0,1,18
17440,-9.47,1.04,-2.12,0,0,1,18
17460,-9.39,0.49,-2.52,0,0,1,18
17480,-9.7,-0.21,-3.14,0,0,1,18
17500,-9.65,-0.0,-3.54,0,0,1,18
17520,-10.2,0.51,-3.28,0,0,1,18
17540,-10.18,1.01,-2.72,0,0,1,18
17560,-9.96,0.9,-2.35,0,0,1,18
17580,-9.56,0.48,-2.41,0,0,1,18
17600,-9.23,-0.04,-2.91,0,0,1,18
17620,-9.07,-0.27,-2.99,0,0,1,18
17640,-9.3,0.44,-2.49,0,0,1,18
17660,-9.93,0.97,-2.68,0,0,1,18
17680,-10.44,0.86,-3.37,0,0,1,18
17700,-10.51,0.2,-3.91,0,0,1,18
17720,-9.98,0.54,-3.8,0,0,1,18
17740,-10.11,1.61,-3.06,0,0,1,18
17760,-10.22,1.74,-3.08,0,0,1,18
17780,-10.56,0.84,-3.23,0,0,1,18
17800,-10.64,0.18,-3.56,0,0,1,18
17820,-10.86,0.51,-3.61,0,0,1,18
17840,-10.91,1.32,-3.44,0,0,1,18
17860,-10.84,1.55,-3.45,0,0,1,18
17880,-10.81,1.35,-3.68,0,0,1,18
17900,-10.77,1.11,-3.78,0,0,1,18
17920,-10.34,0.48,-3.4,0,0,1,18
17940,-9.6,0.29,-2.97,0,0,1,18
17960,-9.08,0.59,-2.77,0,0,1,18
17980,-8.98,1.16,-2.98,0,0,1,18
18000,-9.06,1.34,-2.88,0,0,1,18
18020,-8.58,1.25,-2.82,0,0,1,18
18040,-8.09,1.09,-2.66,0,0,1,18
18060,-7.99,0.91,-2.49,0,0,1,18
18080,-8.22,1.0,-2.88,0,0,1,18
18100,-8.46,1.08,-3.01,0,0,1,18
18120,-8.51,0.94,-2.86,0,0,1,18
18140,-8.49,0.86,-2.7,0,0,1,18
18160,-8.69,0.84,-2.89,0,0,1,18
18180,-9.17,1.04,-3.33,0,0,1,18
18200,-9.42,1.09,-3.45,0,0,1,18
18220,-9.59,1.06,-3.2,0,0,1,18
18240,-9.78,1.06,-3.18,0,0,1,18
18260,-9.94,0.91,-3.48,0,0,1,18
18280,-10.16,0.8,-3.6,0,0,1,18
18300,-10.44,0.89,-3.59,0,0,1,18
18320,-11.11,1.11,-3.7,0,0,1,18
18340,-12.21,1.35,-4.4,0,0,1,18
18360,-13.75,1.37,-5.07,0,0,1,18
18380,-13.99,1.57,-4.91,0,0,1,18
18400,-14.17,0.82,-3.48,0,0,1,18
18420,-13.52,-0.4,-3.5,0,0,1,18
18440,-13.26,-0.9,-4.49,0,0,1,18
18460,-13.09,-0.67,-5.08,0,0,1,18
18480,-11.96,0.84,-4.2,0,0,1,18
18500,-11.25,1.81,-2.64,0,0,1,18
18520,-10.97,1.04,-2.7,0,0,1,18
18540,-9.17,-0.96,-2.54,0,0,1,18
18560,-10.03,-0.87,-2.42,0,0,1,18
18580,-10.14,-1.02,-3.4,0,0,1,18
18600,-8.4,-1.42,-2.64,0,0,1,18
18620,-8.95,-1.03,-2.44,0,0,1,18
18640,-9.66,-0.24,-2.75,0,0,1,18
18660,-8.45,0.35,-1.68,0,0,1,18
18680,-7.99,-0.63,-2.03,0,0,1,18
18700,-8.76,-1.07,-2.85,0,0,1,18
18720,-9.28,-1.09,-3.25,0,0,1,18
18740,-8.79,-0.82,-2.69,0,0,1,18
18760,-8.09,-0.86,-3.07,0,0,1,18
18780,-7.27,-0.79,-3.39,0,0,1,18
18800,-7.22,-0.85,-2.81,0,0,1,18
18820,-7.07,-0.99,-2.78,0,0,1,18
18840,-6.99,-0.96,-3.04,0,0,1,18
18860,-7.2,-0.87,-3.34,0,0,1,18
18880,-7.47,-0.88,-3.22,0,0,1,18
18900,-7.57,-1.4,-3.53,0,0,1,18
18920,-7.47,-1.73,-3.84,0,0,1,18
18940,-7.69,-1.89,-4.12,0,0,1,18
18960,-7.73,-1.2,-4.29,0,0,1,18
18980,-7.61,-0.86,-4.12,0,0,1,18
18000,-9.06,1.34,-2.88,0,0,1,19
18020,-8.58,1.25,-2.82,0,0,1,19
18040,-8.09,1.09,-2.66,0,0,1,19
18060,-7.99,0.91,-2.49,0,0,1,19
18080,-8.22,1.0,-2.88,0,0,1,19
18100,-8.46,1.08,-3.01,0,0,1,19
18120,-8.51,0.94,-2.86,0,0,1,19
18140,-8.49,0.86,-2.7,0,0,1,19
18160,-8.69,0.84,-2.89,0,0,1,19
18180,-9.17,1.04,-3.33,0,0,1,19
18200,-9.42,1.09,-3.45,0,0,1,19
18220,-9.59,1.06,-3.2,0,0,1,19
18240,-9.78,1.06,-3.18,0,0,1,19
18260,-9.94,0.91,-3.48,0,0,1,19
18280,-10.16,0.8,-3.6,0,0,1,19
18300,-10.44,0.89,-3.59,0,0,1,19
18320,-11.11,1.11,-3.7,0,0,1,19
18340,-12.21,1.35,-4.4,0,0,1,19
18360,-13.75,1.37,-5.07,0,0,1,19
18380,-13.99,1.57,-4.91,0,0,1,19
18400,-14.17,0.82,-3.48,0,0,1,19
18420,-13.52,-0.4,-3.5,0,0,1,19
18440,-13.26,-0.9,-4.49,0,0,1,19
18460,-13.09,-0.67,-5.08,0,0,1,19
18480,-11.96,0.84,-4.2,0,0,1,19
18500,-11.25,1.81,-2.64,0,0,1,19
18520,-10.97,1.04,-2.7,0,0,1,19
18540,-9.17,-0.96,-2.54,0,0,1,19
18560,-10.03,-0.87,-2.42,0,0,1,19
18580,-10.14,-1.02,-3.4,0,0,1,19
18600,-8.4,-1.42,-2.64,0,0,1,19
18620,-8.95,-1.03,-2.44,0,0,1,19
18640,-9.66,-0.24,-2.75,0,0,1,19
18660,-8.45,0.35,-1.68,0,0,1,19
18680,-7.99,-0.63,-2.03,0,0,1,19
18700,-8.76,-1.07,-2.85,0,0,1,19
18720,-9.28,-1.09,-3.25,0,0,1,19
18740,-8.79,-0.82,-2.69,0,0,1,19
18760,-8.09,-0.86,-3.07,0,0,1,19
18780,-7.27,-0.79,-3.39,0,0,1,19
18800,-7.22,-0.85,-2.81,0,0,1,19
18820,-7.07,-0.99,-2.78,0,0,1,19
18840,-6.99,-0.96,-3.04,0,0,1,19
18860,-7.2,-0.87,-3.34,0,0,1,19
18880,-7.47,-0.88,-3.22,0,0,1,19
18900,-7.57,-1.4,-3.53,0,0,1,19
18920,-7.47,-1.73,-3.84,0,0,1,19
18940,-7.69,-1.89,-4.12,0,0,1,19
18960,-7.73,-1.2,-4.29,0,0,1,19
18980,-7.61,-0.86,-4.12,0,0,1,19
19000,-7.0,-0.57,-3.54,0,0,1,19
19020,-6.68,-0.83,-3.12,0,0,1,19
19040,-6.56,-1.04,-3.53,0,0,1,19
19060,-6.99,-0.95,-4.12,0,0,1,19
19080,-6.71,-0.62,-4.45,0,0,1,19
19100,-7.0,-0.76,-4.18,0,0,1,19
19120,-7.06,-1.16,-4.28,0,0,1,19
19140,-6.7,-1.77,-4.71,0,0,1,19
19160,-6.35,-2.16,-4.58,0,0,1,19
19180,-6.73,-2.22,-4.11,0,0,1,19
19200,-7.04,-2.32,-4.36,0,0,1,19
19220,-7.49,-2.32,-4.76,0,0,1,19
19240,-8.67,-2.1,-5.77,0,0,1,19
19260,-8.97,-1.43,-7.02,0,0,1,19
19280,-8.86,-0.88,-6.6,0,0,1,19
19300,-8.07,-0.21,-4.85,0,0,1,19
19320,-7.36,0.04,-4.28,0,0,1,19
19340,-7.35,0.17,-4.73,0,0,1,19
19360,-7.75,0.38,-5.54,0,0,1,19
19380,-8.13,0.36,-6.13,0,0,1,19
19400,-8.17,0.22,-6.91,0,0,1,19
19420,-7.82,0.6,-6.86,0,0,1,19
19440,-7.86,1.16,-6.12,0,0,1,19
19460,-7.84,1.54,-5.16,0,0,1,19
19480,-7.68,1.35,-5.25,0,0,1,19
19500,-7.75,0.95,-5.99,0,0,1,19
19520,-7.9,0.95,-6.5,0,0,1,19
19540,-7.99,1.77,-6.77,0,0,1,19
19560,-8.12,2.59,-6.48,0,0,1,19
19580,-7.74,3.11,-5.8,0,0,1,19
19600,-7.43,2.96,-5.36,0,0,1,19
19620,-7.18,2.62,-5.6,0,0,1,19
19640,-7.48,2.57,-5.97,0,0,1,19
19660,-7.53,2.75,-6.05,0,0,1,19
19680,-7.45,2.87,-5.86,0,0,1,19
19700,-7.48,2.88,-5.71,0,0,1,19
19720,-7.88,2.63,-5.74,0,0,1,19
19740,-7.94,2.1,-5.71,0,0,1,19
19760,-7.88,1.68,-5.8,0,0,1,19
19780,-7.77,1.52,-5.87,0,0,1,19
19800,-7.53,1.76,-5.61,0,0,1,19
19820,-7.85,2.08,-5.52,0,0,1,19
19840,-7.67,2.14,-5.68,0,0,1,19
19860,-7.47,1.66,-5.89,0,0,1,19
19880,-7.21,1.36,-6.26,0,0,1,19
19900,-7.41,1.6,-6.23,0,0,1,19
19920,-7.57,1.8,-6.36,0,0,1,19
19940,-8.81,2.57,-5.3,0,0,1,19
19960,-8.01,2.99,-5.38,0,0,1,19
19980,-8.71,2.22,-6.88,0,0,1,19
19000,-7.0,-0.57,-3.54,0,0,1,20
19020,-6.68,-0.83,-3.12,0,0,1,20
19040,-6.56,-1.04,-3.53,0,0,1,20
19060,-6.99,-0.95,-4.12,0,0,1,20
19080,-6.71,-0.62,-4.45,0,0,1,20
19100,-7.0,-0.76,-4.18,0,0,1,20
19120,-7.06,-1.16,-4.28,0,0,1,20
19140,-6.7,-1.77,-4.71,0,0,1,20
19160,-6.35,-2.16,-4.58,0,0,1,20
19180,-6.73,-2.22,-4.11,0,0,1,20
19200,-7.04,-2.32,-4.36,0,0,1,20
19220,-7.49,-2.32,-4.76,0,0,1,20
19240,-8.67,-2.1,-5.77,0,0,1,20
19260,-8.97,-1.43,-7.02,0,0,1,20
19280,-8.86,-0.88,-6.6,0,0,1,20
19300,-8.07,-0.21,-4.85,0,0,1,20
19320,-7.36,0.04,-4.28,0,0,1,20
19340,-7.35,0.17,-4.73,0,0,1,20
19360,-7.75,0.38,-5.54,0,0,1,20
19380,-8.13,0.36,-6.13,0,0,1,20
19400,-8.17,0.22,-6.91,0,0,1,20
19420,-7.82,0.6,-6.86,0,0,1,20
19440,-7.86,1.16,-6.12,0,0,1,20
19460,-7.84,1.54,-5.16,0,0,1,20
19480,-7.68,1.35,-5.25,0,0,1,20
19500,-7.75,0.95,-5.99,0,0,1,20
19520,-7.9,0.95,-6.5,0,0,1,20
19540,-7.99,1.77,-6.77,0,0,1,20
19560,-8.12,2.59,-6.48,0,0,1,20
19580,-7.74,3.11,-5.8,0,0,1,20
19600,-7.43,2.96,-5.36,0,0,1,20
19620,-7.18,2.62,-5.6,0,0,1,20
19640,-7.48,2.57,-5.97,0,0,1,20
19660,-7.53,2.75,-6.05,0,0,1,20
19680,-7.45,2.87,-5.86,0,0,1,20
19700,-7.48,2.88,-5.71,0,0,1,20
19720,-7.88,2.63,-5.74,0,0,1,20
19740,-7.94,2.1,-5.71,0,0,1,20
19760,-7.88,1.68,-5.8,0,0,1,20
19780,-7.77,1.52,-5.87,0,0,1,20
19800,-7.53,1.76,-5.61,0,0,1,20
19820,-7.85,2.08,-5.52,0,0,1,20
19840,-7.67,2.14,-5.68,0,0,1,20
19860,-7.47,1.66,-5.89,0,0,1,20
19880,-7.21,1.36,-6.26,0,0,1,20
19900,-7.41,1.6,-6.23,0,0,1,20
19920,-7.57,1.8,-6.36,0,0,1,20
19940,-8.81,2.57,-5.3,0,0,1,20
19960,-8.01,2.99,-5.38,0,0,1,20
19980,-8.71,2.22,-6.88,0,0,1,20
20000,-10.55,2.0,-7.66,0,0,1,20
20020,-9.85,1.86,-6.85,0,0,1,20
20040,-9.06,1.71,-6.09,0,0,1,20
20060,-8.54,1.82,-5.82,0,0,1,20
20080,-8.47,1.66,-6.06,0,0,1,20
20100,-8.77,1.23,-5.69,0,0,1,20
20120,-8.57,0.84,-4.48,0,0,1,20
20140,-8.08,0.58,-3.72,0,0,1,20
20160,-7.65,-0.42,-3.51,0,0,1,20
20180,-7.27,-1.27,-3.24,0,0,1,20
20200,-6.85,-2.05,-1.99,0,0,1,20
20220,-7.93,-1.81,-3.42,0,0,1,20
20240,-9.45,0.08,-3.88,0,0,1,20
20260,-10.74,2.95,-5.13,0,0,1,20
20280,-11.77,4.31,-5.7,0,0,1,20
20300,-10.46,4.33,-6.05,0,0,1,20
20320,-9.32,2.79,-5.13,0,0,1,20
20340,-7.98,0.86,-3.03,0,0,1,20
20360,-7.07,0.04,-2.61,0,0,1,20
20380,-7.0,0.68,-2.9,0,0,1,20
20400,-7.76,1.38,-3.25,0,0,1,20
20420,-8.11,1.83,-3.59,0,0,1,20
20440,-7.75,2.1,-3.51,0,0,1,20
20460,-7.29,2.24,-3.26,0,0,1,20
20480,-6.84,2.98,-3.2,0,0,1,20
20500,-6.78,3.59,-3.32,0,0,1,20
20520,-7.28,3.64,-3.28,0,0,1,20
20540,-8.21,2.84,-3.61,0,0,1,20
20560,-7.54,2.14,-4.41,0,0,1,20
20580,-7.17,1.45,-4.58,0,0,1,20
20600,-10.54,0.74,-3.92,0,0,1,20
20620,-13.62,2.07,-7.76,0,0,1,20
20640,-13.01,3.35,-10.83,0,0,1,20
20660,-9.31,3.17,-6.79,0,0,1,20
20680,-7.66,1.87,-0.53,0,0,1,20
20700,-7.85,0.75,-0.48,0,0,1,20
20720,-8.16,-0.3,-2.88,0,0,1,20
20740,-8.37,-1.51,-4.68,0,0,1,20
20760,-8.4,-1.49,-5.67,0,0,1,20
20780,-8.15,-0.26,-6.45,0,0,1,20
20800,-8.04,1.66,-5.88,0,0,1,20
20820,-7.73,2.2,-4.99,0,0,1,20
20840,-7.56,1.18,-4.77,0,0,1,20
20860,-7.59,-0.06,-4.95,0,0,1,20
20880,-7.33,-0.21,-5.25,0,0,1,20
20900,-8.04,1.13,-5.87,0,0,1,20
20920,-8.41,2.01,-6.53,0,0,1,20
20940,-9.15,1.88,-6.84,0,0,1,20
20960,-8.65,1.68,-6.03,0,0,1,20
20980,-7.87,1.46,-5.16,0,0,1,20
20000,-10.55,2.0,-7.66,0,0,1,21
20020,-9.85,1.86,-6.85,0,0,1,21
20040,-9.06,1.71,-6.09,0,0,1,21
20060,-8.54,1.82,-5.82,0,0,1,21
20080,-8.47,1.66,-6.06,0,0,1,21
20100,-8.77,1.23,-5.69,0,0,1,21
20120,-8.57,0.84,-4.48,0,0,1,21
20140,-8.08,0.58,-3.72,0,0,1,21
20160,-7.65,-0.42,-3.51,0,0,1,21
20180,-7.27,-1.27,-3.24,0,0,1,21
20200,-6.85,-2.05,-1.99,0,0,1,21
20220,-7.93,-1.81,-3.42,0,0,1,21
20240,-9.45,0.08,-3.88,0,0,1,21
20260,-10.74,2.95,-5.13,0,0,1,21
20280,-11.77,4.31,-5.7,0,0,1,21
20300,-10.46,4.33,-6.05,0,0,1,21
20320,-9.32,2.79,-5.13,0,0,1,21
20340,-7.98,0.86,-3.03,0,0,1,21
20360,-7.07,0.04,-2.61,0,0,1,21
20380,-7.0,0.68,-2.9,0,0,1,21
20400,-7.76,1.38,-3.25,0,0,1,21
20420,-8.11,1.83,-3.59,0,0,1,21
20440,-7.75,2.1,-3.51,0,0,1,21
20460,-7.29,2.24,-3.26,0,0,1,21
20480,-6.84,2.98,-3.2,0,0,1,21
20500,-6.78,3.59,-3.32,0,0,1,21
20520,-7.28,3.64,-3.28,0,0,1,21
20540,-8.21,2.84,-3.61,0,0,1,21
20560,-7.54,2.14,-4.41,0,0,1,21
20580,-7.17,1.45,-4.58,0,0,1,21
20600,-10.54,0.74,-3.92,0,0,1,21
20620,-13.62,2.07,-7.76,0,0,1,21
20640,-13.01,3.35,-10.83,0,0,1,21
20660,-9.31,3.17,-6.79,0,0,1,21
20680,-7.66,1.87,-0.53,0,0,1,21
20700,-7.85,0.75,-0.48,0,0,1,21
20720,-8.16,-0.3,-2.88,0,0,1,21
20740,-8.37,-1.51,-4.68,0,0,1,21
20760,-8.4,-1.49,-5.67,0,0,1,21
20780,-8.15,-0.26,-6.45,0,0,1,21
20800,-8.04,1.66,-5.88,0,0,1,21
20820,-7.73,2.2,-4.99,0,0,1,21
20840,-7.56,1.18,-4.77,0,0,1,21
20860,-7.59,-0.06,-4.95,0,0,1,21
20880,-7.33,-0.21,-5.25,0,0,1,21
20900,-8.04,1.13,-5.87,0,0,1,21
20920,-8.41,2.01,-6.53,0,0,1,21
20940,-9.15,1.88,-6.84,0,0,1,21
20960,-8.65,1.68,-6.03,0,0,1,21
20980,-7.87,1.46,-5.16,0,0,1,21
21000,-7.11,1.18,-4.5,0,0,1,21
21020,-7.37,1.05,-4.65,0,0,1,21
21040,-7.55,1.14,-5.45,0,0,1,21
21060,-7.7,1.37,-6.16,0,0,1,21
21080,-7.85,2.06,-6.11,0,0,1,21
21100,-7.76,2.7,-5.66,0,0,1,21
21120,-7.53,2.74,-5.43,0,0,1,21
21140,-7.51,2.44,-5.65,0,0,1,21
21160,-7.75,2.4,-5.71,0,0,1,21
21180,-7.56,2.32,-5.66,0,0,1,21
21200,-7.24,2.15,-5.15,0,0,1,21
21220,-7.26,2.27,-5.28,0,0,1,21
21240,-7.7,2.29,-5.83,0,0,1,21
21260,-7.92,1.96,-6.2,0,0,1,21
21280,-7.81,1.62,-6.19,0,0,1,21
21300,-7.55,1.6,-5.98,0,0,1,21
21320,-7.3,1.9,-5.94,0,0,1,21
21340,-7.07,2.4,-6.07,0,0,1,21
21360,-6.57,2.36,-6.47,0,0,1,21
21380,-10.3,2.68,-4.91,0,0,1,21
21400,-10.29,4.75,-4.99,0,0,1,21
21420,-10.88,5.2,-5.09,0,0,1,21
21440,-10.67,3.57,-6.2,0,0,1,21
21460,-9.88,0.14,-7.24,0,0,1,21
21480,-10.14,-2.9,-6.5,0,0,1,21
21500,-9.2,-3.57,-5.48,0,0,1,21
21520,-7.35,-1.19,-3.44,0,0,1,21
21540,-5.16,2.96,0.88,0,0,1,21
21560,-6.45,5.58,-0.33,0,0,1,21
21580,-10.44,5.25,-4.66,0,0,1,21
21600,-12.41,3.31,-8.12,0,0,1,21
21620,-11.35,1.25,-7.66,0,0,1,21
21640,-8.79,-0.23,-3.74,0,0,1,21
21660,-6.93,0.01,-1.58,0,0,1,21
21680,-6.8,1.04,-2.09,0,0,1,21
21700,-7.64,1.9,-3.99,0,0,1,21
21720,-8.36,2.28,-4.9,0,0,1,21
21740,-8.3,2.25,-4.32,0,0,1,21
21760,-7.86,2.22,-3.78,0,0,1,21
21780,-7.7,2.58,-3.61,0,0,1,21
21800,-7.89,3.28,-3.75,0,0,1,21
21820,-7.72,3.53,-3.74,0,0,1,21
21840,-7.58,3.54,-3.41,0,0,1,21
21860,-7.41,3.03,-3.22,0,0,1,21
21880,-7.3,2.45,-3.42,0,0,1,21
21900,-7.51,1.92,-3.73,0,0,1,21
21920,-8.18,1.6,-4.14,0,0,1,21
21940,-8.54,2.0,-4.41,0,0,1,21
21960,-8.91,2.66,-3.99,0,0,1,21
21980,-8.39,3.29,-3.73,0,0,1,21
21000,-7.11,1.18,-4.5,0,0,1,22
21020,-7.37,1.05,-4.65,0,0,1,22
21040,-7.55,1.14,-5.45,0,0,1,22
21060,-7.7,1.37,-6.16,0,0,1,22
21080,-7.85,2.06,-6.11,0,0,1,22
21100,-7.76,2.7,-5.66,0,0,1,22
21120,-7.53,2.74,-5.43,0,0,1,22
21140,-7.51,2.44,-5.65,0,0,1,22
21160,-7.75,2.4,-5.71,0,0,1,22
21180,-7.56,2.32,-5.66,0,0,1,22
21200,-7.24,2.15,-5.15,0,0,1,22
21220,-7.26,2.27,-5.28,0,0,1,22
21240,-7.7,2.29,-5.83,0,0,1,22
21260,-7.92,1.96,-6.2,0,0,1,22
21280,-7.81,1.62,-6.19,0,0,1,22
21300,-7.55,1.6,-5.98,0,0,1,22
21320,-7.3,1.9,-5.94,0,0,1,22
21340,-7.07,2.4,-6.07,0,0,1,22
21360,-6.57,2.36,-6.47,0,0,1,22
21380,-10.3,2.68,-4.91,0,0,1,22
21400,-10.29,4.75,-4.99,0,0,1,22
21420,-10.88,5.2,-5.09,0,0,1,22
21440,-10.67,3.57,-6.2,0,0,1,22
21460,-9.88,0.14,-7.24,0,0,1,22
21480,-10.14,-2.9,-6.5,0,0,1,22
21500,-9.2,-3.57,-5.48,0,0,1,22
21520,-7.35,-1.19,-3.44,0,0,1,22
21540,-5.16,2.96,0.88,0,0,1,22
21560,-6.45,5.58,-0.33,0,0,1,22
21580,-10.44,5.25,-4.66,0,0,1,22
21600,-12.41,3.31,-8.12,0,0,1,22
21620,-11.35,1.25,-7.66,0,0,1,22
21640,-8.79,-0.23,-3.74,0,0,1,22
21660,-6.93,0.01,-1.58,0,0,1,22
21680,-6.8,1.04,-2.09,0,0,1,22
21700,-7.64,1.9,-3.99,0,0,1,22
21720,-8.36,2.28,-4.9,0,0,1,22
21740,-8.3,2.25,-4.32,0,0,1,22
21760,-7.86,2.22,-3.78,0,0,1,22
21780,-7.7,2.58,-3.61,0,0,1,22
21800,-7.89,3.28,-3.75,0,0,1,22
21820,-7.72,3.53,-3.74,0,0,1,22
21840,-7.58,3.54,-3.41,0,0,1,22
21860,-7.41,3.03,-3.22,0,0,1,22
21880,-7.3,2.45,-3.42,0,0,1,22
21900,-7.51,1.92,-3.73,0,0,1,22
21920,-8.18,1.6,-4.14,0,0,1,22
21940,-8.54,2.0,-4.41,0,0,1,22
21960,-8.91,2.66,-3.99,0,0,1,22
21980,-8.39,3.29,-3.73,0,0,1,22
22000,-8.44,3.89,-4.0,0,0,1,22
22020,-8.57,4.24,-4.74,0,0,1,22
22040,-8.59,3.62,-4.85,0,0,1,22
22060,-11.16,1.78,-4.77,0,0,1,22
22080,-12.04,1.8,-7.85,0,0,1,22
22100,-11.12,0.56,-9.39,0,0,1,22
22120,-9.39,0.48,-3.76,0,0,1,22
22140,-7.18,1.41,-1.46,0,0,1,22
22160,-7.19,1.59,-1.68,0,0,1,22
22180,-8.31,1.51,-4.71,0,0,1,22
22200,-9.24,0.22,-5.6,0,0,1,22
22220,-9.18,-0.9,-5.2,0,0,1,22
22240,-8.84,-1.32,-4.65,0,0,1,22
22260,-8.06,-0.82,-4.96,0,0,1,22
22280,-7.69,-0.28,-4.32,0,0,1,22
22300,-7.25,0.19,-4.6,0,0,1,22
22320,-7.48,-0.02,-5.52,0,0,1,22
22340,-8.46,-0.4,-5.42,0,0,1,22
22360,-8.52,-0.23,-5.4,0,0,1,22
22380,-8.02,0.62,-5.4,0,0,1,22
22400,-8.16,0.64,-5.75,0,0,1,22
22420,-8.22,0.75,-5.71,0,0,1,22
22440,-8.1,0.85,-5.41,0,0,1,22
22460,-7.93,1.04,-5.2,0,0,1,22
22480,-7.92,1.1,-5.13,0,0,1,22
22500,-7.75,1.64,-5.2,0,0,1,22
22520,-8.04,2.43,-5.47,0,0,1,22
22540,-8.17,3.11,-6.08,0,0,1,22
22560,-8.24,3.35,-5.99,0,0,1,22
22580,-8.26,3.06,-5.43,0,0,1,22
22600,-8.12,2.28,-4.88,0,0,1,22
22620,-7.63,1.66,-4.44,0,0,1,22
22640,-7.4,1.52,-4.68,0,0,1,22
22660,-7.68,1.68,-5.41,0,0,1,22
22680,-7.97,2.09,-5.71,0,0,1,22
22700,-7.91,2.63,-5.34,0,0,1,22
22720,-7.93,2.39,-4.75,0,0,1,22
22740,-7.52,1.65,-4.92,0,0,1,22
22760,-7.03,0.47,-5.65,0,0,1,22
22780,-9.43,-0.47,-4.76,0,0,1,22
22800,-8.53,0.89,-3.42,0,0,1,22
22820,-9.8,1.58,-3.18,0,0,1,22
22840,-11.51,2.3,-4.45,0,0,1,22
22860,-12.18,0.85,-7.59,0,0,1,22
22880,-12.04,-1.5,-9.98,0,0,1,22
22900,-10.2,-1.87,-8.36,0,0,1,22
22920,-7.44,-0.74,-4.73,0,0,1,22
22940,-5.9,0.2,-0.59,0,0,1,22
22960,-6.28,1.71,-0.03,0,0,1,22
22980,-7.97,2.33,-1.33,0,0,1,22
22000,-8.44,3.89,-4.0,0,0,1,23
22020,-8.57,4.24,-4.74,0,0,1,23
22040,-8.59,3.62,-4.85,0,0,1,23
22060,-11.16,1.78,-4.77,0,0,1,23
22080,-12.04,1.8,-7.85,0,0,1,23
22100,-11.12,0.56,-9.39,0,0,1,23
22120,-9.39,0.48,-3.76,0,0,1,23
22140,-7.18,1.41,-1.46,0,0,1,23
22160,-7.19,1.59,-1.68,0,0,1,23
22180,-8.31,1.51,-4.71,0,0,1,23
22200,-9.24,0.22,-5.6,0,0,1,23
22220,-9.18,-0.9,-5.2,0,0,1,23
22240,-8.84,-1.32,-4.65,0,0,1,23
22260,-8.06,-0.82,-4.96,0,0,1,23
22280,-7.69,-0.28,-4.32,0,0,1,23
22300,-7.25,0.19,-4.6,0,0,1,23
22320,-7.48,-0.02,-5.52,0,0,1,23
22340,-8.46,-0.4,-5.42,0,0,1,23
22360,-8.52,-0.23,-5.4,0,0,1,23
22380,-8.02,0.62,-5.4,0,0,1,23
22400,-8.16,0.64,-5.75,0,0,1,23
22420,-8.22,0.75,-5.71,0,0,1,23
22440,-8.1,0.85,-5.41,0,0,1,23
22460,-7.93,1.04,-5.2,0,0,1,23
22480,-7.92,1.1,-5.13,0,0,1,23
22500,-7.75,1.64,-5.2,0,0,1,23
22520,-8.04,2.43,-5.47,0,0,1,23
22540,-8.17,3.11,-6.08,0,0,1,23
22560,-8.24,3.35,-5.99,0,0,1,23
22580,-8.26,3.06,-5.43,0,0,1,23
22600,-8.12,2.28,-4.88,0,0,1,23
22620,-7.63,1.66,-4.44,0,0,1,23
22640,-7.4,1.52,-4.68,0,0,1,23
22660,-7.68,1.68,-5.41,0,0,1,23
22680,-7.97,2.09,-5.71,0,0,1,23
22700,-7.91,2.63,-5.34,0,0,1,23
22720,-7.93,2.39,-4.75,0,0,1,23
22740,-7.52,1.65,-4.92,0,0,1,23
22760,-7.03,0.47,-5.65,0,0,1,23
22780,-9.43,-0.47,-4.76,0,0,1,23
22800,-8.53,0.89,-3.42,0,0,1,23
22820,-9.8,1.58,-3.18,0,0,1,23
22840,-11.51,2.3,-4.45,0,0,1,23
22860,-12.18,0.85,-7.59,0,0,1,23
22880,-12.04,-1.5,-9.98,0,0,1,23
22900,-10.2,-1.87,-8.36,0,0,1,23
22920,-7.44,-0.74,-4.73,0,0,1,23
22940,-5.9,0.2,-0.59,0,0,1,23
22960,-6.28,1.71,-0.03,0,0,1,23
22980,-7.97,2.33,-1.33,0,0,1,23
23000,-9.64,2.2,-3.07,0,0,1,23
23020,-10.56,2.28,-4.67,0,0,1,23
23040,-10.68,1.78,-5.55,0,0,1,23
23060,-10.24,0.65,-4.69,0,0,1,23
23080,-8.38,0.42,-2.76,0,0,1,23
23100,-6.99,0.76,-0.47,0,0,1,23
23120,-7.27,1.09,-0.64,0,0,1,23
23140,-8.85,0.94,-1.9,0,0,1,23
23160,-8.95,1.15,-1.98,0,0,1,23
23180,-8.35,0.94,-1.41,0,0,1,23
23200,-7.82,0.48,-1.85,0,0,1,23
23220,-8.19,0.04,-2.44,0,0,1,23
23240,-9.32,-0.56,-2.05,0,0,1,23
23260,-10.01,-1.02,-3.17,0,0,1,23
23280,-11.9,-2.32,-5.22,0,0,1,23
23300,-11.67,-2.43,-6.84,0,0,1,23
23320,-9.25,-2.1,-5.39,0,0,1,23
23340,-8.02,-2.49,-1.62,0,0,1,23
23360,-7.68,-1.51,-0.93,0,0,1,23
23380,-8.08,-0.25,-1.88,0,0,1,23
23400,-7.89,-0.34,-2.11,0,0,1,23
23420,-8.55,-2.49,-2.81,0,0,1,23
23440,-9.58,-4.22,-4.37,0,0,1,23
23460,-10.25,-4.28,-4.96,0,0,1,23
23480,-9.32,-2.68,-3.91,0,0,1,23
23500,-8.63,-1.83,-2.64,0,0,1,23
23520,-8.18,-1.57,-1.91,0,0,1,23
23540,-8.07,-2.0,-2.34,0,0,1,23
23560,-8.85,-2.89,-2.84,0,0,1,23
23580,-8.8,-3.14,-3.07,0,0,1,23
23600,-8.42,-3.3,-2.82,0,0,1,23
23620,-8.84,-3.08,-3.11,0,0,1,23
23640,-9.22,-3.12,-3.14,0,0,1,23
23660,-8.84,-3.54,-2.49,0,0,1,23
23680,-8.27,-3.97,-2.4,0,0,1,23
23700,-8.26,-3.84,-2.31,0,0,1,23
23720,-8.53,-3.78,-2.62,0,0,1,23
23740,-8.64,-3.85,-2.79,0,0,1,23
23760,-8.63,-3.99,-2.51,0,0,1,23
23780,-8.3,-4.01,-2.26,0,0,1,23
23800,-8.02,-3.81,-2.29,0,0,1,23
23820,-8.1,-4.01,-2.46,0,0,1,23
23840,-8.2,-4.46,-2.57,0,0,1,23
23860,-7.98,-4.75,-2.19,0,0,1,23
23880,-8.28,-4.78,-1.65,0,0,1,23
23900,-8.74,-4.88,-2.03,0,0,1,23
23920,-8.9,-5.06,-2.54,0,0,1,23
23940,-8.44,-5.17,-2.47,0,0,1,23
23960,-7.59,-5.0,-1.86,0,0,1,23
23980,-6.96,-4.57,-1.3,0,0,1,23
23000,-9.64,2.2,-3.07,0,0,1,24
23020,-10.56,2.28,-4.67,0,0,1,24
23040,-10.68,1.78,-5.55,0,0,1,24
23060,-10.24,0.65,-4.69,0,0,1,24
23080,-8.38,0.42,-2.76,0,0,1,24
23100,-6.99,0.76,-0.47,0,0,1,24
23120,-7.27,1.09,-0.64,0,0,1,24
23140,-8.85,0.94,-1.9,0,0,1,24
23160,-8.95,1.15,-1.98,0,0,1,24
23180,-8.35,0.94,-1.41,0,0,1,24
23200,-7.82,0.48,-1.85,0,0,1,24
23220,-8.19,0.04,-2.44,0,0,1,24
23240,-9.32,-0.56,-2.05,0,0,1,24
23260,-10.01,-1.02,-3.17,0,0,1,24
23280,-11.9,-2.32,-5.22,0,0,1,24
23300,-11.67,-2.43,-6.84,0,0,1,24
23320,-9.25,-2.1,-5.39,0,0,1,24
23340,-8.02,-2.49,-1.62,0,0,1,24
23360,-7.68,-1.51,-0.93,0,0,1,24
23380,-8.08,-0.25,-1.88,0,0,1,24
23400,-7.89,-0.34,-2.11,0,0,1,24
23420,-8.55,-2.49,-2.81,0,0,1,24
23440,-9.58,-4.22,-4.37,0,0,1,24
23460,-10.25,-4.28,-4.96,0,0,1,24
23480,-9.32,-2.68,-3.91,0,0,1,24
23500,-8.63,-1.83,-2.64,0,0,1,24
23520,-8.18,-1.57,-1.91,0,0,1,24
23540,-8.07,-2.0,-2.34,0,0,1,24
23560,-8.85,-2.89,-2.84,0,0,1,24
23580,-8.8,-3.14,-3.07,0,0,1,24
23600,-8.42,-3.3,-2.82,0,0,1,24
23620,-8.84,-3.08,-3.11,0,0,1,24
23640,-9.22,-3.12,-3.14,0,0,1,24
23660,-8.84,-3.54,-2.49,0,0,1,24
23680,-8.27,-3.97,-2.4,0,0,1,24
23700,-8.26,-3.84,-2.31,0,0,1,24
23720,-8.53,-3.78,-2.62,0,0,1,24
23740,-8.64,-3.85,-2.79,0,0,1,24
23760,-8.63,-3.99,-2.51,0,0,1,24
23780,-8.3,-4.01,-2.26,0,0,1,24
23800,-8.02,-3.81,-2.29,0,0,1,24
23820,-8.1,-4.01,-2.46,0,0,1,24
23840,-8.2,-4.46,-2.57,0,0,1,24
23860,-7.98,-4.75,-2.19,0,0,1,24
23880,-8.28,-4.78,-1.65,0,0,1,24
23900,-8.74,-4.88,-2.03,0,0,1,24
23920,-8.9,-5.06,-2.54,0,0,1,24
23940,-8.44,-5.17,-2.47,0,0,1,24
23960,-7.59,-5.0,-1.86,0,0,1,24
23980,-6.96,-4.57,-1.3,0,0,1,24
24000,-7.25,-4.37,-1.32,0,0,1,24
24020,-7.92,-4.57,-1.65,0,0,1,24
24040,-8.12,-5.08,-2.18,0,0,1,24
24060,-8.11,-5.8,-2.2,0,0,1,24
24080,-7.96,-6.16,-2.28,0,0,1,24
24100,-7.96,-5.73,-2.13,0,0,1,24
24120,-7.83,-4.98,-1.9,0,0,1,24
24140,-7.54,-4.87,-1.63,0,0,1,24
24160,-7.83,-5.5,-1.5,0,0,1,24
24180,-8.19,-5.78,-2.06,0,0,1,24
24200,-8.35,-5.87,-2.34,0,0,1,24
24220,-8.23,-6.0,-2.0,0,0,1,24
24240,-8.12,-5.93,-1.7,0,0,1,24
24260,-8.23,-5.64,-1.86,0,0,1,24
24280,-8.25,-5.74,-2.05,0,0,1,24
24300,-8.21,-5.98,-2.13,0,0,1,24
24320,-7.94,-5.87,-1.98,0,0,1,24
24340,-7.87,-5.52,-1.92,0,0,1,24
24360,-7.73,-5.27,-1.89,0,0,1,24
24380,-7.62,-4.99,-1.75,0,0,1,24
24400,-8.2,-4.77,-2.26,0,0,1,24
24420,-8.93,-4.7,-3.0,0,0,1,24
24440,-9.0,-5.16,-2.78,0,0,1,24
24460,-8.16,-5.65,-1.67,0,0,1,24
24480,-7.7,-5.94,-1.81,0,0,1,24
24500,-7.86,-5.9,-2.44,0,0,1,24
24520,-8.36,-5.31,-2.86,0,0,1,24
24540,-8.7,-4.58,-3.03,0,0,1,24
24560,-8.56,-4.28,-2.85,0,0,1,24
24580,-8.46,-4.09,-2.68,0,0,1,24
24600,-8.56,-3.98,-2.77,0,0,1,24
24620,-8.38,-3.62,-2.93,0,0,1,24
24640,-8.56,-3.44,-2.87,0,0,1,24
24660,-8.49,-3.2,-2.76,0,0,1,24
24680,-8.28,-3.01,-2.61,0,0,1,24
24700,-8.32,-2.88,-2.79,0,0,1,24
24720,-8.5,-2.87,-3.23,0,0,1,24
24740,-8.73,-3.15,-3.28,0,0,1,24
24760,-8.23,-2.93,-2.96,0,0,1,24
24780,-8.27,-2.6,-2.7,0,0,1,24
24800,-8.41,-2.29,-3.12,0,0,1,24
24820,-8.89,-2.14,-3.29,0,0,1,24
24840,-8.76,-1.69,-3.45,0,0,1,24
24860,-8.76,-1.34,-3.53,0,0,1,24
24880,-8.96,-1.21,-3.65,0,0,1,24
24900,-9.41,-1.36,-3.64,0,0,1,24
24920,-9.29,-0.86,-3.61,0,0,1,24
24940,-8.86,-0.71,-3.4,0,0,1,24
24960,-8.57,-0.33,-2.98,0,0,1,24
24980,-8.23,0.07,-2.8,0,0,1,24
24000,-7.25,-4.37,-1.32,0,0,1,25
24020,-7.92,-4.57,-1.65,0,0,1,25
24040,-8.12,-5.08,-2.18,0,0,1,25
24060,-8.11,-5.8,-2.2,0,0,1,25
24080,-7.96,-6.16,-2.28,0,0,1,25
24100,-7.96,-5.73,-2.13,0,0,1,25
24120,-7.83,-4.98,-1.9,0,0,1,25
24140,-7.54,-4.87,-1.63,0,0,1,25
24160,-7.83,-5.5,-1.5,0,0,1,25
24180,-8.19,-5.78,-2.06,0,0,1,25
24200,-8.35,-5.87,-2.34,0,0,1,25
24220,-8.23,-6.0,-2.0,0,0,1,25
24240,-8.12,-5.93,-1.7,0,0,1,25
24260,-8.23,-5.64,-1.86,0,0,1,25
24280,-8.25,-5.74,-2.05,0,0,1,25
24300,-8.21,-5.98,-2.13,0,0,1,25
24320,-7.94,-5.87,-1.98,0,0,1,25
24340,-7.87,-5.52,-1.92,0,0,1,25
24360,-7.73,-5.27,-1.89,0,0,1,25
24380,-7.62,-4.99,-1.75,0,0,1,25
24400,-8.2,-4.77,-2.26,0,0,1,25
24420,-8.93,-4.7,-3.0,0,0,1,25
24440,-9.0,-5.16,-2.78,0,0,1,25
24460,-8.16,-5.65,-1.67,0,0,1,25
24480,-7.7,-5.94,-1.81,0,0,1,25
24500,-7.86,-5.9,-2.44,0,0,1,25
24520,-8.36,-5.31,-2.86,0,0,1,25
24540,-8.7,-4.58,-3.03,0,0,1,25
24560,-8.56,-4.28,-2.85,0,0,1,25
24580,-8.46,-4.09,-2.68,0,0,1,25
24600,-8.56,-3.98,-2.77,0,0,1,25
24620,-8.38,-3.62,-2.93,0,0,1,25
24640,-8.56,-3.44,-2.87,0,0,1,25
24660,-8.49,-3.2,-2.76,0,0,1,25
24680,-8.28,-3.01,-2.61,0,0,1,25
24700,-8.32,-2.88,-2.79,0,0,1,25
24720,-8.5,-2.87,-3.23,0,0,1,25
24740,-8.73,-3.15,-3.28,0,0,1,25
24760,-8.23,-2.93,-2.96,0,0,1,25
24780,-8.27,-2.6,-2.7,0,0,1,25
24800,-8.41,-2.29,-3.12,0,0,1,25
24820,-8.89,-2.14,-3.29,0,0,1,25
24840,-8.76,-1.69,-3.45,0,0,1,25
24860,-8.76,-1.34,-3.53,0,0,1,25
24880,-8.96,-1.21,-3.65,0,0,1,25
24900,-9.41,-1.36,-3.64,0,0,1,25
24920,-9.29,-0.86,-3.61,0,0,1,25
24940,-8.86,-0.71,-3.4,0,0,1,25
24960,-8.57,-0.33,-2.98,0,0,1,25
24980,-8.23,0.07,-2.8,0,0,1,25
25000,-8.95,0.18,-3.19,0,0,1,25
25020,-8.63,0.86,-3.43,0,0,1,25
25040,-8.67,0.81,-3.08,0,0,1,25
25060,-8.55,0.78,-2.8,0,0,1,25
25080,-8.2,1.08,-2.76,0,0,1,25
25100,-8.34,1.25,-3.04,0,0,1,25
25120,-9.22,1.6,-3.56,0,0,1,25
25140,-9.73,1.88,-3.78,0,0,1,25
25160,-9.53,1.59,-3.7,0,0,1,25
25180,-9.05,1.09,-3.38,0,0,1,25
25200,-8.64,0.69,-3.24,0,0,1,25
25220,-8.38,0.58,-3.08,0,0,1,25
25240,-8.64,0.86,-3.16,0,0,1,25
25260,-8.72,1.38,-3.59,0,0,1,25
25280,-8.77,1.52,-3.81,0,0,1,25
25300,-8.65,1.61,-3.87,0,0,1,25
25320,-8.17,1.91,-3.45,0,0,1,25
25340,-7.97,1.9,-3.27,0,0,1,25
25360,-8.2,1.96,-3.42,0,0,1,25
25380,-8.5,2.39,-3.55,0,0,1,25
25400,-8.47,2.92,-3.9,0,0,1,25
25420,-8.73,3.21,-3.61,0,0,1,25
25440,-8.29,3.74,-3.82,0,0,1,25
25460,-7.92,3.92,-3.39,0,0,1,25
25480,-11.62,2.18,-4.67,0,0,1,25
25500,-14.04,1.43,-8.36,0,0,1,25
25520,-10.95,0.16,-7.95,0,0,1,25
25540,-9.16,0.02,-4.02,0,0,1,25
25560,-7.98,1.47,-1.33,0,0,1,25
25580,-8.42,3.45,-1.55,0,0,1,25
25600,-8.84,3.09,-3.59,0,0,1,25
25620,-8.91,0.32,-4.86,0,0,1,25
25640,-8.6,-0.8,-5.24,0,0,1,25
25660,-8.74,-0.48,-5.32,0,0,1,25
25680,-7.99,0.46,-4.18,0,0,1,25
25700,-7.16,0.46,-3.68,0,0,1,25
25720,-7.01,-0.14,-4.03,0,0,1,25
25740,-7.97,-0.15,-4.82,0,0,1,25
25760,-8.67,0.27,-5.35,0,0,1,25
25780,-8.45,0.68,-5.11,0,0,1,25
25800,-8.16,1.55,-4.92,0,0,1,25
25820,-8.7,2.08,-5.26,0,0,1,25
25840,-8.48,2.46,-5.64,0,0,1,25
25860,-8.5,2.34,-5.82,0,0,1,25
25880,-8.08,1.87,-5.5,0,0,1,25
25900,-7.92,1.59,-5.14,0,0,1,25
25920,-7.51,1.74,-4.86,0,0,1,25
25940,-7.67,2.14,-4.77,0,0,1,25
25960,-7.7,2.44,-5.0,0,0,1,25
25980,-7.74,2.45,-4.96,0,0,1,25
25000,-8.95,0.18,-3.19,0,0,1,26
25020,-8.63,0.86,-3.43,0,0,1,26
25040,-8.67,0.81,-3.08,0,0,1,26
25060,-8.55,0.78,-2.8,0,0,1,26
25080,-8.2,1.08,-2.76,0,0,1,26
25100,-8.34,1.25,-3.04,0,0,1,26
25120,-9.22,1.6,-3.56,0,0,1,26
25140,-9.73,1.88,-3.78,0,0,1,26
25160,-9.53,1.59,-3.7,0,0,1,26
25180,-9.05,1.09,-3.38,0,0,1,26
25200,-8.64,0.69,-3.24,0,0,1,26
25220,-8.38,0.58,-3.08,0,0,1,26
25240,-8.64,0.86,-3.16,0,0,1,26
25260,-8.72,1.38,-3.59,0,0,1,26
25280,-8.77,1.52,-3.81,0,0,1,26
25300,-8.65,1.61,-3.87,0,0,1,26
25320,-8.17,1.91,-3.45,0,0,1,26
25340,-7.97,1.9,-3.27,0,0,1,26
25360,-8.2,1.96,-3.42,0,0,1,26
25380,-8.5,2.39,-3.55,0,0,1,26
25400,-8.47,2.92,-3.9,0,0,1,26
25420,-8.73,3.21,-3.61,0,0,1,26
25440,-8.29,3.74,-3.82,0,0,1,26
25460,-7.92,3.92,-3.39,0,0,1,26
25480,-11.62,2.18,-4.67,0,0,1,26
25500,-14.04,1.43,-8.36,0,0,1,26
25520,-10.95,0.16,-7.95,0,0,1,26
25540,-9.16,0.02,-4.02,0,0,1,26
25560,-7.98,1.47,-1.33,0,0,1,26
25580,-8.42,3.45,-1.55,0,0,1,26
25600,-8.84,3.09,-3.59,0,0,1,26
25620,-8.91,0.32,-4.86,0,0,1,26
25640,-8.6,-0.8,-5.24,0,0,1,26
25660,-8.74,-0.48,-5.32,0,0,1,26
25680,-7.99,0.46,-4.18,0,0,1,26
25700,-7.16,0.46,-3.68,0,0,1,26
25720,-7.01,-0.14,-4.03,0,0,1,26
25740,-7.97,-0.15,-4.82,0,0,1,26
25760,-8.67,0.27,-5.35,0,0,1,26
25780,-8.45,0.68,-5.11,0,0,1,26
25800,-8.16,1.55,-4.92,0,0,1,26
25820,-8.7,2.08,-5.26,0,0,1,26
25840,-8.48,2.46,-5.64,0,0,1,26
25860,-8.5,2.34,-5.82,0,0,1,26
25880,-8.08,1.87,-5.5,0,0,1,26
25900,-7.92,1.59,-5.14,0,0,1,26
25920,-7.51,1.74,-4.86,0,0,1,26
25940,-7.67,2.14,-4.77,0,0,1,26
25960,-7.7,2.44,-5.0,0,0,1,26
25980,-7.74,2.45,-4.96,0,0,1,26
26000,-7.2,2.25,-4.92,0,0,1,26
26020,-7.11,1.94,-4.98,0,0,1,26
26040,-7.3,1.68,-5.36,0,0,1,26
26060,-7.98,1.42,-5.66,0,0,1,26
26080,-7.95,1.61,-5.47,0,0,1,26
26100,-8.31,1.89,-5.58,0,0,1,26
26120,-7.65,2.67,-5.6,0,0,1,26
26140,-7.02,2.82,-5.69,0,0,1,26
26160,-9.37,2.27,-4.56,0,0,1,26
26180,-8.53,3.08,-4.07,0,0,1,26
26200,-9.06,3.54,-5.42,0,0,1,26
26220,-10.22,3.96,-7.42,0,0,1,26
26240,-10.4,3.38,-9.44,0,0,1,26
26260,-11.01,2.09,-10.39,0,0,1,26
26280,-10.14,1.92,-8.14,0,0,1,26
26300,-7.91,1.74,-3.01,0,0,1,26
26320,-5.31,-3.21,-1.42,0,0,1,26
26340,-6.77,-3.03,-3.57,0,0,1,26
26360,-7.2,0.8,-3.29,0,0,1,26
26380,-7.47,1.1,-0.97,0,0,1,26
26400,-7.52,-0.06,-1.9,0,0,1,26
26420,-7.88,-1.97,-2.8,0,0,1,26
26440,-9.87,-1.17,-5.38,0,0,1,26
26460,-12.0,2.91,-6.74,0,0,1,26
26480,-11.86,5.68,-6.77,0,0,1,26
26500,-10.39,5.49,-5.75,0,0,1,26
26520,-9.14,4.08,-4.58,0,0,1,26
26540,-7.35,2.59,-3.06,0,0,1,26
26560,-6.94,1.61,-2.4,0,0,1,26
26580,-7.05,1.72,-2.93,0,0,1,26
26600,-7.16,2.18,-3.59,0,0,1,26
26620,-7.29,2.67,-3.88,0,0,1,26
26640,-7.11,2.91,-3.8,0,0,1,26
26660,-6.94,2.91,-3.91,0,0,1,26
26680,-7.19,2.76,-4.14,0,0,1,26
26700,-8.69,2.64,-4.13,0,0,1,26
26720,-8.1,3.15,-4.47,0,0,1,26
26740,-7.83,3.75,-4.42,0,0,1,26
26760,-7.63,4.27,-4.39,0,0,1,26
26780,-7.62,4.68,-4.32,0,0,1,26
26800,-8.23,4.89,-4.33,0,0,1,26
26820,-8.75,5.43,-4.69,0,0,1,26
26840,-8.29,5.76,-4.8,0,0,1,26
26860,-10.2,3.78,-4.22,0,0,1,26
26880,-11.04,2.75,-6.34,0,0,1,26
26900,-11.45,0.41,-8.05,0,0,1,26
26920,-10.07,-1.94,-5.55,0,0,1,26
26940,-8.49,-1.95,-3.04,0,0,1,26
26960,-7.75,1.45,-1.96,0,0,1,26
26980,-7.85,3.32,-2.9,0,0,1,26
26000,-7.2,2.25,-4.92,0,0,1,27
26020,-7.11,1.94,-4.98,0,0,1,27
26040,-7.3,1.68,-5.36,0,0,1,27
26060,-7.98,1.42,-5.66,0,0,1,27
26080,-7.95,1.61,-5.47,0,0,1,27
26100,-8.31,1.89,-5.58,0,0,1,27
26120,-7.65,2.67,-5.6,0,0,1,27
26140,-7.02,2.82,-5.69,0,0,1,27
26160,-9.37,2.27,-4.56,0,0,1,27
26180,-8.53,3.08,-4.07,0,0,1,27
26200,-9.06,3.54,-5.42,0,0,1,27
26220,-10.22,3.96,-7.42,0,0,1,27
26240,-10.4,3.38,-9.44,0,0,1,27
26260,-11.01,2.09,-10.39,0,0,1,27
26280,-10.14,1.92,-8.14,0,0,1,27
26300,-7.91,1.74,-3.01,0,0,1,27
26320,-5.31,-3.21,-1.42,0,0,1,27
26340,-6.77,-3.03,-3.57,0,0,1,27
26360,-7.2,0.8,-3.29,0,0,1,27
26380,-7.47,1.1,-0.97,0,0,1,27
26400,-7.52,-0.06,-1.9,0,0,1,27
26420,-7.88,-1.97,-2.8,0,0,1,27
26440,-9.87,-1.17,-5.38,0,0,1,27
26460,-12.0,2.91,-6.74,0,0,1,27
26480,-11.86,5.68,-6.77,0,0,1,27
26500,-10.39,5.49,-5.75,0,0,1,27
26520,-9.14,4.08,-4.58,0,0,1,27
26540,-7.35,2.59,-3.06,0,0,1,27
26560,-6.94,1.61,-2.4,0,0,1,27
26580,-7.05,1.72,-2.93,0,0,1,27
26600,-7.16,2.18,-3.59,0,0,1,27
26620,-7.29,2.67,-3.88,0,0,1,27
26640,-7.11,2.91,-3.8,0,0,1,27
26660,-6.94,2.91,-3.91,0,0,1,27
26680,-7.19,2.76,-4.14,0,0,1,27
26700,-8.69,2.64,-4.13,0,0,1,27
26720,-8.1,3.15,-4.47,0,0,1,27
26740,-7.83,3.75,-4.42,0,0,1,27
26760,-7.63,4.27,-4.39,0,0,1,27
26780,-7.62,4.68,-4.32,0,0,1,27
26800,-8.23,4.89,-4.33,0,0,1,27
26820,-8.75,5.43,-4.69,0,0,1,27
26840,-8.29,5.76,-4.8,0,0,1,27
26860,-10.2,3.78,-4.22,0,0,1,27
26880,-11.04,2.75,-6.34,0,0,1,27
26900,-11.45,0.41,-8.05,0,0,1,27
26920,-10.07,-1.94,-5.55,0,0,1,27
26940,-8.49,-1.95,-3.04,0,0,1,27
26960,-7.75,1.45,-1.96,0,0,1,27
26980,-7.85,3.32,-2.9,0,0,1,27
27000,-8.19,1.4,-4.39,0,0,1,27
27020,-9.05,-0.58,-5.33,0,0,1,27
27040,-8.64,-0.9,-5.96,0,0,1,27
27060,-8.01,-0.06,-4.39,0,0,1,27
27080,-7.85,0.91,-3.15,0,0,1,27
27100,-7.47,1.84,-4.05,0,0,1,27
27120,-7.82,2.0,-5.17,0,0,1,27
27140,-8.69,1.6,-5.44,0,0,1,27
27160,-8.8,1.21,-4.81,0,0,1,27
27180,-8.25,1.13,-4.3,0,0,1,27
27200,-7.76,1.38,-4.67,0,0,1,27
27220,-7.96,1.5,-5.26,0,0,1,27
27240,-8.36,1.56,-5.35,0,0,1,27
27260,-7.87,1.6,-5.51,0,0,1,27
27280,-7.97,1.6,-5.43,0,0,1,27
27300,-7.99,1.89,-5.19,0,0,1,27
27320,-7.71,2.16,-5.08,0,0,1,27
27340,-7.81,2.51,-5.16,0,0,1,27
27360,-7.86,3.07,-5.27,0,0,1,27
27380,-7.73,3.22,-5.25,0,0,1,27
27400,-7.7,2.72,-4.77,0,0,1,27
27420,-7.51,1.74,-4.65,0,0,1,27
27440,-7.92,0.66,-4.45,0,0,1,27
27460,-7.6,0.81,-4.53,0,0,1,27
27480,-8.17,1.63,-4.82,0,0,1,27
27500,-8.24,2.28,-5.08,0,0,1,27
27520,-7.31,1.14,-6.32,0,0,1,27
27540,-8.13,0.6,-4.34,0,0,1,27
27560,-7.81,2.13,-4.31,0,0,1,27
27580,-10.2,4.29,-5.06,0,0,1,27
27600,-11.88,5.43,-6.96,0,0,1,27
27620,-12.16,3.36,-9.64,0,0,1,27
27640,-11.79,-0.21,-10.45,0,0,1,27
27660,-10.04,-1.74,-7.62,0,0,1,27
27680,-6.74,-2.52,-0.9,0,0,1,27
27700,-4.14,-2.94,1.0,0,0,1,27
27720,-4.63,-2.36,-0.63,0,0,1,27
27740,-5.91,-0.87,-2.06,0,0,1,27
27760,-7.83,1.53,-3.71,0,0,1,27
27780,-10.57,3.89,-5.77,0,0,1,27
27800,-12.21,5.03,-7.47,0,0,1,27
27820,-11.77,4.44,-7.75,0,0,1,27
27840,-9.35,3.65,-5.39,0,0,1,27
27860,-7.68,3.37,-2.42,0,0,1,27
27880,-7.2,2.76,-1.63,0,0,1,27
27900,-8.23,2.11,-3.59,0,0,1,27
27920,-8.63,1.83,-4.85,0,0,1,27
27940,-8.66,1.9,-4.74,0,0,1,27
27960,-7.97,1.67,-3.77,0,0,1,27
27980,-6.25,1.6,-3.0,0,0,1,27
27000,-8.19,1.4,-4.39,0,0,1,28
27020,-9.05,-0.58,-5.33,0,0,1,28
27040,-8.64,-0.9,-5.96,0,0,1,28
27060,-8.01,-0.06,-4.39,0,0,1,28
27080,-7.85,0.91,-3.15,0,0,1,28
27100,-7.47,1.84,-4.05,0,0,1,28
27120,-7.82,2.0,-5.17,0,0,1,28
27140,-8.69,1.6,-5.44,0,0,1,28
27160,-8.8,1.21,-4.81,0,0,1,28
27180,-8.25,1.13,-4.3,0,0,1,28
27200,-7.76,1.38,-4.67,0,0,1,28
27220,-7.96,1.5,-5.26,0,0,1,28
27240,-8.36,1.56,-5.35,0,0,1,28
27260,-7.87,1.6,-5.51,0,0,1,28
27280,-7.97,1.6,-5.43,0,0,1,28
27300,-7.99,1.89,-5.19,0,0,1,28
27320,-7.71,2.16,-5.08,0,0,1,28
27340,-7.81,2.51,-5.16,0,0,1,28
27360,-7.86,3.07,-5.27,0,0,1,28
27380,-7.73,3.22,-5.25,0,0,1,28
27400,-7.7,2.72,-4.77,0,0,1,28
27420,-7.51,1.74,-4.65,0,0,1,28
27440,-7.92,0.66,-4.45,0,0,1,28
27460,-7.6,0.81,-4.53,0,0,1,28
27480,-8.17,1.63,-4.82,0,0,1,28
27500,-8.24,2.28,-5.08,0,0,1,28
27520,-7.31,1.14,-6.32,0,0,1,28
27540,-8.13,0.6,-4.34,0,0,1,28
27560,-7.81,2.13,-4.31,0,0,1,28
27580,-10.2,4.29,-5.06,0,0,1,28
27600,-11.88,5.43,-6.96,0,0,1,28
27620,-12.16,3.36,-9.64,0,0,1,28
27640,-11.79,-0.21,-10.45,0,0,1,28
27660,-10.04,-1.74,-7.62,0,0,1,28
27680,-6.74,-2.52,-0.9,0,0,1,28
27700,-4.14,-2.94,1.0,0,0,1,28
27720,-4.63,-2.36,-0.63,0,0,1,28
27740,-5.91,-0.87,-2.06,0,0,1,28
27760,-7.83,1.53,-3.71,0,0,1,28
27780,-10.57,3.89,-5.77,0,0,1,28
27800,-12.21,5.03,-7.47,0,0,1,28
27820,-11.77,4.44,-7.75,0,0,1,28
27840,-9.35,3.65,-5.39,0,0,1,28
27860,-7.68,3.37,-2.42,0,0,1,28
27880,-7.2,2.76,-1.63,0,0,1,28
27900,-8.23,2.11,-3.59,0,0,1,28
27920,-8.63,1.83,-4.85,0,0,1,28
27940,-8.66,1.9,-4.74,0,0,1,28
27960,-7.97,1.67,-3.77,0,0,1,28
27980,-6.25,1.6,-3.0,0,0,1,28
28000,-6.72,1.09,-3.25,0,0,1,28
28020,-6.68,1.78,-4.01,0,0,1,28
28040,-7.51,2.38,-4.78,0,0,1,28
28060,-8.01,2.81,-5.13,0,0,1,28
28080,-8.28,2.94,-4.76,0,0,1,28
28100,-8.38,2.71,-4.27,0,0,1,28
28120,-8.05,2.8,-4.31,0,0,1,28
28140,-8.05,2.99,-4.75,0,0,1,28
28160,-8.47,3.52,-4.89,0,0,1,28
28180,-8.29,4.11,-5.0,0,0,1,28
28200,-7.61,4.19,-4.6,0,0,1,28
28220,-10.67,2.01,-4.28,0,0,1,28
28240,-10.56,1.73,-8.16,0,0,1,28
28260,-12.36,-0.41,-8.56,0,0,1,28
28280,-10.79,-0.76,-7.43,0,0,1,28
28300,-7.87,0.37,-3.54,0,0,1,28
28320,-6.75,2.13,-1.44,0,0,1,28
28340,-6.48,3.82,-2.59,0,0,1,28
28360,-7.05,2.46,-3.48,0,0,1,28
28380,-9.22,-0.39,-5.34,0,0,1,28
28400,-9.16,-2.09,-6.41,0,0,1,28
28420,-8.12,-2.43,-5.94,0,0,1,28
28440,-7.31,-2.17,-4.86,0,0,1,28
28460,-7.53,-1.01,-3.99,0,0,1,28
28480,-8.34,0.72,-4.51,0,0,1,28
28500,-8.71,1.41,-5.37,0,0,1,28
28520,-8.47,1.31,-6.0,0,0,1,28
28540,-8.58,0.75,-6.3,0,0,1,28
28560,-8.86,-0.02,-6.5,0,0,1,28
28580,-8.28,-0.54,-6.29,0,0,1,28
28600,-7.93,-0.51,-5.65,0,0,1,28
28620,-7.87,0.08,-4.98,0,0,1,28
28640,-7.77,0.8,-4.95,0,0,1,28
28660,-7.77,1.15,-5.25,0,0,1,28
28680,-7.58,1.33,-5.76,0,0,1,28
28700,-7.76,1.67,-6.22,0,0,1,28
28720,-7.85,1.95,-5.86,0,0,1,28
28740,-7.37,1.92,-5.53,0,0,1,28
28760,-9.13,1.12,-4.35,0,0,1,28
28780,-8.63,1.47,-0.97,0,0,1,28
28800,-7.68,1.89,-0.73,0,0,1,28
28820,-9.06,0.43,-4.56,0,0,1,28
28840,-10.22,-2.25,-7.7,0,0,1,28
28860,-9.93,-3.41,-7.37,0,0,1,28
28880,-9.87,-2.07,-6.26,0,0,1,28
28900,-10.27,0.41,-5.4,0,0,1,28
28920,-9.94,2.23,-3.9,0,0,1,28
28940,-8.98,1.7,-3.07,0,0,1,28
28960,-8.47,0.11,-3.35,0,0,1,28
28980,-7.57,-0.59,-3.64,0,0,1,28
28000,-6.72,1.09,-3.25,0,0,1,29
28020,-6.68,1.78,-4.01,0,0,1,29
28040,-7.51,2.38,-4.78,0,0,1,29
28060,-8.01,2.81,-5.13,0,0,1,29
28080,-8.28,2.94,-4.76,0,0,1,29
28100,-8.38,2.71,-4.27,0,0,1,29
28120,-8.05,2.8,-4.31,0,0,1,29
28140,-8.05,2.99,-4.75,0,0,1,29
28160,-8.47,3.52,-4.89,0,0,1,29
28180,-8.29,4.11,-5.0,0,0,1,29
28200,-7.61,4.19,-4.6,0,0,1,29
28220,-10.67,2.01,-4.28,0,0,1,29
28240,-10.56,1.73,-8.16,0,0,1,29
28260,-12.36,-0.41,-8.56,0,0,1,29
28280,-10.79,-0.76,-7.43,0,0,1,29
28300,-7.87,0.37,-3.54,0,0,1,29
28320,-6.75,2.13,-1.44,0,0,1,29
28340,-6.48,3.82,-2.59,0,0,1,29
28360,-7.05,2.46,-3.48,0,0,1,29
28380,-9.22,-0.39,-5.34,0,0,1,29
28400,-9.16,-2.09,-6.41,0,0,1,29
28420,-8.12,-2.43,-5.94,0,0,1,29
28440,-7.31,-2.17,-4.86,0,0,1,29
28460,-7.53,-1.01,-3.99,0,0,1,29
28480,-8.34,0.72,-4.51,0,0,1,29
28500,-8.71,1.41,-5.37,0,0,1,29
28520,-8.47,1.31,-6.0,0,0,1,29
28540,-8.58,0.75,-6.3,0,0,1,29
28560,-8.86,-0.02,-6.5,0,0,1,29
28580,-8.28,-0.54,-6.29,0,0,1,29
28600,-7.93,-0.51,-5.65,0,0,1,29
28620,-7.87,0.08,-4.98,0,0,1,29
28640,-7.77,0.8,-4.95,0,0,1,29
28660,-7.77,1.15,-5.25,0,0,1,29
28680,-7.58,1.33,-5.76,0,0,1,29
28700,-7.76,1.67,-6.22,0,0,1,29
28720,-7.85,1.95,-5.86,0,0,1,29
28740,-7.37,1.92,-5.53,0,0,1,29
28760,-9.13,1.12,-4.35,0,0,1,29
28780,-8.63,1.47,-0.97,0,0,1,29
28800,-7.68,1.89,-0.73,0,0,1,29
28820,-9.06,0.43,-4.56,0,0,1,29
28840,-10.22,-2.25,-7.7,0,0,1,29
28860,-9.93,-3.41,-7.37,0,0,1,29
28880,-9.87,-2.07,-6.26,0,0,1,29
28900,-10.27,0.41,-5.4,0,0,1,29
28920,-9.94,2.23,-3.9,0,0,1,29
28940,-8.98,1.7,-3.07,0,0,1,29
28960,-8.47,0.11,-3.35,0,0,1,29
28980,-7.57,-0.59,-3.64,0,0,1,29
29000,-6.77,-0.11,-3.57,0,0,1,29
29020,-6.56,1.3,-3.38,0,0,1,29
29040,-7.3,1.75,-3.2,0,0,1,29
29060,-8.72,1.75,-4.03,0,0,1,29
29080,-9.48,1.7,-5.2,0,0,1,29
29100,-9.79,1.27,-5.53,0,0,1,29
29120,-9.77,1.43,-5.05,0,0,1,29
29140,-8.91,1.62,-4.6,0,0,1,29
29160,-10.21,3.5,-5.31,0,0,1,29
29180,-9.36,2.41,-5.75,0,0,1,29
29200,-8.94,1.83,-5.31,0,0,1,29
29220,-9.09,1.95,-5.08,0,0,1,29
29240,-8.75,1.85,-4.7,0,0,1,29
29260,-8.8,1.7,-4.61,0,0,1,29
29280,-8.62,1.84,-4.62,0,0,1,29
29300,-8.16,2.09,-4.19,0,0,1,29
29320,-7.62,2.3,-3.57,0,0,1,29
29340,-7.6,2.38,-3.3,0,0,1,29
29360,-7.93,2.76,-3.51,0,0,1,29
29380,-7.93,3.42,-3.83,0,0,1,29
29400,-7.91,3.61,-3.8,0,0,1,29
29420,-7.78,3.38,-3.16,0,0,1,29
29440,-7.47,2.69,-2.66,0,0,1,29
29460,-7.38,1.84,-2.96,0,0,1,29
29480,-7.71,1.2,-3.83,0,0,1,29
29500,-8.49,0.94,-4.3,0,0,1,29
29520,-8.78,1.83,-5.01,0,0,1,29
29540,-11.02,3.21,-5.91,0,0,1,29
29560,-12.06,4.36,-7.76,0,0,1,29
29580,-9.42,2.88,-6.26,0,0,1,29
29600,-7.09,1.14,-2.47,0,0,1,29
29620,-6.17,0.85,-1.46,0,0,1,29
29640,-8.5,1.33,-3.43,0,0,1,29
29660,-9.46,1.31,-4.61,0,0,1,29
29680,-9.6,0.22,-4.32,0,0,1,29
29700,-7.88,-0.23,-4.1,0,0,1,29
29720,-7.21,1.31,-3.88,0,0,1,29
29740,-7.76,3.42,-5.61,0,0,1,29
29760,-8.31,3.81,-5.76,0,0,1,29
29780,-8.2,3.34,-6.04,0,0,1,29
29800,-7.75,2.37,-6.61,0,0,1,29
29820,-8.06,1.33,-6.2,0,0,1,29
29840,-7.95,0.54,-5.72,0,0,1,29
29860,-7.72,0.82,-5.87,0,0,1,29
29880,-7.85,1.26,-6.17,0,0,1,29
29900,-8.11,1.97,-6.34,0,0,1,29
29920,-8.09,2.65,-6.17,0,0,1,29
29940,-7.5,2.98,-5.65,0,0,1,29
29960,-7.29,3.29,-5.11,0,0,1,29
29980,-7.35,4.04,-5.15,0,0,1,29
29000,-6.77,-0.11,-3.57,0,0,1,30
29020,-6.56,1.3,-3.38,0,0,1,30
29040,-7.3,1.75,-3.2,0,0,1,30
29060,-8.72,1.75,-4.03,0,0,1,30
29080,-9.48,1.7,-5.2,0,0,1,30
29100,-9.79,1.27,-5.53,0,0,1,30
29120,-9.77,1.43,-5.05,0,0,1,30
29140,-8.91,1.62,-4.6,0,0,1,30
29160,-10.21,3.5,-5.31,0,0,1,30
29180,-9.36,2.41,-5.75,0,0,1,30
29200,-8.94,1.83,-5.31,0,0,1,30
29220,-9.09,1.95,-5.08,0,0,1,30
29240,-8.75,1.85,-4.7,0,0,1,30
29260,-8.8,1.7,-4.61,0,0,1,30
29280,-8.62,1.84,-4.62,0,0,1,30
29300,-8.16,2.09,-4.19,0,0,1,30
29320,-7.62,2.3,-3.57,0,0,1,30
29340,-7.6,2.38,-3.3,0,0,1,30
29360,-7.93,2.76,-3.51,0,0,1,30
29380,-7.93,3.42,-3.83,0,0,1,30
29400,-7.91,3.61,-3.8,0,0,1,30
29420,-7.78,3.38,-3.16,0,0,1,30
29440,-7.47,2.69,-2.66,0,0,1,30
29460,-7.38,1.84,-2.96,0,0,1,30
29480,-7.71,1.2,-3.83,0,0,1,30
29500,-8.49,0.94,-4.3,0,0,1,30
29520,-8.78,1.83,-5.01,0,0,1,30
29540,-11.02,3.21,-5.91,0,0,1,30
29560,-12.06,4.36,-7.76,0,0,1,30
29580,-9.42,2.88,-6.26,0,0,1,30
29600,-7.09,1.14,-2.47,0,0,1,30
29620,-6.17,0.85,-1.46,0,0,1,30
29640,-8.5,1.33,-3.43,0,0,1,30
29660,-9.46,1.31,-4.61,0,0,1,30
29680,-9.6,0.22,-4.32,0,0,1,30
29700,-7.88,-0.23,-4.1,0,0,1,30
29720,-7.21,1.31,-3.88,0,0,1,30
29740,-7.76,3.42,-5.61,0,0,1,30
29760,-8.31,3.81,-5.76,0,0,1,30
29780,-8.2,3.34,-6.04,0,0,1,30
29800,-7.75,2.37,-6.61,0,0,1,30
29820,-8.06,1.33,-6.2,0,0,1,30
29840,-7.95,0.54,-5.72,0,0,1,30
29860,-7.72,0.82,-5.87,0,0,1,30
29880,-7.85,1.26,-6.17,0,0,1,30
29900,-8.11,1.97,-6.34,0,0,1,30
29920,-8.09,2.65,-6.17,0,0,1,30
29940,-7.5,2.98,-5.65,0,0,1,30
29960,-7.29,3.29,-5.11,0,0,1,30
29980,-7.35,4.04,-5.15,0,0,1,30
30000,-7.65,4.56,-5.42,0,0,1,30
30020,-7.98,4.72,-5.52,0,0,1,30
30040,-8.27,4.47,-5.8,0,0,1,30
30060,-8.06,4.11,-5.58,0,0,1,30
30080,-8.04,3.34,-5.45,0,0,1,30
30100,-8.02,2.64,-5.27,0,0,1,30
30120,-7.63,2.29,-5.38,0,0,1,30
30140,-7.31,2.54,-5.48,0,0,1,30
30160,-7.42,3.01,-5.37,0,0,1,30
30180,-7.51,3.61,-5.4,0,0,1,30
30200,-7.52,4.05,-5.32,0,0,1,30
30220,-7.85,4.15,-5.28,0,0,1,30
30240,-7.72,4.15,-4.79,0,0,1,30
30260,-7.66,3.84,-4.47,0,0,1,30
30280,-7.77,3.91,-4.01,0,0,1,30
30300,-7.69,3.71,-4.29,0,0,1,30
30320,-7.48,3.86,-4.31,0,0,1,30
30340,-7.41,4.27,-4.35,0,0,1,30
30360,-7.36,4.65,-4.39,0,0,1,30
30380,-7.36,4.16,-5.12,0,0,1,30
30400,-9.7,2.82,-4.48,0,0,1,30
30420,-8.77,2.76,-1.44,0,0,1,30
30440,-8.38,3.85,-1.63,0,0,1,30
30460,-9.47,2.68,-4.23,0,0,1,30
30480,-10.36,0.3,-6.94,0,0,1,30
30500,-10.25,-1.7,-8.1,0,0,1,30
30520,-10.03,-1.18,-7.51,0,0,1,30
30540,-9.4,-0.07,-5.51,0,0,1,30
30560,-8.19,0.09,-3.33,0,0,1,30
30580,-7.07,0.22,-3.15,0,0,1,30
30600,-7.01,1.34,-3.3,0,0,1,30
30620,-7.67,2.21,-3.36,0,0,1,30
30640,-9.11,2.7,-4.03,0,0,1,30
30660,-10.1,2.97,-4.96,0,0,1,30
30680,-10.15,2.84,-5.35,0,0,1,30
30700,-8.83,2.65,-4.5,0,0,1,30
30720,-7.54,3.02,-3.26,0,0,1,30
30740,-6.98,3.28,-2.69,0,0,1,30
30760,-7.32,3.24,-2.84,0,0,1,30
30780,-7.89,3.33,-3.39,0,0,1,30
30800,-8.32,3.52,-3.44,0,0,1,30
30820,-8.15,3.32,-3.38,0,0,1,30
30840,-7.78,3.04,-3.22,0,0,1,30
30860,-7.65,3.23,-3.3,0,0,1,30
30880,-7.71,3.51,-3.67,0,0,1,30
30900,-7.32,3.56,-3.96,0,0,1,30
30920,-7.53,3.51,-3.88,0,0,1,30
30940,-7.94,3.77,-3.96,0,0,1,30
30960,-7.7,3.65,-4.31,0,0,1,30
30980,-7.63,3.73,-3.65,0,0,1,30
30000,-7.65,4.56,-5.42,0,0,1,31
30020,-7.98,4.72,-5.52,0,0,1,31
30040,-8.27,4.47,-5.8,0,0,1,31
30060,-8.06,4.11,-5.58,0,0,1,31
30080,-8.04,3.34,-5.45,0,0,1,31
30100,-8.02,2.64,-5.27,0,0,1,31
30120,-7.63,2.29,-5.38,0,0,1,31
30140,-7.31,2.54,-5.48,0,0,1,31
30160,-7.42,3.01,-5.37,0,0,1,31
30180,-7.51,3.61,-5.4,0,0,1,31
30200,-7.52,4.05,-5.32,0,0,1,31
30220,-7.85,4.15,-5.28,0,0,1,31
30240,-7.72,4.15,-4.79,0,0,1,31
30260,-7.66,3.84,-4.47,0,0,1,31
30280,-7.77,3.91,-4.01,0,0,1,31
30300,-7.69,3.71,-4.29,0,0,1,31
30320,-7.48,3.86,-4.31,0,0,1,31
30340,-7.41,4.27,-4.35,0,0,1,31
30360,-7.36,4.65,-4.39,0,0,1,31
30380,-7.36,4.16,-5.12,0,0,1,31
30400,-9.7,2.82,-4.48,0,0,1,31
30420,-8.77,2.76,-1.44,0,0,1,31
30440,-8.38,3.85,-1.63,0,0,1,31
30460,-9.47,2.68,-4.23,0,0,1,31
30480,-10.36,0.3,-6.94,0,0,1,31
30500,-10.25,-1.7,-8.1,0,0,1,31
30520,-10.03,-1.18,-7.51,0,0,1,31
30540,-9.4,-0.07,-5.51,0,0,1,31
30560,-8.19,0.09,-3.33,0,0,1,31
30580,-7.07,0.22,-3.15,0,0,1,31
30600,-7.01,1.34,-3.3,0,0,1,31
30620,-7.67,2.21,-3.36,0,0,1,31
30640,-9.11,2.7,-4.03,0,0,1,31
30660,-10.1,2.97,-4.96,0,0,1,31
30680,-10.15,2.84,-5.35,0,0,1,31
30700,-8.83,2.65,-4.5,0,0,1,31
30720,-7.54,3.02,-3.26,0,0,1,31
30740,-6.98,3.28,-2.69,0,0,1,31
30760,-7.32,3.24,-2.84,0,0,1,31
30780,-7.89,3.33,-3.39,0,0,1,31
30800,-8.32,3.52,-3.44,0,0,1,31
30820,-8.15,3.32,-3.38,0,0,1,31
30840,-7.78,3.04,-3.22,0,0,1,31
30860,-7.65,3.23,-3.3,0,0,1,31
30880,-7.71,3.51,-3.67,0,0,1,31
30900,-7.32,3.56,-3.96,0,0,1,31
30920,-7.53,3.51,-3.88,0,0,1,31
30940,-7.94,3.77,-3.96,0,0,1,31
30960,-7.7,3.65,-4.31,0,0,1,31
30980,-7.63,3.73,-3.65,0,0,1,31
31000,-7.85,4.06,-2.8,0,0,1,31
31020,-12.43,2.6,-3.33,0,0,1,31
31040,-13.62,1.86,-7.44,0,0,1,31
31060,-11.4,1.61,-8.44,0,0,1,31
31080,-8.83,0.65,-5.36,0,0,1,31
31100,-7.94,0.3,-2.46,0,0,1,31
31120,-8.49,2.15,-1.97,0,0,1,31
31140,-9.28,3.37,-2.4,0,0,1,31
31160,-9.85,2.0,-4.12,0,0,1,31
31180,-8.76,0.15,-5.58,0,0,1,31
31200,-8.16,-1.28,-6.03,0,0,1,31
31220,-7.65,-1.1,-5.57,0,0,1,31
31240,-7.25,-1.04,-4.93,0,0,1,31
31260,-7.52,-1.23,-4.98,0,0,1,31
31280,-7.63,-0.27,-4.62,0,0,1,31
31300,-7.62,1.83,-4.51,0,0,1,31
31320,-8.07,3.35,-5.45,0,0,1,31
31340,-9.1,2.95,-6.57,0,0,1,31
31360,-9.07,2.26,-6.58,0,0,1,31
31380,-8.51,1.44,-5.38,0,0,1,31
31400,-8.0,1.04,-4.46,0,0,1,31
31420,-7.96,0.91,-4.28,0,0,1,31
31440,-8.28,1.03,-4.72,0,0,1,31
31460,-8.49,1.35,-5.24,0,0,1,31
31480,-8.7,1.43,-5.43,0,0,1,31
31500,-8.59,1.29,-5.34,0,0,1,31
31520,-8.23,1.28,-4.72,0,0,1,31
31540,-8.1,1.18,-4.45,0,0,1,31
31560,-8.45,1.42,-4.83,0,0,1,31
31580,-8.77,1.56,-5.17,0,0,1,31
31600,-8.53,1.43,-5.01,0,0,1,31
31620,-8.47,1.39,-4.63,0,0,1,31
31640,-8.54,1.3,-4.36,0,0,1,31
31660,-8.65,0.85,-4.55,0,0,1,31
31680,-8.5,-0.06,-4.72,0,0,1,31
31700,-8.35,-0.73,-4.72,0,0,1,31
31720,-8.43,-0.85,-5.11,0,0,1,31
31740,-8.75,-0.97,-5.07,0,0,1,31
31760,-8.76,-0.92,-4.51,0,0,1,31
31780,-8.39,-0.96,-4.35,0,0,1,31
31800,-8.84,-1.27,-4.78,0,0,1,31
31820,-9.41,-2.67,-5.65,0,0,1,31
31840,-10.34,-3.53,-4.93,0,0,1,31
31860,-8.65,-2.3,-2.8,0,0,1,31
31880,-8.35,-0.56,-2.46,0,0,1,31
31900,-8.55,-0.03,-3.73,0,0,1,31
31920,-9.55,-1.7,-4.73,0,0,1,31
31940,-9.02,-3.33,-4.19,0,0,1,31
31960,-7.8,-2.84,-2.65,0,0,1,31
31980,-8.81,-0.92,-1.87,0,0,1,31
31000,-7.85,4.06,-2.8,0,0,1,32
31020,-12.43,2.6,-3.33,0,0,1,32
31040,-13.62,1.86,-7.44,0,0,1,32
31060,-11.4,1.61,-8.44,0,0,1,32
31080,-8.83,0.65,-5.36,0,0,1,32
31100,-7.94,0.3,-2.46,0,0,1,32
31120,-8.49,2.15,-1.97,0,0,1,32
31140,-9.28,3.37,-2.4,0,0,1,32
31160,-9.85,2.0,-4.12,0,0,1,32
31180,-8.76,0.15,-5.58,0,0,1,32
31200,-8.16,-1.28,-6.03,0,0,1,32
31220,-7.65,-1.1,-5.57,0,0,1,32
31240,-7.25,-1.04,-4.93,0,0,1,32
31260,-7.52,-1.23,-4.98,0,0,1,32
31280,-7.63,-0.27,-4.62,0,0,1,32
31300,-7.62,1.83,-4.51,0,0,1,32
31320,-8.07,3.35,-5.45,0,0,1,32
31340,-9.1,2.95,-6.57,0,0,1,32
31360,-9.07,2.26,-6.58,0,0,1,32
31380,-8.51,1.44,-5.38,0,0,1,32
31400,-8.0,1.04,-4.46,0,0,1,32
31420,-7.96,0.91,-4.28,0,0,1,32
31440,-8.28,1.03,-4.72,0,0,1,32
31460,-8.49,1.35,-5.24,0,0,1,32
31480,-8.7,1.43,-5.43,0,0,1,32
31500,-8.59,1.29,-5.34,0,0,1,32
31520,-8.23,1.28,-4.72,0,0,1,32
31540,-8.1,1.18,-4.45,0,0,1,32
31560,-8.45,1.42,-4.83,0,0,1,32
31580,-8.77,1.56,-5.17,0,0,1,32
31600,-8.53,1.43,-5.01,0,0,1,32
31620,-8.47,1.39,-4.63,0,0,1,32
31640,-8.54,1.3,-4.36,0,0,1,32
31660,-8.65,0.85,-4.55,0,0,1,32
31680,-8.5,-0.06,-4.72,0,0,1,32
31700,-8.35,-0.73,-4.72,0,0,1,32
31720,-8.43,-0.85,-5.11,0,0,1,32
31740,-8.75,-0.97,-5.07,0,0,1,32
31760,-8.76,-0.92,-4.51,0,0,1,32
31780,-8.39,-0.96,-4.35,0,0,1,32
31800,-8.84,-1.27,-4.78,0,0,1,32
31820,-9.41,-2.67,-5.65,0,0,1,32
31840,-10.34,-3.53,-4.93,0,0,1,32
31860,-8.65,-2.3,-2.8,0,0,1,32
31880,-8.35,-0.56,-2.46,0,0,1,32
31900,-8.55,-0.03,-3.73,0,0,1,32
31920,-9.55,-1.7,-4.73,0,0,1,32
31940,-9.02,-3.33,-4.19,0,0,1,32
31960,-7.8,-2.84,-2.65,0,0,1,32
31980,-8.81,-0.92,-1.87,0,0,1,32
32000,-9.56,1.05,-2.19,0,0,1,32
32020,-9.6,0.81,-2.45,0,0,1,32
32040,-9.17,-1.03,-1.96,0,0,1,32
32060,-8.14,-2.71,-2.01,0,0,1,32
32080,-9.27,-3.48,-2.56,0,0,1,32
32100,-10.38,-3.28,-4.08,0,0,1,32
32120,-10.11,-3.08,-3.73,0,0,1,32
32140,-8.86,-3.04,-2.34,0,0,1,32
32160,-8.33,-2.68,-1.65,0,0,1,32
32180,-8.98,-2.78,-1.76,0,0,1,32
32200,-9.47,-3.23,-2.38,0,0,1,32
32220,-8.87,-4.39,-2.64,0,0,1,32
32240,-8.32,-5.1,-2.49,0,0,1,32
32260,-7.83,-5.09,-2.54,0,0,1,32
32280,-7.24,-4.47,-0.81,0,0,1,32
32300,-9.04,-3.54,-1.69,0,0,1,32
32320,-9.29,-3.21,-1.17,0,0,1,32
32340,-9.17,-3.68,-1.16,0,0,1,32
32360,-8.68,-4.68,-1.09,0,0,1,32
32380,-7.84,-4.55,-0.74,0,0,1,32
32400,-8.03,-4.6,-0.59,0,0,1,32
32420,-7.77,-4.58,-0.34,0,0,1,32
32440,-7.63,-4.99,-0.52,0,0,1,32
32460,-7.16,-5.22,-0.21,0,0,1,32
32480,-7.36,-5.43,-0.1,0,0,1,32
32500,-7.14,-5.65,-0.1,0,0,1,32
32520,-6.77,-5.61,0.44,0,0,1,32
32540,-6.97,-5.68,0.64,0,0,1,32
32560,-6.93,-6.05,0.4,0,0,1,32
32580,-6.68,-6.26,0.18,0,0,1,32
32600,-6.68,-6.46,0.59,0,0,1,32
32620,-6.76,-6.39,0.39,0,0,1,32
32640,-6.24,-6.24,0.71,0,0,1,32
32660,-5.91,-5.96,1.51,0,0,1,32
32680,-5.93,-5.87,1.62,0,0,1,32
32700,-6.11,-5.69,1.36,0,0,1,32
32720,-6.71,-5.66,1.29,0,0,1,32
32740,-6.79,-5.86,1.45,0,0,1,32
32760,-6.83,-6.64,1.55,0,0,1,32
32780,-6.35,-6.97,1.67,0,0,1,32
32800,-6.21,-7.21,2.06,0,0,1,32
32820,-6.2,-7.46,2.41,0,0,1,32
32840,-6.47,-7.22,2.24,0,0,1,32
32860,-6.84,-6.9,1.9,0,0,1,32
32880,-6.87,-6.81,2.43,0,0,1,32
32900,-6.14,-6.97,2.74,0,0,1,32
32920,-6.16,-7.45,2.55,0,0,1,32
32940,-6.59,-7.57,2.21,0,0,1,32
32960,-6.92,-7.32,2.16,0,0,1,32
32980,-6.85,-7.33,2.27,0,0,1,32
32000,-9.56,1.05,-2.19,0,0,1,33
32020,-9.6,0.81,-2.45,0,0,1,33
32040,-9.17,-1.03,-1.96,0,0,1,33
32060,-8.14,-2.71,-2.01,0,0,1,33
32080,-9.27,-3.48,-2.56,0,0,1,33
32100,-10.38,-3.28,-4.08,0,0,1,33
32120,-10.11,-3.08,-3.73,0,0,1,33
32140,-8.86,-3.04,-2.34,0,0,1,33
32160,-8.33,-2.68,-1.65,0,0,1,33
32180,-8.98,-2.78,-1.76,0,0,1,33
32200,-9.47,-3.23,-2.38,0,0,1,33
32220,-8.87,-4.39,-2.64,0,0,1,33
32240,-8.32,-5.1,-2.49,0,0,1,33
32260,-7.83,-5.09,-2.54,0,0,1,33
32280,-7.24,-4.47,-0.81,0,0,1,33
32300,-9.04,-3.54,-1.69,0,0,1,33
32320,-9.29,-3.21,-1.17,0,0,1,33
32340,-9.17,-3.68,-1.16,0,0,1,33
32360,-8.68,-4.68,-1.09,0,0,1,33
32380,-7.84,-4.55,-0.74,0,0,1,33
32400,-8.03,-4.6,-0.59,0,0,1,33
32420,-7.77,-4.58,-0.34,0,0,1,33
32440,-7.63,-4.99,-0.52,0,0,1,33
32460,-7.16,-5.22,-0.21,0,0,1,33
32480,-7.36,-5.43,-0.1,0,0,1,33
32500,-7.14,-5.65,-0.1,0,0,1,33
32520,-6.77,-5.61,0.44,0,0,1,33
32540,-6.97,-5.68,0.64,0,0,1,33
32560,-6.93,-6.05,0.4,0,0,1,33
32580,-6.68,-6.26,0.18,0,0,1,33
32600,-6.68,-6.46,0.59,0,0,1,33
32620,-6.76,-6.39,0.39,0,0,1,33
32640,-6.24,-6.24,0.71,0,0,1,33
32660,-5.91,-5.96,1.51,0,0,1,33
32680,-5.93,-5.87,1.62,0,0,1,33
32700,-6.11,-5.69,1.36,0,0,1,33
32720,-6.71,-5.66,1.29,0,0,1,33
32740,-6.79,-5.86,1.45,0,0,1,33
32760,-6.83,-6.64,1.55,0,0,1,33
32780,-6.35,-6.97,1.67,0,0,1,33
32800,-6.21,-7.21,2.06,0,0,1,33
32820,-6.2,-7.46,2.41,0,0,1,33
32840,-6.47,-7.22,2.24,0,0,1,33
32860,-6.84,-6.9,1.9,0,0,1,33
32880,-6.87,-6.81,2.43,0,0,1,33
32900,-6.14,-6.97,2.74,0,0,1,33
32920,-6.16,-7.45,2.55,0,0,1,33
32940,-6.59,-7.57,2.21,0,0,1,33
32960,-6.92,-7.32,2.16,0,0,1,33
32980,-6.85,-7.33,2.27,0,0,1,33
33000,-6.3,-7.72,2.82,0,0,1,33
33020,-6.4,-7.81,2.58,0,0,1,33
33040,-6.67,-7.28,2.09,0,0,1,33
33060,-6.79,-7.25,2.02,0,0,1,33
33080,-6.52,-7.63,1.86,0,0,1,33
33100,-6.26,-7.69,2.08,0,0,1,33
33120,-6.39,-7.46,2.26,0,0,1,33
33140,-6.76,-7.3,1.79,0,0,1,33
33160,-6.72,-7.33,1.68,0,0,1,33
33180,-6.41,-7.29,2.15,0,0,1,33
33200,-6.46,-6.94,1.9,0,0,1,33
33220,-6.66,-6.6,1.44,0,0,1,33
33240,-6.75,-6.5,1.62,0,0,1,33
33260,-6.56,-6.55,1.87,0,0,1,33
33280,-6.85,-6.91,1.7,0,0,1,33
33300,-6.84,-6.66,1.28,0,0,1,33
33320,-6.86,-6.57,1.33,0,0,1,33
33340,-6.77,-6.43,1.21,0,0,1,33
33360,-6.98,-6.31,1.14,0,0,1,33
33380,-6.99,-6.41,0.89,0,0,1,33
33400,-7.21,-5.99,0.52,0,0,1,33
33420,-6.97,-5.89,0.96,0,0,1,33
33440,-6.73,-5.75,1.08,0,0,1,33
33460,-7.0,-5.59,1.02,0,0,1,33
33480,-6.96,-5.48,0.55,0,0,1,33
33500,-7.55,-4.82,0.38,0,0,1,33
33520,-8.0,-4.39,0.48,0,0,1,33
33540,-8.2,-4.63,0.3,0,0,1,33
33560,-7.9,-4.62,-0.45,0,0,1,33
33580,-8.43,-4.46,-0.13,0,0,1,33
33600,-8.4,-4.27,-0.2,0,0,1,33
33620,-8.34,-3.95,-0.32,0,0,1,33
33640,-8.72,-3.6,-0.17,0,0,1,33
33660,-8.6,-3.26,-0.66,0,0,1,33
33680,-8.54,-3.53,-0.41,0,0,1,33
33700,-8.53,-3.46,-0.87,0,0,1,33
33720,-8.67,-3.3,-0.9,0,0,1,33
33740,-8.55,-2.54,-0.27,0,0,1,33
33760,-8.7,-1.71,-0.3,0,0,1,33
33780,-9.27,-0.97,-1.71,0,0,1,33
33800,-9.76,-0.73,-2.01,0,0,1,33
33820,-9.32,-0.69,-1.68,0,0,1,33
33840,-8.71,-0.43,-1.18,0,0,1,33
33860,-8.35,-0.23,-1.18,0,0,1,33
33880,-8.69,0.19,-1.97,0,0,1,33
33900,-9.38,0.81,-2.29,0,0,1,33
33920,-9.27,1.09,-2.16,0,0,1,33
33940,-9.23,1.66,-2.44,0,0,1,33
33960,-9.2,1.55,-2.69,0,0,1,33
33980,-9.41,1.32,-3.06,0,0,1,33
33000,-6.3,-7.72,2.82,0,0,1,34
33020,-6.4,-7.81,2.58,0,0,1,34
33040,-6.67,-7.28,2.09,0,0,1,34
33060,-6.79,-7.25,2.02,0,0,1,34
33080,-6.52,-7.63,1.86,0,0,1,34
33100,-6.26,-7.69,2.08,0,0,1,34
33120,-6.39,-7.46,2.26,0,0,1,34
33140,-6.76,-7.3,1.79,0,0,1,34
33160,-6.72,-7.33,1.68,0,0,1,34
33180,-6.41,-7.29,2.15,0,0,1,34
33200,-6.46,-6.94,1.9,0,0,1,34
33220,-6.66,-6.6,1.44,0,0,1,34
33240,-6.75,-6.5,1.62,0,0,1,34
33260,-6.56,-6.55,1.87,0,0,1,34
33280,-6.85,-6.91,1.7,0,0,1,34
33300,-6.84,-6.66,1.28,0,0,1,34
33320,-6.86,-6.57,1.33,0,0,1,34
33340,-6.77,-6.43,1.21,0,0,1,34
33360,-6.98,-6.31,1.14,0,0,1,34
33380,-6.99,-6.41,0.89,0,0,1,34
33400,-7.21,-5.99,0.52,0,0,1,34
33420,-6.97,-5.89,0.96,0,0,1,34
33440,-6.73,-5.75,1.08,0,0,1,34
33460,-7.0,-5.59,1.02,0,0,1,34
33480,-6.96,-5.48,0.55,0,0,1,34
33500,-7.55,-4.82,0.38,0,0,1,34
33520,-8.0,-4.39,0.48,0,0,1,34
33540,-8.2,-4.63,0.3,0,0,1,34
33560,-7.9,-4.62,-0.45,0,0,1,34
33580,-8.43,-4.46,-0.13,0,0,1,34
33600,-8.4,-4.27,-0.2,0,0,1,34
33620,-8.34,-3.95,-0.32,0,0,1,34
33640,-8.72,-3.6,-0.17,0,0,1,34
33660,-8.6,-3.26,-0.66,0,0,1,34
33680,-8.54,-3.53,-0.41,0,0,1,34
33700,-8.53,-3.46,-0.87,0,0,1,34
33720,-8.67,-3.3,-0.9,0,0,1,34
33740,-8.55,-2.54,-0.27,0,0,1,34
33760,-8.7,-1.71,-0.3,0,0,1,34
33780,-9.27,-0.97,-1.71,0,0,1,34
33800,-9.76,-0.73,-2.01,0,0,1,34
33820,-9.32,-0.69,-1.68,0,0,1,34
33840,-8.71,-0.43,-1.18,0,0,1,34
33860,-8.35,-0.23,-1.18,0,0,1,34
33880,-8.69,0.19,-1.97,0,0,1,34
33900,-9.38,0.81,-2.29,0,0,1,34
33920,-9.27,1.09,-2.16,0,0,1,34
33940,-9.23,1.66,-2.44,0,0,1,34
33960,-9.2,1.55,-2.69,0,0,1,34
33980,-9.41,1.32,-3.06,0,0,1,34
34000,-9.47,1.9,-3.16,0,0,1,34
34020,-9.51,2.38,-3.37,0,0,1,34
34040,-9.22,2.28,-3.29,0,0,1,34
34060,-9.23,2.07,-3.81,0,0,1,34
34080,-9.38,1.49,-4.55,0,0,1,34
34100,-8.44,1.28,-4.21,0,0,1,34
34120,-7.49,1.62,-3.66,0,0,1,34
34140,-13.16,-2.05,-7.27,0,0,1,34
34160,-17.38,-2.27,-10.3,0,0,1,34
34180,-12.84,-3.65,-8.82,0,0,1,34
34200,-9.41,-3.6,-3.65,0,0,1,34
34220,-8.33,-1.18,-3.07,0,0,1,34
34240,-7.44,2.05,-2.66,0,0,1,34
34260,-6.34,2.45,-1.0,0,0,1,34
34280,-6.19,1.38,-1.22,0,0,1,34
34300,-7.96,-0.42,-3.89,0,0,1,34
34320,-9.44,-1.79,-6.93,0,0,1,34
34340,-9.93,-1.83,-7.73,0,0,1,34
34360,-9.27,-0.98,-5.87,0,0,1,34
34380,-8.1,-0.17,-3.69,0,0,1,34
34400,-7.49,0.57,-3.26,0,0,1,34
34420,-7.41,0.08,-4.21,0,0,1,34
34440,-8.06,-0.4,-5.63,0,0,1,34
34460,-8.56,-0.9,-6.46,0,0,1,34
34480,-8.28,-0.25,-6.02,0,0,1,34
34500,-7.94,1.31,-4.97,0,0,1,34
34520,-8.02,2.45,-4.05,0,0,1,34
34540,-8.26,2.38,-4.28,0,0,1,34
34560,-8.51,1.54,-5.31,0,0,1,34
34580,-8.83,1.39,-5.71,0,0,1,34
34600,-8.63,1.68,-5.39,0,0,1,34
34620,-8.27,2.18,-4.95,0,0,1,34
34640,-8.15,2.3,-5.04,0,0,1,34
34660,-8.2,1.8,-5.14,0,0,1,34
34680,-7.93,1.74,-5.29,0,0,1,34
34700,-7.2,1.69,-5.19,0,0,1,34
34720,-7.0,1.73,-4.73,0,0,1,34
34740,-6.82,2.9,-4.59,0,0,1,34
34760,-6.8,3.7,-5.08,0,0,1,34
34780,-7.97,3.99,-5.71,0,0,1,34
34800,-8.92,3.81,-5.37,0,0,1,34
34820,-10.25,1.96,-2.71,0,0,1,34
34840,-8.57,1.48,-1.02,0,0,1,34
34860,-7.32,1.03,-2.98,0,0,1,34
34880,-7.96,-0.51,-6.49,0,0,1,34
34900,-9.02,-1.63,-7.45,0,0,1,34
34920,-9.7,-0.78,-6.51,0,0,1,34
34940,-10.41,2.0,-5.88,0,0,1,34
34960,-11.48,3.64,-5.6,0,0,1,34
34980,-11.41,2.32,-5.75,0,0,1,34
34000,-9.47,1.9,-3.16,0,0,1,35
34020,-9.51,2.38,-3.37,0,0,1,35
34040,-9.22,2.28,-3.29,0,0,1,35
34060,-9.23,2.07,-3.81,0,0,1,35
34080,-9.38,1.49,-4.55,0,0,1,35
34100,-8.44,1.28,-4.21,0,0,1,35
34120,-7.49,1.62,-3.66,0,0,1,35
34140,-13.16,-2.05,-7.27,0,0,1,35
34160,-17.38,-2.27,-10.3,0,0,1,35
34180,-12.84,-3.65,-8.82,0,0,1,35
34200,-9.41,-3.6,-3.65,0,0,1,35
34220,-8.33,-1.18,-3.07,0,0,1,35
34240,-7.44,2.05,-2.66,0,0,1,35
34260,-6.34,2.45,-1.0,0,0,1,35
34280,-6.19,1.38,-1.22,0,0,1,35
34300,-7.96,-0.42,-3.89,0,0,1,35
34320,-9.44,-1.79,-6.93,0,0,1,35
34340,-9.93,-1.83,-7.73,0,0,1,35
34360,-9.27,-0.98,-5.87,0,0,1,35
34380,-8.1,-0.17,-3.69,0,0,1,35
34400,-7.49,0.57,-3.26,0,0,1,35
34420,-7.41,0.08,-4.21,0,0,1,35
34440,-8.06,-0.4,-5.63,0,0,1,35
34460,-8.56,-0.9,-6.46,0,0,1,35
34480,-8.28,-0.25,-6.02,0,0,1,35
34500,-7.94,1.31,-4.97,0,0,1,35
34520,-8.02,2.45,-4.05,0,0,1,35
34540,-8.26,2.38,-4.28,0,0,1,35
34560,-8.51,1.54,-5.31,0,0,1,35
34580,-8.83,1.39,-5.71,0,0,1,35
34600,-8.63,1.68,-5.39,0,0,1,35
34620,-8.27,2.18,-4.95,0,0,1,35
34640,-8.15,2.3,-5.04,0,0,1,35
34660,-8.2,1.8,-5.14,0,0,1,35
34680,-7.93,1.74,-5.29,0,0,1,35
34700,-7.2,1.69,-5.19,0,0,1,35
34720,-7.0,1.73,-4.73,0,0,1,35
34740,-6.82,2.9,-4.59,0,0,1,35
34760,-6.8,3.7,-5.08,0,0,1,35
34780,-7.97,3.99,-5.71,0,0,1,35
34800,-8.92,3.81,-5.37,0,0,1,35
34820,-10.25,1.96,-2.71,0,0,1,35
34840,-8.57,1.48,-1.02,0,0,1,35
34860,-7.32,1.03,-2.98,0,0,1,35
34880,-7.96,-0.51,-6.49,0,0,1,35
34900,-9.02,-1.63,-7.45,0,0,1,35
34920,-9.7,-0.78,-6.51,0,0,1,35
34940,-10.41,2.0,-5.88,0,0,1,35
34960,-11.48,3.64,-5.6,0,0,1,35
34980,-11.41,2.32,-5.75,0,0,1,35
35000,-9.96,0.01,-5.44,0,0,1,35
35020,-9.0,0.03,-4.77,0,0,1,35
35040,-7.61,1.02,-3.64,0,0,1,35
35060,-6.75,1.47,-3.0,0,0,1,35
35080,-6.57,1.61,-2.55,0,0,1,35
35100,-7.29,1.06,-2.2,0,0,1,35
35120,-8.25,0.74,-2.44,0,0,1,35
35140,-8.94,1.2,-3.15,0,0,1,35
35160,-9.32,2.77,-4.24,0,0,1,35
35180,-10.05,3.9,-4.88,0,0,1,35
35200,-10.41,4.85,-5.07,0,0,1,35
35220,-9.81,4.57,-4.96,0,0,1,35
35240,-8.6,3.33,-3.88,0,0,1,35
35260,-7.57,2.32,-2.93,0,0,1,35
35280,-7.12,1.91,-2.69,0,0,1,35
35300,-7.07,2.24,-2.97,0,0,1,35
35320,-7.76,2.7,-3.22,0,0,1,35
35340,-7.61,3.04,-3.57,0,0,1,35
35360,-7.34,3.08,-3.52,0,0,1,35
35380,-7.73,3.33,-3.55,0,0,1,35
35400,-7.19,3.51,-3.7,0,0,1,35
35420,-7.4,3.94,-3.62,0,0,1,35
35440,-7.72,3.85,-3.66,0,0,1,35
35460,-8.43,3.38,-4.01,0,0,1,35
35480,-9.13,3.68,-4.86,0,0,1,35
35500,-11.16,3.6,-6.22,0,0,1,35
35520,-11.98,3.87,-8.04,0,0,1,35
35540,-11.63,3.4,-7.18,0,0,1,35
35560,-9.24,2.76,-5.16,0,0,1,35
35580,-8.41,2.34,-2.98,0,0,1,35
35600,-6.97,1.0,-1.73,0,0,1,35
35620,-6.7,-0.47,-1.77,0,0,1,35
35640,-7.2,-1.49,-2.28,0,0,1,35
35660,-8.57,-1.05,-3.48,0,0,1,35
35680,-9.82,0.02,-4.95,0,0,1,35
35700,-9.97,0.79,-6.17,0,0,1,35
35720,-9.09,0.86,-6.06,0,0,1,35
35740,-8.08,0.78,-4.73,0,0,1,35
35760,-7.64,0.3,-3.86,0,0,1,35
35780,-7.4,-0.07,-3.96,0,0,1,35
35800,-8.02,0.23,-5.03,0,0,1,35
35820,-8.82,1.23,-5.83,0,0,1,35
35840,-8.83,2.21,-5.68,0,0,1,35
35860,-8.15,2.63,-5.24,0,0,1,35
35880,-8.01,2.04,-4.96,0,0,1,35
35900,-8.03,1.56,-5.08,0,0,1,35
35920,-7.9,1.25,-5.25,0,0,1,35
35940,-7.98,1.31,-5.25,0,0,1,35
35960,-8.14,1.48,-5.25,0,0,1,35
35980,-8.03,1.95,-5.22,0,0,1,35
35000,-9.96,0.01,-5.44,0,0,1,36
35020,-9.0,0.03,-4.77,0,0,1,36
35040,-7.61,1.02,-3.64,0,0,1,36
35060,-6.75,1.47,-3.0,0,0,1,36
35080,-6.57,1.61,-2.55,0,0,1,36
35100,-7.29,1.06,-2.2,0,0,1,36
35120,-8.25,0.74,-2.44,0,0,1,36
35140,-8.94,1.2,-3.15,0,0,1,36
35160,-9.32,2.77,-4.24,0,0,1,36
35180,-10.05,3.9,-4.88,0,0,1,36
35200,-10.41,4.85,-5.07,0,0,1,36
35220,-9.81,4.57,-4.96,0,0,1,36
35240,-8.6,3.33,-3.88,0,0,1,36
35260,-7.57,2.32,-2.93,0,0,1,36
35280,-7.12,1.91,-2.69,0,0,1,36
35300,-7.07,2.24,-2.97,0,0,1,36
35320,-7.76,2.7,-3.22,0,0,1,36
35340,-7.61,3.04,-3.57,0,0,1,36
35360,-7.34,3.08,-3.52,0,0,1,36
35380,-7.73,3.33,-3.55,0,0,1,36
35400,-7.19,3.51,-3.7,0,0,1,36
35420,-7.4,3.94,-3.62,0,0,1,36
35440,-7.72,3.85,-3.66,0,0,1,36
35460,-8.43,3.38,-4.01,0,0,1,36
35480,-9.13,3.68,-4.86,0,0,1,36
35500,-11.16,3.6,-6.22,0,0,1,36
35520,-11.98,3.87,-8.04,0,0,1,36
35540,-11.63,3.4,-7.18,0,0,1,36
35560,-9.24,2.76,-5.16,0,0,1,36
35580,-8.41,2.34,-2.98,0,0,1,36
35600,-6.97,1.0,-1.73,0,0,1,36
35620,-6.7,-0.47,-1.77,0,0,1,36
35640,-7.2,-1.49,-2.28,0,0,1,36
35660,-8.57,-1.05,-3.48,0,0,1,36
35680,-9.82,0.02,-4.95,0,0,1,36
35700,-9.97,0.79,-6.17,0,0,1,36
35720,-9.09,0.86,-6.06,0,0,1,36
35740,-8.08,0.78,-4.73,0,0,1,36
35760,-7.64,0.3,-3.86,0,0,1,36
35780,-7.4,-0.07,-3.96,0,0,1,36
35800,-8.02,0.23,-5.03,0,0,1,36
35820,-8.82,1.23,-5.83,0,0,1,36
35840,-8.83,2.21,-5.68,0,0,1,36
35860,-8.15,2.63,-5.24,0,0,1,36
35880,-8.01,2.04,-4.96,0,0,1,36
35900,-8.03,1.56,-5.08,0,0,1,36
35920,-7.9,1.25,-5.25,0,0,1,36
35940,-7.98,1.31,-5.25,0,0,1,36
35960,-8.14,1.48,-5.25,0,0,1,36
35980,-8.03,1.95,-5.22,0,0,1,36
36000,-8.01,2.09,-5.56,0,0,1,36
36020,-8.09,2.32,-5.73,0,0,1,36
36040,-8.24,2.54,-5.65,0,0,1,36
36060,-8.12,2.6,-5.14,0,0,1,36
36080,-7.63,2.2,-5.12,0,0,1,36
36100,-7.63,1.77,-5.25,0,0,1,36
36120,-7.8,1.31,-5.67,0,0,1,36
36140,-8.01,1.16,-5.95,0,0,1,36
36160,-7.91,1.35,-5.74,0,0,1,36
36180,-7.67,1.51,-5.33,0,0,1,36
36200,-7.69,1.72,-5.16,0,0,1,36
36220,-7.59,2.11,-5.13,0,0,1,36
36240,-7.55,2.28,-5.49,0,0,1,36
36260,-7.65,1.87,-6.12,0,0,1,36
36280,-7.49,1.18,-6.99,0,0,1,36
36300,-7.67,0.9,-7.16,0,0,1,36
36320,-8.51,0.99,-5.56,0,0,1,36
36340,-9.09,2.27,-3.52,0,0,1,36
36360,-9.63,3.94,-3.8,0,0,1,36
36380,-10.5,2.56,-6.84,0,0,1,36
36400,-10.66,0.08,-8.26,0,0,1,36
36420,-9.92,-1.25,-8.4,0,0,1,36
36440,-9.08,-1.08,-6.35,0,0,1,36
36460,-6.82,0.7,-3.7,0,0,1,36
36480,-5.6,1.89,-2.06,0,0,1,36
36500,-5.76,1.87,-1.41,0,0,1,36
36520,-6.96,0.01,-1.84,0,0,1,36
36540,-8.26,-2.16,-3.13,0,0,1,36
36560,-8.87,-2.72,-4.1,0,0,1,36
36580,-9.92,-0.79,-4.89,0,0,1,36
36600,-10.88,3.33,-5.45,0,0,1,36
36620,-11.33,5.95,-5.86,0,0,1,36
36640,-10.42,6.13,-5.85,0,0,1,36
36660,-8.81,4.18,-5.07,0,0,1,36
36680,-7.72,1.8,-3.71,0,0,1,36
36700,-7.75,0.76,-3.48,0,0,1,36
36720,-8.4,1.2,-4.41,0,0,1,36
36740,-8.31,1.57,-4.99,0,0,1,36
36760,-8.28,0.91,-4.56,0,0,1,36
36780,-7.77,0.08,-3.94,0,0,1,36
36800,-6.57,0.18,-4.26,0,0,1,36
36820,-8.49,0.34,-4.99,0,0,1,36
36840,-7.71,2.56,-4.44,0,0,1,36
36860,-7.86,2.83,-3.88,0,0,1,36
36880,-7.7,3.07,-4.09,0,0,1,36
36900,-8.0,3.41,-4.61,0,0,1,36
36920,-7.66,3.55,-3.81,0,0,1,36
36940,-7.08,3.0,-3.32,0,0,1,36
36960,-7.39,2.47,-3.64,0,0,1,36
36980,-8.02,3.28,-4.11,0,0,1,36
36000,-8.01,2.09,-5.56,0,0,1,37
36020,-8.09,2.32,-5.73,0,0,1,37
36040,-8.24,2.54,-5.65,0,0,1,37
36060,-8.12,2.6,-5.14,0,0,1,37
36080,-7.63,2.2,-5.12,0,0,1,37
36100,-7.63,1.77,-5.25,0,0,1,37
36120,-7.8,1.31,-5.67,0,0,1,37
36140,-8.01,1.16,-5.95,0,0,1,37
36160,-7.91,1.35,-5.74,0,0,1,37
36180,-7.67,1.51,-5.33,0,0,1,37
36200,-7.69,1.72,-5.16,0,0,1,37
36220,-7.59,2.11,-5.13,0,0,1,37
36240,-7.55,2.28,-5.49,0,0,1,37
36260,-7.65,1.87,-6.12,0,0,1,37
36280,-7.49,1.18,-6.99,0,0,1,37
36300,-7.67,0.9,-7.16,0,0,1,37
36320,-8.51,0.99,-5.56,0,0,1,37
36340,-9.09,2.27,-3.52,0,0,1,37
36360,-9.63,3.94,-3.8,0,0,1,37
36380,-10.5,2.56,-6.84,0,0,1,37
36400,-10.66,0.08,-8.26,0,0,1,37
36420,-9.92,-1.25,-8.4,0,0,1,37
36440,-9.08,-1.08,-6.35,0,0,1,37
36460,-6.82,0.7,-3.7,0,0,1,37
36480,-5.6,1.89,-2.06,0,0,1,37
36500,-5.76,1.87,-1.41,0,0,1,37
36520,-6.96,0.01,-1.84,0,0,1,37
36540,-8.26,-2.16,-3.13,0,0,1,37
36560,-8.87,-2.72,-4.1,0,0,1,37
36580,-9.92,-0.79,-4.89,0,0,1,37
36600,-10.88,3.33,-5.45,0,0,1,37
36620,-11.33,5.95,-5.86,0,0,1,37
36640,-10.42,6.13,-5.85,0,0,1,37
36660,-8.81,4.18,-5.07,0,0,1,37
36680,-7.72,1.8,-3.71,0,0,1,37
36700,-7.75,0.76,-3.48,0,0,1,37
36720,-8.4,1.2,-4.41,0,0,1,37
36740,-8.31,1.57,-4.99,0,0,1,37
36760,-8.28,0.91,-4.56,0,0,1,37
36780,-7.77,0.08,-3.94,0,0,1,37
36800,-6.57,0.18,-4.26,0,0,1,37
36820,-8.49,0.34,-4.99,0,0,1,37
36840,-7.71,2.56,-4.44,0,0,1,37
36860,-7.86,2.83,-3.88,0,0,1,37
36880,-7.7,3.07,-4.09,0,0,1,37
36900,-8.0,3.41,-4.61,0,0,1,37
36920,-7.66,3.55,-3.81,0,0,1,37
36940,-7.08,3.0,-3.32,0,0,1,37
36960,-7.39,2.47,-3.64,0,0,1,37
36980,-8.02,3.28,-4.11,0,0,1,37
37000,-7.88,4.33,-4.82,0,0,1,37
37020,-7.37,4.29,-4.61,0,0,1,37
37040,-9.1,2.61,-4.42,0,0,1,37
37060,-10.77,2.93,-7.51,0,0,1,37
37080,-13.8,0.27,-9.22,0,0,1,37
37100,-11.93,0.12,-10.17,0,0,1,37
37120,-7.26,0.43,-5.25,0,0,1,37
37140,-5.29,2.4,-0.11,0,0,1,37
37160,-6.69,3.51,0.45,0,0,1,37
37180,-8.35,2.02,-2.91,0,0,1,37
37200,-9.38,-0.97,-5.79,0,0,1,37
37220,-8.81,-2.22,-5.55,0,0,1,37
37240,-7.66,-1.09,-4.75,0,0,1,37
37260,-7.67,0.73,-5.01,0,0,1,37
37280,-8.33,1.65,-5.74,0,0,1,37
37300,-8.49,1.39,-5.69,0,0,1,37
37320,-8.41,1.03,-5.16,0,0,1,37
37340,-8.32,0.09,-5.24,0,0,1,37
37360,-8.17,-0.5,-5.13,0,0,1,37
37380,-8.42,-0.16,-5.07,0,0,1,37
37400,-8.52,0.63,-5.17,0,0,1,37
37420,-8.25,1.12,-5.1,0,0,1,37
37440,-8.39,0.82,-5.04,0,0,1,37
37460,-8.41,0.11,-5.38,0,0,1,37
37480,-8.43,-0.78,-5.6,0,0,1,37
37500,-8.85,-1.58,-5.32,0,0,1,37
37520,-8.51,-1.55,-4.76,0,0,1,37
37540,-7.99,-0.61,-4.16,0,0,1,37
37560,-8.04,0.17,-4.74,0,0,1,37
37580,-8.44,0.38,-6.18,0,0,1,37
37600,-8.67,-0.01,-6.73,0,0,1,37
37620,-8.07,-0.1,-6.06,0,0,1,37
37640,-7.84,0.17,-5.3,0,0,1,37
37660,-7.61,0.6,-5.29,0,0,1,37
37680,-7.57,1.05,-5.65,0,0,1,37
37700,-7.73,1.01,-5.72,0,0,1,37
37720,-7.73,0.58,-5.84,0,0,1,37
37740,-7.9,0.0,-5.91,0,0,1,37
37760,-7.99,-0.19,-5.92,0,0,1,37
37780,-8.15,0.34,-5.92,0,0,1,37
37800,-8.3,1.24,-5.72,0,0,1,37
37820,-8.0,1.89,-5.67,0,0,1,37
37840,-8.59,1.9,-5.81,0,0,1,37
37860,-8.25,1.63,-6.01,0,0,1,37
37880,-7.73,1.39,-5.82,0,0,1,37
37900,-7.96,1.39,-5.5,0,0,1,37
37920,-8.18,1.62,-5.58,0,0,1,37
37940,-8.2,1.78,-5.46,0,0,1,37
37960,-8.38,1.74,-4.99,0,0,1,37
37980,-8.26,1.68,-4.58,0,0,1,37
37000,-7.88,4.33,-4.82,0,0,1,38
37020,-7.37,4.29,-4.61,0,0,1,38
37040,-9.1,2.61,-4.42,0,0,1,38
37060,-10.77,2.93,-7.51,0,0,1,38
37080,-13.8,0.27,-9.22,0,0,1,38
37100,-11.93,0.12,-10.17,0,0,1,38
37120,-7.26,0.43,-5.25,0,0,1,38
37140,-5.29,2.4,-0.11,0,0,1,38
37160,-6.69,3.51,0.45,0,0,1,38
37180,-8.35,2.02,-2.91,0,0,1,38
37200,-9.38,-0.97,-5.79,0,0,1,38
37220,-8.81,-2.22,-5.55,0,0,1,38
37240,-7.66,-1.09,-4.75,0,0,1,38
37260,-7.67,0.73,-5.01,0,0,1,38
37280,-8.33,1.65,-5.74,0,0,1,38
37300,-8.49,1.39,-5.69,0,0,1,38
37320,-8.41,1.03,-5.16,0,0,1,38
37340,-8.32,0.09,-5.24,0,0,1,38
37360,-8.17,-0.5,-5.13,0,0,1,38
37380,-8.42,-0.16,-5.07,0,0,1,38
37400,-8.52,0.63,-5.17,0,0,1,38
37420,-8.25,1.12,-5.1,0,0,1,38
37440,-8.39,0.82,-5.04,0,0,1,38
37460,-8.41,0.11,-5.38,0,0,1,38
37480,-8.43,-0.78,-5.6,0,0,1,38
37500,-8.85,-1.58,-5.32,0,0,1,38
37520,-8.51,-1.55,-4.76,0,0,1,38
37540,-7.99,-0.61,-4.16,0,0,1,38
37560,-8.04,0.17,-4.74,0,0,1,38
37580,-8.44,0.38,-6.18,0,0,1,38
37600,-8.67,-0.01,-6.73,0,0,1,38
37620,-8.07,-0.1,-6.06,0,0,1,38
37640,-7.84,0.17,-5.3,0,0,1,38
37660,-7.61,0.6,-5.29,0,0,1,38
37680,-7.57,1.05,-5.65,0,0,1,38
37700,-7.73,1.01,-5.72,0,0,1,38
37720,-7.73,0.58,-5.84,0,0,1,38
37740,-7.9,0.0,-5.91,0,0,1,38
37760,-7.99,-0.19,-5.92,0,0,1,38
37780,-8.15,0.34,-5.92,0,0,1,38
37800,-8.3,1.24,-5.72,0,0,1,38
37820,-8.0,1.89,-5.67,0,0,1,38
37840,-8.59,1.9,-5.81,0,0,1,38
37860,-8.25,1.63,-6.01,0,0,1,38
37880,-7.73,1.39,-5.82,0,0,1,38
37900,-7.96,1.39,-5.5,0,0,1,38
37920,-8.18,1.62,-5.58,0,0,1,38
37940,-8.2,1.78,-5.46,0,0,1,38
37960,-8.38,1.74,-4.99,0,0,1,38
37980,-8.26,1.68,-4.58,0,0,1,38
38000,-8.24,1.63,-4.63,0,0,1,38
38020,-8.62,1.54,-5.17,0,0,1,38
38040,-8.81,0.99,-4.85,0,0,1,38
38060,-8.13,1.17,-4.48,0,0,1,38
38080,-8.34,1.74,-3.84,0,0,1,38
38100,-9.26,0.73,-4.51,0,0,1,38
38120,-9.38,-1.96,-5.65,0,0,1,38
38140,-9.41,-4.25,-5.42,0,0,1,38
38160,-7.87,-5.03,-4.26,0,0,1,38
38180,-6.33,-3.38,-3.17,0,0,1,38
38200,-7.39,-0.25,-3.2,0,0,1,38
38220,-9.77,2.87,-4.53,0,0,1,38
38240,-10.79,5.09,-5.64,0,0,1,38
38260,-10.3,4.91,-6.02,0,0,1,38
38280,-9.88,3.01,-4.63,0,0,1,38
38300,-9.64,1.68,-3.53,0,0,1,38
38320,-9.52,1.89,-3.94,0,0,1,38
38340,-8.87,2.16,-4.65,0,0,1,38
38360,-7.48,2.66,-3.94,0,0,1,38
38380,-7.06,2.36,-2.63,0,0,1,38
38400,-6.54,2.66,-2.42,0,0,1,38
38420,-7.12,2.76,-2.85,0,0,1,38
38440,-7.8,2.77,-2.63,0,0,1,38
38460,-7.43,3.31,-2.33,0,0,1,38
38480,-7.7,2.9,-2.63,0,0,1,38
38500,-12.67,-0.28,-3.92,0,0,1,38
38520,-12.47,-0.86,-9.79,0,0,1,38
38540,-12.78,0.36,-12.33,0,0,1,38
38560,-8.31,1.94,-7.44,0,0,1,38
38580,-6.73,1.84,-2.08,0,0,1,38
38600,-4.61,0.45,2.82,0,0,1,38
38620,-7.37,-1.18,-0.96,0,0,1,38
38640,-8.85,-3.02,-7.06,0,0,1,38
38660,-9.12,-3.82,-10.54,0,0,1,38
38680,-9.02,-1.72,-8.49,0,0,1,38
38700,-7.83,2.55,-4.35,0,0,1,38
38720,-7.27,4.68,-2.12,0,0,1,38
38740,-7.85,3.93,-3.31,0,0,1,38
38760,-8.77,1.81,-5.39,0,0,1,38
38780,-9.05,0.53,-5.63,0,0,1,38
38800,-8.75,-0.22,-4.57,0,0,1,38
38820,-8.19,0.18,-3.43,0,0,1,38
38840,-8.07,0.86,-3.31,0,0,1,38
38860,-8.57,1.48,-4.32,0,0,1,38
38880,-8.75,1.74,-4.67,0,0,1,38
38900,-8.5,1.84,-4.53,0,0,1,38
38920,-8.26,1.69,-4.35,0,0,1,38
38940,-8.49,1.67,-4.46,0,0,1,38
38960,-8.94,1.32,-4.79,0,0,1,38
38980,-8.94,0.74,-4.9,0,0,1,38
38000,-8.24,1.63,-4.63,0,0,1,39
38020,-8.62,1.54,-5.17,0,0,1,39
38040,-8.81,0.99,-4.85,0,0,1,39
38060,-8.13,1.17,-4.48,0,0,1,39
38080,-8.34,1.74,-3.84,0,0,1,39
38100,-9.26,0.73,-4.51,0,0,1,39
38120,-9.38,-1.96,-5.65,0,0,1,39
38140,-9.41,-4.25,-5.42,0,0,1,39
38160,-7.87,-5.03,-4.26,0,0,1,39
38180,-6.33,-3.38,-3.17,0,0,1,39
38200,-7.39,-0.25,-3.2,0,0,1,39
38220,-9.77,2.87,-4.53,0,0,1,39
38240,-10.79,5.09,-5.64,0,0,1,39
38260,-10.3,4.91,-6.02,0,0,1,39
38280,-9.88,3.01,-4.63,0,0,1,39
38300,-9.64,1.68,-3.53,0,0,1,39
38320,-9.52,1.89,-3.94,0,0,1,39
38340,-8.87,2.16,-4.65,0,0,1,39
38360,-7.48,2.66,-3.94,0,0,1,39
38380,-7.06,2.36,-2.63,0,0,1,39
38400,-6.54,2.66,-2.42,0,0,1,39
38420,-7.12,2.76,-2.85,0,0,1,39
38440,-7.8,2.77,-2.63,0,0,1,39
38460,-7.43,3.31,-2.33,0,0,1,39
38480,-7.7,2.9,-2.63,0,0,1,39
38500,-12.67,-0.28,-3.92,0,0,1,39
38520,-12.47,-0.86,-9.79,0,0,1,39
38540,-12.78,0.36,-12.33,0,0,1,39
38560,-8.31,1.94,-7.44,0,0,1,39
38580,-6.73,1.84,-2.08,0,0,1,39
38600,-4.61,0.45,2.82,0,0,1,39
38620,-7.37,-1.18,-0.96,0,0,1,39
38640,-8.85,-3.02,-7.06,0,0,1,39
38660,-9.12,-3.82,-10.54,0,0,1,39
38680,-9.02,-1.72,-8.49,0,0,1,39
38700,-7.83,2.55,-4.35,0,0,1,39
38720,-7.27,4.68,-2.12,0,0,1,39
38740,-7.85,3.93,-3.31,0,0,1,39
38760,-8.77,1.81,-5.39,0,0,1,39
38780,-9.05,0.53,-5.63,0,0,1,39
38800,-8.75,-0.22,-4.57,0,0,1,39
38820,-8.19,0.18,-3.43,0,0,1,39
38840,-8.07,0.86,-3.31,0,0,1,39
38860,-8.57,1.48,-4.32,0,0,1,39
38880,-8.75,1.74,-4.67,0,0,1,39
38900,-8.5,1.84,-4.53,0,0,1,39
38920,-8.26,1.69,-4.35,0,0,1,39
38940,-8.49,1.67,-4.46,0,0,1,39
38960,-8.94,1.32,-4.79,0,0,1,39
38980,-8.94,0.74,-4.9,0,0,1,39
39000,-8.7,0.08,-4.9,0,0,1,39
39020,-8.34,-0.44,-4.84,0,0,1,39
39040,-8.02,-0.76,-4.89,0,0,1,39
39060,-7.76,-0.52,-5.14,0,0,1,39
39080,-7.87,0.3,-5.24,0,0,1,39
39100,-8.15,0.57,-4.96,0,0,1,39
39120,-7.79,0.62,-5.07,0,0,1,39
39140,-6.96,-0.94,-5.54,0,0,1,39
39160,-6.47,-4.65,-4.79,0,0,1,39
39180,-8.38,-2.21,5.56,0,0,1,39
39200,-8.98,1.44,3.58,0,0,1,39
39220,-13.26,-1.25,-3.12,0,0,1,39
39240,-12.82,-2.93,-11.27,0,0,1,39
39260,-14.43,-1.7,-10.5,0,0,1,39
39280,-9.71,3.1,-4.95,0,0,1,39
39300,-8.39,6.11,-1.06,0,0,1,39
39320,-8.16,5.45,-0.74,0,0,1,39
39340,-7.52,1.46,-2.88,0,0,1,39
39360,-6.61,-2.05,-3.27,0,0,1,39
39380,-4.23,-2.56,0.21,0,0,1,39
39400,-3.57,-1.68,0.57,0,0,1,39
39420,-4.9,0.09,0.25,0,0,1,39
39440,-6.74,1.84,-0.52,0,0,1,39
39460,-7.63,2.5,-1.94,0,0,1,39
39480,-7.48,1.84,-3.36,0,0,1,39
39500,-10.44,-4.54,-1.39,0,0,1,39
39520,-8.31,-1.9,-3.84,0,0,1,39
39540,-9.76,0.2,-3.99,0,0,1,39
39560,-10.32,1.11,-1.29,0,0,1,39
39580,-8.87,3.46,-0.91,0,0,1,39
39600,-6.25,3.86,-0.58,0,0,1,39
39620,-5.91,0.29,0.65,0,0,1,39
39640,-8.96,-2.29,-0.83,0,0,1,39
39660,-9.52,-1.05,-2.97,0,0,1,39
39680,-8.38,0.34,-3.13,0,0,1,39
39700,-7.69,0.97,-1.88,0,0,1,39
39720,-7.7,1.78,-0.75,0,0,1,39
39740,-8.19,1.79,-0.79,0,0,1,39
39760,-8.6,0.64,-0.98,0,0,1,39
39780,-8.38,0.15,0.36,0,0,1,39
39800,-9.07,1.14,0.07,0,0,1,39
39820,-10.83,4.1,-1.2,0,0,1,39
39840,-15.7,7.32,-2.31,0,0,1,39
39860,-16.62,9.33,-3.19,0,0,1,39
39880,-15.13,7.6,-3.67,0,0,1,39
39900,-14.39,6.39,-3.97,0,0,1,39
39920,-13.58,3.76,-4.3,0,0,1,39
39940,-14.02,3.88,-4.72,0,0,1,39
39960,-12.65,4.19,-5.44,0,0,1,39
39980,-10.37,2.7,-4.11,0,0,1,39
39000,-8.7,0.08,-4.9,0,0,1,40
39020,-8.34,-0.44,-4.84,0,0,1,40
39040,-8.02,-0.76,-4.89,0,0,1,40
39060,-7.76,-0.52,-5.14,0,0,1,40
39080,-7.87,0.3,-5.24,0,0,1,40
39100,-8.15,0.57,-4.96,0,0,1,40
39120,-7.79,0.62,-5.07,0,0,1,40
39140,-6.96,-0.94,-5.54,0,0,1,40
39160,-6.47,-4.65,-4.79,0,0,1,40
39180,-8.38,-2.21,5.56,0,0,1,40
39200,-8.98,1.44,3.58,0,0,1,40
39220,-13.26,-1.25,-3.12,0,0,1,40
39240,-12.82,-2.93,-11.27,0,0,1,40
39260,-14.43,-1.7,-10.5,0,0,1,40
39280,-9.71,3.1,-4.95,0,0,1,40
39300,-8.39,6.11,-1.06,0,0,1,40
39320,-8.16,5.45,-0.74,0,0,1,40
39340,-7.52,1.46,-2.88,0,0,1,40
39360,-6.61,-2.05,-3.27,0,0,1,40
39380,-4.23,-2.56,0.21,0,0,1,40
39400,-3.57,-1.68,0.57,0,0,1,40
39420,-4.9,0.09,0.25,0,0,1,40
39440,-6.74,1.84,-0.52,0,0,1,40
39460,-7.63,2.5,-1.94,0,0,1,40
39480,-7.48,1.84,-3.36,0,0,1,40
39500,-10.44,-4.54,-1.39,0,0,1,40
39520,-8.31,-1.9,-3.84,0,0,1,40
39540,-9.76,0.2,-3.99,0,0,1,40
39560,-10.32,1.11,-1.29,0,0,1,40
39580,-8.87,3.46,-0.91,0,0,1,40
39600,-6.25,3.86,-0.58,0,0,1,40
39620,-5.91,0.29,0.65,0,0,1,40
39640,-8.96,-2.29,-0.83,0,0,1,40
39660,-9.52,-1.05,-2.97,0,0,1,40
39680,-8.38,0.34,-3.13,0,0,1,40
39700,-7.69,0.97,-1.88,0,0,1,40
39720,-7.7,1.78,-0.75,0,0,1,40
39740,-8.19,1.79,-0.79,0,0,1,40
39760,-8.6,0.64,-0.98,0,0,1,40
39780,-8.38,0.15,0.36,0,0,1,40
39800,-9.07,1.14,0.07,0,0,1,40
39820,-10.83,4.1,-1.2,0,0,1,40
39840,-15.7,7.32,-2.31,0,0,1,40
39860,-16.62,9.33,-3.19,0,0,1,40
39880,-15.13,7.6,-3.67,0,0,1,40
39900,-14.39,6.39,-3.97,0,0,1,40
39920,-13.58,3.76,-4.3,0,0,1,40
39940,-14.02,3.88,-4.72,0,0,1,40
39960,-12.65,4.19,-5.44,0,0,1,40
39980,-10.37,2.7,-4.11,0,0,1,40
40000,-8.59,0.64,-1.37,0,0,1,40
40020,-6.27,1.35,-1.67,0,0,1,40
40040,-6.49,2.93,-1.73,0,0,1,40
40060,-6.32,3.21,-2.64,0,0,1,40
40080,-6.89,3.12,-3.09,0,0,1,40
40100,-8.33,3.08,-5.2,0,0,1,40
40120,-8.53,3.73,-4.25,0,0,1,40
40140,-7.98,2.81,-2.03,0,0,1,40
40160,-8.24,2.34,-2.13,0,0,1,40
40180,-8.38,2.48,-2.89,0,0,1,40
40200,-9.53,3.28,-3.37,0,0,1,40
40220,-9.78,4.06,-3.25,0,0,1,40
40240,-10.23,3.79,-3.65,0,0,1,40
40260,-9.61,3.8,-3.61,0,0,1,40
40280,-9.13,3.95,-3.64,0,0,1,40
40300,-8.71,3.91,-3.63,0,0,1,40
40320,-8.44,3.7,-3.35,0,0,1,40
40340,-8.22,3.46,-3.35,0,0,1,40
40360,-8.48,3.15,-3.53,0,0,1,40
40380,-8.37,3.15,-3.27,0,0,1,40
40400,-8.31,3.47,-3.5,0,0,1,40
40420,-8.48,3.41,-3.28,0,0,1,40
40440,-8.43,3.35,-3.19,0,0,1,40
40460,-8.26,3.25,-2.89,0,0,1,40
40480,-8.69,3.23,-3.25,0,0,1,40
40500,-8.82,3.45,-3.49,0,0,1,40
40520,-8.82,3.56,-3.53,0,0,1,40
40540,-8.56,3.33,-3.09,0,0,1,40
40560,-8.69,3.21,-3.33,0,0,1,40
40580,-8.69,3.15,-3.42,0,0,1,40
40600,-8.63,3.1,-3.45,0,0,1,40
40620,-8.68,3.16,-3.46,0,0,1,40
40640,-8.56,3.29,-3.31,0,0,1,40
40660,-8.49,3.32,-3.26,0,0,1,40
40680,-8.61,3.56,-3.34,0,0,1,40
40700,-8.6,3.54,-3.25,0,0,1,40
40720,-8.62,3.78,-3.31,0,0,1,40
40740,-8.7,3.83,-3.34,0,0,1,40
40760,-8.79,3.3,-3.42,0,0,1,40
40780,-8.88,3.2,-3.43,0,0,1,40
40800,-9.02,2.75,-3.3,0,0,1,40
40820,-8.92,3.13,-3.28,0,0,1,40
40840,-8.84,3.25,-3.09,0,0,1,40
40860,-8.76,3.13,-3.01,0,0,1,40
40880,-6.91,1.24,-4.07,0,0,1,40
40900,-8.75,2.94,-2.8,0,0,1,40
40920,-9.09,2.51,-4.01,0,0,1,40
40940,-9.14,3.3,-3.43,0,0,1,40
40960,-8.75,3.48,-2.79,0,0,1,40
40980,-8.65,3.48,-3.32,0,0,1,40
40000,-8.59,0.64,-1.37,0,0,1,41
40020,-6.27,1.35,-1.67,0,0,1,41
40040,-6.49,2.93,-1.73,0,0,1,41
40060,-6.32,3.21,-2.64,0,0,1,41
40080,-6.89,3.12,-3.09,0,0,1,41
40100,-8.33,3.08,-5.2,0,0,1,41
40120,-8.53,3.73,-4.25,0,0,1,41
40140,-7.98,2.81,-2.03,0,0,1,41
40160,-8.24,2.34,-2.13,0,0,1,41
40180,-8.38,2.48,-2.89,0,0,1,41
40200,-9.53,3.28,-3.37,0,0,1,41
40220,-9.78,4.06,-3.25,0,0,1,41
40240,-10.23,3.79,-3.65,0,0,1,41
40260,-9.61,3.8,-3.61,0,0,1,41
40280,-9.13,3.95,-3.64,0,0,1,41
40300,-8.71,3.91,-3.63,0,0,1,41
40320,-8.44,3.7,-3.35,0,0,1,41
40340,-8.22,3.46,-3.35,0,0,1,41
40360,-8.48,3.15,-3.53,0,0,1,41
40380,-8.37,3.15,-3.27,0,0,1,41
40400,-8.31,3.47,-3.5,0,0,1,41
40420,-8.48,3.41,-3.28,0,0,1,41
40440,-8.43,3.35,-3.19,0,0,1,41
40460,-8.26,3.25,-2.89,0,0,1,41
40480,-8.69,3.23,-3.25,0,0,1,41
40500,-8.82,3.45,-3.49,0,0,1,41
40520,-8.82,3.56,-3.53,0,0,1,41
40540,-8.56,3.33,-3.09,0,0,1,41
40560,-8.69,3.21,-3.33,0,0,1,41
40580,-8.69,3.15,-3.42,0,0,1,41
40600,-8.63,3.1,-3.45,0,0,1,41
40620,-8.68,3.16,-3.46,0,0,1,41
40640,-8.56,3.29,-3.31,0,0,1,41
40660,-8.49,3.32,-3.26,0,0,1,41
40680,-8.61,3.56,-3.34,0,0,1,41
40700,-8.6,3.54,-3.25,0,0,1,41
40720,-8.62,3.78,-3.31,0,0,1,41
40740,-8.7,3.83,-3.34,0,0,1,41
40760,-8.79,3.3,-3.42,0,0,1,41
40780,-8.88,3.2,-3.43,0,0,1,41
40800,-9.02,2.75,-3.3,0,0,1,41
40820,-8.92,3.13,-3.28,0,0,1,41
40840,-8.84,3.25,-3.09,0,0,1,41
40860,-8.76,3.13,-3.01,0,0,1,41
40880,-6.91,1.24,-4.07,0,0,1,41
40900,-8.75,2.94,-2.8,0,0,1,41
40920,-9.09,2.51,-4.01,0,0,1,41
40940,-9.14,3.3,-3.43,0,0,1,41
40960,-8.75,3.48,-2.79,0,0,1,41
40980,-8.65,3.48,-3.32,0,0,1,41
41000,-8.71,3.11,-3.06,0,0,1,41
41020,-8.94,3.37,-2.54,0,0,1,41
41040,-9.13,3.41,-2.56,0,0,1,41
41060,-9.3,3.24,-2.23,0,0,1,41
41080,-9.68,2.8,-2.51,0,0,1,41
41100,-9.08,2.99,-2.4,0,0,1,41
41120,-9.21,2.72,-1.33,0,0,1,41
41140,-9.25,2.31,-1.64,0,0,1,41
41160,-10.17,1.84,-2.56,0,0,1,41
41180,-10.49,1.67,-2.77,0,0,1,41
41200,-10.69,1.5,-2.36,0,0,1,41
41220,-10.22,1.12,-1.95,0,0,1,41
41240,-10.44,0.78,-2.24,0,0,1,41
41260,-12.45,1.79,-3.61,0,0,1,41
41280,-10.44,1.37,-2.77,0,0,1,41
41300,-9.3,0.3,-1.29,0,0,1,41
41320,-9.65,-0.2,-1.36,0,0,1,41
41340,-12.52,0.77,-3.66,0,0,1,41
41360,-12.34,0.56,-4.39,0,0,1,41
41380,-11.07,0.3,-3.01,0,0,1,41
41400,-10.05,-0.34,-2.19,0,0,1,41
41420,-9.57,-1.11,-1.92,0,0,1,41
41440,-10.2,-1.4,-2.42,0,0,1,41
41460,-10.82,-0.7,-3.66,0,0,1,41
41480,-10.2,-0.68,-3.11,0,0,1,41
41500,-9.81,-0.35,-2.39,0,0,1,41
41520,-9.67,-0.38,-2.41,0,0,1,41
41540,-9.66,-0.52,-2.94,0,0,1,41
41560,-9.35,-1.23,-3.58,0,0,1,41
41580,-9.44,-1.21,-3.37,0,0,1,41
41600,-8.53,-1.32,-2.81,0,0,1,41
41620,-7.8,-1.09,-2.42,0,0,1,41
41640,-7.02,-0.73,-2.02,0,0,1,41
41660,-6.79,-0.66,-1.95,0,0,1,41
41680,-6.61,-0.58,-1.98,0,0,1,41
41700,-6.76,-0.8,-2.48,0,0,1,41
41720,-7.22,-0.66,-2.68,0,0,1,41
41740,-7.97,-0.76,-3.02,0,0,1,41
41760,-8.49,-0.44,-3.63,0,0,1,41
41780,-9.01,-0.04,-3.88,0,0,1,41
41800,-8.94,0.12,-4.19,0,0,1,41
41820,-8.82,0.01,-4.49,0,0,1,41
41840,-8.58,-0.29,-4.71,0,0,1,41
41860,-7.7,-0.71,-4.36,0,0,1,41
41880,-6.8,-1.05,-3.94,0,0,1,41
41900,-6.23,-0.91,-3.33,0,0,1,41
41920,-6.04,-0.57,-2.84,0,0,1,41
41940,-6.17,-0.33,-2.62,0,0,1,41
41960,-6.78,-0.25,-2.57,0,0,1,41
41980,-7.56,-0.91,-3.09,0,0,1,41
41000,-8.71,3.11,-3.06,0,0,1,42
41020,-8.94,3.37,-2.54,0,0,1,42
41040,-9.13,3.41,-2.56,0,0,1,42
41060,-9.3,3.24,-2.23,0,0,1,42
41080,-9.68,2.8,-2.51,0,0,1,42
41100,-9.08,2.99,-2.4,0,0,1,42
41120,-9.21,2.72,-1.33,0,0,1,42
41140,-9.25,2.31,-1.64,0,0,1,42
41160,-10.17,1.84,-2.56,0,0,1,42
41180,-10.49,1.67,-2.77,0,0,1,42
41200,-10.69,1.5,-2.36,0,0,1,42
41220,-10.22,1.12,-1.95,0,0,1,42
41240,-10.44,0.78,-2.24,0,0,1,42
41260,-12.45,1.79,-3.61,0,0,1,42
41280,-10.44,1.37,-2.77,0,0,1,42
41300,-9.3,0.3,-1.29,0,0,1,42
41320,-9.65,-0.2,-1.36,0,0,1,42
41340,-12.52,0.77,-3.66,0,0,1,42
41360,-12.34,0.56,-4.39,0,0,1,42
41380,-11.07,0.3,-3.01,0,0,1,42
41400,-10.05,-0.34,-2.19,0,0,1,42
41420,-9.57,-1.11,-1.92,0,0,1,42
41440,-10.2,-1.4,-2.42,0,0,1,42
41460,-10.82,-0.7,-3.66,0,0,1,42
41480,-10.2,-0.68,-3.11,0,0,1,42
41500,-9.81,-0.35,-2.39,0,0,1,42
41520,-9.67,-0.38,-2.41,0,0,1,42
41540,-9.66,-0.52,-2.94,0,0,1,42
41560,-9.35,-1.23,-3.58,0,0,1,42
41580,-9.44,-1.21,-3.37,0,0,1,42
41600,-8.53,-1.32,-2.81,0,0,1,42
41620,-7.8,-1.09,-2.42,0,0,1,42
41640,-7.02,-0.73,-2.02,0,0,1,42
41660,-6.79,-0.66,-1.95,0,0,1,42
41680,-6.61,-0.58,-1.98,0,0,1,42
41700,-6.76,-0.8,-2.48,0,0,1,42
41720,-7.22,-0.66,-2.68,0,0,1,42
41740,-7.97,-0.76,-3.02,0,0,1,42
41760,-8.49,-0.44,-3.63,0,0,1,42
41780,-9.01,-0.04,-3.88,0,0,1,42
41800,-8.94,0.12,-4.19,0,0,1,42
41820,-8.82,0.01,-4.49,0,0,1,42
41840,-8.58,-0.29,-4.71,0,0,1,42
41860,-7.7,-0.71,-4.36,0,0,1,42
41880,-6.8,-1.05,-3.94,0,0,1,42
41900,-6.23,-0.91,-3.33,0,0,1,42
41920,-6.04,-0.57,-2.84,0,0,1,42
41940,-6.17,-0.33,-2.62,0,0,1,42
41960,-6.78,-0.25,-2.57,0,0,1,42
41980,-7.56,-0.91,-3.09,0,0,1,42
42000,-8.69,-1.14,-3.81,0,0,1,42
42020,-9.2,-0.59,-4.95,0,0,1,42
42040,-9.26,-0.33,-5.45,0,0,1,42
42060,-9.12,0.37,-5.98,0,0,1,42
42080,-9.29,1.21,-6.36,0,0,1,42
42100,-9.28,1.57,-6.64,0,0,1,42
42120,-9.57,1.21,-6.45,0,0,1,42
42140,-9.2,0.86,-6.1,0,0,1,42
42160,-8.13,0.49,-5.59,0,0,1,42
42180,-7.71,0.3,-5.04,0,0,1,42
42200,-7.13,0.2,-5.06,0,0,1,42
42220,-7.41,-0.15,-5.25,0,0,1,42
42240,-7.91,-0.16,-5.94,0,0,1,42
42260,-7.9,0.12,-6.14,0,0,1,42
42280,-7.8,0.53,-5.85,0,0,1,42
42300,-7.79,1.27,-6.0,0,0,1,42
42320,-7.9,1.94,-6.45,0,0,1,42
42340,-7.91,2.22,-6.53,0,0,1,42
42360,-7.88,2.24,-6.16,0,0,1,42
42380,-8.05,2.15,-5.86,0,0,1,42
42400,-8.62,1.04,-4.73,0,0,1,42
42420,-8.67,0.93,-3.73,0,0,1,42
42440,-8.2,1.56,-2.99,0,0,1,42
42460,-8.27,1.35,-3.79,0,0,1,42
42480,-8.94,0.34,-4.5,0,0,1,42
42500,-8.97,-1.0,-4.77,0,0,1,42
42520,-9.1,-0.38,-5.65,0,0,1,42
42540,-9.93,1.2,-5.54,0,0,1,42
42560,-10.13,2.65,-3.91,0,0,1,42
42580,-9.82,2.74,-2.54,0,0,1,42
42600,-10.08,2.2,-2.62,0,0,1,42
42620,-9.81,2.19,-3.75,0,0,1,42
42640,-9.03,2.34,-4.08,0,0,1,42
42660,-8.18,2.49,-3.19,0,0,1,42
42680,-7.61,2.52,-2.16,0,0,1,42
42700,-7.81,2.15,-1.41,0,0,1,42
42720,-7.91,2.19,-1.91,0,0,1,42
42740,-8.26,2.33,-2.76,0,0,1,42
42760,-8.5,2.54,-3.19,0,0,1,42
42780,-8.55,2.7,-3.15,0,0,1,42
42800,-8.91,2.72,-2.92,0,0,1,42
42820,-9.24,2.89,-2.91,0,0,1,42
42840,-9.2,2.66,-2.91,0,0,1,42
42860,-8.78,2.29,-2.78,0,0,1,42
42880,-8.52,1.9,-2.15,0,0,1,42
42900,-8.29,1.84,-1.63,0,0,1,42
42920,-8.28,2.1,-1.77,0,0,1,42
42940,-8.43,2.38,-2.31,0,0,1,42
42960,-8.38,2.5,-2.42,0,0,1,42
42980,-8.3,2.54,-2.24,0,0,1,42
42000,-8.69,-1.14,-3.81,0,0,1,43
42020,-9.2,-0.59,-4.95,0,0,1,43
42040,-9.26,-0.33,-5.45,0,0,1,43
42060,-9.12,0.37,-5.98,0,0,1,43
42080,-9.29,1.21,-6.36,0,0,1,43
42100,-9.28,1.57,-6.64,0,0,1,43
42120,-9.57,1.21,-6.45,0,0,1,43
42140,-9.2,0.86,-6.1,0,0,1,43
42160,-8.13,0.49,-5.59,0,0,1,43
42180,-7.71,0.3,-5.04,0,0,1,43
42200,-7.13,0.2,-5.06,0,0,1,43
42220,-7.41,-0.15,-5.25,0,0,1,43
42240,-7.91,-0.16,-5.94,0,0,1,43
42260,-7.9,0.12,-6.14,0,0,1,43
42280,-7.8,0.53,-5.85,0,0,1,43
42300,-7.79,1.27,-6.0,0,0,1,43
42320,-7.9,1.94,-6.45,0,0,1,43
42340,-7.91,2.22,-6.53,0,0,1,43
42360,-7.88,2.24,-6.16,0,0,1,43
42380,-8.05,2.15,-5.86,0,0,1,43
42400,-8.62,1.04,-4.73,0,0,1,43
42420,-8.67,0.93,-3.73,0,0,1,43
42440,-8.2,1.56,-2.99,0,0,1,43
42460,-8.27,1.35,-3.79,0,0,1,43
42480,-8.94,0.34,-4.5,0,0,1,43
42500,-8.97,-1.0,-4.77,0,0,1,43
42520,-9.1,-0.38,-5.65,0,0,1,43
42540,-9.93,1.2,-5.54,0,0,1,43
42560,-10.13,2.65,-3.91,0,0,1,43
42580,-9.82,2.74,-2.54,0,0,1,43
42600,-10.08,2.2,-2.62,0,0,1,43
42620,-9.81,2.19,-3.75,0,0,1,43
42640,-9.03,2.34,-4.08,0,0,1,43
42660,-8.18,2.49,-3.19,0,0,1,43
42680,-7.61,2.52,-2.16,0,0,1,43
42700,-7.81,2.15,-1.41,0,0,1,43
42720,-7.91,2.19,-1.91,0,0,1,43
42740,-8.26,2.33,-2.76,0,0,1,43
42760,-8.5,2.54,-3.19,0,0,1,43
42780,-8.55,2.7,-3.15,0,0,1,43
42800,-8.91,2.72,-2.92,0,0,1,43
42820,-9.24,2.89,-2.91,0,0,1,43
42840,-9.2,2.66,-2.91,0,0,1,43
42860,-8.78,2.29,-2.78,0,0,1,43
42880,-8.52,1.9,-2.15,0,0,1,43
42900,-8.29,1.84,-1.63,0,0,1,43
42920,-8.28,2.1,-1.77,0,0,1,43
42940,-8.43,2.38,-2.31,0,0,1,43
42960,-8.38,2.5,-2.42,0,0,1,43
42980,-8.3,2.54,-2.24,0,0,1,43
43000,-8.42,2.58,-2.15,0,0,1,43
43020,-8.35,2.58,-2.48,0,0,1,43
43040,-8.48,2.51,-2.19,0,0,1,43
43060,-8.7,2.39,-2.27,0,0,1,43
43080,-9.22,1.68,-2.74,0,0,1,43
43100,-9.16,0.61,-3.38,0,0,1,43
43120,-9.2,0.34,-3.31,0,0,1,43
43140,-9.55,0.63,-4.11,0,0,1,43
43160,-10.55,0.62,-5.81,0,0,1,43
43180,-13.23,1.4,-7.83,0,0,1,43
43200,-11.82,3.24,-7.17,0,0,1,43
43220,-7.69,2.94,-1.85,0,0,1,43
43240,-5.98,1.89,0.5,0,0,1,43
43260,-7.18,1.2,-2.31,0,0,1,43
43280,-8.7,0.88,-5.21,0,0,1,43
43300,-9.09,0.99,-6.11,0,0,1,43
43320,-9.28,2.07,-5.33,0,0,1,43
43340,-8.26,2.82,-4.97,0,0,1,43
43360,-7.78,3.15,-4.8,0,0,1,43
43380,-7.84,3.2,-4.52,0,0,1,43
43400,-7.81,3.26,-4.71,0,0,1,43
43420,-7.74,2.42,-5.12,0,0,1,43
43440,-7.89,1.75,-5.78,0,0,1,43
43460,-8.23,0.34,-6.0,0,0,1,43
43480,-8.21,0.06,-5.42,0,0,1,43
43500,-7.59,0.7,-5.02,0,0,1,43
43520,-7.96,1.88,-5.01,0,0,1,43
43540,-7.89,1.95,-5.89,0,0,1,43
43560,-8.2,1.85,-6.03,0,0,1,43
43580,-8.26,2.4,-5.8,0,0,1,43
43600,-8.15,2.56,-5.28,0,0,1,43
43620,-8.04,2.17,-5.35,0,0,1,43
43640,-7.97,2.08,-5.45,0,0,1,43
43660,-7.99,2.33,-5.51,0,0,1,43
43680,-8.03,2.94,-5.51,0,0,1,43
43700,-8.07,2.84,-5.37,0,0,1,43
43720,-8.02,2.4,-5.45,0,0,1,43
43740,-7.85,2.17,-5.73,0,0,1,43
43760,-7.7,1.97,-6.08,0,0,1,43
43780,-7.85,1.94,-5.59,0,0,1,43
43800,-7.88,2.38,-4.91,0,0,1,43
43820,-8.31,2.56,-4.39,0,0,1,43
43840,-8.4,2.67,-4.13,0,0,1,43
43860,-8.38,2.31,-4.44,0,0,1,43
43880,-8.26,1.96,-5.45,0,0,1,43
43900,-8.46,1.94,-6.03,0,0,1,43
43920,-8.03,2.05,-5.8,0,0,1,43
43940,-7.62,2.52,-5.07,0,0,1,43
43960,-7.65,3.06,-4.77,0,0,1,43
43980,-8.08,2.95,-5.32,0,0,1,43
43000,-8.42,2.58,-2.15,0,0,1,44
43020,-8.35,2.58,-2.48,0,0,1,44
43040,-8.48,2.51,-2.19,0,0,1,44
43060,-8.7,2.39,-2.27,0,0,1,44
43080,-9.22,1.68,-2.74,0,0,1,44
43100,-9.16,0.61,-3.38,0,0,1,44
43120,-9.2,0.34,-3.31,0,0,1,44
43140,-9.55,0.63,-4.11,0,0,1,44
43160,-10.55,0.62,-5.81,0,0,1,44
43180,-13.23,1.4,-7.83,0,0,1,44
43200,-11.82,3.24,-7.17,0,0,1,44
43220,-7.69,2.94,-1.85,0,0,1,44
43240,-5.98,1.89,0.5,0,0,1,44
43260,-7.18,1.2,-2.31,0,0,1,44
43280,-8.7,0.88,-5.21,0,0,1,44
43300,-9.09,0.99,-6.11,0,0,1,44
43320,-9.28,2.07,-5.33,0,0,1,44
43340,-8.26,2.82,-4.97,0,0,1,44
43360,-7.78,3.15,-4.8,0,0,1,44
43380,-7.84,3.2,-4.52,0,0,1,44
43400,-7.81,3.26,-4.71,0,0,1,44
43420,-7.74,2.42,-5.12,0,0,1,44
43440,-7.89,1.75,-5.78,0,0,1,44
43460,-8.23,0.34,-6.0,0,0,1,44
43480,-8.21,0.06,-5.42,0,0,1,44
43500,-7.59,0.7,-5.02,0,0,1,44
43520,-7.96,1.88,-5.01,0,0,1,44
43540,-7.89,1.95,-5.89,0,0,1,44
43560,-8.2,1.85,-6.03,0,0,1,44
43580,-8.26,2.4,-5.8,0,0,1,44
43600,-8.15,2.56,-5.28,0,0,1,44
43620,-8.04,2.17,-5.35,0,0,1,44
43640,-7.97,2.08,-5.45,0,0,1,44
43660,-7.99,2.33,-5.51,0,0,1,44
43680,-8.03,2.94,-5.51,0,0,1,44
43700,-8.07,2.84,-5.37,0,0,1,44
43720,-8.02,2.4,-5.45,0,0,1,44
43740,-7.85,2.17,-5.73,0,0,1,44
43760,-7.7,1.97,-6.08,0,0,1,44
43780,-7.85,1.94,-5.59,0,0,1,44
43800,-7.88,2.38,-4.91,0,0,1,44
43820,-8.31,2.56,-4.39,0,0,1,44
43840,-8.4,2.67,-4.13,0,0,1,44
43860,-8.38,2.31,-4.44,0,0,1,44
43880,-8.26,1.96,-5.45,0,0,1,44
43900,-8.46,1.94,-6.03,0,0,1,44
43920,-8.03,2.05,-5.8,0,0,1,44
43940,-7.62,2.52,-5.07,0,0,1,44
43960,-7.65,3.06,-4.77,0,0,1,44
43980,-8.08,2.95,-5.32,0,0,1,44
44000,-8.59,2.32,-5.74,0,0,1,44
44020,-8.45,1.79,-5.53,0,0,1,44
44040,-8.34,1.47,-5.18,0,0,1,44
44060,-8.03,1.4,-4.86,0,0,1,44
44080,-7.89,1.48,-4.99,0,0,1,44
44100,-7.77,2.02,-5.22,0,0,1,44
44120,-7.81,2.7,-5.28,0,0,1,44
44140,-8.08,2.85,-5.52,0,0,1,44
44160,-7.93,2.51,-5.38,0,0,1,44
44180,-7.95,2.2,-5.17,0,0,1,44
44200,-7.84,1.9,-5.05,0,0,1,44
44220,-7.87,1.9,-5.16,0,0,1,44
44240,-8.04,1.99,-5.39,0,0,1,44
44260,-8.16,2.14,-5.39,0,0,1,44
44280,-8.05,2.17,-5.48,0,0,1,44
44300,-8.13,2.0,-5.47,0,0,1,44
44320,-8.21,1.73,-5.48,0,0,1,44
44340,-8.28,1.57,-5.61,0,0,1,44
44360,-8.3,1.41,-5.52,0,0,1,44
44380,-8.34,1.44,-5.46,0,0,1,44
44400,-8.43,1.42,-5.23,0,0,1,44
44420,-8.33,1.54,-5.25,0,0,1,44
44440,-8.19,1.46,-5.15,0,0,1,44
44460,-8.16,1.51,-5.1,0,0,1,44
44480,-8.27,1.65,-5.13,0,0,1,44
44500,-8.07,1.72,-5.11,0,0,1,44
44520,-8.19,1.76,-5.05,0,0,1,44
44540,-8.24,1.88,-5.07,0,0,1,44
44560,-8.27,1.95,-5.03,0,0,1,44
44580,-8.23,1.93,-5.04,0,0,1,44
44600,-8.19,1.85,-5.11,0,0,1,44
44620,-8.16,1.82,-5.09,0,0,1,44
44640,-8.19,1.82,-5.09,0,0,1,44
44660,-8.13,1.78,-5.06,0,0,1,44
44680,-8.1,1.69,-5.0,0,0,1,44
44700,-8.2,1.65,-4.86,0,0,1,44
44720,-8.23,1.64,-4.82,0,0,1,44
44740,-8.19,1.62,-4.82,0,0,1,44
44760,-8.36,1.6,-5.05,0,0,1,44
44780,-8.43,1.76,-5.35,0,0,1,44
44800,-8.34,1.78,-5.23,0,0,1,44
44820,-8.33,1.58,-4.98,0,0,1,44
44840,-8.02,1.66,-4.91,0,0,1,44
44860,-8.2,1.91,-4.95,0,0,1,44
44880,-8.24,2.05,-4.95,0,0,1,44
44900,-8.25,2.02,-4.95,0,0,1,44
44920,-8.3,1.87,-4.95,0,0,1,44
44940,-8.26,1.79,-5.08,0,0,1,44
44960,-8.36,1.73,-5.09,0,0,1,44
44980,-8.31,1.68,-5.08,0,0,1,44
44000,-8.59,2.32,-5.74,0,0,1,45
44020,-8.45,1.79,-5.53,0,0,1,45
44040,-8.34,1.47,-5.18,0,0,1,45
44060,-8.03,1.4,-4.86,0,0,1,45
44080,-7.89,1.48,-4.99,0,0,1,45
44100,-7.77,2.02,-5.22,0,0,1,45
44120,-7.81,2.7,-5.28,0,0,1,45
44140,-8.08,2.85,-5.52,0,0,1,45
44160,-7.93,2.51,-5.38,0,0,1,45
44180,-7.95,2.2,-5.17,0,0,1,45
44200,-7.84,1.9,-5.05,0,0,1,45
44220,-7.87,1.9,-5.16,0,0,1,45
44240,-8.04,1.99,-5.39,0,0,1,45
44260,-8.16,2.14,-5.39,0,0,1,45
44280,-8.05,2.17,-5.48,0,0,1,45
44300,-8.13,2.0,-5.47,0,0,1,45
44320,-8.21,1.73,-5.48,0,0,1,45
44340,-8.28,1.57,-5.61,0,0,1,45
44360,-8.3,1.41,-5.52,0,0,1,45
44380,-8.34,1.44,-5.46,0,0,1,45
44400,-8.43,1.42,-5.23,0,0,1,45
44420,-8.33,1.54,-5.25,0,0,1,45
44440,-8.19,1.46,-5.15,0,0,1,45
44460,-8.16,1.51,-5.1,0,0,1,45
44480,-8.27,1.65,-5.13,0,0,1,45
44500,-8.07,1.72,-5.11,0,0,1,45
44520,-8.19,1.76,-5.05,0,0,1,45
44540,-8.24,1.88,-5.07,0,0,1,45
44560,-8.27,1.95,-5.03,0,0,1,45
44580,-8.23,1.93,-5.04,0,0,1,45
44600,-8.19,1.85,-5.11,0,0,1,45
44620,-8.16,1.82,-5.09,0,0,1,45
44640,-8.19,1.82,-5.09,0,0,1,45
44660,-8.13,1.78,-5.06,0,0,1,45
44680,-8.1,1.69,-5.0,0,0,1,45
44700,-8.2,1.65,-4.86,0,0,1,45
44720,-8.23,1.64,-4.82,0,0,1,45
44740,-8.19,1.62,-4.82,0,0,1,45
44760,-8.36,1.6,-5.05,0,0,1,45
44780,-8.43,1.76,-5.35,0,0,1,45
44800,-8.34,1.78,-5.23,0,0,1,45
44820,-8.33,1.58,-4.98,0,0,1,45
44840,-8.02,1.66,-4.91,0,0,1,45
44860,-8.2,1.91,-4.95,0,0,1,45
44880,-8.24,2.05,-4.95,0,0,1,45
44900,-8.25,2.02,-4.95,0,0,1,45
44920,-8.3,1.87,-4.95,0,0,1,45
44940,-8.26,1.79,-5.08,0,0,1,45
44960,-8.36,1.73,-5.09,0,0,1,45
44980,-8.31,1.68,-5.08,0,0,1,45
45000,-8.26,1.66,-5.05,0,0,1,45
45020,-8.25,1.72,-5.09,0,0,1,45
45040,-8.34,1.68,-5.09,0,0,1,45
45060,-8.27,1.7,-5.15,0,0,1,45
45080,-8.24,1.81,-5.05,0,0,1,45
45100,-8.27,1.94,-5.05,0,0,1,45
45120,-8.22,1.91,-5.13,0,0,1,45
45140,-8.26,1.77,-5.06,0,0,1,45
45160,-8.22,1.66,-5.1,0,0,1,45
45180,-8.24,1.76,-5.15,0,0,1,45
45200,-8.28,1.82,-5.05,0,0,1,45
45220,-8.24,1.73,-5.02,0,0,1,45
45240,-8.23,1.7,-4.96,0,0,1,45
45260,-8.24,1.68,-5.02,0,0,1,45
45280,-8.3,1.71,-5.08,0,0,1,45
45300,-8.24,1.68,-5.05,0,0,1,45
45320,-8.33,1.65,-5.0,0,0,1,45
45340,-8.32,1.64,-5.1,0,0,1,45
45360,-8.26,1.57,-5.13,0,0,1,45
45380,-8.25,1.76,-4.93,0,0,1,45
45400,-8.24,1.87,-4.96,0,0,1,45
45420,-8.25,1.79,-4.95,0,0,1,45
45440,-8.31,1.68,-5.01,0,0,1,45
45460,-8.25,1.67,-5.04,0,0,1,45
45480,-8.32,1.88,-5.06,0,0,1,45
45500,-8.33,1.84,-4.99,0,0,1,45
45520,-8.23,1.71,-4.92,0,0,1,45
45540,-8.21,1.73,-4.89,0,0,1,45
45560,-8.26,1.77,-4.93,0,0,1,45
45580,-8.35,1.79,-4.97,0,0,1,45
45600,-8.36,1.73,-5.02,0,0,1,45
45620,-8.26,1.68,-4.96,0,0,1,45
45640,-8.26,1.77,-4.86,0,0,1,45
45660,-8.25,1.72,-4.92,0,0,1,45
45680,-8.26,1.62,-4.91,0,0,1,45
45700,-8.33,1.57,-4.93,0,0,1,45
45720,-8.23,1.63,-4.91,0,0,1,45
45740,-8.3,1.7,-4.88,0,0,1,45
45760,-8.33,1.66,-4.91,0,0,1,45
45780,-8.38,1.62,-5.0,0,0,1,45
45800,-8.31,1.56,-5.06,0,0,1,45
45820,-8.36,1.6,-4.93,0,0,1,45
45840,-8.32,1.66,-4.84,0,0,1,45
45860,-8.37,1.67,-4.91,0,0,1,45
45880,-8.35,1.67,-5.09,0,0,1,45
45900,-8.36,1.66,-4.89,0,0,1,45
45920,-8.35,1.82,-4.84,0,0,1,45
45940,-8.32,1.74,-5.01,0,0,1,45
45960,-8.36,1.58,-5.1,0,0,1,45
45980,-8.34,1.6,-4.94,0,0,1,45
45000,-8.26,1.66,-5.05,0,0,1,46
45020,-8.25,1.72,-5.09,0,0,1,46
45040,-8.34,1.68,-5.09,0,0,1,46
45060,-8.27,1.7,-5.15,0,0,1,46
45080,-8.24,1.81,-5.05,0,0,1,46
45100,-8.27,1.94,-5.05,0,0,1,46
45120,-8.22,1.91,-5.13,0,0,1,46
45140,-8.26,1.77,-5.06,0,0,1,46
45160,-8.22,1.66,-5.1,0,0,1,46
45180,-8.24,1.76,-5.15,0,0,1,46
45200,-8.28,1.82,-5.05,0,0,1,46
45220,-8.24,1.73,-5.02,0,0,1,46
45240,-8.23,1.7,-4.96,0,0,1,46
45260,-8.24,1.68,-5.02,0,0,1,46
45280,-8.3,1.71,-5.08,0,0,1,46
45300,-8.24,1.68,-5.05,0,0,1,46
45320,-8.33,1.65,-5.0,0,0,1,46
45340,-8.32,1.64,-5.1,0,0,1,46
45360,-8.26,1.57,-5.13,0,0,1,46
45380,-8.25,1.76,-4.93,0,0,1,46
45400,-8.24,1.87,-4.96,0,0,1,46
45420,-8.25,1.79,-4.95,0,0,1,46
45440,-8.31,1.68,-5.01,0,0,1,46
45460,-8.25,1.67,-5.04,0,0,1,46
45480,-8.32,1.88,-5.06,0,0,1,46
45500,-8.33,1.84,-4.99,0,0,1,46
45520,-8.23,1.71,-4.92,0,0,1,46
45540,-8.21,1.73,-4.89,0,0,1,46
45560,-8.26,1.77,-4.93,0,0,1,46
45580,-8.35,1.79,-4.97,0,0,1,46
45600,-8.36,1.73,-5.02,0,0,1,46
45620,-8.26,1.68,-4.96,0,0,1,46
45640,-8.26,1.77,-4.86,0,0,1,46
45660,-8.25,1.72,-4.92,0,0,1,46
45680,-8.26,1.62,-4.91,0,0,1,46
45700,-8.33,1.57,-4.93,0,0,1,46
45720,-8.23,1.63,-4.91,0,0,1,46
45740,-8.3,1.7,-4.88,0,0,1,46
45760,-8.33,1.66,-4.91,0,0,1,46
45780,-8.38,1.62,-5.0,0,0,1,46
45800,-8.31,1.56,-5.06,0,0,1,46
45820,-8.36,1.6,-4.93,0,0,1,46
45840,-8.32,1.66,-4.84,0,0,1,46
45860,-8.37,1.67,-4.91,0,0,1,46
45880,-8.35,1.67,-5.09,0,0,1,46
45900,-8.36,1.66,-4.89,0,0,1,46
45920,-8.35,1.82,-4.84,0,0,1,46
45940,-8.32,1.74,-5.01,0,0,1,46
45960,-8.36,1.58,-5.1,0,0,1,46
45980,-8.34,1.6,-4.94,0,0,1,46
46000,-8.28,1.72,-4.85,0,0,1,46
46020,-8.18,1.66,-4.9,0,0,1,46
46040,-8.21,1.56,-5.02,0,0,1,46
46060,-8.25,1.65,-5.15,0,0,1,46
46080,-8.28,1.77,-5.23,0,0,1,46
46100,-8.2,1.69,-5.05,0,0,1,46
46120,-8.07,1.56,-4.92,0,0,1,46
46140,-8.11,1.57,-4.96,0,0,1,46
46160,-8.25,1.53,-5.07,0,0,1,46
46180,-8.15,1.61,-5.14,0,0,1,46
46200,-8.26,1.84,-5.09,0,0,1,46
46220,-8.24,1.89,-4.85,0,0,1,46
46240,-8.22,1.96,-5.03,0,0,1,46
46260,-8.38,1.93,-5.1,0,0,1,46
46280,-8.37,1.64,-5.11,0,0,1,46
46300,-8.38,1.33,-5.32,0,0,1,46
46320,-8.29,1.2,-5.11,0,0,1,46
46340,-8.23,1.34,-4.92,0,0,1,46
46360,-8.38,1.59,-4.97,0,0,1,46
46380,-8.35,1.49,-5.06,0,0,1,46
46400,-8.22,1.6,-4.94,0,0,1,46
46420,-8.32,1.63,-4.91,0,0,1,46
46440,-8.45,1.68,-5.01,0,0,1,46
46460,-8.43,1.49,-5.21,0,0,1,46
46480,-8.37,1.42,-5.23,0,0,1,46
46500,-8.25,1.43,-4.96,0,0,1,46
46520,-8.28,1.49,-4.91,0,0,1,46
46540,-8.39,1.43,-5.03,0,0,1,46
46560,-8.38,1.14,-5.23,0,0,1,46
46580,-8.35,0.93,-5.2,0,0,1,46
46600,-8.36,0.84,-5.13,0,0,1,46
46620,-8.35,0.85,-4.87,0,0,1,46
46640,-8.37,0.86,-4.97,0,0,1,46
46660,-8.36,0.73,-5.13,0,0,1,46
46680,-8.38,0.8,-5.03,0,0,1,46
46700,-8.3,0.92,-5.0,0,0,1,46
46720,-8.36,1.15,-4.91,0,0,1,46
46740,-8.46,1.14,-4.85,0,0,1,46
46760,-8.49,1.19,-4.75,0,0,1,46
46780,-8.54,1.23,-4.78,0,0,1,46
46800,-8.57,1.47,-4.9,0,0,1,46
46820,-8.76,1.72,-4.96,0,0,1,46
46840,-8.97,1.85,-4.79,0,0,1,46
46860,-9.03,1.7,-4.62,0,0,1,46
46880,-8.91,1.44,-4.7,0,0,1,46
46900,-8.93,1.01,-4.71,0,0,1,46
46920,-8.57,0.92,-4.49,0,0,1,46
46940,-8.64,0.88,-4.21,0,0,1,46
46960,-8.68,1.03,-4.25,0,0,1,46
46980,-8.78,1.14,-4.27,0,0,1,46
46000,-8.28,1.72,-4.85,0,0,1,47
46020,-8.18,1.66,-4.9,0,0,1,47
46040,-8.21,1.56,-5.02,0,0,1,47
46060,-8.25,1.65,-5.15,0,0,1,47
46080,-8.28,1.77,-5.23,0,0,1,47
46100,-8.2,1.69,-5.05,0,0,1,47
46120,-8.07,1.56,-4.92,0,0,1,47
46140,-8.11,1.57,-4.96,0,0,1,47
46160,-8.25,1.53,-5.07,0,0,1,47
46180,-8.15,1.61,-5.14,0,0,1,47
46200,-8.26,1.84,-5.09,0,0,1,47
46220,-8.24,1.89,-4.85,0,0,1,47
46240,-8.22,1.96,-5.03,0,0,1,47
46260,-8.38,1.93,-5.1,0,0,1,47
46280,-8.37,1.64,-5.11,0,0,1,47
46300,-8.38,1.33,-5.32,0,0,1,47
46320,-8.29,1.2,-5.11,0,0,1,47
46340,-8.23,1.34,-4.92,0,0,1,47
46360,-8.38,1.59,-4.97,0,0,1,47
46380,-8.35,1.49,-5.06,0,0,1,47
46400,-8.22,1.6,-4.94,0,0,1,47
46420,-8.32,1.63,-4.91,0,0,1,47
46440,-8.45,1.68,-5.01,0,0,1,47
46460,-8.43,1.49,-5.21,0,0,1,47
46480,-8.37,1.42,-5.23,0,0,1,47
46500,-8.25,1.43,-4.96,0,0,1,47
46520,-8.28,1.49,-4.91,0,0,1,47
46540,-8.39,1.43,-5.03,0,0,1,47
46560,-8.38,1.14,-5.23,0,0,1,47
46580,-8.35,0.93,-5.2,0,0,1,47
46600,-8.36,0.84,-5.13,0,0,1,47
46620,-8.35,0.85,-4.87,0,0,1,47
46640,-8.37,0.86,-4.97,0,0,1,47
46660,-8.36,0.73,-5.13,0,0,1,47
46680,-8.38,0.8,-5.03,0,0,1,47
46700,-8.3,0.92,-5.0,0,0,1,47
46720,-8.36,1.15,-4.91,0,0,1,47
46740,-8.46,1.14,-4.85,0,0,1,47
46760,-8.49,1.19,-4.75,0,0,1,47
46780,-8.54,1.23,-4.78,0,0,1,47
46800,-8.57,1.47,-4.9,0,0,1,47
46820,-8.76,1.72,-4.96,0,0,1,47
46840,-8.97,1.85,-4.79,0,0,1,47
46860,-9.03,1.7,-4.62,0,0,1,47
46880,-8.91,1.44,-4.7,0,0,1,47
46900,-8.93,1.01,-4.71,0,0,1,47
46920,-8.57,0.92,-4.49,0,0,1,47
46940,-8.64,0.88,-4.21,0,0,1,47
46960,-8.68,1.03,-4.25,0,0,1,47
46980,-8.78,1.14,-4.27,0,0,1,47
47000,-8.71,1.09,-4.13,0,0,1,47
47020,-8.65,1.35,-4.05,0,0,1,47
47040,-8.57,1.41,-4.28,0,0,1,47
47060,-8.77,1.45,-4.32,0,0,1,47
47080,-8.7,1.53,-4.09,0,0,1,47
47100,-8.47,1.8,-3.82,0,0,1,47
47120,-8.65,2.05,-3.89,0,0,1,47
47140,-8.92,2.28,-4.23,0,0,1,47
47160,-9.22,2.33,-4.45,0,0,1,47
47180,-9.4,2.17,-4.57,0,0,1,47
47200,-9.07,2.17,-4.5,0,0,1,47
47220,-8.81,2.05,-4.37,0,0,1,47
47240,-8.75,2.06,-3.94,0,0,1,47
47260,-8.54,2.45,-3.8,0,0,1,47
47280,-8.55,2.66,-3.73,0,0,1,47
47300,-8.64,2.63,-3.73,0,0,1,47
47320,-8.5,2.38,-3.6,0,0,1,47
47340,-8.33,2.37,-3.35,0,0,1,47
47360,-8.55,2.48,-3.34,0,0,1,47
47380,-8.45,2.43,-3.46,0,0,1,47
47400,-8.56,2.35,-3.37,0,0,1,47
47420,-8.6,2.3,-3.35,0,0,1,47
47440,-8.42,2.39,-3.44,0,0,1,47
47460,-8.23,2.4,-3.07,0,0,1,47
47480,-8.16,2.53,-2.59,0,0,1,47
47500,-8.29,2.84,-2.6,0,0,1,47
47520,-8.36,3.23,-2.8,0,0,1,47
47540,-8.49,3.52,-2.66,0,0,1,47
47560,-8.7,3.65,-2.65,0,0,1,47
47580,-8.77,3.72,-2.91,0,0,1,47
47600,-8.83,3.34,-2.91,0,0,1,47
47620,-8.68,2.86,-2.91,0,0,1,47
47640,-8.77,2.38,-2.9,0,0,1,47
47660,-8.49,1.84,-2.6,0,0,1,47
47680,-8.46,1.81,-2.65,0,0,1,47
47700,-8.54,1.96,-2.69,0,0,1,47
47720,-8.65,1.94,-3.11,0,0,1,47
47740,-8.73,1.85,-3.25,0,0,1,47
47760,-8.7,1.93,-3.06,0,0,1,47
47780,-8.71,2.32,-2.85,0,0,1,47
47800,-8.83,2.56,-2.83,0,0,1,47
47820,-8.45,2.93,-2.77,0,0,1,47
47840,-8.61,2.8,-2.83,0,0,1,47
47860,-8.78,2.83,-3.19,0,0,1,47
47880,-9.03,3.1,-3.55,0,0,1,47
47900,-9.3,2.92,-3.43,0,0,1,47
47920,-9.19,2.04,-3.4,0,0,1,47
47940,-8.88,1.55,-3.2,0,0,1,47
47960,-8.9,1.33,-3.39,0,0,1,47
47980,-10.4,1.72,-3.82,0,0,1,47
47000,-8.71,1.09,-4.13,0,0,1,48
47020,-8.65,1.35,-4.05,0,0,1,48
47040,-8.57,1.41,-4.28,0,0,1,48
47060,-8.77,1.45,-4.32,0,0,1,48
47080,-8.7,1.53,-4.09,0,0,1,48
47100,-8.47,1.8,-3.82,0,0,1,48
47120,-8.65,2.05,-3.89,0,0,1,48
47140,-8.92,2.28,-4.23,0,0,1,48
47160,-9.22,2.33,-4.45,0,0,1,48
47180,-9.4,2.17,-4.57,0,0,1,48
47200,-9.07,2.17,-4.5,0,0,1,48
47220,-8.81,2.05,-4.37,0,0,1,48
47240,-8.75,2.06,-3.94,0,0,1,48
47260,-8.54,2.45,-3.8,0,0,1,48
47280,-8.55,2.66,-3.73,0,0,1,48
47300,-8.64,2.63,-3.73,0,0,1,48
47320,-8.5,2.38,-3.6,0,0,1,48
47340,-8.33,2.37,-3.35,0,0,1,48
47360,-8.55,2.48,-3.34,0,0,1,48
47380,-8.45,2.43,-3.46,0,0,1,48
47400,-8.56,2.35,-3.37,0,0,1,48
47420,-8.6,2.3,-3.35,0,0,1,48
47440,-8.42,2.39,-3.44,0,0,1,48
47460,-8.23,2.4,-3.07,0,0,1,48
47480,-8.16,2.53,-2.59,0,0,1,48
47500,-8.29,2.84,-2.6,0,0,1,48
47520,-8.36,3.23,-2.8,0,0,1,48
47540,-8.49,3.52,-2.66,0,0,1,48
47560,-8.7,3.65,-2.65,0,0,1,48
47580,-8.77,3.72,-2.91,0,0,1,48
47600,-8.83,3.34,-2.91,0,0,1,48
47620,-8.68,2.86,-2.91,0,0,1,48
47640,-8.77,2.38,-2.9,0,0,1,48
47660,-8.49,1.84,-2.6,0,0,1,48
47680,-8.46,1.81,-2.65,0,0,1,48
47700,-8.54,1.96,-2.69,0,0,1,48
47720,-8.65,1.94,-3.11,0,0,1,48
47740,-8.73,1.85,-3.25,0,0,1,48
47760,-8.7,1.93,-3.06,0,0,1,48
47780,-8.71,2.32,-2.85,0,0,1,48
47800,-8.83,2.56,-2.83,0,0,1,48
47820,-8.45,2.93,-2.77,0,0,1,48
47840,-8.61,2.8,-2.83,0,0,1,48
47860,-8.78,2.83,-3.19,0,0,1,48
47880,-9.03,3.1,-3.55,0,0,1,48
47900,-9.3,2.92,-3.43,0,0,1,48
47920,-9.19,2.04,-3.4,0,0,1,48
47940,-8.88,1.55,-3.2,0,0,1,48
47960,-8.9,1.33,-3.39,0,0,1,48
47980,-10.4,1.72,-3.82,0,0,1,48
48000,-11.8,1.76,-5.73,0,0,1,48
48020,-11.45,1.07,-6.58,0,0,1,48
48040,-9.68,0.32,-4.07,0,0,1,48
48060,-7.84,0.56,-1.76,0,0,1,48
48080,-7.49,1.37,-1.08,0,0,1,48
48100,-8.36,1.38,-2.95,0,0,1,48
48120,-8.46,0.52,-4.93,0,0,1,48
48140,-9.16,-0.56,-5.34,0,0,1,48
48160,-8.67,-0.9,-4.45,0,0,1,48
48180,-8.27,-0.4,-4.19,0,0,1,48
48200,-8.48,-0.01,-4.1,0,0,1,48
48220,-8.54,-0.24,-4.68,0,0,1,48
48240,-8.07,-1.0,-5.54,0,0,1,48
48260,-7.76,-1.43,-6.22,0,0,1,48
48280,-7.99,-1.26,-6.48,0,0,1,48
48300,-7.97,-0.54,-5.81,0,0,1,48
48320,-8.26,0.45,-5.65,0,0,1,48
48340,-8.07,1.17,-5.74,0,0,1,48
48360,-8.18,1.53,-5.9,0,0,1,48
48380,-8.46,1.5,-5.68,0,0,1,48
48400,-8.43,1.44,-5.34,0,0,1,48
48420,-8.19,2.07,-5.17,0,0,1,48
48440,-8.2,2.51,-5.04,0,0,1,48
48460,-8.28,2.15,-5.0,0,0,1,48
48480,-8.04,2.05,-5.19,0,0,1,48
48500,-8.44,1.88,-5.43,0,0,1,48
48520,-8.49,2.02,-5.51,0,0,1,48
48540,-8.27,2.07,-5.36,0,0,1,48
48560,-8.26,2.28,-5.09,0,0,1,48
48580,-8.16,2.39,-5.01,0,0,1,48
48600,-8.16,2.24,-5.08,0,0,1,48
48620,-7.68,2.22,-5.37,0,0,1,48
48640,-7.39,2.22,-5.58,0,0,1,48
48660,-7.25,2.43,-5.48,0,0,1,48
48680,-7.19,2.88,-5.17,0,0,1,48
48700,-7.23,3.4,-4.77,0,0,1,48
48720,-6.98,3.89,-5.1,0,0,1,48
48740,-6.89,4.6,-5.54,0,0,1,48
48760,-7.19,5.25,-5.23,0,0,1,48
48780,-7.45,4.91,-4.82,0,0,1,48
48800,-9.64,2.62,-2.44,0,0,1,48
48820,-8.02,2.28,0.47,0,0,1,48
48840,-7.88,1.36,-0.57,0,0,1,48
48860,-9.14,-2.0,-5.98,0,0,1,48
48880,-12.1,-4.18,-12.06,0,0,1,48
48900,-14.79,-1.9,-11.19,0,0,1,48
48920,-12.51,1.77,-7.91,0,0,1,48
48940,-9.92,2.62,-4.84,0,0,1,48
48960,-8.43,2.26,-2.76,0,0,1,48
48980,-7.16,0.02,-0.22,0,0,1,48
48000,-11.8,1.76,-5.73,0,0,1,49
48020,-11.45,1.07,-6.58,0,0,1,49
48040,-9.68,0.32,-4.07,0,0,1,49
48060,-7.84,0.56,-1.76,0,0,1,49
48080,-7.49,1.37,-1.08,0,0,1,49
48100,-8.36,1.38,-2.95,0,0,1,49
48120,-8.46,0.52,-4.93,0,0,1,49
48140,-9.16,-0.56,-5.34,0,0,1,49
48160,-8.67,-0.9,-4.45,0,0,1,49
48180,-8.27,-0.4,-4.19,0,0,1,49
48200,-8.48,-0.01,-4.1,0,0,1,49
48220,-8.54,-0.24,-4.68,0,0,1,49
48240,-8.07,-1.0,-5.54,0,0,1,49
48260,-7.76,-1.43,-6.22,0,0,1,49
48280,-7.99,-1.26,-6.48,0,0,1,49
48300,-7.97,-0.54,-5.81,0,0,1,49
48320,-8.26,0.45,-5.65,0,0,1,49
48340,-8.07,1.17,-5.74,0,0,1,49
48360,-8.18,1.53,-5.9,0,0,1,49
48380,-8.46,1.5,-5.68,0,0,1,49
48400,-8.43,1.44,-5.34,0,0,1,49
48420,-8.19,2.07,-5.17,0,0,1,49
48440,-8.2,2.51,-5.04,0,0,1,49
48460,-8.28,2.15,-5.0,0,0,1,49
48480,-8.04,2.05,-5.19,0,0,1,49
48500,-8.44,1.88,-5.43,0,0,1,49
48520,-8.49,2.02,-5.51,0,0,1,49
48540,-8.27,2.07,-5.36,0,0,1,49
48560,-8.26,2.28,-5.09,0,0,1,49
48580,-8.16,2.39,-5.01,0,0,1,49
48600,-8.16,2.24,-5.08,0,0,1,49
48620,-7.68,2.22,-5.37,0,0,1,49
48640,-7.39,2.22,-5.58,0,0,1,49
48660,-7.25,2.43,-5.48,0,0,1,49
48680,-7.19,2.88,-5.17,0,0,1,49
48700,-7.23,3.4,-4.77,0,0,1,49
48720,-6.98,3.89,-5.1,0,0,1,49
48740,-6.89,4.6,-5.54,0,0,1,49
48760,-7.19,5.25,-5.23,0,0,1,49
48780,-7.45,4.91,-4.82,0,0,1,49
48800,-9.64,2.62,-2.44,0,0,1,49
48820,-8.02,2.28,0.47,0,0,1,49
48840,-7.88,1.36,-0.57,0,0,1,49
48860,-9.14,-2.0,-5.98,0,0,1,49
48880,-12.1,-4.18,-12.06,0,0,1,49
48900,-14.79,-1.9,-11.19,0,0,1,49
48920,-12.51,1.77,-7.91,0,0,1,49
48940,-9.92,2.62,-4.84,0,0,1,49
48960,-8.43,2.26,-2.76,0,0,1,49
48980,-7.16,0.02,-0.22,0,0,1,49
49000,-5.87,-1.26,-0.17,0,0,1,49
49020,-7.16,0.12,-2.13,0,0,1,49
49040,-9.13,1.85,-4.01,0,0,1,49
49060,-9.76,3.09,-4.44,0,0,1,49
49080,-9.75,2.44,-4.06,0,0,1,49
49100,-9.42,0.89,-3.98,0,0,1,49
49120,-8.82,0.0,-3.28,0,0,1,49
49140,-8.0,-0.1,-2.68,0,0,1,49
49160,-7.75,0.75,-3.02,0,0,1,49
49180,-8.09,1.91,-3.76,0,0,1,49
49200,-8.58,2.84,-4.18,0,0,1,49
49220,-8.6,3.06,-4.01,0,0,1,49
49240,-8.27,2.81,-3.43,0,0,1,49
49260,-7.94,2.55,-3.13,0,0,1,49
49280,-7.9,2.43,-3.21,0,0,1,49
49300,-8.21,2.39,-3.57,0,0,1,49
49320,-8.05,2.57,-3.68,0,0,1,49
49340,-7.6,2.84,-3.38,0,0,1,49
49360,-7.07,2.97,-3.06,0,0,1,49
49380,-7.31,2.81,-2.83,0,0,1,49
49400,-8.12,2.64,-3.03,0,0,1,49
49420,-8.1,2.45,-4.02,0,0,1,49
49440,-8.26,2.22,-4.06,0,0,1,49
49460,-8.86,3.03,-4.02,0,0,1,49
49480,-8.8,4.46,-4.37,0,0,1,49
49500,-12.78,2.94,-4.43,0,0,1,49
49520,-15.19,2.32,-8.98,0,0,1,49
49540,-12.21,1.32,-10.16,0,0,1,49
49560,-9.71,-0.67,-5.29,0,0,1,49
49580,-8.78,-1.31,-1.27,0,0,1,49
49600,-7.42,0.35,-0.14,0,0,1,49
49620,-7.6,2.5,-1.19,0,0,1,49
49640,-8.54,1.21,-3.89,0,0,1,49
49660,-8.8,-1.18,-6.58,0,0,1,49
49680,-8.38,-2.16,-7.39,0,0,1,49
49700,-7.69,-1.27,-6.0,0,0,1,49
49720,-7.59,-0.73,-4.27,0,0,1,49
49740,-7.75,-0.5,-3.71,0,0,1,49
49760,-7.58,0.4,-3.81,0,0,1,49
49780,-7.73,1.79,-5.0,0,0,1,49
49800,-8.47,2.49,-6.0,0,0,1,49
49820,-8.78,2.56,-6.23,0,0,1,49
49840,-8.62,1.98,-6.01,0,0,1,49
49860,-8.13,1.37,-5.28,0,0,1,49
49880,-7.54,1.09,-4.43,0,0,1,49
49900,-7.39,1.14,-4.32,0,0,1,49
49920,-7.6,1.84,-4.76,0,0,1,49
49940,-7.81,2.64,-5.33,0,0,1,49
49960,-7.82,3.14,-5.53,0,0,1,49
49980,-7.62,3.25,-5.25,0,0,1,49
49000,-5.87,-1.26,-0.17,0,0,1,50
49020,-7.16,0.12,-2.13,0,0,1,50
49040,-9.13,1.85,-4.01,0,0,1,50
49060,-9.76,3.09,-4.44,0,0,1,50
49080,-9.75,2.44,-4.06,0,0,1,50
49100,-9.42,0.89,-3.98,0,0,1,50
49120,-8.82,0.0,-3.28,0,0,1,50
49140,-8.0,-0.1,-2.68,0,0,1,50
49160,-7.75,0.75,-3.02,0,0,1,50
49180,-8.09,1.91,-3.76,0,0,1,50
49200,-8.58,2.84,-4.18,0,0,1,50
49220,-8.6,3.06,-4.01,0,0,1,50
49240,-8.27,2.81,-3.43,0,0,1,50
49260,-7.94,2.55,-3.13,0,0,1,50
49280,-7.9,2.43,-3.21,0,0,1,50
49300,-8.21,2.39,-3.57,0,0,1,50
49320,-8.05,2.57,-3.68,0,0,1,50
49340,-7.6,2.84,-3.38,0,0,1,50
49360,-7.07,2.97,-3.06,0,0,1,50
49380,-7.31,2.81,-2.83,0,0,1,50
49400,-8.12,2.64,-3.03,0,0,1,50
49420,-8.1,2.45,-4.02,0,0,1,50
49440,-8.26,2.22,-4.06,0,0,1,50
49460,-8.86,3.03,-4.02,0,0,1,50
49480,-8.8,4.46,-4.37,0,0,1,50
49500,-12.78,2.94,-4.43,0,0,1,50
49520,-15.19,2.32,-8.98,0,0,1,50
49540,-12.21,1.32,-10.16,0,0,1,50
49560,-9.71,-0.67,-5.29,0,0,1,50
49580,-8.78,-1.31,-1.27,0,0,1,50
49600,-7.42,0.35,-0.14,0,0,1,50
49620,-7.6,2.5,-1.19,0,0,1,50
49640,-8.54,1.21,-3.89,0,0,1,50
49660,-8.8,-1.18,-6.58,0,0,1,50
49680,-8.38,-2.16,-7.39,0,0,1,50
49700,-7.69,-1.27,-6.0,0,0,1,50
49720,-7.59,-0.73,-4.27,0,0,1,50
49740,-7.75,-0.5,-3.71,0,0,1,50
49760,-7.58,0.4,-3.81,0,0,1,50
49780,-7.73,1.79,-5.0,0,0,1,50
49800,-8.47,2.49,-6.0,0,0,1,50
49820,-8.78,2.56,-6.23,0,0,1,50
49840,-8.62,1.98,-6.01,0,0,1,50
49860,-8.13,1.37,-5.28,0,0,1,50
49880,-7.54,1.09,-4.43,0,0,1,50
49900,-7.39,1.14,-4.32,0,0,1,50
49920,-7.6,1.84,-4.76,0,0,1,50
49940,-7.81,2.64,-5.33,0,0,1,50
49960,-7.82,3.14,-5.53,0,0,1,50
49980,-7.62,3.25,-5.25,0,0,1,50
50000,-7.55,3.14,-4.83,0,0,1,50
50020,-7.41,2.92,-4.61,0,0,1,50
50040,-7.72,2.1,-5.1,0,0,1,50
50060,-8.35,1.27,-5.75,0,0,1,50
50080,-8.74,0.7,-6.08,0,0,1,50
50100,-8.67,0.9,-5.61,0,0,1,50
50120,-8.47,1.79,-5.1,0,0,1,50
50140,-8.09,2.57,-4.88,0,0,1,50
50160,-7.57,2.53,-5.13,0,0,1,50
50180,-8.46,1.73,-4.71,0,0,1,50
50200,-7.21,1.16,-4.71,0,0,1,50
50220,-6.98,1.09,-4.78,0,0,1,50
50240,-8.71,3.24,-4.58,0,0,1,50
50260,-10.53,6.25,-4.56,0,0,1,50
50280,-11.19,5.85,-7.61,0,0,1,50
50300,-12.17,2.31,-10.73,0,0,1,50
50320,-11.51,-0.33,-10.85,0,0,1,50
50340,-9.15,-0.89,-5.93,0,0,1,50
50360,-6.06,-1.37,-1.02,0,0,1,50
50380,-4.98,-1.61,0.14,0,0,1,50
50400,-5.65,-2.08,-0.59,0,0,1,50
50420,-6.56,-1.78,-1.93,0,0,1,50
50440,-7.41,-0.41,-3.44,0,0,1,50
50460,-9.48,1.7,-4.82,0,0,1,50
50480,-11.43,4.07,-5.82,0,0,1,50
50500,-11.27,5.08,-6.26,0,0,1,50
50520,-10.34,4.59,-4.99,0,0,1,50
50540,-8.92,3.44,-3.58,0,0,1,50
50560,-8.05,2.22,-3.08,0,0,1,50
50580,-7.96,1.87,-3.63,0,0,1,50
50600,-8.55,1.96,-4.26,0,0,1,50
50620,-8.57,2.16,-4.44,0,0,1,50
50640,-7.37,2.37,-3.62,0,0,1,50
50660,-6.42,1.87,-2.5,0,0,1,50
50680,-6.44,1.87,-2.49,0,0,1,50
50700,-6.8,2.08,-3.71,0,0,1,50
50720,-7.34,2.72,-4.79,0,0,1,50
50740,-8.16,2.92,-4.63,0,0,1,50
50760,-8.36,3.19,-4.03,0,0,1,50
50780,-7.39,3.6,-4.71,0,0,1,50
50800,-6.82,3.78,-4.49,0,0,1,50
50820,-7.52,4.72,-4.35,0,0,1,50
50840,-8.43,6.28,-4.06,0,0,1,50
50860,-12.65,4.88,-4.81,0,0,1,50
50880,-13.16,3.36,-8.62,0,0,1,50
50900,-10.21,1.26,-8.29,0,0,1,50
50920,-9.04,-1.29,-3.9,0,0,1,50
50940,-9.79,-2.0,-3.36,0,0,1,50
50960,-8.81,-0.4,-4.41,0,0,1,50
50980,-8.13,1.38,-3.14,0,0,1,50
50000,-7.55,3.14,-4.83,0,0,1,51
50020,-7.41,2.92,-4.61,0,0,1,51
50040,-7.72,2.1,-5.1,0,0,1,51
50060,-8.35,1.27,-5.75,0,0,1,51
50080,-8.74,0.7,-6.08,0,0,1,51
50100,-8.67,0.9,-5.61,0,0,1,51
50120,-8.47,1.79,-5.1,0,0,1,51
50140,-8.09,2.57,-4.88,0,0,1,51
50160,-7.57,2.53,-5.13,0,0,1,51
50180,-8.46,1.73,-4.71,0,0,1,51
50200,-7.21,1.16,-4.71,0,0,1,51
50220,-6.98,1.09,-4.78,0,0,1,51
50240,-8.71,3.24,-4.58,0,0,1,51
50260,-10.53,6.25,-4.56,0,0,1,51
50280,-11.19,5.85,-7.61,0,0,1,51
50300,-12.17,2.31,-10.73,0,0,1,51
50320,-11.51,-0.33,-10.85,0,0,1,51
50340,-9.15,-0.89,-5.93,0,0,1,51
50360,-6.06,-1.37,-1.02,0,0,1,51
50380,-4.98,-1.61,0.14,0,0,1,51
50400,-5.65,-2.08,-0.59,0,0,1,51
50420,-6.56,-1.78,-1.93,0,0,1,51
50440,-7.41,-0.41,-3.44,0,0,1,51
50460,-9.48,1.7,-4.82,0,0,1,51
50480,-11.43,4.07,-5.82,0,0,1,51
50500,-11.27,5.08,-6.26,0,0,1,51
50520,-10.34,4.59,-4.99,0,0,1,51
50540,-8.92,3.44,-3.58,0,0,1,51
50560,-8.05,2.22,-3.08,0,0,1,51
50580,-7.96,1.87,-3.63,0,0,1,51
50600,-8.55,1.96,-4.26,0,0,1,51
50620,-8.57,2.16,-4.44,0,0,1,51
50640,-7.37,2.37,-3.62,0,0,1,51
50660,-6.42,1.87,-2.5,0,0,1,51
50680,-6.44,1.87,-2.49,0,0,1,51
50700,-6.8,2.08,-3.71,0,0,1,51
50720,-7.34,2.72,-4.79,0,0,1,51
50740,-8.16,2.92,-4.63,0,0,1,51
50760,-8.36,3.19,-4.03,0,0,1,51
50780,-7.39,3.6,-4.71,0,0,1,51
50800,-6.82,3.78,-4.49,0,0,1,51
50820,-7.52,4.72,-4.35,0,0,1,51
50840,-8.43,6.28,-4.06,0,0,1,51
50860,-12.65,4.88,-4.81,0,0,1,51
50880,-13.16,3.36,-8.62,0,0,1,51
50900,-10.21,1.26,-8.29,0,0,1,51
50920,-9.04,-1.29,-3.9,0,0,1,51
50940,-9.79,-2.0,-3.36,0,0,1,51
50960,-8.81,-0.4,-4.41,0,0,1,51
50980,-8.13,1.38,-3.14,0,0,1,51
51000,-8.04,1.04,-2.79,0,0,1,51
51020,-7.76,-0.33,-3.38,0,0,1,51
51040,-8.72,-1.24,-4.86,0,0,1,51
51060,-8.84,-0.47,-5.34,0,0,1,51
51080,-8.0,0.56,-4.61,0,0,1,51
51100,-7.81,0.88,-4.59,0,0,1,51
51120,-8.37,1.12,-4.8,0,0,1,51
51140,-8.63,0.98,-4.97,0,0,1,51
51160,-8.56,0.81,-4.8,0,0,1,51
51180,-8.5,0.72,-4.92,0,0,1,51
51200,-8.34,0.3,-5.19,0,0,1,51
51220,-8.05,-0.08,-5.68,0,0,1,51
51240,-8.4,-0.04,-6.03,0,0,1,51
51260,-8.54,-0.36,-5.73,0,0,1,51
51280,-7.94,-0.01,-5.64,0,0,1,51
51300,-8.37,0.22,-5.85,0,0,1,51
51320,-8.54,0.89,-5.75,0,0,1,51
51340,-8.49,0.88,-5.65,0,0,1,51
51360,-8.34,0.73,-5.38,0,0,1,51
51380,-8.22,0.83,-5.19,0,0,1,51
51400,-7.64,1.52,-4.93,0,0,1,51
51420,-7.85,1.98,-5.9,0,0,1,51
51440,-8.44,2.2,-6.15,0,0,1,51
51460,-8.16,1.78,-5.76,0,0,1,51
51480,-8.0,1.49,-5.06,0,0,1,51
51500,-9.73,0.42,-4.46,0,0,1,51
51520,-8.42,0.74,-2.44,0,0,1,51
51540,-8.19,1.86,-1.29,0,0,1,51
51560,-8.86,2.17,-3.07,0,0,1,51
51580,-10.4,0.29,-5.72,0,0,1,51
51600,-11.05,-1.99,-7.75,0,0,1,51
51620,-10.65,-3.15,-8.01,0,0,1,51
51640,-9.04,-2.21,-6.44,0,0,1,51
51660,-7.68,-0.49,-3.2,0,0,1,51
51680,-6.9,0.54,-1.72,0,0,1,51
51700,-6.75,1.3,-2.05,0,0,1,51
51720,-7.16,1.81,-3.71,0,0,1,51
51740,-7.7,2.13,-5.08,0,0,1,51
51760,-8.11,2.52,-4.72,0,0,1,51
51780,-8.27,3.39,-3.47,0,0,1,51
51800,-8.3,3.83,-2.44,0,0,1,51
51820,-8.24,3.95,-2.38,0,0,1,51
51840,-8.81,3.41,-2.68,0,0,1,51
51860,-9.09,2.61,-3.25,0,0,1,51
51880,-9.75,2.24,-3.49,0,0,1,51
51900,-9.69,2.59,-3.73,0,0,1,51
51920,-9.65,2.77,-3.37,0,0,1,51
51940,-9.16,2.45,-2.82,0,0,1,51
51960,-8.55,1.88,-2.51,0,0,1,51
51980,-8.24,1.32,-2.47,0,0,1,51
51000,-8.04,1.04,-2.79,0,0,1,52
51020,-7.76,-0.33,-3.38,0,0,1,52
51040,-8.72,-1.24,-4.86,0,0,1,52
51060,-8.84,-0.47,-5.34,0,0,1,52
51080,-8.0,0.56,-4.61,0,0,1,52
51100,-7.81,0.88,-4.59,0,0,1,52
51120,-8.37,1.12,-4.8,0,0,1,52
51140,-8.63,0.98,-4.97,0,0,1,52
51160,-8.56,0.81,-4.8,0,0,1,52
51180,-8.5,0.72,-4.92,0,0,1,52
51200,-8.34,0.3,-5.19,0,0,1,52
51220,-8.05,-0.08,-5.68,0,0,1,52
51240,-8.4,-0.04,-6.03,0,0,1,52
51260,-8.54,-0.36,-5.73,0,0,1,52
51280,-7.94,-0.01,-5.64,0,0,1,52
51300,-8.37,0.22,-5.85,0,0,1,52
51320,-8.54,0.89,-5.75,0,0,1,52
51340,-8.49,0.88,-5.65,0,0,1,52
51360,-8.34,0.73,-5.38,0,0,1,52
51380,-8.22,0.83,-5.19,0,0,1,52
51400,-7.64,1.52,-4.93,0,0,1,52
51420,-7.85,1.98,-5.9,0,0,1,52
51440,-8.44,2.2,-6.15,0,0,1,52
51460,-8.16,1.78,-5.76,0,0,1,52
51480,-8.0,1.49,-5.06,0,0,1,52
51500,-9.73,0.42,-4.46,0,0,1,52
51520,-8.42,0.74,-2.44,0,0,1,52
51540,-8.19,1.86,-1.29,0,0,1,52
51560,-8.86,2.17,-3.07,0,0,1,52
51580,-10.4,0.29,-5.72,0,0,1,52
51600,-11.05,-1.99,-7.75,0,0,1,52
51620,-10.65,-3.15,-8.01,0,0,1,52
51640,-9.04,-2.21,-6.44,0,0,1,52
51660,-7.68,-0.49,-3.2,0,0,1,52
51680,-6.9,0.54,-1.72,0,0,1,52
51700,-6.75,1.3,-2.05,0,0,1,52
51720,-7.16,1.81,-3.71,0,0,1,52
51740,-7.7,2.13,-5.08,0,0,1,52
51760,-8.11,2.52,-4.72,0,0,1,52
51780,-8.27,3.39,-3.47,0,0,1,52
51800,-8.3,3.83,-2.44,0,0,1,52
51820,-8.24,3.95,-2.38,0,0,1,52
51840,-8.81,3.41,-2.68,0,0,1,52
51860,-9.09,2.61,-3.25,0,0,1,52
51880,-9.75,2.24,-3.49,0,0,1,52
51900,-9.69,2.59,-3.73,0,0,1,52
51920,-9.65,2.77,-3.37,0,0,1,52
51940,-9.16,2.45,-2.82,0,0,1,52
51960,-8.55,1.88,-2.51,0,0,1,52
51980,-8.24,1.32,-2.47,0,0,1,52
52000,-8.44,0.69,-2.61,0,0,1,52
52020,-8.92,0.28,-3.24,0,0,1,52
52040,-8.94,0.07,-4.48,0,0,1,52
52060,-9.27,-0.13,-4.98,0,0,1,52
52080,-8.99,0.33,-4.6,0,0,1,52
52100,-8.56,0.92,-4.05,0,0,1,52
52120,-11.58,1.28,-5.08,0,0,1,52
52140,-12.4,3.65,-8.02,0,0,1,52
52160,-9.01,3.81,-6.1,0,0,1,52
52180,-6.46,2.84,-1.07,0,0,1,52
52200,-6.46,1.74,0.56,0,0,1,52
52220,-8.84,1.18,-2.12,0,0,1,52
52240,-9.59,-0.24,-5.13,0,0,1,52
52260,-9.8,-1.58,-6.1,0,0,1,52
52280,-9.56,-0.9,-4.68,0,0,1,52
52300,-8.29,0.98,-3.75,0,0,1,52
52320,-8.0,2.22,-3.29,0,0,1,52
52340,-8.32,2.33,-3.7,0,0,1,52
52360,-8.35,0.46,-5.05,0,0,1,52
52380,-8.06,-1.77,-5.96,0,0,1,52
52400,-7.62,-2.87,-6.43,0,0,1,52
52420,-7.84,-2.41,-5.46,0,0,1,52
52440,-7.59,-0.23,-5.45,0,0,1,52
52460,-8.44,1.51,-5.8,0,0,1,52
52480,-9.0,1.49,-6.51,0,0,1,52
52500,-8.77,0.64,-6.31,0,0,1,52
52520,-8.89,-0.59,-5.53,0,0,1,52
52540,-8.38,-1.35,-4.96,0,0,1,52
52560,-8.21,-1.91,-5.3,0,0,1,52
52580,-7.88,-1.83,-5.97,0,0,1,52
52600,-7.47,-2.07,-6.04,0,0,1,52
52620,-7.7,-2.79,-7.02,0,0,1,52
52640,-11.57,-1.68,-6.04,0,0,1,52
52660,-9.23,2.15,-3.28,0,0,1,52
52680,-8.08,4.26,-0.53,0,0,1,52
52700,-7.82,2.65,-1.91,0,0,1,52
52720,-7.78,-0.42,-4.37,0,0,1,52
52740,-8.88,-2.9,-5.44,0,0,1,52
52760,-8.9,-1.63,-3.96,0,0,1,52
52780,-7.61,0.03,-0.68,0,0,1,52
52800,-8.15,0.58,-0.11,0,0,1,52
52820,-10.8,-1.93,-1.28,0,0,1,52
52840,-10.84,-2.09,-3.41,0,0,1,52
52860,-9.92,-0.35,-3.65,0,0,1,52
52880,-9.39,-0.01,-1.71,0,0,1,52
52900,-8.34,-0.39,-0.46,0,0,1,52
52920,-8.11,-1.75,-1.05,0,0,1,52
52940,-9.01,-2.16,-2.45,0,0,1,52
52960,-9.32,-1.77,-1.95,0,0,1,52
52980,-9.01,-2.03,-1.8,0,0,1,52
52000,-8.44,0.69,-2.61,0,0,1,53
52020,-8.92,0.28,-3.24,0,0,1,53
52040,-8.94,0.07,-4.48,0,0,1,53
52060,-9.27,-0.13,-4.98,0,0,1,53
52080,-8.99,0.33,-4.6,0,0,1,53
52100,-8.56,0.92,-4.05,0,0,1,53
52120,-11.58,1.28,-5.08,0,0,1,53
52140,-12.4,3.65,-8.02,0,0,1,53
52160,-9.01,3.81,-6.1,0,0,1,53
52180,-6.46,2.84,-1.07,0,0,1,53
52200,-6.46,1.74,0.56,0,0,1,53
52220,-8.84,1.18,-2.12,0,0,1,53
52240,-9.59,-0.24,-5.13,0,0,1,53
52260,-9.8,-1.58,-6.1,0,0,1,53
52280,-9.56,-0.9,-4.68,0,0,1,53
52300,-8.29,0.98,-3.75,0,0,1,53
52320,-8.0,2.22,-3.29,0,0,1,53
52340,-8.32,2.33,-3.7,0,0,1,53
52360,-8.35,0.46,-5.05,0,0,1,53
52380,-8.06,-1.77,-5.96,0,0,1,53
52400,-7.62,-2.87,-6.43,0,0,1,53
52420,-7.84,-2.41,-5.46,0,0,1,53
52440,-7.59,-0.23,-5.45,0,0,1,53
52460,-8.44,1.51,-5.8,0,0,1,53
52480,-9.0,1.49,-6.51,0,0,1,53
52500,-8.77,0.64,-6.31,0,0,1,53
52520,-8.89,-0.59,-5.53,0,0,1,53
52540,-8.38,-1.35,-4.96,0,0,1,53
52560,-8.21,-1.91,-5.3,0,0,1,53
52580,-7.88,-1.83,-5.97,0,0,1,53
52600,-7.47,-2.07,-6.04,0,0,1,53
52620,-7.7,-2.79,-7.02,0,0,1,53
52640,-11.57,-1.68,-6.04,0,0,1,53
52660,-9.23,2.15,-3.28,0,0,1,53
52680,-8.08,4.26,-0.53,0,0,1,53
52700,-7.82,2.65,-1.91,0,0,1,53
52720,-7.78,-0.42,-4.37,0,0,1,53
52740,-8.88,-2.9,-5.44,0,0,1,53
52760,-8.9,-1.63,-3.96,0,0,1,53
52780,-7.61,0.03,-0.68,0,0,1,53
52800,-8.15,0.58,-0.11,0,0,1,53
52820,-10.8,-1.93,-1.28,0,0,1,53
52840,-10.84,-2.09,-3.41,0,0,1,53
52860,-9.92,-0.35,-3.65,0,0,1,53
52880,-9.39,-0.01,-1.71,0,0,1,53
52900,-8.34,-0.39,-0.46,0,0,1,53
52920,-8.11,-1.75,-1.05,0,0,1,53
52940,-9.01,-2.16,-2.45,0,0,1,53
52960,-9.32,-1.77,-1.95,0,0,1,53
52980,-9.01,-2.03,-1.8,0,0,1,53
53000,-8.98,-3.04,-1.79,0,0,1,53
53020,-9.19,-3.88,-1.51,0,0,1,53
53040,-8.64,-3.31,-0.87,0,0,1,53
53060,-8.5,-2.58,-0.6,0,0,1,53
53080,-8.85,-2.56,-1.1,0,0,1,53
53100,-9.64,-3.61,-2.74,0,0,1,53
53120,-9.98,-4.45,-3.56,0,0,1,53
53140,-9.22,-4.62,-2.52,0,0,1,53
53160,-8.32,-4.45,-0.8,0,0,1,53
53180,-8.32,-4.04,-0.39,0,0,1,53
53200,-8.9,-3.8,-1.57,0,0,1,53
53220,-9.79,-3.88,-2.58,0,0,1,53
53240,-9.55,-3.85,-2.93,0,0,1,53
53260,-8.56,-4.68,-2.31,0,0,1,53
53280,-7.47,-4.88,-1.67,0,0,1,53
53300,-7.2,-5.32,-1.49,0,0,1,53
53320,-7.47,-5.39,-1.74,0,0,1,53
53340,-8.13,-5.4,-2.25,0,0,1,53
53360,-8.73,-5.0,-2.31,0,0,1,53
53380,-9.12,-4.49,-2.03,0,0,1,53
53400,-9.31,-3.83,-1.97,0,0,1,53
53420,-9.76,-3.83,-1.84,0,0,1,53
53440,-9.58,-4.41,-1.83,0,0,1,53
53460,-9.01,-4.8,-1.78,0,0,1,53
53480,-8.54,-4.76,-1.62,0,0,1,53
53500,-8.25,-4.51,-1.5,0,0,1,53
53520,-8.19,-4.21,-1.6,0,0,1,53
53540,-8.2,-4.22,-1.65,0,0,1,53
53560,-8.14,-4.51,-1.77,0,0,1,53
53580,-8.16,-4.86,-1.97,0,0,1,53
53600,-8.17,-5.02,-2.0,0,0,1,53
53620,-8.3,-4.89,-1.81,0,0,1,53
53640,-8.2,-4.52,-1.84,0,0,1,53
53660,-8.18,-4.53,-1.88,0,0,1,53
53680,-8.26,-4.54,-1.94,0,0,1,53
53700,-8.28,-4.45,-1.86,0,0,1,53
53720,-8.26,-4.24,-1.71,0,0,1,53
53740,-8.23,-4.25,-1.62,0,0,1,53
53760,-8.16,-4.44,-1.75,0,0,1,53
53780,-8.39,-4.4,-1.67,0,0,1,53
53800,-8.66,-4.25,-1.77,0,0,1,53
53820,-8.92,-4.14,-2.11,0,0,1,53
53840,-8.94,-4.32,-2.39,0,0,1,53
53860,-8.58,-4.49,-2.22,0,0,1,53
53880,-8.25,-4.36,-1.86,0,0,1,53
53900,-8.18,-4.24,-1.69,0,0,1,53
53920,-8.28,-4.08,-1.9,0,0,1,53
53940,-8.3,-4.06,-1.99,0,0,1,53
53960,-8.26,-4.11,-1.94,0,0,1,53
53980,-8.3,-4.01,-1.68,0,0,1,53
53000,-8.98,-3.04,-1.79,0,0,1,54
53020,-9.19,-3.88,-1.51,0,0,1,54
53040,-8.64,-3.31,-0.87,0,0,1,54
53060,-8.5,-2.58,-0.6,0,0,1,54
53080,-8.85,-2.56,-1.1,0,0,1,54
53100,-9.64,-3.61,-2.74,0,0,1,54
53120,-9.98,-4.45,-3.56,0,0,1,54
53140,-9.22,-4.62,-2.52,0,0,1,54
53160,-8.32,-4.45,-0.8,0,0,1,54
53180,-8.32,-4.04,-0.39,0,0,1,54
53200,-8.9,-3.8,-1.57,0,0,1,54
53220,-9.79,-3.88,-2.58,0,0,1,54
53240,-9.55,-3.85,-2.93,0,0,1,54
53260,-8.56,-4.68,-2.31,0,0,1,54
53280,-7.47,-4.88,-1.67,0,0,1,54
53300,-7.2,-5.32,-1.49,0,0,1,54
53320,-7.47,-5.39,-1.74,0,0,1,54
53340,-8.13,-5.4,-2.25,0,0,1,54
53360,-8.73,-5.0,-2.31,0,0,1,54
53380,-9.12,-4.49,-2.03,0,0,1,54
53400,-9.31,-3.83,-1.97,0,0,1,54
53420,-9.76,-3.83,-1.84,0,0,1,54
53440,-9.58,-4.41,-1.83,0,0,1,54
53460,-9.01,-4.8,-1.78,0,0,1,54
53480,-8.54,-4.76,-1.62,0,0,1,54
53500,-8.25,-4.51,-1.5,0,0,1,54
53520,-8.19,-4.21,-1.6,0,0,1,54
53540,-8.2,-4.22,-1.65,0,0,1,54
53560,-8.14,-4.51,-1.77,0,0,1,54
53580,-8.16,-4.86,-1.97,0,0,1,54
53600,-8.17,-5.02,-2.0,0,0,1,54
53620,-8.3,-4.89,-1.81,0,0,1,54
53640,-8.2,-4.52,-1.84,0,0,1,54
53660,-8.18,-4.53,-1.88,0,0,1,54
53680,-8.26,-4.54,-1.94,0,0,1,54
53700,-8.28,-4.45,-1.86,0,0,1,54
53720,-8.26,-4.24,-1.71,0,0,1,54
53740,-8.23,-4.25,-1.62,0,0,1,54
53760,-8.16,-4.44,-1.75,0,0,1,54
53780,-8.39,-4.4,-1.67,0,0,1,54
53800,-8.66,-4.25,-1.77,0,0,1,54
53820,-8.92,-4.14,-2.11,0,0,1,54
53840,-8.94,-4.32,-2.39,0,0,1,54
53860,-8.58,-4.49,-2.22,0,0,1,54
53880,-8.25,-4.36,-1.86,0,0,1,54
53900,-8.18,-4.24,-1.69,0,0,1,54
53920,-8.28,-4.08,-1.9,0,0,1,54
53940,-8.3,-4.06,-1.99,0,0,1,54
53960,-8.26,-4.11,-1.94,0,0,1,54
53980,-8.3,-4.01,-1.68,0,0,1,54
54000,-8.32,-3.77,-1.66,0,0,1,54
54020,-8.44,-3.56,-1.61,0,0,1,54
54040,-8.54,-3.54,-1.72,0,0,1,54
54060,-8.61,-3.73,-1.71,0,0,1,54
54080,-9.03,-3.92,-1.63,0,0,1,54
54100,-9.19,-3.96,-1.94,0,0,1,54
54120,-9.27,-4.22,-2.08,0,0,1,54
54140,-9.27,-4.28,-1.98,0,0,1,54
54160,-8.66,-3.99,-2.04,0,0,1,54
54180,-7.92,-4.16,-2.54,0,0,1,54
54200,-7.32,-4.57,-2.81,0,0,1,54
54220,-7.01,-4.43,-2.89,0,0,1,54
54240,-6.75,-4.39,-3.01,0,0,1,54
54260,-6.97,-4.56,-3.2,0,0,1,54
54280,-7.81,-4.33,-3.04,0,0,1,54
54300,-8.94,-3.76,-2.96,0,0,1,54
54320,-8.9,-3.17,-3.63,0,0,1,54
54340,-8.69,-3.21,-3.46,0,0,1,54
54360,-8.0,-2.67,-2.52,0,0,1,54
54380,-7.43,-2.43,-1.37,0,0,1,54
54400,-7.46,-3.18,-1.25,0,0,1,54
54420,-7.3,-4.23,-1.86,0,0,1,54
54440,-7.25,-4.19,-1.93,0,0,1,54
54460,-7.78,-3.47,-1.78,0,0,1,54
54480,-8.25,-2.49,-1.66,0,0,1,54
54500,-8.15,-2.77,-1.89,0,0,1,54
54520,-7.47,-3.08,-1.55,0,0,1,54
54540,-7.04,-3.43,-1.0,0,0,1,54
54560,-7.15,-3.56,-0.68,0,0,1,54
54580,-7.41,-3.84,-1.36,0,0,1,54
54600,-8.09,-4.41,-1.79,0,0,1,54
54620,-8.21,-4.52,-1.6,0,0,1,54
54640,-8.8,-4.22,-1.58,0,0,1,54
54660,-8.56,-3.69,-1.86,0,0,1,54
54680,-8.56,-3.29,-1.92,0,0,1,54
54700,-8.42,-3.76,-1.73,0,0,1,54
54720,-8.89,-3.63,-1.09,0,0,1,54
54740,-9.12,-2.57,-1.4,0,0,1,54
54760,-9.13,-2.51,-1.74,0,0,1,54
54780,-9.06,-2.39,-2.1,0,0,1,54
54800,-8.96,-2.19,-1.74,0,0,1,54
54820,-8.94,-1.71,-1.07,0,0,1,54
54840,-9.31,-1.43,-1.31,0,0,1,54
54860,-9.73,-1.73,-2.25,0,0,1,54
54880,-9.78,-1.72,-2.36,0,0,1,54
54900,-9.61,-1.52,-1.66,0,0,1,54
54920,-9.63,-1.32,-1.06,0,0,1,54
54940,-9.75,-1.13,-0.92,0,0,1,54
54960,-10.24,-0.84,-1.04,0,0,1,54
54980,-10.82,-0.28,-1.25,0,0,1,54
54000,-8.32,-3.77,-1.66,0,0,1,55
54020,-8.44,-3.56,-1.61,0,0,1,55
54040,-8.54,-3.54,-1.72,0,0,1,55
54060,-8.61,-3.73,-1.71,0,0,1,55
54080,-9.03,-3.92,-1.63,0,0,1,55
54100,-9.19,-3.96,-1.94,0,0,1,55
54120,-9.27,-4.22,-2.08,0,0,1,55
54140,-9.27,-4.28,-1.98,0,0,1,55
54160,-8.66,-3.99,-2.04,0,0,1,55
54180,-7.92,-4.16,-2.54,0,0,1,55
54200,-7.32,-4.57,-2.81,0,0,1,55
54220,-7.01,-4.43,-2.89,0,0,1,55
54240,-6.75,-4.39,-3.01,0,0,1,55
54260,-6.97,-4.56,-3.2,0,0,1,55
54280,-7.81,-4.33,-3.04,0,0,1,55
54300,-8.94,-3.76,-2.96,0,0,1,55
54320,-8.9,-3.17,-3.63,0,0,1,55
54340,-8.69,-3.21,-3.46,0,0,1,55
54360,-8.0,-2.67,-2.52,0,0,1,55
54380,-7.43,-2.43,-1.37,0,0,1,55
54400,-7.46,-3.18,-1.25,0,0,1,55
54420,-7.3,-4.23,-1.86,0,0,1,55
54440,-7.25,-4.19,-1.93,0,0,1,55
54460,-7.78,-3.47,-1.78,0,0,1,55
54480,-8.25,-2.49,-1.66,0,0,1,55
54500,-8.15,-2.77,-1.89,0,0,1,55
54520,-7.47,-3.08,-1.55,0,0,1,55
54540,-7.04,-3.43,-1.0,0,0,1,55
54560,-7.15,-3.56,-0.68,0,0,1,55
54580,-7.41,-3.84,-1.36,0,0,1,55
54600,-8.09,-4.41,-1.79,0,0,1,55
54620,-8.21,-4.52,-1.6,0,0,1,55
54640,-8.8,-4.22,-1.58,0,0,1,55
54660,-8.56,-3.69,-1.86,0,0,1,55
54680,-8.56,-3.29,-1.92,0,0,1,55
54700,-8.42,-3.76,-1.73,0,0,1,55
54720,-8.89,-3.63,-1.09,0,0,1,55
54740,-9.12,-2.57,-1.4,0,0,1,55
54760,-9.13,-2.51,-1.74,0,0,1,55
54780,-9.06,-2.39,-2.1,0,0,1,55
54800,-8.96,-2.19,-1.74,0,0,1,55
54820,-8.94,-1.71,-1.07,0,0,1,55
54840,-9.31,-1.43,-1.31,0,0,1,55
54860,-9.73,-1.73,-2.25,0,0,1,55
54880,-9.78,-1.72,-2.36,0,0,1,55
54900,-9.61,-1.52,-1.66,0,0,1,55
54920,-9.63,-1.32,-1.06,0,0,1,55
54940,-9.75,-1.13,-0.92,0,0,1,55
54960,-10.24,-0.84,-1.04,0,0,1,55
54980,-10.82,-0.28,-1.25,0,0,1,55
55000,-10.56,0.24,-0.97,0,0,1,55
55020,-10.54,0.09,-0.26,0,0,1,55
55040,-10.34,-0.26,-0.32,0,0,1,55
55060,-10.68,-0.54,-0.91,0,0,1,55
55080,-10.82,-0.5,-1.08,0,0,1,55
55100,-10.36,-0.48,-0.53,0,0,1,55
55120,-10.01,-0.52,0.04,0,0,1,55
55140,-9.84,-0.48,-0.07,0,0,1,55
55160,-10.2,-0.32,-0.32,0,0,1,55
55180,-10.31,-0.01,-0.8,0,0,1,55
55200,-10.15,-0.34,-0.57,0,0,1,55
55220,-9.97,-0.86,0.01,0,0,1,55
55240,-10.16,-1.26,-0.45,0,0,1,55
55260,-10.67,-0.89,-1.29,0,0,1,55
55280,-10.25,-0.09,-0.85,0,0,1,55
55300,-9.53,0.15,0.09,0,0,1,55
55320,-9.26,-0.17,0.46,0,0,1,55
55340,-9.56,-0.32,-0.32,0,0,1,55
55360,-10.23,-0.0,-0.95,0,0,1,55
55380,-10.03,0.57,-0.81,0,0,1,55
55400,-10.84,-0.41,0.56,0,0,1,55
55420,-12.06,-0.04,0.31,0,0,1,55
55440,-11.97,0.9,-0.59,0,0,1,55
55460,-10.38,1.01,-1.43,0,0,1,55
55480,-8.61,0.15,-0.51,0,0,1,55
55500,-8.17,0.05,-0.21,0,0,1,55
55520,-8.97,0.65,0.02,0,0,1,55
55540,-9.39,0.53,0.06,0,0,1,55
55560,-9.94,-0.21,-0.3,0,0,1,55
55580,-10.52,-0.93,-1.34,0,0,1,55
55600,-9.9,-0.41,-1.5,0,0,1,55
55620,-9.82,0.51,-0.11,0,0,1,55
55640,-10.01,0.61,-0.0,0,0,1,55
55660,-10.29,-0.22,-0.55,0,0,1,55
55680,-9.63,-1.2,-0.21,0,0,1,55
55700,-8.66,-2.24,0.15,0,0,1,55
55720,-8.36,-3.0,0.87,0,0,1,55
55740,-8.3,-2.73,0.64,0,0,1,55
55760,-8.71,-1.07,0.21,0,0,1,55
55780,-9.36,0.8,0.1,0,0,1,55
55800,-10.12,1.4,0.36,0,0,1,55
55820,-10.32,0.86,0.34,0,0,1,55
55840,-10.15,-0.19,-0.04,0,0,1,55
55860,-9.41,-0.62,0.3,0,0,1,55
55880,-8.62,-0.44,1.03,0,0,1,55
55900,-8.62,-0.34,1.11,0,0,1,55
55920,-9.19,-0.39,0.37,0,0,1,55
55940,-9.67,-0.46,-0.1,0,0,1,55
55960,-9.89,-0.32,-0.25,0,0,1,55
55980,-9.93,0.04,-0.12,0,0,1,55
55000,-10.56,0.24,-0.97,0,0,1,56
55020,-10.54,0.09,-0.26,0,0,1,56
55040,-10.34,-0.26,-0.32,0,0,1,56
55060,-10.68,-0.54,-0.91,0,0,1,56
55080,-10.82,-0.5,-1.08,0,0,1,56
55100,-10.36,-0.48,-0.53,0,0,1,56
55120,-10.01,-0.52,0.04,0,0,1,56
55140,-9.84,-0.48,-0.07,0,0,1,56
55160,-10.2,-0.32,-0.32,0,0,1,56
55180,-10.31,-0.01,-0.8,0,0,1,56
55200,-10.15,-0.34,-0.57,0,0,1,56
55220,-9.97,-0.86,0.01,0,0,1,56
55240,-10.16,-1.26,-0.45,0,0,1,56
55260,-10.67,-0.89,-1.29,0,0,1,56
55280,-10.25,-0.09,-0.85,0,0,1,56
55300,-9.53,0.15,0.09,0,0,1,56
55320,-9.26,-0.17,0.46,0,0,1,56
55340,-9.56,-0.32,-0.32,0,0,1,56
55360,-10.23,-0.0,-0.95,0,0,1,56
55380,-10.03,0.57,-0.81,0,0,1,56
55400,-10.84,-0.41,0.56,0,0,1,56
55420,-12.06,-0.04,0.31,0,0,1,56
55440,-11.97,0.9,-0.59,0,0,1,56
55460,-10.38,1.01,-1.43,0,0,1,56
55480,-8.61,0.15,-0.51,0,0,1,56
55500,-8.17,0.05,-0.21,0,0,1,56
55520,-8.97,0.65,0.02,0,0,1,56
55540,-9.39,0.53,0.06,0,0,1,56
55560,-9.94,-0.21,-0.3,0,0,1,56
55580,-10.52,-0.93,-1.34,0,0,1,56
55600,-9.9,-0.41,-1.5,0,0,1,56
55620,-9.82,0.51,-0.11,0,0,1,56
55640,-10.01,0.61,-0.0,0,0,1,56
55660,-10.29,-0.22,-0.55,0,0,1,56
55680,-9.63,-1.2,-0.21,0,0,1,56
55700,-8.66,-2.24,0.15,0,0,1,56
55720,-8.36,-3.0,0.87,0,0,1,56
55740,-8.3,-2.73,0.64,0,0,1,56
55760,-8.71,-1.07,0.21,0,0,1,56
55780,-9.36,0.8,0.1,0,0,1,56
55800,-10.12,1.4,0.36,0,0,1,56
55820,-10.32,0.86,0.34,0,0,1,56
55840,-10.15,-0.19,-0.04,0,0,1,56
55860,-9.41,-0.62,0.3,0,0,1,56
55880,-8.62,-0.44,1.03,0,0,1,56
55900,-8.62,-0.34,1.11,0,0,1,56
55920,-9.19,-0.39,0.37,0,0,1,56
55940,-9.67,-0.46,-0.1,0,0,1,56
55960,-9.89,-0.32,-0.25,0,0,1,56
55980,-9.93,0.04,-0.12,0,0,1,56
56000,-9.88,0.15,0.21,0,0,1,56
56020,-9.85,-0.16,0.11,0,0,1,56
56040,-9.88,-0.18,-0.2,0,0,1,56
56060,-9.55,0.18,0.09,0,0,1,56
56080,-9.3,0.41,0.45,0,0,1,56
56100,-9.43,0.41,0.11,0,0,1,56
56120,-9.63,0.17,-0.32,0,0,1,56
56140,-9.73,-0.09,-0.2,0,0,1,56
56160,-9.58,-0.31,0.0,0,0,1,56
56180,-9.78,-0.34,-0.23,0,0,1,56
56200,-9.89,-0.19,-0.53,0,0,1,56
56220,-9.63,-0.13,-0.2,0,0,1,56
56240,-9.27,-0.24,0.22,0,0,1,56
56260,-9.32,-0.34,0.17,0,0,1,56
56280,-9.46,-0.35,-0.12,0,0,1,56
56300,-9.6,-0.4,-0.29,0,0,1,56
56320,-9.43,-0.6,-0.17,0,0,1,56
56340,-9.48,-0.85,-0.11,0,0,1,56
56360,-9.61,-0.74,-0.31,0,0,1,56
56380,-9.77,-0.55,-0.37,0,0,1,56
56400,-9.73,-0.39,-0.32,0,0,1,56
56420,-9.55,-0.42,-0.21,0,0,1,56
56440,-9.47,-0.56,-0.16,0,0,1,56
56460,-9.51,-0.78,-0.27,0,0,1,56
56480,-9.5,-0.77,-0.29,0,0,1,56
56500,-9.53,-0.59,-0.27,0,0,1,56
56520,-9.48,-0.45,-0.17,0,0,1,56
56540,-9.58,-0.47,-0.25,0,0,1,56
56560,-9.69,-0.42,-0.37,0,0,1,56
56580,-9.65,-0.35,-0.26,0,0,1,56
56600,-9.6,-0.31,-0.14,0,0,1,56
56620,-9.62,-0.3,-0.28,0,0,1,56
56640,-9.57,-0.37,-0.33,0,0,1,56
56660,-9.53,-0.45,-0.21,0,0,1,56
56680,-9.4,-0.45,-0.13,0,0,1,56
56700,-9.5,-0.38,-0.3,0,0,1,56
56720,-9.63,-0.36,-0.39,0,0,1,56
56740,-9.55,-0.38,-0.45,0,0,1,56
56760,-9.57,-0.44,-0.26,0,0,1,56
56780,-9.59,-0.38,-0.28,0,0,1,56
56800,-9.65,-0.29,-0.34,0,0,1,56
56820,-9.62,-0.38,-0.29,0,0,1,56
56840,-9.53,-0.56,-0.14,0,0,1,56
56860,-9.53,-0.55,-0.26,0,0,1,56
56880,-9.66,-0.46,-0.37,0,0,1,56
56900,-9.68,-0.49,-0.3,0,0,1,56
56920,-9.52,-0.43,-0.25,0,0,1,56
56940,-9.6,-0.34,-0.3,0,0,1,56
56960,-9.67,-0.23,-0.4,0,0,1,56
56980,-9.61,-0.36,-0.29,0,0,1,56
56000,-9.88,0.15,0.21,0,0,1,57
56020,-9.85,-0.16,0.11,0,0,1,57
56040,-9.88,-0.18,-0.2,0,0,1,57
56060,-9.55,0.18,0.09,0,0,1,57
56080,-9.3,0.41,0.45,0,0,1,57
56100,-9.43,0.41,0.11,0,0,1,57
56120,-9.63,0.17,-0.32,0,0,1,57
56140,-9.73,-0.09,-0.2,0,0,1,57
56160,-9.58,-0.31,0.0,0,0,1,57
56180,-9.78,-0.34,-0.23,0,0,1,57
56200,-9.89,-0.19,-0.53,0,0,1,57
56220,-9.63,-0.13,-0.2,0,0,1,57
56240,-9.27,-0.24,0.22,0,0,1,57
56260,-9.32,-0.34,0.17,0,0,1,57
56280,-9.46,-0.35,-0.12,0,0,1,57
56300,-9.6,-0.4,-0.29,0,0,1,57
56320,-9.43,-0.6,-0.17,0,0,1,57
56340,-9.48,-0.85,-0.11,0,0,1,57
56360,-9.61,-0.74,-0.31,0,0,1,57
56380,-9.77,-0.55,-0.37,0,0,1,57
56400,-9.73,-0.39,-0.32,0,0,1,57
56420,-9.55,-0.42,-0.21,0,0,1,57
56440,-9.47,-0.56,-0.16,0,0,1,57
56460,-9.51,-0.78,-0.27,0,0,1,57
56480,-9.5,-0.77,-0.29,0,0,1,57
56500,-9.53,-0.59,-0.27,0,0,1,57
56520,-9.48,-0.45,-0.17,0,0,1,57
56540,-9.58,-0.47,-0.25,0,0,1,57
56560,-9.69,-0.42,-0.37,0,0,1,57
56580,-9.65,-0.35,-0.26,0,0,1,57
56600,-9.6,-0.31,-0.14,0,0,1,57
56620,-9.62,-0.3,-0.28,0,0,1,57
56640,-9.57,-0.37,-0.33,0,0,1,57
56660,-9.53,-0.45,-0.21,0,0,1,57
56680,-9.4,-0.45,-0.13,0,0,1,57
56700,-9.5,-0.38,-0.3,0,0,1,57
56720,-9.63,-0.36,-0.39,0,0,1,57
56740,-9.55,-0.38,-0.45,0,0,1,57
56760,-9.57,-0.44,-0.26,0,0,1,57
56780,-9.59,-0.38,-0.28,0,0,1,57
56800,-9.65,-0.29,-0.34,0,0,1,57
56820,-9.62,-0.38,-0.29,0,0,1,57
56840,-9.53,-0.56,-0.14,0,0,1,57
56860,-9.53,-0.55,-0.26,0,0,1,57
56880,-9.66,-0.46,-0.37,0,0,1,57
56900,-9.68,-0.49,-0.3,0,0,1,57
56920,-9.52,-0.43,-0.25,0,0,1,57
56940,-9.6,-0.34,-0.3,0,0,1,57
56960,-9.67,-0.23,-0.4,0,0,1,57
56980,-9.61,-0.36,-0.29,0,0,1,57
57000,-9.48,-0.55,-0.12,0,0,1,57
57020,-9.58,-0.5,-0.13,0,0,1,57
57040,-9.65,-0.33,-0.27,0,0,1,57
57060,-9.63,-0.33,-0.29,0,0,1,57
57080,-9.61,-0.34,-0.27,0,0,1,57
57100,-9.7,-0.26,-0.29,0,0,1,57
57120,-9.77,-0.06,-0.44,0,0,1,57
57140,-10.23,-0.16,-0.38,0,0,1,57
57160,-10.33,0.0,-0.27,0,0,1,57
57180,-11.01,-0.04,0.01,0,0,1,57
57200,-10.46,0.4,0.12,0,0,1,57
57220,-10.29,0.38,0.55,0,0,1,57
57240,-9.88,-0.02,0.9,0,0,1,57
57260,-10.52,-0.34,0.91,0,0,1,57
57280,-11.13,-1.01,-0.03,0,0,1,57
57300,-10.38,-1.84,-0.5,0,0,1,57
57320,-8.88,-1.83,0.05,0,0,1,57
57340,-8.79,-2.22,0.56,0,0,1,57
57360,-10.57,-2.1,-0.27,0,0,1,57
57380,-12.05,0.13,-0.39,0,0,1,57
57400,-11.52,1.13,0.27,0,0,1,57
57420,-11.2,-0.02,0.86,0,0,1,57
57440,-11.27,-0.85,0.09,0,0,1,57
57460,-11.59,-0.99,-0.26,0,0,1,57
57480,-11.35,-0.57,0.36,0,0,1,57
57500,-10.74,-0.43,1.0,0,0,1,57
57520,-10.8,-0.87,1.0,0,0,1,57
57540,-10.88,-1.12,0.46,0,0,1,57
57560,-10.85,-1.32,0.44,0,0,1,57
57580,-10.26,-1.42,0.36,0,0,1,57
57600,-9.82,-1.76,0.32,0,0,1,57
57620,-9.49,-2.17,0.2,0,0,1,57
57640,-9.1,-2.45,0.33,0,0,1,57
57660,-9.02,-2.6,0.34,0,0,1,57
57680,-8.9,-2.82,0.24,0,0,1,57
57700,-8.23,-2.78,-0.15,0,0,1,57
57720,-7.99,-3.14,-0.24,0,0,1,57
57740,-7.59,-3.96,-0.54,0,0,1,57
57760,-6.82,-4.84,-0.58,0,0,1,57
57780,-6.25,-4.92,-0.34,0,0,1,57
57800,-6.16,-4.61,-0.17,0,0,1,57
57820,-6.03,-4.39,-0.05,0,0,1,57
57840,-6.31,-4.14,-0.33,0,0,1,57
57860,-6.67,-3.99,-0.92,0,0,1,57
57880,-6.35,-4.45,-0.93,0,0,1,57
57900,-6.17,-5.4,-0.69,0,0,1,57
57920,-6.27,-6.04,-0.98,0,0,1,57
57940,-6.49,-5.94,-1.19,0,0,1,57
57960,-6.57,-5.59,-1.71,0,0,1,57
57980,-7.04,-5.09,-2.55,0,0,1,57
57000,-9.48,-0.55,-0.12,0,0,1,58
57020,-9.58,-0.5,-0.13,0,0,1,58
57040,-9.65,-0.33,-0.27,0,0,1,58
57060,-9.63,-0.33,-0.29,0,0,1,58
57080,-9.61,-0.34,-0.27,0,0,1,58
57100,-9.7,-0.26,-0.29,0,0,1,58
57120,-9.77,-0.06,-0.44,0,0,1,58
57140,-10.23,-0.16,-0.38,0,0,1,58
57160,-10.33,0.0,-0.27,0,0,1,58
57180,-11.01,-0.04,0.01,0,0,1,58
57200,-10.46,0.4,0.12,0,0,1,58
57220,-10.29,0.38,0.55,0,0,1,58
57240,-9.88,-0.02,0.9,0,0,1,58
57260,-10.52,-0.34,0.91,0,0,1,58
57280,-11.13,-1.01,-0.03,0,0,1,58
57300,-10.38,-1.84,-0.5,0,0,1,58
57320,-8.88,-1.83,0.05,0,0,1,58
57340,-8.79,-2.22,0.56,0,0,1,58
57360,-10.57,-2.1,-0.27,0,0,1,58
57380,-12.05,0.13,-0.39,0,0,1,58
57400,-11.52,1.13,0.27,0,0,1,58
57420,-11.2,-0.02,0.86,0,0,1,58
57440,-11.27,-0.85,0.09,0,0,1,58
57460,-11.59,-0.99,-0.26,0,0,1,58
57480,-11.35,-0.57,0.36,0,0,1,58
57500,-10.74,-0.43,1.0,0,0,1,58
57520,-10.8,-0.87,1.0,0,0,1,58
57540,-10.88,-1.12,0.46,0,0,1,58
57560,-10.85,-1.32,0.44,0,0,1,58
57580,-10.26,-1.42,0.36,0,0,1,58
57600,-9.82,-1.76,0.32,0,0,1,58
57620,-9.49,-2.17,0.2,0,0,1,58
57640,-9.1,-2.45,0.33,0,0,1,58
57660,-9.02,-2.6,0.34,0,0,1,58
57680,-8.9,-2.82,0.24,0,0,1,58
57700,-8.23,-2.78,-0.15,0,0,1,58
57720,-7.99,-3.14,-0.24,0,0,1,58
57740,-7.59,-3.96,-0.54,0,0,1,58
57760,-6.82,-4.84,-0.58,0,0,1,58
57780,-6.25,-4.92,-0.34,0,0,1,58
57800,-6.16,-4.61,-0.17,0,0,1,58
57820,-6.03,-4.39,-0.05,0,0,1,58
57840,-6.31,-4.14,-0.33,0,0,1,58
57860,-6.67,-3.99,-0.92,0,0,1,58
57880,-6.35,-4.45,-0.93,0,0,1,58
57900,-6.17,-5.4,-0.69,0,0,1,58
57920,-6.27,-6.04,-0.98,0,0,1,58
57940,-6.49,-5.94,-1.19,0,0,1,58
57960,-6.57,-5.59,-1.71,0,0,1,58
57980,-7.04,-5.09,-2.55,0,0,1,58
58000,-6.95,-5.18,-2.63,0,0,1,58
58020,-6.45,-5.89,-1.63,0,0,1,58
58040,-6.22,-6.21,-1.31,0,0,1,58
58060,-6.81,-6.5,-2.44,0,0,1,58
58080,-7.86,-6.75,-3.58,0,0,1,58
58100,-7.94,-6.5,-3.63,0,0,1,58
58120,-7.44,-5.76,-2.9,0,0,1,58
58140,-7.61,-5.14,-2.73,0,0,1,58
58160,-8.03,-5.05,-3.46,0,0,1,58
58180,-8.07,-4.91,-3.81,0,0,1,58
58200,-8.2,-4.36,-3.59,0,0,1,58
58220,-8.14,-3.91,-3.57,0,0,1,58
58240,-8.17,-3.59,-3.64,0,0,1,58
58260,-8.3,-3.61,-3.97,0,0,1,58
58280,-8.44,-3.43,-3.82,0,0,1,58
58300,-8.46,-3.39,-3.77,0,0,1,58
58320,-8.78,-2.95,-4.25,0,0,1,58
58340,-8.91,-2.77,-4.54,0,0,1,58
58360,-10.7,-4.99,-4.31,0,0,1,58
58380,-10.12,0.35,-1.75,0,0,1,58
58400,-8.0,2.94,-0.05,0,0,1,58
58420,-8.21,-0.16,-2.04,0,0,1,58
58440,-7.81,-5.28,-2.36,0,0,1,58
58460,-7.14,-6.97,-2.38,0,0,1,58
58480,-9.1,-4.22,-3.36,0,0,1,58
58500,-10.51,-0.58,-4.0,0,0,1,58
58520,-9.91,0.32,-3.28,0,0,1,58
58540,-8.69,-1.63,-2.19,0,0,1,58
58560,-8.22,-3.5,-2.04,0,0,1,58
58580,-8.71,-3.54,-2.52,0,0,1,58
58600,-8.88,-2.62,-2.65,0,0,1,58
58620,-8.96,-1.79,-2.4,0,0,1,58
58640,-8.69,-0.96,-2.16,0,0,1,58
58660,-8.7,-0.78,-2.36,0,0,1,58
58680,-8.68,-1.3,-2.7,0,0,1,58
58700,-9.03,-1.76,-2.84,0,0,1,58
58720,-9.41,-2.08,-3.07,0,0,1,58
58740,-9.72,-1.9,-3.27,0,0,1,58
58760,-9.33,-1.55,-3.54,0,0,1,58
58780,-8.68,-1.18,-3.33,0,0,1,58
58800,-8.28,-0.82,-2.82,0,0,1,58
58820,-8.28,-0.08,-2.65,0,0,1,58
58840,-8.39,0.42,-2.11,0,0,1,58
58860,-7.92,1.04,-2.05,0,0,1,58
58880,-8.11,1.53,-1.88,0,0,1,58
58900,-8.71,1.54,-2.45,0,0,1,58
58920,-9.84,1.07,-3.06,0,0,1,58
58940,-9.87,0.74,-3.24,0,0,1,58
58960,-9.58,0.53,-3.33,0,0,1,58
58980,-9.02,0.58,-3.08,0,0,1,58
58000,-6.95,-5.18,-2.63,0,0,1,59
58020,-6.45,-5.89,-1.63,0,0,1,59
58040,-6.22,-6.21,-1.31,0,0,1,59
58060,-6.81,-6.5,-2.44,0,0,1,59
58080,-7.86,-6.75,-3.58,0,0,1,59
58100,-7.94,-6.5,-3.63,0,0,1,59
58120,-7.44,-5.76,-2.9,0,0,1,59
58140,-7.61,-5.14,-2.73,0,0,1,59
58160,-8.03,-5.05,-3.46,0,0,1,59
58180,-8.07,-4.91,-3.81,0,0,1,59
58200,-8.2,-4.36,-3.59,0,0,1,59
58220,-8.14,-3.91,-3.57,0,0,1,59
58240,-8.17,-3.59,-3.64,0,0,1,59
58260,-8.3,-3.61,-3.97,0,0,1,59
58280,-8.44,-3.43,-3.82,0,0,1,59
58300,-8.46,-3.39,-3.77,0,0,1,59
58320,-8.78,-2.95,-4.25,0,0,1,59
58340,-8.91,-2.77,-4.54,0,0,1,59
58360,-10.7,-4.99,-4.31,0,0,1,59
58380,-10.12,0.35,-1.75,0,0,1,59
58400,-8.0,2.94,-0.05,0,0,1,59
58420,-8.21,-0.16,-2.04,0,0,1,59
58440,-7.81,-5.28,-2.36,0,0,1,59
58460,-7.14,-6.97,-2.38,0,0,1,59
58480,-9.1,-4.22,-3.36,0,0,1,59
58500,-10.51,-0.58,-4.0,0,0,1,59
58520,-9.91,0.32,-3.28,0,0,1,59
58540,-8.69,-1.63,-2.19,0,0,1,59
58560,-8.22,-3.5,-2.04,0,0,1,59
58580,-8.71,-3.54,-2.52,0,0,1,59
58600,-8.88,-2.62,-2.65,0,0,1,59
58620,-8.96,-1.79,-2.4,0,0,1,59
58640,-8.69,-0.96,-2.16,0,0,1,59
58660,-8.7,-0.78,-2.36,0,0,1,59
58680,-8.68,-1.3,-2.7,0,0,1,59
58700,-9.03,-1.76,-2.84,0,0,1,59
58720,-9.41,-2.08,-3.07,0,0,1,59
58740,-9.72,-1.9,-3.27,0,0,1,59
58760,-9.33,-1.55,-3.54,0,0,1,59
58780,-8.68,-1.18,-3.33,0,0,1,59
58800,-8.28,-0.82,-2.82,0,0,1,59
58820,-8.28,-0.08,-2.65,0,0,1,59
58840,-8.39,0.42,-2.11,0,0,1,59
58860,-7.92,1.04,-2.05,0,0,1,59
58880,-8.11,1.53,-1.88,0,0,1,59
58900,-8.71,1.54,-2.45,0,0,1,59
58920,-9.84,1.07,-3.06,0,0,1,59
58940,-9.87,0.74,-3.24,0,0,1,59
58960,-9.58,0.53,-3.33,0,0,1,59
58980,-9.02,0.58,-3.08,0,0,1,59
59000,-8.72,0.73,-2.79,0,0,1,59
59020,-7.73,1.21,-2.41,0,0,1,59
59040,-7.43,1.79,-1.91,0,0,1,59
59060,-8.56,3.62,-1.86,0,0,1,59
59080,-8.34,5.06,-2.65,0,0,1,59
59100,-8.83,5.21,-3.24,0,0,1,59
59120,-9.08,4.51,-3.7,0,0,1,59
59140,-8.86,3.22,-4.18,0,0,1,59
59160,-8.56,1.35,-4.21,0,0,1,59
59180,-8.49,0.27,-3.9,0,0,1,59
59200,-9.29,-0.01,-3.68,0,0,1,59
59220,-10.91,0.81,-6.08,0,0,1,59
59240,-12.88,1.2,-7.77,0,0,1,59
59260,-11.55,1.31,-6.39,0,0,1,59
59280,-9.49,1.51,-3.56,0,0,1,59
59300,-7.25,1.83,-1.68,0,0,1,59
59320,-7.99,1.36,-1.77,0,0,1,59
59340,-9.07,0.75,-3.79,0,0,1,59
59360,-9.13,-0.53,-4.49,0,0,1,59
59380,-9.07,-0.88,-4.32,0,0,1,59
59400,-8.86,-0.6,-5.02,0,0,1,59
59420,-8.44,-0.65,-5.48,0,0,1,59
59440,-8.24,-0.0,-5.29,0,0,1,59
59460,-7.95,0.58,-4.88,0,0,1,59
59480,-7.97,0.74,-4.37,0,0,1,59
59500,-7.7,0.87,-4.46,0,0,1,59
59520,-7.59,1.11,-4.97,0,0,1,59
59540,-8.13,1.17,-5.74,0,0,1,59
59560,-8.33,1.25,-6.19,0,0,1,59
59580,-8.08,1.03,-5.67,0,0,1,59
59600,-7.63,0.98,-4.97,0,0,1,59
59620,-7.5,0.8,-5.12,0,0,1,59
59640,-7.69,1.06,-5.69,0,0,1,59
59660,-8.02,1.37,-6.1,0,0,1,59
59680,-8.36,1.32,-6.38,0,0,1,59
59700,-8.59,1.35,-6.11,0,0,1,59
59720,-8.23,1.52,-5.65,0,0,1,59
59740,-7.98,2.06,-5.3,0,0,1,59
59760,-8.03,2.4,-5.45,0,0,1,59
59780,-8.03,2.58,-5.79,0,0,1,59
59800,-7.81,2.84,-5.88,0,0,1,59
59820,-7.97,2.85,-5.75,0,0,1,59
59840,-7.9,2.79,-5.68,0,0,1,59
59860,-7.55,2.67,-5.62,0,0,1,59
59880,-7.35,2.72,-5.48,0,0,1,59
59900,-7.26,2.86,-5.38,0,0,1,59
59920,-7.15,2.84,-5.48,0,0,1,59
59940,-7.11,3.09,-5.57,0,0,1,59
59960,-7.42,3.14,-5.83,0,0,1,59
59980,-7.75,3.26,-6.09,0,0,1,59
59000,-8.72,0.73,-2.79,0,0,1,60
59020,-7.73,1.21,-2.41,0,0,1,60
59040,-7.43,1.79,-1.91,0,0,1,60
59060,-8.56,3.62,-1.86,0,0,1,60
59080,-8.34,5.06,-2.65,0,0,1,60
59100,-8.83,5.21,-3.24,0,0,1,60
59120,-9.08,4.51,-3.7,0,0,1,60
59140,-8.86,3.22,-4.18,0,0,1,60
59160,-8.56,1.35,-4.21,0,0,1,60
59180,-8.49,0.27,-3.9,0,0,1,60
59200,-9.29,-0.01,-3.68,0,0,1,60
59220,-10.91,0.81,-6.08,0,0,1,60
59240,-12.88,1.2,-7.77,0,0,1,60
59260,-11.55,1.31,-6.39,0,0,1,60
59280,-9.49,1.51,-3.56,0,0,1,60
59300,-7.25,1.83,-1.68,0,0,1,60
59320,-7.99,1.36,-1.77,0,0,1,60
59340,-9.07,0.75,-3.79,0,0,1,60
59360,-9.13,-0.53,-4.49,0,0,1,60
59380,-9.07,-0.88,-4.32,0,0,1,60
59400,-8.86,-0.6,-5.02,0,0,1,60
59420,-8.44,-0.65,-5.48,0,0,1,60
59440,-8.24,-0.0,-5.29,0,0,1,60
59460,-7.95,0.58,-4.88,0,0,1,60
59480,-7.97,0.74,-4.37,0,0,1,60
59500,-7.7,0.87,-4.46,0,0,1,60
59520,-7.59,1.11,-4.97,0,0,1,60
59540,-8.13,1.17,-5.74,0,0,1,60
59560,-8.33,1.25,-6.19,0,0,1,60
59580,-8.08,1.03,-5.67,0,0,1,60
59600,-7.63,0.98,-4.97,0,0,1,60
59620,-7.5,0.8,-5.12,0,0,1,60
59640,-7.69,1.06,-5.69,0,0,1,60
59660,-8.02,1.37,-6.1,0,0,1,60
59680,-8.36,1.32,-6.38,0,0,1,60
59700,-8.59,1.35,-6.11,0,0,1,60
59720,-8.23,1.52,-5.65,0,0,1,60
59740,-7.98,2.06,-5.3,0,0,1,60
59760,-8.03,2.4,-5.45,0,0,1,60
59780,-8.03,2.58,-5.79,0,0,1,60
59800,-7.81,2.84,-5.88,0,0,1,60
59820,-7.97,2.85,-5.75,0,0,1,60
59840,-7.9,2.79,-5.68,0,0,1,60
59860,-7.55,2.67,-5.62,0,0,1,60
59880,-7.35,2.72,-5.48,0,0,1,60
59900,-7.26,2.86,-5.38,0,0,1,60
59920,-7.15,2.84,-5.48,0,0,1,60
59940,-7.11,3.09,-5.57,0,0,1,60
59960,-7.42,3.14,-5.83,0,0,1,60
59980,-7.75,3.26,-6.09,0,0,1,60
60000,-7.8,3.13,-5.95,0,0,1,60
60020,-7.57,2.99,-5.62,0,0,1,60
60040,-6.93,2.33,-5.75,0,0,1,60
60060,-8.33,1.25,-4.78,0,0,1,60
60080,-8.79,1.95,-2.74,0,0,1,60
60100,-8.73,3.07,-4.35,0,0,1,60
60120,-9.93,2.51,-6.86,0,0,1,60
60140,-10.83,2.4,-8.91,0,0,1,60
60160,-11.07,2.08,-9.14,0,0,1,60
60180,-10.04,1.86,-7.35,0,0,1,60
60200,-8.0,1.35,-3.99,0,0,1,60
60220,-6.72,-0.02,-2.62,0,0,1,60
60240,-6.42,-1.37,-2.69,0,0,1,60
60260,-6.62,-2.12,-2.41,0,0,1,60
60280,-7.15,-2.15,-2.97,0,0,1,60
60300,-8.38,-1.16,-4.06,0,0,1,60
60320,-9.75,1.65,-5.22,0,0,1,60
60340,-11.05,3.68,-5.92,0,0,1,60
60360,-11.1,3.6,-6.18,0,0,1,60
60380,-9.53,2.82,-5.25,0,0,1,60
60400,-7.85,2.23,-3.69,0,0,1,60
60420,-7.1,2.25,-3.06,0,0,1,60
60440,-7.28,2.32,-3.46,0,0,1,60
60460,-8.06,2.57,-4.48,0,0,1,60
60480,-8.39,2.31,-4.73,0,0,1,60
60500,-7.7,2.22,-4.26,0,0,1,60
60520,-7.5,2.12,-3.48,0,0,1,60
60540,-6.47,2.51,-3.71,0,0,1,60
60560,-6.38,2.62,-4.01,0,0,1,60
60580,-7.02,2.82,-3.93,0,0,1,60
60600,-7.5,3.43,-4.36,0,0,1,60
60620,-7.6,3.98,-4.91,0,0,1,60
60640,-7.46,4.51,-4.76,0,0,1,60
60660,-7.81,5.39,-4.67,0,0,1,60
60680,-8.11,5.94,-4.48,0,0,1,60
60700,-12.1,3.75,-5.82,0,0,1,60
60720,-13.68,2.4,-10.32,0,0,1,60
60740,-10.54,0.89,-9.38,0,0,1,60
60760,-7.98,0.25,-4.2,0,0,1,60
60780,-7.42,-0.31,-1.54,0,0,1,60
60800,-8.21,-0.53,-2.91,0,0,1,60
60820,-8.74,-0.75,-4.61,0,0,1,60
60840,-8.39,-1.04,-4.17,0,0,1,60
60860,-8.42,0.11,-3.36,0,0,1,60
60880,-8.98,0.57,-4.29,0,0,1,60
60900,-8.77,0.61,-5.51,0,0,1,60
60920,-8.47,0.78,-5.55,0,0,1,60
60940,-8.29,1.02,-5.07,0,0,1,60
60960,-8.13,0.99,-4.78,0,0,1,60
60980,-7.52,0.65,-4.78,0,0,1,60
60000,-7.8,3.13,-5.95,0,0,1,61
60020,-7.57,2.99,-5.62,0,0,1,61
60040,-6.93,2.33,-5.75,0,0,1,61
60060,-8.33,1.25,-4.78,0,0,1,61
60080,-8.79,1.95,-2.74,0,0,1,61
60100,-8.73,3.07,-4.35,0,0,1,61
60120,-9.93,2.51,-6.86,0,0,1,61
60140,-10.83,2.4,-8.91,0,0,1,61
60160,-11.07,2.08,-9.14,0,0,1,61
60180,-10.04,1.86,-7.35,0,0,1,61
60200,-8.0,1.35,-3.99,0,0,1,61
60220,-6.72,-0.02,-2.62,0,0,1,61
60240,-6.42,-1.37,-2.69,0,0,1,61
60260,-6.62,-2.12,-2.41,0,0,1,61
60280,-7.15,-2.15,-2.97,0,0,1,61
60300,-8.38,-1.16,-4.06,0,0,1,61
60320,-9.75,1.65,-5.22,0,0,1,61
60340,-11.05,3.68,-5.92,0,0,1,61
60360,-11.1,3.6,-6.18,0,0,1,61
60380,-9.53,2.82,-5.25,0,0,1,61
60400,-7.85,2.23,-3.69,0,0,1,61
60420,-7.1,2.25,-3.06,0,0,1,61
60440,-7.28,2.32,-3.46,0,0,1,61
60460,-8.06,2.57,-4.48,0,0,1,61
60480,-8.39,2.31,-4.73,0,0,1,61
60500,-7.7,2.22,-4.26,0,0,1,61
60520,-7.5,2.12,-3.48,0,0,1,61
60540,-6.47,2.51,-3.71,0,0,1,61
60560,-6.38,2.62,-4.01,0,0,1,61
60580,-7.02,2.82,-3.93,0,0,1,61
60600,-7.5,3.43,-4.36,0,0,1,61
60620,-7.6,3.98,-4.91,0,0,1,61
60640,-7.46,4.51,-4.76,0,0,1,61
60660,-7.81,5.39,-4.67,0,0,1,61
60680,-8.11,5.94,-4.48,0,0,1,61
60700,-12.1,3.75,-5.82,0,0,1,61
60720,-13.68,2.4,-10.32,0,0,1,61
60740,-10.54,0.89,-9.38,0,0,1,61
60760,-7.98,0.25,-4.2,0,0,1,61
60780,-7.42,-0.31,-1.54,0,0,1,61
60800,-8.21,-0.53,-2.91,0,0,1,61
60820,-8.74,-0.75,-4.61,0,0,1,61
60840,-8.39,-1.04,-4.17,0,0,1,61
60860,-8.42,0.11,-3.36,0,0,1,61
60880,-8.98,0.57,-4.29,0,0,1,61
60900,-8.77,0.61,-5.51,0,0,1,61
60920,-8.47,0.78,-5.55,0,0,1,61
60940,-8.29,1.02,-5.07,0,0,1,61
60960,-8.13,0.99,-4.78,0,0,1,61
60980,-7.52,0.65,-4.78,0,0,1,61
61000,-7.86,0.53,-5.25,0,0,1,61
61020,-8.4,0.97,-5.62,0,0,1,61
61040,-8.26,1.32,-5.48,0,0,1,61
61060,-7.84,1.18,-5.29,0,0,1,61
61080,-7.76,0.81,-5.47,0,0,1,61
61100,-7.89,0.64,-5.68,0,0,1,61
61120,-7.81,0.66,-5.78,0,0,1,61
61140,-8.03,0.58,-5.7,0,0,1,61
61160,-8.08,1.17,-5.63,0,0,1,61
61180,-7.97,1.53,-5.62,0,0,1,61
61200,-8.18,1.89,-5.68,0,0,1,61
61220,-8.43,2.17,-5.4,0,0,1,61
61240,-8.21,2.54,-5.01,0,0,1,61
61260,-8.01,3.04,-4.8,0,0,1,61
61280,-8.2,2.73,-5.02,0,0,1,61
61300,-7.91,1.78,-5.14,0,0,1,61
61320,-7.51,1.19,-4.86,0,0,1,61
61340,-7.27,1.18,-4.99,0,0,1,61
61360,-7.56,1.8,-5.4,0,0,1,61
61380,-7.71,2.23,-5.95,0,0,1,61
61400,-7.5,2.17,-6.47,0,0,1,61
61420,-8.4,1.57,-5.41,0,0,1,61
61440,-8.75,2.6,-2.11,0,0,1,61
61460,-7.93,2.54,-2.9,0,0,1,61
61480,-8.96,0.34,-5.69,0,0,1,61
61500,-9.46,-1.16,-7.22,0,0,1,61
61520,-9.22,-0.49,-6.61,0,0,1,61
61540,-9.04,1.74,-5.53,0,0,1,61
61560,-9.32,3.6,-4.78,0,0,1,61
61580,-9.37,3.77,-5.04,0,0,1,61
61600,-9.56,2.56,-5.49,0,0,1,61
61620,-9.66,1.17,-5.5,0,0,1,61
61640,-8.8,0.45,-4.5,0,0,1,61
61660,-7.8,0.5,-3.6,0,0,1,61
61680,-7.54,0.81,-4.04,0,0,1,61
61700,-8.0,0.97,-4.49,0,0,1,61
61720,-8.56,0.45,-4.72,0,0,1,61
61740,-8.6,0.05,-4.93,0,0,1,61
61760,-8.25,0.36,-4.6,0,0,1,61
61780,-8.07,1.08,-4.32,0,0,1,61
61800,-8.13,1.94,-4.56,0,0,1,61
61820,-8.33,2.25,-4.51,0,0,1,61
61840,-8.31,2.3,-4.48,0,0,1,61
61860,-8.34,2.2,-4.36,0,0,1,61
61880,-8.24,2.18,-4.3,0,0,1,61
61900,-8.35,2.26,-4.36,0,0,1,61
61920,-8.36,2.55,-4.56,0,0,1,61
61940,-8.37,2.65,-4.58,0,0,1,61
61960,-8.41,2.43,-4.4,0,0,1,61
61980,-8.74,2.19,-4.35,0,0,1,61
61000,-7.86,0.53,-5.25,0,0,1,62
61020,-8.4,0.97,-5.62,0,0,1,62
61040,-8.26,1.32,-5.48,0,0,1,62
61060,-7.84,1.18,-5.29,0,0,1,62
61080,-7.76,0.81,-5.47,0,0,1,62
61100,-7.89,0.64,-5.68,0,0,1,62
61120,-7.81,0.66,-5.78,0,0,1,62
61140,-8.03,0.58,-5.7,0,0,1,62
61160,-8.08,1.17,-5.63,0,0,1,62
61180,-7.97,1.53,-5.62,0,0,1,62
61200,-8.18,1.89,-5.68,0,0,1,62
61220,-8.43,2.17,-5.4,0,0,1,62
61240,-8.21,2.54,-5.01,0,0,1,62
61260,-8.01,3.04,-4.8,0,0,1,62
61280,-8.2,2.73,-5.02,0,0,1,62
61300,-7.91,1.78,-5.14,0,0,1,62
61320,-7.51,1.19,-4.86,0,0,1,62
61340,-7.27,1.18,-4.99,0,0,1,62
61360,-7.56,1.8,-5.4,0,0,1,62
61380,-7.71,2.23,-5.95,0,0,1,62
61400,-7.5,2.17,-6.47,0,0,1,62
61420,-8.4,1.57,-5.41,0,0,1,62
61440,-8.75,2.6,-2.11,0,0,1,62
61460,-7.93,2.54,-2.9,0,0,1,62
61480,-8.96,0.34,-5.69,0,0,1,62
61500,-9.46,-1.16,-7.22,0,0,1,62
61520,-9.22,-0.49,-6.61,0,0,1,62
61540,-9.04,1.74,-5.53,0,0,1,62
61560,-9.32,3.6,-4.78,0,0,1,62
61580,-9.37,3.77,-5.04,0,0,1,62
61600,-9.56,2.56,-5.49,0,0,1,62
61620,-9.66,1.17,-5.5,0,0,1,62
61640,-8.8,0.45,-4.5,0,0,1,62
61660,-7.8,0.5,-3.6,0,0,1,62
61680,-7.54,0.81,-4.04,0,0,1,62
61700,-8.0,0.97,-4.49,0,0,1,62
61720,-8.56,0.45,-4.72,0,0,1,62
61740,-8.6,0.05,-4.93,0,0,1,62
61760,-8.25,0.36,-4.6,0,0,1,62
61780,-8.07,1.08,-4.32,0,0,1,62
61800,-8.13,1.94,-4.56,0,0,1,62
61820,-8.33,2.25,-4.51,0,0,1,62
61840,-8.31,2.3,-4.48,0,0,1,62
61860,-8.34,2.2,-4.36,0,0,1,62
61880,-8.24,2.18,-4.3,0,0,1,62
61900,-8.35,2.26,-4.36,0,0,1,62
61920,-8.36,2.55,-4.56,0,0,1,62
61940,-8.37,2.65,-4.58,0,0,1,62
61960,-8.41,2.43,-4.4,0,0,1,62
61980,-8.74,2.19,-4.35,0,0,1,62
62000,-8.83,1.85,-4.86,0,0,1,62
62020,-8.97,1.4,-4.92,0,0,1,62
62040,-9.13,0.88,-4.56,0,0,1,62
62060,-9.06,0.36,-4.6,0,0,1,62
62080,-9.13,-0.07,-4.78,0,0,1,62
62100,-8.78,-0.37,-4.46,0,0,1,62
62120,-8.35,-0.1,-4.23,0,0,1,62
62140,-8.48,0.22,-3.74,0,0,1,62
62160,-8.49,1.01,-3.84,0,0,1,62
62180,-8.26,1.43,-3.99,0,0,1,62
62200,-8.05,1.83,-3.9,0,0,1,62
62220,-7.79,2.38,-3.66,0,0,1,62
62240,-8.41,3.12,-3.46,0,0,1,62
62260,-9.04,3.73,-4.25,0,0,1,62
62280,-9.38,3.66,-4.76,0,0,1,62
62300,-8.9,3.31,-4.33,0,0,1,62
62320,-7.89,3.13,-3.13,0,0,1,62
62340,-7.4,2.96,-2.38,0,0,1,62
62360,-7.7,3.02,-2.72,0,0,1,62
62380,-8.88,2.25,-3.53,0,0,1,62
62400,-10.8,0.5,-5.4,0,0,1,62
62420,-10.19,-0.51,-7.97,0,0,1,62
62440,-13.35,1.22,-8.96,0,0,1,62
62460,-9.92,3.04,-6.39,0,0,1,62
62480,-7.2,1.44,-2.3,0,0,1,62
62500,-6.2,0.43,-1.29,0,0,1,62
62520,-6.36,-0.3,-2.34,0,0,1,62
62540,-7.46,0.04,-4.08,0,0,1,62
62560,-9.24,-0.34,-5.3,0,0,1,62
62580,-9.28,-1.39,-6.57,0,0,1,62
62600,-8.67,-1.94,-7.91,0,0,1,62
62620,-8.15,-1.91,-7.99,0,0,1,62
62640,-7.6,-0.71,-6.05,0,0,1,62
62660,-7.36,0.8,-4.63,0,0,1,62
62680,-7.78,1.79,-5.19,0,0,1,62
62700,-8.17,1.7,-6.69,0,0,1,62
62720,-8.68,0.8,-7.95,0,0,1,62
62740,-8.44,-0.2,-8.09,0,0,1,62
62760,-7.45,-0.41,-7.29,0,0,1,62
62780,-6.95,-0.3,-6.06,0,0,1,62
62800,-6.62,-0.17,-5.84,0,0,1,62
62820,-6.93,-0.19,-6.55,0,0,1,62
62840,-7.43,-0.06,-7.36,0,0,1,62
62860,-7.57,0.83,-7.81,0,0,1,62
62880,-7.86,1.39,-7.35,0,0,1,62
62900,-7.89,1.86,-6.57,0,0,1,62
62920,-7.44,2.26,-5.49,0,0,1,62
62940,-7.25,2.77,-4.88,0,0,1,62
62960,-7.38,3.47,-5.05,0,0,1,62
62980,-8.21,3.75,-5.02,0,0,1,62
62000,-8.83,1.85,-4.86,0,0,1,63
62020,-8.97,1.4,-4.92,0,0,1,63
62040,-9.13,0.88,-4.56,0,0,1,63
62060,-9.06,0.36,-4.6,0,0,1,63
62080,-9.13,-0.07,-4.78,0,0,1,63
62100,-8.78,-0.37,-4.46,0,0,1,63
62120,-8.35,-0.1,-4.23,0,0,1,63
62140,-8.48,0.22,-3.74,0,0,1,63
62160,-8.49,1.01,-3.84,0,0,1,63
62180,-8.26,1.43,-3.99,0,0,1,63
62200,-8.05,1.83,-3.9,0,0,1,63
62220,-7.79,2.38,-3.66,0,0,1,63
62240,-8.41,3.12,-3.46,0,0,1,63
62260,-9.04,3.73,-4.25,0,0,1,63
62280,-9.38,3.66,-4.76,0,0,1,63
62300,-8.9,3.31,-4.33,0,0,1,63
62320,-7.89,3.13,-3.13,0,0,1,63
62340,-7.4,2.96,-2.38,0,0,1,63
62360,-7.7,3.02,-2.72,0,0,1,63
62380,-8.88,2.25,-3.53,0,0,1,63
62400,-10.8,0.5,-5.4,0,0,1,63
62420,-10.19,-0.51,-7.97,0,0,1,63
62440,-13.35,1.22,-8.96,0,0,1,63
62460,-9.92,3.04,-6.39,0,0,1,63
62480,-7.2,1.44,-2.3,0,0,1,63
62500,-6.2,0.43,-1.29,0,0,1,63
62520,-6.36,-0.3,-2.34,0,0,1,63
62540,-7.46,0.04,-4.08,0,0,1,63
62560,-9.24,-0.34,-5.3,0,0,1,63
62580,-9.28,-1.39,-6.57,0,0,1,63
62600,-8.67,-1.94,-7.91,0,0,1,63
62620,-8.15,-1.91,-7.99,0,0,1,63
62640,-7.6,-0.71,-6.05,0,0,1,63
62660,-7.36,0.8,-4.63,0,0,1,63
62680,-7.78,1.79,-5.19,0,0,1,63
62700,-8.17,1.7,-6.69,0,0,1,63
62720,-8.68,0.8,-7.95,0,0,1,63
62740,-8.44,-0.2,-8.09,0,0,1,63
62760,-7.45,-0.41,-7.29,0,0,1,63
62780,-6.95,-0.3,-6.06,0,0,1,63
62800,-6.62,-0.17,-5.84,0,0,1,63
62820,-6.93,-0.19,-6.55,0,0,1,63
62840,-7.43,-0.06,-7.36,0,0,1,63
62860,-7.57,0.83,-7.81,0,0,1,63
62880,-7.86,1.39,-7.35,0,0,1,63
62900,-7.89,1.86,-6.57,0,0,1,63
62920,-7.44,2.26,-5.49,0,0,1,63
62940,-7.25,2.77,-4.88,0,0,1,63
62960,-7.38,3.47,-5.05,0,0,1,63
62980,-8.21,3.75,-5.02,0,0,1,63
63000,-9.24,2.88,-3.82,0,0,1,63
63020,-9.28,1.52,-0.75,0,0,1,63
63040,-8.02,0.06,-0.95,0,0,1,63
63060,-8.53,-0.59,-5.09,0,0,1,63
63080,-8.57,-0.11,-7.97,0,0,1,63
63100,-8.68,3.57,-8.79,0,0,1,63
63120,-10.27,7.39,-7.69,0,0,1,63
63140,-11.2,7.98,-6.1,0,0,1,63
63160,-10.18,5.41,-5.03,0,0,1,63
63180,-6.63,3.14,-5.12,0,0,1,63
63200,-5.64,3.09,-3.78,0,0,1,63
63220,-6.59,5.09,-2.22,0,0,1,63
63240,-7.36,6.2,-2.15,0,0,1,63
63260,-7.91,6.17,-2.98,0,0,1,63
63280,-8.12,4.63,-4.15,0,0,1,63
63300,-8.18,2.98,-4.29,0,0,1,63
63320,-7.89,2.45,-3.65,0,0,1,63
63340,-7.62,2.81,-2.55,0,0,1,63
63360,-7.99,3.18,-2.39,0,0,1,63
63380,-8.2,3.16,-3.04,0,0,1,63
63400,-8.1,2.86,-3.43,0,0,1,63
63420,-7.88,2.41,-3.68,0,0,1,63
63440,-7.91,2.2,-3.29,0,0,1,63
63460,-7.63,2.61,-3.13,0,0,1,63
63480,-7.56,3.56,-3.36,0,0,1,63
63500,-7.25,4.45,-3.56,0,0,1,63
63520,-7.12,5.59,-3.1,0,0,1,63
63540,-7.44,6.64,-2.67,0,0,1,63
63560,-7.85,7.1,-2.38,0,0,1,63
63580,-8.15,6.25,-2.78,0,0,1,63
63600,-8.79,4.76,-3.98,0,0,1,63
63620,-9.33,3.35,-4.75,0,0,1,63
63640,-8.23,3.01,-4.68,0,0,1,63
63660,-7.69,2.69,-3.78,0,0,1,63
63680,-7.8,2.35,-3.04,0,0,1,63
63700,-8.24,1.67,-2.84,0,0,1,63
63720,-8.43,1.32,-3.37,0,0,1,63
63740,-8.8,1.63,-3.43,0,0,1,63
63760,-19.62,-7.11,-4.15,0,0,1,63
63780,-19.62,-7.22,-10.26,0,0,1,63
63800,-17.75,-9.16,-15.72,0,0,1,63
63820,-7.1,-4.34,-6.33,0,0,1,63
63840,-5.4,2.28,2.99,0,0,1,63
63860,-7.82,10.11,1.36,0,0,1,63
63880,-8.93,10.27,-4.48,0,0,1,63
63900,-8.01,3.58,-9.72,0,0,1,63
63920,-9.0,-4.44,-9.32,0,0,1,63
63940,-8.23,-8.82,-6.98,0,0,1,63
63960,-4.77,-8.43,-3.41,0,0,1,63
63980,-3.68,-5.5,-1.54,0,0,1,63
63000,-9.24,2.88,-3.82,0,0,1,64
63020,-9.28,1.52,-0.75,0,0,1,64
63040,-8.02,0.06,-0.95,0,0,1,64
63060,-8.53,-0.59,-5.09,0,0,1,64
63080,-8.57,-0.11,-7.97,0,0,1,64
63100,-8.68,3.57,-8.79,0,0,1,64
63120,-10.27,7.39,-7.69,0,0,1,64
63140,-11.2,7.98,-6.1,0,0,1,64
63160,-10.18,5.41,-5.03,0,0,1,64
63180,-6.63,3.14,-5.12,0,0,1,64
63200,-5.64,3.09,-3.78,0,0,1,64
63220,-6.59,5.09,-2.22,0,0,1,64
63240,-7.36,6.2,-2.15,0,0,1,64
63260,-7.91,6.17,-2.98,0,0,1,64
63280,-8.12,4.63,-4.15,0,0,1,64
63300,-8.18,2.98,-4.29,0,0,1,64
63320,-7.89,2.45,-3.65,0,0,1,64
63340,-7.62,2.81,-2.55,0,0,1,64
63360,-7.99,3.18,-2.39,0,0,1,64
63380,-8.2,3.16,-3.04,0,0,1,64
63400,-8.1,2.86,-3.43,0,0,1,64
63420,-7.88,2.41,-3.68,0,0,1,64
63440,-7.91,2.2,-3.29,0,0,1,64
63460,-7.63,2.61,-3.13,0,0,1,64
63480,-7.56,3.56,-3.36,0,0,1,64
63500,-7.25,4.45,-3.56,0,0,1,64
63520,-7.12,5.59,-3.1,0,0,1,64
63540,-7.44,6.64,-2.67,0,0,1,64
63560,-7.85,7.1,-2.38,0,0,1,64
63580,-8.15,6.25,-2.78,0,0,1,64
63600,-8.79,4.76,-3.98,0,0,1,64
63620,-9.33,3.35,-4.75,0,0,1,64
63640,-8.23,3.01,-4.68,0,0,1,64
63660,-7.69,2.69,-3.78,0,0,1,64
63680,-7.8,2.35,-3.04,0,0,1,64
63700,-8.24,1.67,-2.84,0,0,1,64
63720,-8.43,1.32,-3.37,0,0,1,64
63740,-8.8,1.63,-3.43,0,0,1,64
63760,-19.62,-7.11,-4.15,0,0,1,64
63780,-19.62,-7.22,-10.26,0,0,1,64
63800,-17.75,-9.16,-15.72,0,0,1,64
63820,-7.1,-4.34,-6.33,0,0,1,64
63840,-5.4,2.28,2.99,0,0,1,64
63860,-7.82,10.11,1.36,0,0,1,64
63880,-8.93,10.27,-4.48,0,0,1,64
63900,-8.01,3.58,-9.72,0,0,1,64
63920,-9.0,-4.44,-9.32,0,0,1,64
63940,-8.23,-8.82,-6.98,0,0,1,64
63960,-4.77,-8.43,-3.41,0,0,1,64
63980,-3.68,-5.5,-1.54,0,0,1,64
64000,-5.4,-1.57,-3.59,0,0,1,64
64020,-8.3,1.61,-7.06,0,0,1,64
64040,-10.45,2.28,-9.51,0,0,1,64
64060,-9.21,2.94,-9.81,0,0,1,64
64080,-7.85,2.25,-6.65,0,0,1,64
64100,-6.6,1.9,-3.8,0,0,1,64
64120,-6.1,1.8,-3.38,0,0,1,64
64140,-7.24,1.56,-4.65,0,0,1,64
64160,-7.79,1.88,-6.13,0,0,1,64
64180,-8.33,2.59,-6.6,0,0,1,64
64200,-7.75,2.86,-6.22,0,0,1,64
64220,-7.25,2.75,-5.15,0,0,1,64
64240,-7.19,2.15,-4.29,0,0,1,64
64260,-7.14,1.53,-4.21,0,0,1,64
64280,-7.19,1.25,-4.98,0,0,1,64
64300,-7.97,1.08,-5.41,0,0,1,64
64320,-7.57,1.54,-6.03,0,0,1,64
64340,-7.53,1.82,-5.83,0,0,1,64
64360,-7.4,2.42,-5.21,0,0,1,64
64380,-6.87,2.63,-4.95,0,0,1,64
64400,-7.97,1.41,-5.23,0,0,1,64
64420,-8.41,0.7,-5.29,0,0,1,64
64440,-7.81,1.84,-5.38,0,0,1,64
64460,-6.9,1.86,-5.95,0,0,1,64
64480,-9.63,3.27,-3.83,0,0,1,64
64500,-9.62,5.5,-4.55,0,0,1,64
64520,-11.06,6.22,-7.52,0,0,1,64
64540,-13.7,4.01,-9.35,0,0,1,64
64560,-11.37,1.16,-10.14,0,0,1,64
64580,-9.85,-2.18,-9.75,0,0,1,64
64600,-7.94,-3.96,-5.87,0,0,1,64
64620,-3.55,-4.9,0.68,0,0,1,64
64640,-0.28,-5.48,4.66,0,0,1,64
64660,-4.45,-2.4,0.95,0,0,1,64
64680,-12.06,2.91,-3.87,0,0,1,64
64700,-14.05,6.04,-8.3,0,0,1,64
64720,-13.68,5.71,-11.84,0,0,1,64
64740,-11.96,3.82,-10.98,0,0,1,64
64760,-7.96,2.17,-6.02,0,0,1,64
64780,-5.75,0.76,-0.89,0,0,1,64
64800,-4.69,-0.26,1.29,0,0,1,64
64820,-6.53,1.13,-2.5,0,0,1,64
64840,-7.65,2.28,-5.06,0,0,1,64
64860,-6.05,3.05,-5.33,0,0,1,64
64880,-4.98,2.93,-2.72,0,0,1,64
64900,-5.54,2.35,-1.38,0,0,1,64
64920,-6.27,1.93,-3.23,0,0,1,64
64940,-8.04,1.61,-5.91,0,0,1,64
64960,-8.44,2.96,-6.1,0,0,1,64
64980,-8.1,3.32,-5.11,0,0,1,64
64000,-5.4,-1.57,-3.59,0,0,1,65
64020,-8.3,1.61,-7.06,0,0,1,65
64040,-10.45,2.28,-9.51,0,0,1,65
64060,-9.21,2.94,-9.81,0,0,1,65
64080,-7.85,2.25,-6.65,0,0,1,65
64100,-6.6,1.9,-3.8,0,0,1,65
64120,-6.1,1.8,-3.38,0,0,1,65
64140,-7.24,1.56,-4.65,0,0,1,65
64160,-7.79,1.88,-6.13,0,0,1,65
64180,-8.33,2.59,-6.6,0,0,1,65
64200,-7.75,2.86,-6.22,0,0,1,65
64220,-7.25,2.75,-5.15,0,0,1,65
64240,-7.19,2.15,-4.29,0,0,1,65
64260,-7.14,1.53,-4.21,0,0,1,65
64280,-7.19,1.25,-4.98,0,0,1,65
64300,-7.97,1.08,-5.41,0,0,1,65
64320,-7.57,1.54,-6.03,0,0,1,65
64340,-7.53,1.82,-5.83,0,0,1,65
64360,-7.4,2.42,-5.21,0,0,1,65
64380,-6.87,2.63,-4.95,0,0,1,65
64400,-7.97,1.41,-5.23,0,0,1,65
64420,-8.41,0.7,-5.29,0,0,1,65
64440,-7.81,1.84,-5.38,0,0,1,65
64460,-6.9,1.86,-5.95,0,0,1,65
64480,-9.63,3.27,-3.83,0,0,1,65
64500,-9.62,5.5,-4.55,0,0,1,65
64520,-11.06,6.22,-7.52,0,0,1,65
64540,-13.7,4.01,-9.35,0,0,1,65
64560,-11.37,1.16,-10.14,0,0,1,65
64580,-9.85,-2.18,-9.75,0,0,1,65
64600,-7.94,-3.96,-5.87,0,0,1,65
64620,-3.55,-4.9,0.68,0,0,1,65
64640,-0.28,-5.48,4.66,0,0,1,65
64660,-4.45,-2.4,0.95,0,0,1,65
64680,-12.06,2.91,-3.87,0,0,1,65
64700,-14.05,6.04,-8.3,0,0,1,65
64720,-13.68,5.71,-11.84,0,0,1,65
64740,-11.96,3.82,-10.98,0,0,1,65
64760,-7.96,2.17,-6.02,0,0,1,65
64780,-5.75,0.76,-0.89,0,0,1,65
64800,-4.69,-0.26,1.29,0,0,1,65
64820,-6.53,1.13,-2.5,0,0,1,65
64840,-7.65,2.28,-5.06,0,0,1,65
64860,-6.05,3.05,-5.33,0,0,1,65
64880,-4.98,2.93,-2.72,0,0,1,65
64900,-5.54,2.35,-1.38,0,0,1,65
64920,-6.27,1.93,-3.23,0,0,1,65
64940,-8.04,1.61,-5.91,0,0,1,65
64960,-8.44,2.96,-6.1,0,0,1,65
64980,-8.1,3.32,-5.11,0,0,1,65
65000,-11.69,0.29,-4.28,0,0,1,65
65020,-9.26,1.18,-8.67,0,0,1,65
65040,-12.19,2.61,-6.49,0,0,1,65
65060,-11.59,4.69,-1.11,0,0,1,65
65080,-10.24,5.91,-2.59,0,0,1,65
65100,-10.99,3.68,-8.13,0,0,1,65
65120,-10.35,-1.64,-9.72,0,0,1,65
65140,-8.04,-3.61,-6.09,0,0,1,65
65160,-6.6,-0.57,-2.56,0,0,1,65
65180,-7.51,2.63,-4.09,0,0,1,65
65200,-7.97,3.48,-6.39,0,0,1,65
65220,-7.55,2.5,-7.04,0,0,1,65
65240,-6.34,2.0,-6.13,0,0,1,65
65260,-6.32,1.72,-5.08,0,0,1,65
65280,-5.21,0.96,-4.84,0,0,1,65
65300,-4.28,-0.7,-4.83,0,0,1,65
65320,-5.16,-1.97,-4.01,0,0,1,65
65340,-4.73,0.32,-3.67,0,0,1,65
65360,-5.82,3.98,-4.15,0,0,1,65
65380,-6.48,7.78,-5.48,0,0,1,65
65400,-9.2,9.26,-5.09,0,0,1,65
65420,-10.57,8.07,-5.58,0,0,1,65
65440,-11.85,2.01,-8.31,0,0,1,65
65460,-16.36,-1.08,-5.74,0,0,1,65
65480,-12.99,0.02,-5.69,0,0,1,65
65500,-11.83,-1.09,-8.75,0,0,1,65
65520,-10.26,-2.22,-8.95,0,0,1,65
65540,-8.88,-2.4,-6.47,0,0,1,65
65560,-7.18,-0.17,-1.75,0,0,1,65
65580,-6.62,3.79,0.89,0,0,1,65
65600,-8.24,6.09,-0.64,0,0,1,65
65620,-10.17,4.25,-3.58,0,0,1,65
65640,-9.47,1.12,-5.3,0,0,1,65
65660,-7.35,-0.67,-4.18,0,0,1,65
65680,-5.23,0.39,-1.82,0,0,1,65
65700,-4.31,2.64,-0.23,0,0,1,65
65720,-6.01,4.56,-0.37,0,0,1,65
65740,-6.9,4.83,-1.6,0,0,1,65
65760,-4.79,3.42,-2.39,0,0,1,65
65780,-5.55,0.65,-1.69,0,0,1,65
65800,-13.24,-5.32,-5.92,0,0,1,65
65820,-11.9,-2.52,-11.62,0,0,1,65
65840,-10.21,4.53,-4.14,0,0,1,65
65860,-7.02,9.63,1.59,0,0,1,65
65880,-8.49,9.39,-1.8,0,0,1,65
65900,-11.2,4.06,-10.25,0,0,1,65
65920,-11.69,-0.74,-12.58,0,0,1,65
65940,-8.84,-0.98,-7.51,0,0,1,65
65960,-7.69,2.44,-3.31,0,0,1,65
65980,-7.94,5.81,-3.87,0,0,1,65
65000,-11.69,0.29,-4.28,0,0,1,66
65020,-9.26,1.18,-8.67,0,0,1,66
65040,-12.19,2.61,-6.49,0,0,1,66
65060,-11.59,4.69,-1.11,0,0,1,66
65080,-10.24,5.91,-2.59,0,0,1,66
65100,-10.99,3.68,-8.13,0,0,1,66
65120,-10.35,-1.64,-9.72,0,0,1,66
65140,-8.04,-3.61,-6.09,0,0,1,66
65160,-6.6,-0.57,-2.56,0,0,1,66
65180,-7.51,2.63,-4.09,0,0,1,66
65200,-7.97,3.48,-6.39,0,0,1,66
65220,-7.55,2.5,-7.04,0,0,1,66
65240,-6.34,2.0,-6.13,0,0,1,66
65260,-6.32,1.72,-5.08,0,0,1,66
65280,-5.21,0.96,-4.84,0,0,1,66
65300,-4.28,-0.7,-4.83,0,0,1,66
65320,-5.16,-1.97,-4.01,0,0,1,66
65340,-4.73,0.32,-3.67,0,0,1,66
65360,-5.82,3.98,-4.15,0,0,1,66
65380,-6.48,7.78,-5.48,0,0,1,66
65400,-9.2,9.26,-5.09,0,0,1,66
65420,-10.57,8.07,-5.58,0,0,1,66
65440,-11.85,2.01,-8.31,0,0,1,66
65460,-16.36,-1.08,-5.74,0,0,1,66
65480,-12.99,0.02,-5.69,0,0,1,66
65500,-11.83,-1.09,-8.75,0,0,1,66
65520,-10.26,-2.22,-8.95,0,0,1,66
65540,-8.88,-2.4,-6.47,0,0,1,66
65560,-7.18,-0.17,-1.75,0,0,1,66
65580,-6.62,3.79,0.89,0,0,1,66
65600,-8.24,6.09,-0.64,0,0,1,66
65620,-10.17,4.25,-3.58,0,0,1,66
65640,-9.47,1.12,-5.3,0,0,1,66
65660,-7.35,-0.67,-4.18,0,0,1,66
65680,-5.23,0.39,-1.82,0,0,1,66
65700,-4.31,2.64,-0.23,0,0,1,66
65720,-6.01,4.56,-0.37,0,0,1,66
65740,-6.9,4.83,-1.6,0,0,1,66
65760,-4.79,3.42,-2.39,0,0,1,66
65780,-5.55,0.65,-1.69,0,0,1,66
65800,-13.24,-5.32,-5.92,0,0,1,66
65820,-11.9,-2.52,-11.62,0,0,1,66
65840,-10.21,4.53,-4.14,0,0,1,66
65860,-7.02,9.63,1.59,0,0,1,66
65880,-8.49,9.39,-1.8,0,0,1,66
65900,-11.2,4.06,-10.25,0,0,1,66
65920,-11.69,-0.74,-12.58,0,0,1,66
65940,-8.84,-0.98,-7.51,0,0,1,66
65960,-7.69,2.44,-3.31,0,0,1,66
65980,-7.94,5.81,-3.87,0,0,1,66
66000,-7.66,6.2,-5.39,0,0,1,66
66020,-7.67,3.88,-6.2,0,0,1,66
66040,-6.7,1.64,-6.17,0,0,1,66
66060,-5.92,0.46,-6.04,0,0,1,66
66080,-5.16,0.49,-5.83,0,0,1,66
66100,-5.42,1.4,-5.13,0,0,1,66
66120,-5.76,2.95,-4.86,0,0,1,66
66140,-6.96,4.5,-5.93,0,0,1,66
66160,-7.9,4.83,-6.88,0,0,1,66
66180,-7.48,3.67,-6.28,0,0,1,66
66200,-6.96,1.73,-5.14,0,0,1,66
66220,-6.88,0.49,-4.36,0,0,1,66
66240,-7.15,0.02,-4.85,0,0,1,66
66260,-7.63,-0.39,-6.36,0,0,1,66
66280,-7.85,-0.45,-7.32,0,0,1,66
66300,-9.89,-0.21,-6.6,0,0,1,66
66320,-6.89,1.94,-4.85,0,0,1,66
66340,-7.28,2.71,-5.17,0,0,1,66
66360,-10.67,3.04,-6.68,0,0,1,66
66380,-11.25,4.35,-8.08,0,0,1,66
66400,-10.31,3.09,-8.98,0,0,1,66
66420,-10.56,-0.41,-9.17,0,0,1,66
66440,-9.47,-2.34,-7.45,0,0,1,66
66460,-7.85,-2.29,-2.36,0,0,1,66
66480,-5.71,0.28,-0.37,0,0,1,66
66500,-5.2,2.51,-1.08,0,0,1,66
66520,-6.62,1.98,-1.54,0,0,1,66
66540,-7.53,0.81,-4.13,0,0,1,66
66560,-11.09,1.18,-7.19,0,0,1,66
66580,-13.57,3.05,-7.69,0,0,1,66
66600,-11.86,3.98,-5.89,0,0,1,66
66620,-9.6,3.22,-4.6,0,0,1,66
66640,-8.78,2.16,-4.77,0,0,1,66
66660,-8.9,1.33,-5.09,0,0,1,66
66680,-8.6,1.57,-5.04,0,0,1,66
66700,-7.7,2.6,-4.32,0,0,1,66
66720,-6.43,3.29,-3.35,0,0,1,66
66740,-5.18,3.01,-2.32,0,0,1,66
66760,-4.8,1.98,-1.84,0,0,1,66
66780,-4.69,0.75,-3.0,0,0,1,66
66800,-5.35,0.51,-4.38,0,0,1,66
66820,-7.91,0.5,-5.52,0,0,1,66
66840,-9.0,0.95,-6.19,0,0,1,66
66860,-8.55,0.93,-6.38,0,0,1,66
66880,-8.17,0.88,-5.72,0,0,1,66
66900,-8.47,1.0,-5.44,0,0,1,66
66920,-8.1,1.91,-5.17,0,0,1,66
66940,-7.78,3.35,-4.6,0,0,1,66
66960,-10.89,2.87,-4.08,0,0,1,66
66980,-10.12,3.46,-9.29,0,0,1,66
66000,-7.66,6.2,-5.39,0,0,1,67
66020,-7.67,3.88,-6.2,0,0,1,67
66040,-6.7,1.64,-6.17,0,0,1,67
66060,-5.92,0.46,-6.04,0,0,1,67
66080,-5.16,0.49,-5.83,0,0,1,67
66100,-5.42,1.4,-5.13,0,0,1,67
66120,-5.76,2.95,-4.86,0,0,1,67
66140,-6.96,4.5,-5.93,0,0,1,67
66160,-7.9,4.83,-6.88,0,0,1,67
66180,-7.48,3.67,-6.28,0,0,1,67
66200,-6.96,1.73,-5.14,0,0,1,67
66220,-6.88,0.49,-4.36,0,0,1,67
66240,-7.15,0.02,-4.85,0,0,1,67
66260,-7.63,-0.39,-6.36,0,0,1,67
66280,-7.85,-0.45,-7.32,0,0,1,67
66300,-9.89,-0.21,-6.6,0,0,1,67
66320,-6.89,1.94,-4.85,0,0,1,67
66340,-7.28,2.71,-5.17,0,0,1,67
66360,-10.67,3.04,-6.68,0,0,1,67
66380,-11.25,4.35,-8.08,0,0,1,67
66400,-10.31,3.09,-8.98,0,0,1,67
66420,-10.56,-0.41,-9.17,0,0,1,67
66440,-9.47,-2.34,-7.45,0,0,1,67
66460,-7.85,-2.29,-2.36,0,0,1,67
66480,-5.71,0.28,-0.37,0,0,1,67
66500,-5.2,2.51,-1.08,0,0,1,67
66520,-6.62,1.98,-1.54,0,0,1,67
66540,-7.53,0.81,-4.13,0,0,1,67
66560,-11.09,1.18,-7.19,0,0,1,67
66580,-13.57,3.05,-7.69,0,0,1,67
66600,-11.86,3.98,-5.89,0,0,1,67
66620,-9.6,3.22,-4.6,0,0,1,67
66640,-8.78,2.16,-4.77,0,0,1,67
66660,-8.9,1.33,-5.09,0,0,1,67
66680,-8.6,1.57,-5.04,0,0,1,67
66700,-7.7,2.6,-4.32,0,0,1,67
66720,-6.43,3.29,-3.35,0,0,1,67
66740,-5.18,3.01,-2.32,0,0,1,67
66760,-4.8,1.98,-1.84,0,0,1,67
66780,-4.69,0.75,-3.0,0,0,1,67
66800,-5.35,0.51,-4.38,0,0,1,67
66820,-7.91,0.5,-5.52,0,0,1,67
66840,-9.0,0.95,-6.19,0,0,1,67
66860,-8.55,0.93,-6.38,0,0,1,67
66880,-8.17,0.88,-5.72,0,0,1,67
66900,-8.47,1.0,-5.44,0,0,1,67
66920,-8.1,1.91,-5.17,0,0,1,67
66940,-7.78,3.35,-4.6,0,0,1,67
66960,-10.89,2.87,-4.08,0,0,1,67
66980,-10.12,3.46,-9.29,0,0,1,67
67000,-13.15,-0.81,-10.9,0,0,1,67
67020,-9.72,-1.03,-7.74,0,0,1,67
67040,-5.96,0.98,-0.59,0,0,1,67
67060,-7.54,4.29,-0.13,0,0,1,67
67080,-9.87,5.34,-4.11,0,0,1,67
67100,-9.99,3.04,-6.25,0,0,1,67
67120,-7.85,-0.31,-6.57,0,0,1,67
67140,-5.86,-3.43,-5.65,0,0,1,67
67160,-5.46,-4.11,-4.15,0,0,1,67
67180,-6.31,-1.32,-2.7,0,0,1,67
67200,-7.79,1.47,-3.93,0,0,1,67
67220,-11.19,1.89,-6.38,0,0,1,67
67240,-11.23,0.95,-9.31,0,0,1,67
67260,-10.03,-0.41,-9.67,0,0,1,67
67280,-8.54,-0.55,-7.68,0,0,1,67
67300,-7.29,0.12,-5.46,0,0,1,67
67320,-6.72,-0.29,-4.34,0,0,1,67
67340,-6.37,-1.35,-4.21,0,0,1,67
67360,-6.65,-3.36,-4.75,0,0,1,67
67380,-7.45,-5.22,-5.2,0,0,1,67
67400,-6.55,-5.2,-5.44,0,0,1,67
67420,-7.5,-3.17,-6.3,0,0,1,67
67440,-6.81,-0.89,-7.63,0,0,1,67
67460,-7.7,-0.31,-7.63,0,0,1,67
67480,-13.47,0.94,-0.6,0,0,1,67
67500,-12.81,3.66,0.27,0,0,1,67
67520,-11.65,0.61,-4.77,0,0,1,67
67540,-10.46,-3.74,-10.36,0,0,1,67
67560,-7.49,-3.46,-7.84,0,0,1,67
67580,-4.55,-2.21,-2.3,0,0,1,67
67600,-5.56,0.05,-1.81,0,0,1,67
67620,-8.14,1.62,-2.2,0,0,1,67
67640,-9.92,1.59,-3.53,0,0,1,67
67660,-9.95,-1.05,-5.5,0,0,1,67
67680,-9.83,-3.84,-5.78,0,0,1,67
67700,-8.25,-4.54,-5.07,0,0,1,67
67720,-7.86,-3.03,-4.91,0,0,1,67
67740,-8.54,0.6,-4.0,0,0,1,67
67760,-10.5,3.3,-4.81,0,0,1,67
67780,-10.34,4.22,-5.17,0,0,1,67
67800,-9.24,3.6,-4.97,0,0,1,67
67820,-8.21,2.23,-4.19,0,0,1,67
67840,-6.8,1.24,-2.62,0,0,1,67
67860,-6.91,1.89,-2.81,0,0,1,67
67880,-7.27,3.47,-3.56,0,0,1,67
67900,-7.55,4.26,-3.2,0,0,1,67
67920,-7.41,4.01,-1.41,0,0,1,67
67940,-7.6,2.81,-0.79,0,0,1,67
67960,-7.89,1.08,-0.86,0,0,1,67
67980,-7.75,0.57,-1.73,0,0,1,67
67000,-13.15,-0.81,-10.9,0,0,1,68
67020,-9.72,-1.03,-7.74,0,0,1,68
67040,-5.96,0.98,-0.59,0,0,1,68
67060,-7.54,4.29,-0.13,0,0,1,68
67080,-9.87,5.34,-4.11,0,0,1,68
67100,-9.99,3.04,-6.25,0,0,1,68
67120,-7.85,-0.31,-6.57,0,0,1,68
67140,-5.86,-3.43,-5.65,0,0,1,68
67160,-5.46,-4.11,-4.15,0,0,1,68
67180,-6.31,-1.32,-2.7,0,0,1,68
67200,-7.79,1.47,-3.93,0,0,1,68
67220,-11.19,1.89,-6.38,0,0,1,68
67240,-11.23,0.95,-9.31,0,0,1,68
67260,-10.03,-0.41,-9.67,0,0,1,68
67280,-8.54,-0.55,-7.68,0,0,1,68
67300,-7.29,0.12,-5.46,0,0,1,68
67320,-6.72,-0.29,-4.34,0,0,1,68
67340,-6.37,-1.35,-4.21,0,0,1,68
67360,-6.65,-3.36,-4.75,0,0,1,68
67380,-7.45,-5.22,-5.2,0,0,1,68
67400,-6.55,-5.2,-5.44,0,0,1,68
67420,-7.5,-3.17,-6.3,0,0,1,68
67440,-6.81,-0.89,-7.63,0,0,1,68
67460,-7.7,-0.31,-7.63,0,0,1,68
67480,-13.47,0.94,-0.6,0,0,1,68
67500,-12.81,3.66,0.27,0,0,1,68
67520,-11.65,0.61,-4.77,0,0,1,68
67540,-10.46,-3.74,-10.36,0,0,1,68
67560,-7.49,-3.46,-7.84,0,0,1,68
67580,-4.55,-2.21,-2.3,0,0,1,68
67600,-5.56,0.05,-1.81,0,0,1,68
67620,-8.14,1.62,-2.2,0,0,1,68
67640,-9.92,1.59,-3.53,0,0,1,68
67660,-9.95,-1.05,-5.5,0,0,1,68
67680,-9.83,-3.84,-5.78,0,0,1,68
67700,-8.25,-4.54,-5.07,0,0,1,68
67720,-7.86,-3.03,-4.91,0,0,1,68
67740,-8.54,0.6,-4.0,0,0,1,68
67760,-10.5,3.3,-4.81,0,0,1,68
67780,-10.34,4.22,-5.17,0,0,1,68
67800,-9.24,3.6,-4.97,0,0,1,68
67820,-8.21,2.23,-4.19,0,0,1,68
67840,-6.8,1.24,-2.62,0,0,1,68
67860,-6.91,1.89,-2.81,0,0,1,68
67880,-7.27,3.47,-3.56,0,0,1,68
67900,-7.55,4.26,-3.2,0,0,1,68
67920,-7.41,4.01,-1.41,0,0,1,68
67940,-7.6,2.81,-0.79,0,0,1,68
67960,-7.89,1.08,-0.86,0,0,1,68
67980,-7.75,0.57,-1.73,0,0,1,68
68000,-9.01,-0.54,-1.62,0,0,1,68
68020,-16.11,-0.32,-8.63,0,0,1,68
68040,-13.23,-2.32,-15.61,0,0,1,68
68060,-5.65,2.72,-4.93,0,0,1,68
68080,-2.63,7.0,1.47,0,0,1,68
68100,-4.09,9.77,-0.33,0,0,1,68
68120,-7.47,5.84,-6.42,0,0,1,68
68140,-10.89,-1.31,-11.02,0,0,1,68
68160,-8.86,-4.0,-10.01,0,0,1,68
68180,-6.7,-3.62,-7.24,0,0,1,68
68200,-5.57,-1.03,-6.25,0,0,1,68
68220,-6.16,2.23,-6.16,0,0,1,68
68240,-7.53,4.95,-6.74,0,0,1,68
68260,-7.65,6.35,-6.44,0,0,1,68
68280,-7.88,5.73,-5.65,0,0,1,68
68300,-7.89,4.91,-5.28,0,0,1,68
68320,-8.12,3.82,-5.41,0,0,1,68
68340,-7.87,3.81,-5.65,0,0,1,68
68360,-7.76,4.1,-5.87,0,0,1,68
68380,-7.93,3.9,-5.53,0,0,1,68
68400,-7.7,3.27,-5.4,0,0,1,68
68420,-7.71,2.68,-5.61,0,0,1,68
68440,-7.51,2.58,-6.01,0,0,1,68
68460,-7.37,2.44,-5.47,0,0,1,68
68480,-6.35,2.42,-4.99,0,0,1,68
68500,-6.59,3.0,-4.99,0,0,1,68
68520,-7.26,4.09,-4.58,0,0,1,68
68540,-8.1,5.28,-4.07,0,0,1,68
68560,-8.36,4.78,-3.83,0,0,1,68
68580,-7.52,4.06,-3.97,0,0,1,68
68600,-7.52,3.89,-4.29,0,0,1,68
68620,-7.64,3.49,-4.83,0,0,1,68
68640,-8.69,2.21,-6.51,0,0,1,68
68660,-9.91,2.77,-2.96,0,0,1,68
68680,-11.78,5.0,-2.17,0,0,1,68
68700,-12.68,3.93,-4.74,0,0,1,68
68720,-12.32,-0.74,-9.44,0,0,1,68
68740,-10.78,-3.58,-10.22,0,0,1,68
68760,-7.36,-3.23,-6.18,0,0,1,68
68780,-4.05,-1.8,-1.49,0,0,1,68
68800,-4.03,0.94,0.12,0,0,1,68
68820,-6.18,2.74,-1.41,0,0,1,68
68840,-8.08,2.74,-3.8,0,0,1,68
68860,-10.46,1.65,-7.38,0,0,1,68
68880,-11.82,1.12,-8.18,0,0,1,68
68900,-10.21,1.26,-4.61,0,0,1,68
68920,-8.0,2.03,-2.0,0,0,1,68
68940,-8.34,4.26,-3.52,0,0,1,68
68960,-8.86,4.73,-4.39,0,0,1,68
68980,-8.24,4.03,-4.0,0,0,1,68
68000,-9.01,-0.54,-1.62,0,0,1,69
68020,-16.11,-0.32,-8.63,0,0,1,69
68040,-13.23,-2.32,-15.61,0,0,1,69
68060,-5.65,2.72,-4.93,0,0,1,69
68080,-2.63,7.0,1.47,0,0,1,69
68100,-4.09,9.77,-0.33,0,0,1,69
68120,-7.47,5.84,-6.42,0,0,1,69
68140,-10.89,-1.31,-11.02,0,0,1,69
68160,-8.86,-4.0,-10.01,0,0,1,69
68180,-6.7,-3.62,-7.24,0,0,1,69
68200,-5.57,-1.03,-6.25,0,0,1,69
68220,-6.16,2.23,-6.16,0,0,1,69
68240,-7.53,4.95,-6.74,0,0,1,69
68260,-7.65,6.35,-6.44,0,0,1,69
68280,-7.88,5.73,-5.65,0,0,1,69
68300,-7.89,4.91,-5.28,0,0,1,69
68320,-8.12,3.82,-5.41,0,0,1,69
68340,-7.87,3.81,-5.65,0,0,1,69
68360,-7.76,4.1,-5.87,0,0,1,69
68380,-7.93,3.9,-5.53,0,0,1,69
68400,-7.7,3.27,-5.4,0,0,1,69
68420,-7.71,2.68,-5.61,0,0,1,69
68440,-7.51,2.58,-6.01,0,0,1,69
68460,-7.37,2.44,-5.47,0,0,1,69
68480,-6.35,2.42,-4.99,0,0,1,69
68500,-6.59,3.0,-4.99,0,0,1,69
68520,-7.26,4.09,-4.58,0,0,1,69
68540,-8.1,5.28,-4.07,0,0,1,69
68560,-8.36,4.78,-3.83,0,0,1,69
68580,-7.52,4.06,-3.97,0,0,1,69
68600,-7.52,3.89,-4.29,0,0,1,69
68620,-7.64,3.49,-4.83,0,0,1,69
68640,-8.69,2.21,-6.51,0,0,1,69
68660,-9.91,2.77,-2.96,0,0,1,69
68680,-11.78,5.0,-2.17,0,0,1,69
68700,-12.68,3.93,-4.74,0,0,1,69
68720,-12.32,-0.74,-9.44,0,0,1,69
68740,-10.78,-3.58,-10.22,0,0,1,69
68760,-7.36,-3.23,-6.18,0,0,1,69
68780,-4.05,-1.8,-1.49,0,0,1,69
68800,-4.03,0.94,0.12,0,0,1,69
68820,-6.18,2.74,-1.41,0,0,1,69
68840,-8.08,2.74,-3.8,0,0,1,69
68860,-10.46,1.65,-7.38,0,0,1,69
68880,-11.82,1.12,-8.18,0,0,1,69
68900,-10.21,1.26,-4.61,0,0,1,69
68920,-8.0,2.03,-2.0,0,0,1,69
68940,-8.34,4.26,-3.52,0,0,1,69
68960,-8.86,4.73,-4.39,0,0,1,69
68980,-8.24,4.03,-4.0,0,0,1,69
69000,-7.08,2.52,-2.84,0,0,1,69
69020,-6.27,2.14,-2.09,0,0,1,69
69040,-5.85,2.71,-1.65,0,0,1,69
69060,-6.08,3.43,-1.58,0,0,1,69
69080,-6.58,3.63,-1.99,0,0,1,69
69100,-6.96,3.18,-2.64,0,0,1,69
69120,-7.81,2.58,-2.62,0,0,1,69
69140,-7.87,3.02,-3.38,0,0,1,69
69160,-8.45,3.37,-4.31,0,0,1,69
69180,-9.44,4.39,-4.11,0,0,1,69
69200,-14.51,3.72,-3.75,0,0,1,69
69220,-16.64,3.64,-9.07,0,0,1,69
69240,-12.59,4.28,-11.49,0,0,1,69
69260,-10.51,3.68,-2.87,0,0,1,69
69280,-6.95,4.07,2.09,0,0,1,69
69300,-7.91,3.77,-0.44,0,0,1,69
69320,-9.64,1.76,-5.33,0,0,1,69
69340,-8.99,-1.32,-8.42,0,0,1,69
69360,-7.32,-2.88,-7.19,0,0,1,69
69380,-5.92,-2.78,-4.44,0,0,1,69
69400,-6.03,-1.28,-2.66,0,0,1,69
69420,-6.46,-0.6,-3.25,0,0,1,69
69440,-7.17,-0.96,-3.15,0,0,1,69
69460,-8.04,0.98,-4.8,0,0,1,69
69480,-9.22,2.92,-7.25,0,0,1,69
69500,-9.74,4.09,-8.21,0,0,1,69
69520,-9.34,3.81,-7.04,0,0,1,69
69540,-8.28,2.36,-5.13,0,0,1,69
69560,-7.04,1.08,-3.83,0,0,1,69
69580,-6.71,0.3,-3.57,0,0,1,69
69600,-7.05,0.24,-3.94,0,0,1,69
69620,-7.59,1.43,-4.84,0,0,1,69
69640,-7.81,2.39,-5.73,0,0,1,69
69660,-7.64,2.55,-5.87,0,0,1,69
69680,-7.49,2.75,-4.99,0,0,1,69
69700,-7.07,2.99,-4.33,0,0,1,69
69720,-6.63,2.74,-4.11,0,0,1,69
69740,-7.12,2.47,-4.52,0,0,1,69
69760,-7.91,2.48,-5.16,0,0,1,69
69780,-8.21,2.98,-4.99,0,0,1,69
69800,-7.25,3.77,-5.15,0,0,1,69
69820,-7.59,4.24,-4.94,0,0,1,69
69840,-7.98,3.82,-5.59,0,0,1,69
69860,-10.77,1.69,-6.72,0,0,1,69
69880,-10.16,2.01,-5.35,0,0,1,69
69900,-11.22,4.56,-5.93,0,0,1,69
69920,-13.43,4.2,-6.84,0,0,1,69
69940,-12.19,1.64,-8.61,0,0,1,69
69960,-10.67,-2.36,-8.96,0,0,1,69
69980,-8.98,-5.03,-4.41,0,0,1,69
69000,-7.08,2.52,-2.84,0,0,1,70
69020,-6.27,2.14,-2.09,0,0,1,70
69040,-5.85,2.71,-1.65,0,0,1,70
69060,-6.08,3.43,-1.58,0,0,1,70
69080,-6.58,3.63,-1.99,0,0,1,70
69100,-6.96,3.18,-2.64,0,0,1,70
69120,-7.81,2.58,-2.62,0,0,1,70
69140,-7.87,3.02,-3.38,0,0,1,70
69160,-8.45,3.37,-4.31,0,0,1,70
69180,-9.44,4.39,-4.11,0,0,1,70
69200,-14.51,3.72,-3.75,0,0,1,70
69220,-16.64,3.64,-9.07,0,0,1,70
69240,-12.59,4.28,-11.49,0,0,1,70
69260,-10.51,3.68,-2.87,0,0,1,70
69280,-6.95,4.07,2.09,0,0,1,70
69300,-7.91,3.77,-0.44,0,0,1,70
69320,-9.64,1.76,-5.33,0,0,1,70
69340,-8.99,-1.32,-8.42,0,0,1,70
69360,-7.32,-2.88,-7.19,0,0,1,70
69380,-5.92,-2.78,-4.44,0,0,1,70
69400,-6.03,-1.28,-2.66,0,0,1,70
69420,-6.46,-0.6,-3.25,0,0,1,70
69440,-7.17,-0.96,-3.15,0,0,1,70
69460,-8.04,0.98,-4.8,0,0,1,70
69480,-9.22,2.92,-7.25,0,0,1,70
69500,-9.74,4.09,-8.21,0,0,1,70
69520,-9.34,3.81,-7.04,0,0,1,70
69540,-8.28,2.36,-5.13,0,0,1,70
69560,-7.04,1.08,-3.83,0,0,1,70
69580,-6.71,0.3,-3.57,0,0,1,70
69600,-7.05,0.24,-3.94,0,0,1,70
69620,-7.59,1.43,-4.84,0,0,1,70
69640,-7.81,2.39,-5.73,0,0,1,70
69660,-7.64,2.55,-5.87,0,0,1,70
69680,-7.49,2.75,-4.99,0,0,1,70
69700,-7.07,2.99,-4.33,0,0,1,70
69720,-6.63,2.74,-4.11,0,0,1,70
69740,-7.12,2.47,-4.52,0,0,1,70
69760,-7.91,2.48,-5.16,0,0,1,70
69780,-8.21,2.98,-4.99,0,0,1,70
69800,-7.25,3.77,-5.15,0,0,1,70
69820,-7.59,4.24,-4.94,0,0,1,70
69840,-7.98,3.82,-5.59,0,0,1,70
69860,-10.77,1.69,-6.72,0,0,1,70
69880,-10.16,2.01,-5.35,0,0,1,70
69900,-11.22,4.56,-5.93,0,0,1,70
69920,-13.43,4.2,-6.84,0,0,1,70
69940,-12.19,1.64,-8.61,0,0,1,70
69960,-10.67,-2.36,-8.96,0,0,1,70
69980,-8.98,-5.03,-4.41,0,0,1,70
70000,-4.1,-5.92,1.44,0,0,1,70
70020,-2.82,-2.22,1.53,0,0,1,70
70040,-7.21,2.85,-1.31,0,0,1,70
70060,-12.3,4.92,-4.18,0,0,1,70
70080,-12.72,4.69,-7.93,0,0,1,70
70100,-11.4,4.21,-9.35,0,0,1,70
70120,-9.58,3.62,-6.17,0,0,1,70
70140,-6.64,1.49,-0.14,0,0,1,70
70160,-5.0,0.56,-0.3,0,0,1,70
70180,-6.34,0.38,-2.6,0,0,1,70
70200,-7.38,1.48,-4.42,0,0,1,70
70220,-7.7,2.86,-4.26,0,0,1,70
70240,-7.89,3.4,-2.88,0,0,1,70
70260,-5.81,3.95,-1.63,0,0,1,70
70280,-5.52,3.22,-1.91,0,0,1,70
70300,-6.84,3.45,-3.59,0,0,1,70
70320,-8.5,3.4,-4.46,0,0,1,70
70340,-8.92,3.91,-4.49,0,0,1,70
70360,-8.25,4.78,-4.5,0,0,1,70
70380,-7.68,6.06,-4.36,0,0,1,70
70400,-7.59,6.8,-3.03,0,0,1,70
70420,-15.91,3.43,-1.67,0,0,1,70
70440,-17.87,2.3,-10.47,0,0,1,70
70460,-15.95,-0.28,-15.54,0,0,1,70
70480,-9.59,-0.11,-4.91,0,0,1,70
70500,-5.79,0.9,1.99,0,0,1,70
70520,-7.29,2.93,-0.12,0,0,1,70
70540,-7.85,2.22,-4.59,0,0,1,70
70560,-7.08,0.1,-7.17,0,0,1,70
70580,-6.96,-2.43,-6.35,0,0,1,70
70600,-7.75,-3.33,-3.92,0,0,1,70
70620,-6.68,-1.22,-3.08,0,0,1,70
70640,-7.38,1.16,-2.68,0,0,1,70
70660,-7.69,2.44,-4.21,0,0,1,70
70680,-8.52,2.58,-6.62,0,0,1,70
70700,-9.56,2.64,-8.33,0,0,1,70
70720,-8.6,2.35,-7.38,0,0,1,70
70740,-7.59,1.36,-5.14,0,0,1,70
70760,-6.85,0.65,-3.64,0,0,1,70
70780,-6.42,0.74,-3.22,0,0,1,70
70800,-6.89,0.99,-4.29,0,0,1,70
70820,-7.76,1.47,-5.71,0,0,1,70
70840,-7.99,2.46,-5.8,0,0,1,70
70860,-7.73,3.35,-5.14,0,0,1,70
70880,-7.26,3.64,-4.6,0,0,1,70
70900,-8.34,2.74,-4.51,0,0,1,70
70920,-8.18,2.09,-4.39,0,0,1,70
70940,-7.66,1.62,-5.1,0,0,1,70
70960,-8.14,1.67,-5.3,0,0,1,70
70980,-8.28,2.6,-5.64,0,0,1,70
70000,-4.1,-5.92,1.44,0,0,1,71
70020,-2.82,-2.22,1.53,0,0,1,71
70040,-7.21,2.85,-1.31,0,0,1,71
70060,-12.3,4.92,-4.18,0,0,1,71
70080,-12.72,4.69,-7.93,0,0,1,71
70100,-11.4,4.21,-9.35,0,0,1,71
70120,-9.58,3.62,-6.17,0,0,1,71
70140,-6.64,1.49,-0.14,0,0,1,71
70160,-5.0,0.56,-0.3,0,0,1,71
70180,-6.34,0.38,-2.6,0,0,1,71
70200,-7.38,1.48,-4.42,0,0,1,71
70220,-7.7,2.86,-4.26,0,0,1,71
70240,-7.89,3.4,-2.88,0,0,1,71
70260,-5.81,3.95,-1.63,0,0,1,71
70280,-5.52,3.22,-1.91,0,0,1,71
70300,-6.84,3.45,-3.59,0,0,1,71
70320,-8.5,3.4,-4.46,0,0,1,71
70340,-8.92,3.91,-4.49,0,0,1,71
70360,-8.25,4.78,-4.5,0,0,1,71
70380,-7.68,6.06,-4.36,0,0,1,71
70400,-7.59,6.8,-3.03,0,0,1,71
70420,-15.91,3.43,-1.67,0,0,1,71
70440,-17.87,2.3,-10.47,0,0,1,71
70460,-15.95,-0.28,-15.54,0,0,1,71
70480,-9.59,-0.11,-4.91,0,0,1,71
70500,-5.79,0.9,1.99,0,0,1,71
70520,-7.29,2.93,-0.12,0,0,1,71
70540,-7.85,2.22,-4.59,0,0,1,71
70560,-7.08,0.1,-7.17,0,0,1,71
70580,-6.96,-2.43,-6.35,0,0,1,71
70600,-7.75,-3.33,-3.92,0,0,1,71
70620,-6.68,-1.22,-3.08,0,0,1,71
70640,-7.38,1.16,-2.68,0,0,1,71
70660,-7.69,2.44,-4.21,0,0,1,71
70680,-8.52,2.58,-6.62,0,0,1,71
70700,-9.56,2.64,-8.33,0,0,1,71
70720,-8.6,2.35,-7.38,0,0,1,71
70740,-7.59,1.36,-5.14,0,0,1,71
70760,-6.85,0.65,-3.64,0,0,1,71
70780,-6.42,0.74,-3.22,0,0,1,71
70800,-6.89,0.99,-4.29,0,0,1,71
70820,-7.76,1.47,-5.71,0,0,1,71
70840,-7.99,2.46,-5.8,0,0,1,71
70860,-7.73,3.35,-5.14,0,0,1,71
70880,-7.26,3.64,-4.6,0,0,1,71
70900,-8.34,2.74,-4.51,0,0,1,71
70920,-8.18,2.09,-4.39,0,0,1,71
70940,-7.66,1.62,-5.1,0,0,1,71
70960,-8.14,1.67,-5.3,0,0,1,71
70980,-8.28,2.6,-5.64,0,0,1,71
71000,-8.65,2.92,-6.55,0,0,1,71
71020,-8.01,1.33,-7.71,0,0,1,71
71040,-12.11,1.04,-5.29,0,0,1,71
71060,-9.82,3.35,-3.92,0,0,1,71
71080,-11.24,3.79,-4.69,0,0,1,71
71100,-11.18,2.63,-6.71,0,0,1,71
71120,-10.05,0.45,-7.08,0,0,1,71
71140,-8.8,-3.25,-5.38,0,0,1,71
71160,-6.37,-6.99,-1.3,0,0,1,71
71180,-3.25,-6.55,-0.07,0,0,1,71
71200,-5.85,-1.57,-1.66,0,0,1,71
71220,-10.48,6.39,-3.56,0,0,1,71
71240,-14.22,10.18,-5.09,0,0,1,71
71260,-13.26,8.06,-10.22,0,0,1,71
71280,-11.62,4.56,-10.5,0,0,1,71
71300,-8.21,1.98,-6.12,0,0,1,71
71320,-5.57,-0.73,0.85,0,0,1,71
71340,-4.2,-1.07,0.24,0,0,1,71
71360,-6.07,1.4,-1.86,0,0,1,71
71380,-6.52,3.62,-4.14,0,0,1,71
71400,-6.47,4.39,-4.25,0,0,1,71
71420,-5.9,4.01,-3.16,0,0,1,71
71440,-6.32,3.06,-2.25,0,0,1,71
71460,-7.57,1.18,-3.74,0,0,1,71
71480,-6.7,-0.19,-5.46,0,0,1,71
71500,-7.32,0.24,-5.13,0,0,1,71
71520,-9.68,1.48,-4.5,0,0,1,71
71540,-9.47,3.55,-7.64,0,0,1,71
71560,-15.95,2.31,-10.06,0,0,1,71
71580,-14.34,2.32,-12.17,0,0,1,71
71600,-9.52,1.78,-4.62,0,0,1,71
71620,-6.41,2.82,1.42,0,0,1,71
71640,-6.66,3.25,-0.59,0,0,1,71
71660,-7.29,0.57,-5.0,0,0,1,71
71680,-7.51,-3.43,-7.24,0,0,1,71
71700,-7.77,-5.53,-6.73,0,0,1,71
71720,-7.41,-3.11,-5.36,0,0,1,71
71740,-7.13,1.7,-4.63,0,0,1,71
71760,-7.4,4.33,-4.57,0,0,1,71
71780,-8.0,4.79,-5.56,0,0,1,71
71800,-9.0,2.94,-7.1,0,0,1,71
71820,-8.53,1.2,-7.23,0,0,1,71
71840,-7.71,1.04,-5.48,0,0,1,71
71860,-7.56,2.25,-4.31,0,0,1,71
71880,-8.05,3.18,-4.46,0,0,1,71
71900,-8.36,2.77,-5.41,0,0,1,71
71920,-8.24,1.59,-5.89,0,0,1,71
71940,-8.21,0.58,-5.62,0,0,1,71
71960,-8.31,-0.1,-5.53,0,0,1,71
71980,-8.77,-0.39,-5.58,0,0,1,71
71000,-8.65,2.92,-6.55,0,0,1,72
71020,-8.01,1.33,-7.71,0,0,1,72
71040,-12.11,1.04,-5.29,0,0,1,72
71060,-9.82,3.35,-3.92,0,0,1,72
71080,-11.24,3.79,-4.69,0,0,1,72
71100,-11.18,2.63,-6.71,0,0,1,72
71120,-10.05,0.45,-7.08,0,0,1,72
71140,-8.8,-3.25,-5.38,0,0,1,72
71160,-6.37,-6.99,-1.3,0,0,1,72
71180,-3.25,-6.55,-0.07,0,0,1,72
71200,-5.85,-1.57,-1.66,0,0,1,72
71220,-10.48,6.39,-3.56,0,0,1,72
71240,-14.22,10.18,-5.09,0,0,1,72
71260,-13.26,8.06,-10.22,0,0,1,72
71280,-11.62,4.56,-10.5,0,0,1,72
71300,-8.21,1.98,-6.12,0,0,1,72
71320,-5.57,-0.73,0.85,0,0,1,72
71340,-4.2,-1.07,0.24,0,0,1,72
71360,-6.07,1.4,-1.86,0,0,1,72
71380,-6.52,3.62,-4.14,0,0,1,72
71400,-6.47,4.39,-4.25,0,0,1,72
71420,-5.9,4.01,-3.16,0,0,1,72
71440,-6.32,3.06,-2.25,0,0,1,72
71460,-7.57,1.18,-3.74,0,0,1,72
71480,-6.7,-0.19,-5.46,0,0,1,72
71500,-7.32,0.24,-5.13,0,0,1,72
71520,-9.68,1.48,-4.5,0,0,1,72
71540,-9.47,3.55,-7.64,0,0,1,72
71560,-15.95,2.31,-10.06,0,0,1,72
71580,-14.34,2.32,-12.17,0,0,1,72
71600,-9.52,1.78,-4.62,0,0,1,72
71620,-6.41,2.82,1.42,0,0,1,72
71640,-6.66,3.25,-0.59,0,0,1,72
71660,-7.29,0.57,-5.0,0,0,1,72
71680,-7.51,-3.43,-7.24,0,0,1,72
71700,-7.77,-5.53,-6.73,0,0,1,72
71720,-7.41,-3.11,-5.36,0,0,1,72
71740,-7.13,1.7,-4.63,0,0,1,72
71760,-7.4,4.33,-4.57,0,0,1,72
71780,-8.0,4.79,-5.56,0,0,1,72
71800,-9.0,2.94,-7.1,0,0,1,72
71820,-8.53,1.2,-7.23,0,0,1,72
71840,-7.71,1.04,-5.48,0,0,1,72
71860,-7.56,2.25,-4.31,0,0,1,72
71880,-8.05,3.18,-4.46,0,0,1,72
71900,-8.36,2.77,-5.41,0,0,1,72
71920,-8.24,1.59,-5.89,0,0,1,72
71940,-8.21,0.58,-5.62,0,0,1,72
71960,-8.31,-0.1,-5.53,0,0,1,72
71980,-8.77,-0.39,-5.58,0,0,1,72
72000,-9.13,-0.23,-5.85,0,0,1,72
72020,-9.63,0.45,-6.46,0,0,1,72
72040,-10.03,1.13,-6.75,0,0,1,72
72060,-10.03,0.92,-6.6,0,0,1,72
72080,-9.42,0.1,-6.05,0,0,1,72
72100,-9.03,-0.62,-5.69,0,0,1,72
72120,-8.28,-1.03,-5.01,0,0,1,72
72140,-7.55,-1.07,-3.74,0,0,1,72
72160,-5.87,-1.29,-3.04,0,0,1,72
72180,-4.47,-1.96,-1.85,0,0,1,72
72200,-2.96,-1.72,-0.35,0,0,1,72
72220,-3.2,0.41,-1.0,0,0,1,72
72240,-6.26,3.79,-3.2,0,0,1,72
72260,-9.48,5.33,-4.44,0,0,1,72
72280,-11.43,5.09,-5.42,0,0,1,72
72300,-12.89,3.38,-6.5,0,0,1,72
72320,-14.01,1.9,-6.84,0,0,1,72
72340,-15.67,2.34,-5.68,0,0,1,72
72360,-15.49,3.14,-5.87,0,0,1,72
72380,-13.7,2.51,-6.2,0,0,1,72
72400,-10.91,2.1,-4.72,0,0,1,72
72420,-8.31,2.06,-3.45,0,0,1,72
72440,-6.4,1.87,-2.25,0,0,1,72
72460,-4.42,1.53,-1.35,0,0,1,72
72480,-2.89,1.33,-0.51,0,0,1,72
72500,-1.34,1.56,-0.08,0,0,1,72
72520,-0.19,1.13,-0.08,0,0,1,72
72540,0.39,-0.23,-1.33,0,0,1,72
72560,-3.22,-5.24,-4.45,0,0,1,72
72580,-10.89,-9.52,-5.52,0,0,1,72
72600,-11.09,-5.62,-8.35,0,0,1,72
72620,-12.55,3.87,-9.32,0,0,1,72
72640,-12.11,9.19,-7.78,0,0,1,72
72660,-12.78,7.51,-9.35,0,0,1,72
72680,-13.23,3.5,-9.86,0,0,1,72
72700,-12.67,-0.18,-9.53,0,0,1,72
72720,-12.4,-1.15,-8.41,0,0,1,72
72740,-11.06,0.04,-6.7,0,0,1,72
72760,-10.02,1.08,-5.35,0,0,1,72
72780,-8.38,1.29,-4.76,0,0,1,72
72800,-6.87,0.6,-3.72,0,0,1,72
72820,-4.47,-0.41,-2.95,0,0,1,72
72840,-2.74,-1.24,-2.37,0,0,1,72
72860,-2.27,-1.27,-2.36,0,0,1,72
72880,-2.87,-1.25,-1.84,0,0,1,72
72900,-1.73,-0.42,0.45,0,0,1,72
72920,-2.54,4.03,0.62,0,0,1,72
72940,-9.12,5.38,0.11,0,0,1,72
72960,-12.42,9.13,-4.86,0,0,1,72
72980,-14.39,8.67,-9.4,0,0,1,72
72000,-9.13,-0.23,-5.85,0,0,1,73
72020,-9.63,0.45,-6.46,0,0,1,73
72040,-10.03,1.13,-6.75,0,0,1,73
72060,-10.03,0.92,-6.6,0,0,1,73
72080,-9.42,0.1,-6.05,0,0,1,73
72100,-9.03,-0.62,-5.69,0,0,1,73
72120,-8.28,-1.03,-5.01,0,0,1,73
72140,-7.55,-1.07,-3.74,0,0,1,73
72160,-5.87,-1.29,-3.04,0,0,1,73
72180,-4.47,-1.96,-1.85,0,0,1,73
72200,-2.96,-1.72,-0.35,0,0,1,73
72220,-3.2,0.41,-1.0,0,0,1,73
72240,-6.26,3.79,-3.2,0,0,1,73
72260,-9.48,5.33,-4.44,0,0,1,73
72280,-11.43,5.09,-5.42,0,0,1,73
72300,-12.89,3.38,-6.5,0,0,1,73
72320,-14.01,1.9,-6.84,0,0,1,73
72340,-15.67,2.34,-5.68,0,0,1,73
72360,-15.49,3.14,-5.87,0,0,1,73
72380,-13.7,2.51,-6.2,0,0,1,73
72400,-10.91,2.1,-4.72,0,0,1,73
72420,-8.31,2.06,-3.45,0,0,1,73
72440,-6.4,1.87,-2.25,0,0,1,73
72460,-4.42,1.53,-1.35,0,0,1,73
72480,-2.89,1.33,-0.51,0,0,1,73
72500,-1.34,1.56,-0.08,0,0,1,73
72520,-0.19,1.13,-0.08,0,0,1,73
72540,0.39,-0.23,-1.33,0,0,1,73
72560,-3.22,-5.24,-4.45,0,0,1,73
72580,-10.89,-9.52,-5.52,0,0,1,73
72600,-11.09,-5.62,-8.35,0,0,1,73
72620,-12.55,3.87,-9.32,0,0,1,73
72640,-12.11,9.19,-7.78,0,0,1,73
72660,-12.78,7.51,-9.35,0,0,1,73
72680,-13.23,3.5,-9.86,0,0,1,73
72700,-12.67,-0.18,-9.53,0,0,1,73
72720,-12.4,-1.15,-8.41,0,0,1,73
72740,-11.06,0.04,-6.7,0,0,1,73
72760,-10.02,1.08,-5.35,0,0,1,73
72780,-8.38,1.29,-4.76,0,0,1,73
72800,-6.87,0.6,-3.72,0,0,1,73
72820,-4.47,-0.41,-2.95,0,0,1,73
72840,-2.74,-1.24,-2.37,0,0,1,73
72860,-2.27,-1.27,-2.36,0,0,1,73
72880,-2.87,-1.25,-1.84,0,0,1,73
72900,-1.73,-0.42,0.45,0,0,1,73
72920,-2.54,4.03,0.62,0,0,1,73
72940,-9.12,5.38,0.11,0,0,1,73
72960,-12.42,9.13,-4.86,0,0,1,73
72980,-14.39,8.67,-9.4,0,0,1,73
73000,-15.66,3.17,-14.35,0,0,1,73
73020,-13.21,0.72,-8.16,0,0,1,73
73040,-11.18,1.66,-0.74,0,0,1,73
73060,-12.85,5.08,-2.8,0,0,1,73
73080,-12.58,6.05,-6.41,0,0,1,73
73100,-10.64,3.76,-6.95,0,0,1,73
73120,-8.95,1.19,-5.36,0,0,1,73
73140,-5.84,0.2,-3.12,0,0,1,73
73160,-3.11,0.14,-1.62,0,0,1,73
73180,-2.59,0.38,-0.83,0,0,1,73
73200,-4.44,0.11,-0.37,0,0,1,73
73220,-4.64,-0.8,-1.79,0,0,1,73
73240,-3.42,-2.6,-5.47,0,0,1,73
73260,-4.11,-4.12,-6.84,0,0,1,73
73280,-9.56,-5.62,-2.2,0,0,1,73
73300,-8.08,-1.97,-2.57,0,0,1,73
73320,-11.2,4.12,-5.96,0,0,1,73
73340,-11.09,7.85,-8.44,0,0,1,73
73360,-10.78,5.93,-8.72,0,0,1,73
73380,-11.98,2.49,-9.23,0,0,1,73
73400,-13.16,0.25,-10.41,0,0,1,73
73420,-13.02,-1.41,-9.95,0,0,1,73
73440,-10.86,-0.33,-6.69,0,0,1,73
73460,-9.45,1.47,-4.58,0,0,1,73
73480,-8.59,2.3,-4.9,0,0,1,73
73500,-6.95,1.13,-3.84,0,0,1,73
73520,-5.93,0.67,-4.02,0,0,1,73
73540,-5.35,0.33,-3.74,0,0,1,73
73560,-4.42,-0.6,-3.3,0,0,1,73
73580,-3.86,-0.09,-3.4,0,0,1,73
73600,-3.67,0.59,-2.21,0,0,1,73
73620,-3.54,1.28,-0.71,0,0,1,73
73640,-4.87,1.8,-0.46,0,0,1,73
73660,-8.17,1.28,-4.63,0,0,1,73
73680,-13.18,2.5,-9.38,0,0,1,73
73700,-16.06,5.11,-10.03,0,0,1,73
73720,-16.36,3.6,-11.24,0,0,1,73
73740,-16.26,0.05,-11.0,0,0,1,73
73760,-13.15,-1.92,-7.22,0,0,1,73
73780,-9.75,-1.63,-3.82,0,0,1,73
73800,-7.6,0.37,-2.03,0,0,1,73
73820,-6.05,2.36,-2.05,0,0,1,73
73840,-5.12,3.09,-3.28,0,0,1,73
73860,-4.52,2.69,-3.84,0,0,1,73
73880,-3.68,1.68,-3.77,0,0,1,73
73900,-3.34,0.47,-2.22,0,0,1,73
73920,-3.38,-0.17,-0.23,0,0,1,73
73940,-3.86,-0.39,-0.81,0,0,1,73
73960,-4.78,0.38,-2.45,0,0,1,73
73980,-6.91,1.26,-2.92,0,0,1,73
73000,-15.66,3.17,-14.35,0,0,1,74
73020,-13.21,0.72,-8.16,0,0,1,74
73040,-11.18,1.66,-0.74,0,0,1,74
73060,-12.85,5.08,-2.8,0,0,1,74
73080,-12.58,6.05,-6.41,0,0,1,74
73100,-10.64,3.76,-6.95,0,0,1,74
73120,-8.95,1.19,-5.36,0,0,1,74
73140,-5.84,0.2,-3.12,0,0,1,74
73160,-3.11,0.14,-1.62,0,0,1,74
73180,-2.59,0.38,-0.83,0,0,1,74
73200,-4.44,0.11,-0.37,0,0,1,74
73220,-4.64,-0.8,-1.79,0,0,1,74
73240,-3.42,-2.6,-5.47,0,0,1,74
73260,-4.11,-4.12,-6.84,0,0,1,74
73280,-9.56,-5.62,-2.2,0,0,1,74
73300,-8.08,-1.97,-2.57,0,0,1,74
73320,-11.2,4.12,-5.96,0,0,1,74
73340,-11.09,7.85,-8.44,0,0,1,74
73360,-10.78,5.93,-8.72,0,0,1,74
73380,-11.98,2.49,-9.23,0,0,1,74
73400,-13.16,0.25,-10.41,0,0,1,74
73420,-13.02,-1.41,-9.95,0,0,1,74
73440,-10.86,-0.33,-6.69,0,0,1,74
73460,-9.45,1.47,-4.58,0,0,1,74
73480,-8.59,2.3,-4.9,0,0,1,74
73500,-6.95,1.13,-3.84,0,0,1,74
73520,-5.93,0.67,-4.02,0,0,1,74
73540,-5.35,0.33,-3.74,0,0,1,74
73560,-4.42,-0.6,-3.3,0,0,1,74
73580,-3.86,-0.09,-3.4,0,0,1,74
73600,-3.67,0.59,-2.21,0,0,1,74
73620,-3.54,1.28,-0.71,0,0,1,74
73640,-4.87,1.8,-0.46,0,0,1,74
73660,-8.17,1.28,-4.63,0,0,1,74
73680,-13.18,2.5,-9.38,0,0,1,74
73700,-16.06,5.11,-10.03,0,0,1,74
73720,-16.36,3.6,-11.24,0,0,1,74
73740,-16.26,0.05,-11.0,0,0,1,74
73760,-13.15,-1.92,-7.22,0,0,1,74
73780,-9.75,-1.63,-3.82,0,0,1,74
73800,-7.6,0.37,-2.03,0,0,1,74
73820,-6.05,2.36,-2.05,0,0,1,74
73840,-5.12,3.09,-3.28,0,0,1,74
73860,-4.52,2.69,-3.84,0,0,1,74
73880,-3.68,1.68,-3.77,0,0,1,74
73900,-3.34,0.47,-2.22,0,0,1,74
73920,-3.38,-0.17,-0.23,0,0,1,74
73940,-3.86,-0.39,-0.81,0,0,1,74
73960,-4.78,0.38,-2.45,0,0,1,74
73980,-6.91,1.26,-2.92,0,0,1,74
74000,-10.55,1.86,-5.23,0,0,1,74
74020,-13.97,2.79,-7.91,0,0,1,74
74040,-16.79,3.18,-10.51,0,0,1,74
74060,-16.0,1.67,-11.69,0,0,1,74
74080,-13.52,0.78,-8.54,0,0,1,74
74100,-10.96,1.24,-5.65,0,0,1,74
74120,-9.08,1.67,-4.49,0,0,1,74
74140,-7.34,1.6,-3.86,0,0,1,74
74160,-5.47,0.96,-2.99,0,0,1,74
74180,-4.38,0.34,-2.12,0,0,1,74
74200,-3.84,-0.04,-1.92,0,0,1,74
74220,-3.77,-0.11,-1.99,0,0,1,74
74240,-2.82,0.13,-2.04,0,0,1,74
74260,-3.07,0.8,-1.41,0,0,1,74
74280,-4.01,1.79,-1.13,0,0,1,74
74300,-7.36,2.42,-1.98,0,0,1,74
74320,-11.24,2.34,-4.91,0,0,1,74
74340,-15.27,2.51,-8.88,0,0,1,74
74360,-18.01,2.81,-12.15,0,0,1,74
74380,-17.19,1.75,-12.53,0,0,1,74
74400,-14.51,1.5,-8.5,0,0,1,74
74420,-12.13,1.73,-5.92,0,0,1,74
74440,-9.69,1.38,-4.78,0,0,1,74
74460,-6.63,1.25,-3.68,0,0,1,74
74480,-4.26,0.95,-2.95,0,0,1,74
74500,-3.45,1.12,-2.04,0,0,1,74
74520,-2.57,1.4,-1.42,0,0,1,74
74540,-1.67,1.57,-1.45,0,0,1,74
74560,-2.38,0.97,-1.79,0,0,1,74
74580,-4.17,0.27,-1.78,0,0,1,74
74600,-5.87,-0.86,-2.05,0,0,1,74
74620,-7.81,-0.37,-4.51,0,0,1,74
74640,-11.27,0.76,-6.42,0,0,1,74
74660,-12.36,2.23,-7.85,0,0,1,74
74680,-13.13,2.87,-7.79,0,0,1,74
74700,-11.95,2.19,-6.9,0,0,1,74
74720,-11.43,1.13,-5.56,0,0,1,74
74740,-11.52,0.53,-6.78,0,0,1,74
74760,-9.8,-0.48,-7.1,0,0,1,74
74780,-7.2,-1.31,-4.4,0,0,1,74
74800,-6.32,-0.79,-1.84,0,0,1,74
74820,-6.94,1.36,-2.68,0,0,1,74
74840,-8.58,2.98,-5.33,0,0,1,74
74860,-9.61,3.65,-6.62,0,0,1,74
74880,-9.49,3.44,-6.46,0,0,1,74
74900,-8.73,2.35,-5.62,0,0,1,74
74920,-7.94,1.09,-4.9,0,0,1,74
74940,-7.54,0.15,-3.98,0,0,1,74
74960,-7.54,0.22,-3.85,0,0,1,74
74980,-8.12,1.12,-4.57,0,0,1,74
74000,-10.55,1.86,-5.23,0,0,1,75
74020,-13.97,2.79,-7.91,0,0,1,75
74040,-16.79,3.18,-10.51,0,0,1,75
74060,-16.0,1.67,-11.69,0,0,1,75
74080,-13.52,0.78,-8.54,0,0,1,75
74100,-10.96,1.24,-5.65,0,0,1,75
74120,-9.08,1.67,-4.49,0,0,1,75
74140,-7.34,1.6,-3.86,0,0,1,75
74160,-5.47,0.96,-2.99,0,0,1,75
74180,-4.38,0.34,-2.12,0,0,1,75
74200,-3.84,-0.04,-1.92,0,0,1,75
74220,-3.77,-0.11,-1.99,0,0,1,75
74240,-2.82,0.13,-2.04,0,0,1,75
74260,-3.07,0.8,-1.41,0,0,1,75
74280,-4.01,1.79,-1.13,0,0,1,75
74300,-7.36,2.42,-1.98,0,0,1,75
74320,-11.24,2.34,-4.91,0,0,1,75
74340,-15.27,2.51,-8.88,0,0,1,75
74360,-18.01,2.81,-12.15,0,0,1,75
74380,-17.19,1.75,-12.53,0,0,1,75
74400,-14.51,1.5,-8.5,0,0,1,75
74420,-12.13,1.73,-5.92,0,0,1,75
74440,-9.69,1.38,-4.78,0,0,1,75
74460,-6.63,1.25,-3.68,0,0,1,75
74480,-4.26,0.95,-2.95,0,0,1,75
74500,-3.45,1.12,-2.04,0,0,1,75
74520,-2.57,1.4,-1.42,0,0,1,75
74540,-1.67,1.57,-1.45,0,0,1,75
74560,-2.38,0.97,-1.79,0,0,1,75
74580,-4.17,0.27,-1.78,0,0,1,75
74600,-5.87,-0.86,-2.05,0,0,1,75
74620,-7.81,-0.37,-4.51,0,0,1,75
74640,-11.27,0.76,-6.42,0,0,1,75
74660,-12.36,2.23,-7.85,0,0,1,75
74680,-13.13,2.87,-7.79,0,0,1,75
74700,-11.95,2.19,-6.9,0,0,1,75
74720,-11.43,1.13,-5.56,0,0,1,75
74740,-11.52,0.53,-6.78,0,0,1,75
74760,-9.8,-0.48,-7.1,0,0,1,75
74780,-7.2,-1.31,-4.4,0,0,1,75
74800,-6.32,-0.79,-1.84,0,0,1,75
74820,-6.94,1.36,-2.68,0,0,1,75
74840,-8.58,2.98,-5.33,0,0,1,75
74860,-9.61,3.65,-6.62,0,0,1,75
74880,-9.49,3.44,-6.46,0,0,1,75
74900,-8.73,2.35,-5.62,0,0,1,75
74920,-7.94,1.09,-4.9,0,0,1,75
74940,-7.54,0.15,-3.98,0,0,1,75
74960,-7.54,0.22,-3.85,0,0,1,75
74980,-8.12,1.12,-4.57,0,0,1,75
75000,-8.83,1.67,-5.41,0,0,1,75
75020,-9.06,1.68,-5.66,0,0,1,75
75040,-8.56,1.52,-5.32,0,0,1,75
75060,-8.16,1.31,-4.87,0,0,1,75
75080,-7.9,1.61,-4.44,0,0,1,75
75100,-8.12,2.22,-4.73,0,0,1,75
75120,-8.36,2.57,-5.06,0,0,1,75
75140,-8.08,2.41,-5.35,0,0,1,75
75160,-8.06,2.02,-5.34,0,0,1,75
75180,-7.96,1.51,-5.27,0,0,1,75
75200,-7.89,1.04,-5.4,0,0,1,75
75220,-7.93,0.91,-5.7,0,0,1,75
75240,-8.1,0.84,-5.94,0,0,1,75
75260,-8.06,0.77,-5.8,0,0,1,75
75280,-8.01,0.47,-5.79,0,0,1,75
75300,-8.1,0.03,-5.88,0,0,1,75
75320,-7.91,-0.24,-5.88,0,0,1,75
75340,-8.01,-0.45,-5.74,0,0,1,75
75360,-8.03,-0.72,-5.68,0,0,1,75
75380,-8.12,-0.8,-5.63,0,0,1,75
75400,-8.33,-0.83,-5.53,0,0,1,75
75420,-8.09,-0.83,-5.46,0,0,1,75
75440,-8.25,-1.03,-5.51,0,0,1,75
75460,-8.21,-1.59,-5.64,0,0,1,75
75480,-8.38,-2.03,-5.75,0,0,1,75
75500,-8.59,-2.34,-5.5,0,0,1,75
75520,-8.77,-2.34,-5.46,0,0,1,75
75540,-8.86,-2.02,-5.05,0,0,1,75
75560,-8.45,-1.64,-5.01,0,0,1,75
75580,-8.59,-1.71,-4.77,0,0,1,75
75600,-8.57,-1.57,-5.07,0,0,1,75
75620,-8.59,-1.16,-4.97,0,0,1,75
75640,-8.48,-0.7,-4.97,0,0,1,75
75660,-8.53,-0.58,-5.07,0,0,1,75
75680,-8.55,-0.4,-5.19,0,0,1,75
75700,-8.32,-0.4,-5.37,0,0,1,75
75720,-8.27,-0.65,-5.13,0,0,1,75
75740,-8.13,-0.88,-5.07,0,0,1,75
75760,-7.99,-1.01,-5.26,0,0,1,75
75780,-7.94,-1.21,-5.51,0,0,1,75
75800,-7.86,-1.26,-5.53,0,0,1,75
75820,-7.68,-1.1,-5.71,0,0,1,75
75840,-7.73,-0.87,-5.91,0,0,1,75
75860,-7.73,-0.66,-6.2,0,0,1,75
75880,-8.03,-0.74,-6.83,0,0,1,75
75900,-8.31,-1.3,-7.4,0,0,1,75
75920,-8.42,-1.47,-8.04,0,0,1,75
75940,-8.33,-0.45,-8.38,0,0,1,75
75960,-6.97,0.75,-8.41,0,0,1,75
75980,-7.07,2.02,-7.32,0,0,1,75
75000,-8.83,1.67,-5.41,0,0,1,76
75020,-9.06,1.68,-5.66,0,0,1,76
75040,-8.56,1.52,-5.32,0,0,1,76
75060,-8.16,1.31,-4.87,0,0,1,76
75080,-7.9,1.61,-4.44,0,0,1,76
75100,-8.12,2.22,-4.73,0,0,1,76
75120,-8.36,2.57,-5.06,0,0,1,76
75140,-8.08,2.41,-5.35,0,0,1,76
75160,-8.06,2.02,-5.34,0,0,1,76
75180,-7.96,1.51,-5.27,0,0,1,76
75200,-7.89,1.04,-5.4,0,0,1,76
75220,-7.93,0.91,-5.7,0,0,1,76
75240,-8.1,0.84,-5.94,0,0,1,76
75260,-8.06,0.77,-5.8,0,0,1,76
75280,-8.01,0.47,-5.79,0,0,1,76
75300,-8.1,0.03,-5.88,0,0,1,76
75320,-7.91,-0.24,-5.88,0,0,1,76
75340,-8.01,-0.45,-5.74,0,0,1,76
75360,-8.03,-0.72,-5.68,0,0,1,76
75380,-8.12,-0.8,-5.63,0,0,1,76
75400,-8.33,-0.83,-5.53,0,0,1,76
75420,-8.09,-0.83,-5.46,0,0,1,76
75440,-8.25,-1.03,-5.51,0,0,1,76
75460,-8.21,-1.59,-5.64,0,0,1,76
75480,-8.38,-2.03,-5.75,0,0,1,76
75500,-8.59,-2.34,-5.5,0,0,1,76
75520,-8.77,-2.34,-5.46,0,0,1,76
75540,-8.86,-2.02,-5.05,0,0,1,76
75560,-8.45,-1.64,-5.01,0,0,1,76
75580,-8.59,-1.71,-4.77,0,0,1,76
75600,-8.57,-1.57,-5.07,0,0,1,76
75620,-8.59,-1.16,-4.97,0,0,1,76
75640,-8.48,-0.7,-4.97,0,0,1,76
75660,-8.53,-0.58,-5.07,0,0,1,76
75680,-8.55,-0.4,-5.19,0,0,1,76
75700,-8.32,-0.4,-5.37,0,0,1,76
75720,-8.27,-0.65,-5.13,0,0,1,76
75740,-8.13,-0.88,-5.07,0,0,1,76
75760,-7.99,-1.01,-5.26,0,0,1,76
75780,-7.94,-1.21,-5.51,0,0,1,76
75800,-7.86,-1.26,-5.53,0,0,1,76
75820,-7.68,-1.1,-5.71,0,0,1,76
75840,-7.73,-0.87,-5.91,0,0,1,76
75860,-7.73,-0.66,-6.2,0,0,1,76
75880,-8.03,-0.74,-6.83,0,0,1,76
75900,-8.31,-1.3,-7.4,0,0,1,76
75920,-8.42,-1.47,-8.04,0,0,1,76
75940,-8.33,-0.45,-8.38,0,0,1,76
75960,-6.97,0.75,-8.41,0,0,1,76
75980,-7.07,2.02,-7.32,0,0,1,76
76000,-7.0,3.52,-6.83,0,0,1,76
76020,-6.74,4.87,-6.11,0,0,1,76
76040,-6.63,5.27,-5.44,0,0,1,76
76060,-6.88,4.2,-5.15,0,0,1,76
76080,-7.51,4.05,-5.73,0,0,1,76
76100,-8.08,4.31,-6.22,0,0,1,76
76120,-7.95,4.8,-5.61,0,0,1,76
76140,-7.86,5.03,-4.88,0,0,1,76
76160,-7.65,5.15,-4.39,0,0,1,76
76180,-7.71,4.58,-4.26,0,0,1,76
76200,-7.74,4.32,-4.4,0,0,1,76
76220,-7.91,4.19,-4.73,0,0,1,76
76240,-8.04,4.51,-4.7,0,0,1,76
76260,-8.13,4.72,-4.64,0,0,1,76
76280,-8.0,4.73,-4.47,0,0,1,76
76300,-7.9,4.9,-4.3,0,0,1,76
76320,-7.73,4.79,-4.11,0,0,1,76
76340,-7.43,4.8,-4.31,0,0,1,76
76360,-7.39,4.92,-4.78,0,0,1,76
76380,-7.01,5.08,-5.41,0,0,1,76
76400,-6.85,5.27,-5.78,0,0,1,76
76420,-6.62,5.72,-6.16,0,0,1,76
76440,-6.39,5.79,-6.97,0,0,1,76
76460,-6.29,5.21,-8.02,0,0,1,76
76480,-6.12,4.13,-8.89,0,0,1,76
76500,-5.74,2.9,-9.35,0,0,1,76
76520,-5.94,1.32,-9.13,0,0,1,76
76540,-6.57,-0.15,-9.01,0,0,1,76
76560,-7.05,-1.46,-8.36,0,0,1,76
76580,-7.3,-2.79,-7.61,0,0,1,76
76600,-7.4,-3.33,-7.09,0,0,1,76
76620,-7.17,-3.0,-6.68,0,0,1,76
76640,-7.23,-2.24,-6.3,0,0,1,76
76660,-7.53,-1.35,-6.03,0,0,1,76
76680,-7.81,-0.47,-6.15,0,0,1,76
76700,-8.41,-0.19,-6.45,0,0,1,76
76720,-8.78,-0.6,-6.78,0,0,1,76
76740,-8.79,-1.26,-7.2,0,0,1,76
76760,-9.2,-1.9,-6.66,0,0,1,76
76780,-9.18,-1.91,-5.57,0,0,1,76
76800,-8.87,-1.66,-5.11,0,0,1,76
76820,-8.91,-1.53,-5.42,0,0,1,76
76840,-8.97,-1.36,-6.24,0,0,1,76
76860,-8.64,-1.16,-6.28,0,0,1,76
76880,-8.58,-0.98,-5.45,0,0,1,76
76900,-8.54,-0.81,-4.96,0,0,1,76
76920,-8.42,-1.23,-4.88,0,0,1,76
76940,-8.31,-1.51,-5.36,0,0,1,76
76960,-8.37,-1.37,-5.64,0,0,1,76
76980,-8.47,-0.94,-5.72,0,0,1,76
76000,-7.0,3.52,-6.83,0,0,1,77
76020,-6.74,4.87,-6.11,0,0,1,77
76040,-6.63,5.27,-5.44,0,0,1,77
76060,-6.88,4.2,-5.15,0,0,1,77
76080,-7.51,4.05,-5.73,0,0,1,77
76100,-8.08,4.31,-6.22,0,0,1,77
76120,-7.95,4.8,-5.61,0,0,1,77
76140,-7.86,5.03,-4.88,0,0,1,77
76160,-7.65,5.15,-4.39,0,0,1,77
76180,-7.71,4.58,-4.26,0,0,1,77
76200,-7.74,4.32,-4.4,0,0,1,77
76220,-7.91,4.19,-4.73,0,0,1,77
76240,-8.04,4.51,-4.7,0,0,1,77
76260,-8.13,4.72,-4.64,0,0,1,77
76280,-8.0,4.73,-4.47,0,0,1,77
76300,-7.9,4.9,-4.3,0,0,1,77
76320,-7.73,4.79,-4.11,0,0,1,77
76340,-7.43,4.8,-4.31,0,0,1,77
76360,-7.39,4.92,-4.78,0,0,1,77
76380,-7.01,5.08,-5.41,0,0,1,77
76400,-6.85,5.27,-5.78,0,0,1,77
76420,-6.62,5.72,-6.16,0,0,1,77
76440,-6.39,5.79,-6.97,0,0,1,77
76460,-6.29,5.21,-8.02,0,0,1,77
76480,-6.12,4.13,-8.89,0,0,1,77
76500,-5.74,2.9,-9.35,0,0,1,77
76520,-5.94,1.32,-9.13,0,0,1,77
76540,-6.57,-0.15,-9.01,0,0,1,77
76560,-7.05,-1.46,-8.36,0,0,1,77
76580,-7.3,-2.79,-7.61,0,0,1,77
76600,-7.4,-3.33,-7.09,0,0,1,77
76620,-7.17,-3.0,-6.68,0,0,1,77
76640,-7.23,-2.24,-6.3,0,0,1,77
76660,-7.53,-1.35,-6.03,0,0,1,77
76680,-7.81,-0.47,-6.15,0,0,1,77
76700,-8.41,-0.19,-6.45,0,0,1,77
76720,-8.78,-0.6,-6.78,0,0,1,77
76740,-8.79,-1.26,-7.2,0,0,1,77
76760,-9.2,-1.9,-6.66,0,0,1,77
76780,-9.18,-1.91,-5.57,0,0,1,77
76800,-8.87,-1.66,-5.11,0,0,1,77
76820,-8.91,-1.53,-5.42,0,0,1,77
76840,-8.97,-1.36,-6.24,0,0,1,77
76860,-8.64,-1.16,-6.28,0,0,1,77
76880,-8.58,-0.98,-5.45,0,0,1,77
76900,-8.54,-0.81,-4.96,0,0,1,77
76920,-8.42,-1.23,-4.88,0,0,1,77
76940,-8.31,-1.51,-5.36,0,0,1,77
76960,-8.37,-1.37,-5.64,0,0,1,77
76980,-8.47,-0.94,-5.72,0,0,1,77
77000,-8.39,-0.59,-5.96,0,0,1,77
77020,-8.39,-0.46,-6.16,0,0,1,77
77040,-8.3,-0.51,-6.31,0,0,1,77
77060,-8.09,-0.84,-6.55,0,0,1,77
77080,-7.73,-1.16,-6.47,0,0,1,77
77100,-7.51,-1.22,-6.34,0,0,1,77
77120,-7.25,-0.83,-6.1,0,0,1,77
77140,-7.0,-0.08,-6.49,0,0,1,77
77160,-7.09,0.5,-7.2,0,0,1,77
77180,-7.2,1.07,-7.79,0,0,1,77
77200,-7.45,1.41,-7.95,0,0,1,77
77220,-7.5,1.51,-7.75,0,0,1,77
77240,-7.66,1.77,-7.18,0,0,1,77
77260,-7.02,2.37,-6.75,0,0,1,77
77280,-6.98,2.37,-6.38,0,0,1,77
77300,-7.12,3.22,-6.39,0,0,1,77
77320,-7.47,3.64,-6.51,0,0,1,77
77340,-7.55,3.59,-6.19,0,0,1,77
77360,-7.63,3.31,-5.63,0,0,1,77
77380,-7.86,3.29,-5.48,0,0,1,77
77400,-7.98,3.63,-5.66,0,0,1,77
77420,-7.98,4.15,-5.2,0,0,1,77
77440,-7.32,4.55,-4.65,0,0,1,77
77460,-7.29,4.85,-4.27,0,0,1,77
77480,-7.47,4.73,-4.53,0,0,1,77
77500,-7.57,4.91,-3.85,0,0,1,77
77520,-7.29,4.66,-3.71,0,0,1,77
77540,-7.67,4.63,-4.16,0,0,1,77
77560,-7.98,4.68,-4.68,0,0,1,77
77580,-8.06,4.26,-4.75,0,0,1,77
77600,-7.89,3.98,-4.36,0,0,1,77
77620,-7.89,3.9,-4.16,0,0,1,77
77640,-7.74,3.94,-4.26,0,0,1,77
77660,-7.7,3.99,-4.58,0,0,1,77
77680,-7.89,3.87,-4.79,0,0,1,77
77700,-7.86,3.69,-4.89,0,0,1,77
77720,-7.89,3.42,-5.13,0,0,1,77
77740,-7.97,3.07,-5.29,0,0,1,77
77760,-7.93,2.62,-5.36,0,0,1,77
77780,-7.88,2.48,-5.24,0,0,1,77
77800,-7.85,2.63,-5.34,0,0,1,77
77820,-7.92,2.81,-5.64,0,0,1,77
77840,-8.03,2.77,-5.84,0,0,1,77
77860,-8.15,2.39,-5.87,0,0,1,77
77880,-8.11,1.68,-6.11,0,0,1,77
77900,-8.52,1.06,-5.79,0,0,1,77
77920,-8.46,0.56,-4.8,0,0,1,77
77940,-8.32,0.14,-4.5,0,0,1,77
77960,-8.16,-0.06,-4.16,0,0,1,77
77980,-7.9,-0.11,-3.78,0,0,1,77
77000,-8.39,-0.59,-5.96,0,0,1,78
77020,-8.39,-0.46,-6.16,0,0,1,78
77040,-8.3,-0.51,-6.31,0,0,1,78
77060,-8.09,-0.84,-6.55,0,0,1,78
77080,-7.73,-1.16,-6.47,0,0,1,78
77100,-7.51,-1.22,-6.34,0,0,1,78
77120,-7.25,-0.83,-6.1,0,0,1,78
77140,-7.0,-0.08,-6.49,0,0,1,78
77160,-7.09,0.5,-7.2,0,0,1,78
77180,-7.2,1.07,-7.79,0,0,1,78
77200,-7.45,1.41,-7.95,0,0,1,78
77220,-7.5,1.51,-7.75,0,0,1,78
77240,-7.66,1.77,-7.18,0,0,1,78
77260,-7.02,2.37,-6.75,0,0,1,78
77280,-6.98,2.37,-6.38,0,0,1,78
77300,-7.12,3.22,-6.39,0,0,1,78
77320,-7.47,3.64,-6.51,0,0,1,78
77340,-7.55,3.59,-6.19,0,0,1,78
77360,-7.63,3.31,-5.63,0,0,1,78
77380,-7.86,3.29,-5.48,0,0,1,78
77400,-7.98,3.63,-5.66,0,0,1,78
77420,-7.98,4.15,-5.2,0,0,1,78
77440,-7.32,4.55,-4.65,0,0,1,78
77460,-7.29,4.85,-4.27,0,0,1,78
77480,-7.47,4.73,-4.53,0,0,1,78
77500,-7.57,4.91,-3.85,0,0,1,78
77520,-7.29,4.66,-3.71,0,0,1,78
77540,-7.67,4.63,-4.16,0,0,1,78
77560,-7.98,4.68,-4.68,0,0,1,78
77580,-8.06,4.26,-4.75,0,0,1,78
77600,-7.89,3.98,-4.36,0,0,1,78
77620,-7.89,3.9,-4.16,0,0,1,78
77640,-7.74,3.94,-4.26,0,0,1,78
77660,-7.7,3.99,-4.58,0,0,1,78
77680,-7.89,3.87,-4.79,0,0,1,78
77700,-7.86,3.69,-4.89,0,0,1,78
77720,-7.89,3.42,-5.13,0,0,1,78
77740,-7.97,3.07,-5.29,0,0,1,78
77760,-7.93,2.62,-5.36,0,0,1,78
77780,-7.88,2.48,-5.24,0,0,1,78
77800,-7.85,2.63,-5.34,0,0,1,78
77820,-7.92,2.81,-5.64,0,0,1,78
77840,-8.03,2.77,-5.84,0,0,1,78
77860,-8.15,2.39,-5.87,0,0,1,78
77880,-8.11,1.68,-6.11,0,0,1,78
77900,-8.52,1.06,-5.79,0,0,1,78
77920,-8.46,0.56,-4.8,0,0,1,78
77940,-8.32,0.14,-4.5,0,0,1,78
77960,-8.16,-0.06,-4.16,0,0,1,78
77980,-7.9,-0.11,-3.78,0,0,1,78
78000,-7.92,0.03,-4.05,0,0,1,78
78020,-8.2,0.1,-4.43,0,0,1,78
78040,-9.01,-0.27,-4.87,0,0,1,78
78060,-9.47,-0.61,-5.76,0,0,1,78
78080,-9.28,-0.36,-6.01,0,0,1,78
78100,-9.15,0.23,-5.52,0,0,1,78
78120,-9.25,1.34,-5.02,0,0,1,78
78140,-9.2,2.21,-4.7,0,0,1,78
78160,-8.88,2.47,-4.35,0,0,1,78
78180,-8.19,2.46,-3.95,0,0,1,78
78200,-8.1,2.43,-3.91,0,0,1,78
78220,-8.02,2.78,-3.68,0,0,1,78
78240,-8.16,3.07,-3.73,0,0,1,78
78260,-8.39,3.39,-3.83,0,0,1,78
78280,-7.96,3.81,-3.75,0,0,1,78
78300,-8.13,3.99,-3.74,0,0,1,78
78320,-8.42,4.41,-4.28,0,0,1,78
78340,-8.95,3.97,-4.71,0,0,1,78
78360,-8.64,3.4,-4.46,0,0,1,78
78380,-7.9,2.82,-3.57,0,0,1,78
78400,-7.4,2.16,-3.06,0,0,1,78
78420,-7.45,1.86,-3.22,0,0,1,78
78440,-7.98,1.94,-3.56,0,0,1,78
78460,-8.25,2.22,-3.93,0,0,1,78
78480,-8.38,2.6,-3.89,0,0,1,78
78500,-8.64,2.98,-3.62,0,0,1,78
78520,-8.3,3.29,-3.42,0,0,1,78
78540,-7.89,3.39,-3.64,0,0,1,78
78560,-8.01,3.4,-4.07,0,0,1,78
78580,-8.36,3.32,-4.32,0,0,1,78
78600,-8.64,3.06,-4.66,0,0,1,78
78620,-9.05,2.66,-4.77,0,0,1,78
78640,-9.17,3.5,-6.53,0,0,1,78
78660,-9.56,2.69,-5.67,0,0,1,78
78680,-8.41,2.86,-3.42,0,0,1,78
78700,-8.24,2.71,-3.56,0,0,1,78
78720,-8.38,2.66,-3.84,0,0,1,78
78740,-9.75,2.37,-4.77,0,0,1,78
78760,-9.09,2.27,-5.27,0,0,1,78
78780,-7.9,1.79,-4.42,0,0,1,78
78800,-8.13,1.16,-4.11,0,0,1,78
78820,-9.13,0.89,-4.71,0,0,1,78
78840,-8.99,0.42,-5.04,0,0,1,78
78860,-8.71,-0.58,-4.62,0,0,1,78
78880,-8.9,-0.63,-3.6,0,0,1,78
78900,-8.73,0.54,-2.97,0,0,1,78
78920,-8.68,1.69,-3.12,0,0,1,78
78940,-8.21,1.49,-4.01,0,0,1,78
78960,-7.99,0.81,-4.89,0,0,1,78
78980,-8.29,0.39,-5.55,0,0,1,78
78000,-7.92,0.03,-4.05,0,0,1,79
78020,-8.2,0.1,-4.43,0,0,1,79
78040,-9.01,-0.27,-4.87,0,0,1,79
78060,-9.47,-0.61,-5.76,0,0,1,79
78080,-9.28,-0.36,-6.01,0,0,1,79
78100,-9.15,0.23,-5.52,0,0,1,79
78120,-9.25,1.34,-5.02,0,0,1,79
78140,-9.2,2.21,-4.7,0,0,1,79
78160,-8.88,2.47,-4.35,0,0,1,79
78180,-8.19,2.46,-3.95,0,0,1,79
78200,-8.1,2.43,-3.91,0,0,1,79
78220,-8.02,2.78,-3.68,0,0,1,79
78240,-8.16,3.07,-3.73,0,0,1,79
78260,-8.39,3.39,-3.83,0,0,1,79
78280,-7.96,3.81,-3.75,0,0,1,79
78300,-8.13,3.99,-3.74,0,0,1,79
78320,-8.42,4.41,-4.28,0,0,1,79
78340,-8.95,3.97,-4.71,0,0,1,79
78360,-8.64,3.4,-4.46,0,0,1,79
78380,-7.9,2.82,-3.57,0,0,1,79
78400,-7.4,2.16,-3.06,0,0,1,79
78420,-7.45,1.86,-3.22,0,0,1,79
78440,-7.98,1.94,-3.56,0,0,1,79
78460,-8.25,2.22,-3.93,0,0,1,79
78480,-8.38,2.6,-3.89,0,0,1,79
78500,-8.64,2.98,-3.62,0,0,1,79
78520,-8.3,3.29,-3.42,0,0,1,79
78540,-7.89,3.39,-3.64,0,0,1,79
78560,-8.01,3.4,-4.07,0,0,1,79
78580,-8.36,3.32,-4.32,0,0,1,79
78600,-8.64,3.06,-4.66,0,0,1,79
78620,-9.05,2.66,-4.77,0,0,1,79
78640,-9.17,3.5,-6.53,0,0,1,79
78660,-9.56,2.69,-5.67,0,0,1,79
78680,-8.41,2.86,-3.42,0,0,1,79
78700,-8.24,2.71,-3.56,0,0,1,79
78720,-8.38,2.66,-3.84,0,0,1,79
78740,-9.75,2.37,-4.77,0,0,1,79
78760,-9.09,2.27,-5.27,0,0,1,79
78780,-7.9,1.79,-4.42,0,0,1,79
78800,-8.13,1.16,-4.11,0,0,1,79
78820,-9.13,0.89,-4.71,0,0,1,79
78840,-8.99,0.42,-5.04,0,0,1,79
78860,-8.71,-0.58,-4.62,0,0,1,79
78880,-8.9,-0.63,-3.6,0,0,1,79
78900,-8.73,0.54,-2.97,0,0,1,79
78920,-8.68,1.69,-3.12,0,0,1,79
78940,-8.21,1.49,-4.01,0,0,1,79
78960,-7.99,0.81,-4.89,0,0,1,79
78980,-8.29,0.39,-5.55,0,0,1,79
79000,-8.74,0.17,-5.75,0,0,1,79
79020,-7.92,0.25,-5.66,0,0,1,79
79040,-7.31,0.79,-5.42,0,0,1,79
79060,-7.88,1.41,-4.86,0,0,1,79
79080,-7.89,2.4,-4.6,0,0,1,79
79100,-8.2,2.31,-5.2,0,0,1,79
79120,-8.67,1.42,-6.16,0,0,1,79
79140,-8.65,1.22,-6.18,0,0,1,79
79160,-8.54,1.87,-5.56,0,0,1,79
79180,-7.95,3.04,-4.46,0,0,1,79
79200,-7.54,4.02,-3.89,0,0,1,79
79220,-7.95,4.78,-3.88,0,0,1,79
79240,-8.33,4.65,-4.62,0,0,1,79
79260,-8.36,3.21,-5.7,0,0,1,79
79280,-8.37,2.01,-6.08,0,0,1,79
79300,-8.16,1.67,-5.29,0,0,1,79
79320,-7.79,1.95,-4.28,0,0,1,79
79340,-7.47,2.32,-4.01,0,0,1,79
79360,-7.63,2.68,-4.59,0,0,1,79
79380,-7.87,2.94,-5.46,0,0,1,79
79400,-8.22,2.98,-5.99,0,0,1,79
79420,-8.0,2.8,-6.24,0,0,1,79
79440,-7.97,2.94,-5.68,0,0,1,79
79460,-7.77,3.31,-5.22,0,0,1,79
79480,-7.63,3.2,-5.25,0,0,1,79
79500,-7.36,2.99,-5.37,0,0,1,79
79520,-7.17,3.09,-5.42,0,0,1,79
79540,-7.07,3.37,-5.46,0,0,1,79
79560,-7.02,3.34,-5.82,0,0,1,79
79580,-7.05,2.7,-6.19,0,0,1,79
79600,-10.45,0.36,-3.3,0,0,1,79
79620,-10.15,2.81,1.33,0,0,1,79
79640,-8.64,6.33,0.18,0,0,1,79
79660,-9.32,2.08,-4.92,0,0,1,79
79680,-11.01,-3.38,-8.31,0,0,1,79
79700,-11.69,-5.24,-9.35,0,0,1,79
79720,-11.08,-2.83,-7.81,0,0,1,79
79740,-9.81,2.1,-4.19,0,0,1,79
79760,-9.79,4.41,-2.52,0,0,1,79
79780,-9.59,2.28,-2.77,0,0,1,79
79800,-8.94,-0.95,-3.75,0,0,1,79
79820,-8.45,-2.39,-4.04,0,0,1,79
79840,-7.84,-1.68,-3.29,0,0,1,79
79860,-7.26,0.19,-2.41,0,0,1,79
79880,-7.81,1.65,-2.23,0,0,1,79
79900,-8.76,2.61,-2.78,0,0,1,79
79920,-9.51,3.05,-3.48,0,0,1,79
79940,-9.82,2.43,-3.95,0,0,1,79
79960,-9.69,1.3,-4.04,0,0,1,79
79980,-9.3,0.9,-4.14,0,0,1,79
79000,-8.74,0.17,-5.75,0,0,1,80
79020,-7.92,0.25,-5.66,0,0,1,80
79040,-7.31,0.79,-5.42,0,0,1,80
79060,-7.88,1.41,-4.86,0,0,1,80
79080,-7.89,2.4,-4.6,0,0,1,80
79100,-8.2,2.31,-5.2,0,0,1,80
79120,-8.67,1.42,-6.16,0,0,1,80
79140,-8.65,1.22,-6.18,0,0,1,80
79160,-8.54,1.87,-5.56,0,0,1,80
79180,-7.95,3.04,-4.46,0,0,1,80
79200,-7.54,4.02,-3.89,0,0,1,80
79220,-7.95,4.78,-3.88,0,0,1,80
79240,-8.33,4.65,-4.62,0,0,1,80
79260,-8.36,3.21,-5.7,0,0,1,80
79280,-8.37,2.01,-6.08,0,0,1,80
79300,-8.16,1.67,-5.29,0,0,1,80
79320,-7.79,1.95,-4.28,0,0,1,80
79340,-7.47,2.32,-4.01,0,0,1,80
79360,-7.63,2.68,-4.59,0,0,1,80
79380,-7.87,2.94,-5.46,0,0,1,80
79400,-8.22,2.98,-5.99,0,0,1,80
79420,-8.0,2.8,-6.24,0,0,1,80
79440,-7.97,2.94,-5.68,0,0,1,80
79460,-7.77,3.31,-5.22,0,0,1,80
79480,-7.63,3.2,-5.25,0,0,1,80
79500,-7.36,2.99,-5.37,0,0,1,80
79520,-7.17,3.09,-5.42,0,0,1,80
79540,-7.07,3.37,-5.46,0,0,1,80
79560,-7.02,3.34,-5.82,0,0,1,80
79580,-7.05,2.7,-6.19,0,0,1,80
79600,-10.45,0.36,-3.3,0,0,1,80
79620,-10.15,2.81,1.33,0,0,1,80
79640,-8.64,6.33,0.18,0,0,1,80
79660,-9.32,2.08,-4.92,0,0,1,80
79680,-11.01,-3.38,-8.31,0,0,1,80
79700,-11.69,-5.24,-9.35,0,0,1,80
79720,-11.08,-2.83,-7.81,0,0,1,80
79740,-9.81,2.1,-4.19,0,0,1,80
79760,-9.79,4.41,-2.52,0,0,1,80
79780,-9.59,2.28,-2.77,0,0,1,80
79800,-8.94,-0.95,-3.75,0,0,1,80
79820,-8.45,-2.39,-4.04,0,0,1,80
79840,-7.84,-1.68,-3.29,0,0,1,80
79860,-7.26,0.19,-2.41,0,0,1,80
79880,-7.81,1.65,-2.23,0,0,1,80
79900,-8.76,2.61,-2.78,0,0,1,80
79920,-9.51,3.05,-3.48,0,0,1,80
79940,-9.82,2.43,-3.95,0,0,1,80
79960,-9.69,1.3,-4.04,0,0,1,80
79980,-9.3,0.9,-4.14,0,0,1,80
80000,-8.5,0.97,-2.8,0,0,1,80
80020,-8.53,1.39,-2.4,0,0,1,80
80040,-8.02,1.75,-2.61,0,0,1,80
80060,-8.13,1.43,-2.56,0,0,1,80
80080,-8.55,1.24,-2.78,0,0,1,80
80100,-8.12,0.94,-3.28,0,0,1,80
80120,-8.29,-0.72,-4.03,0,0,1,80
80140,-8.42,-1.91,-3.28,0,0,1,80
80160,-8.83,-1.3,-2.2,0,0,1,80
80180,-9.91,1.08,-2.05,0,0,1,80
80200,-11.13,3.05,-3.34,0,0,1,80
80220,-11.44,2.53,-5.41,0,0,1,80
80240,-10.35,1.03,-5.09,0,0,1,80
80260,-8.81,0.39,-3.6,0,0,1,80
80280,-7.78,0.67,-2.31,0,0,1,80
80300,-7.45,0.74,-1.79,0,0,1,80
80320,-7.7,0.33,-1.83,0,0,1,80
80340,-8.04,-0.36,-2.16,0,0,1,80
80360,-8.03,-0.77,-2.72,0,0,1,80
80380,-8.21,-1.02,-3.15,0,0,1,80
80400,-8.63,-1.28,-3.13,0,0,1,80
80420,-8.78,-1.07,-3.05,0,0,1,80
80440,-10.07,-0.88,-2.88,0,0,1,80
80460,-10.67,-0.55,-3.71,0,0,1,80
80480,-10.55,-0.33,-4.78,0,0,1,80
80500,-9.8,-0.04,-4.76,0,0,1,80
80520,-8.2,0.28,-3.78,0,0,1,80
80540,-7.28,0.68,-2.57,0,0,1,80
80560,-7.32,1.07,-2.02,0,0,1,80
80580,-8.84,1.05,-3.25,0,0,1,80
80600,-10.45,1.48,-6.08,0,0,1,80
80620,-12.82,2.08,-8.99,0,0,1,80
80640,-11.21,1.88,-7.46,0,0,1,80
80660,-8.46,1.26,-2.82,0,0,1,80
80680,-7.3,0.93,0.07,0,0,1,80
80700,-8.27,0.17,-2.24,0,0,1,80
80720,-8.14,-0.17,-4.24,0,0,1,80
80740,-8.96,-0.03,-4.71,0,0,1,80
80760,-8.28,0.98,-4.91,0,0,1,80
80780,-6.89,2.83,-5.68,0,0,1,80
80800,-7.16,3.71,-5.77,0,0,1,80
80820,-7.98,3.87,-5.39,0,0,1,80
80840,-8.39,4.11,-4.65,0,0,1,80
80860,-7.87,4.77,-4.57,0,0,1,80
80880,-7.88,4.32,-5.04,0,0,1,80
80900,-8.06,3.64,-5.8,0,0,1,80
80920,-8.36,2.49,-6.18,0,0,1,80
80940,-8.27,1.17,-6.03,0,0,1,80
80960,-8.03,0.06,-5.87,0,0,1,80
80980,-8.02,0.22,-5.59,0,0,1,80
80000,-8.5,0.97,-2.8,0,0,1,81
80020,-8.53,1.39,-2.4,0,0,1,81
80040,-8.02,1.75,-2.61,0,0,1,81
80060,-8.13,1.43,-2.56,0,0,1,81
80080,-8.55,1.24,-2.78,0,0,1,81
80100,-8.12,0.94,-3.28,0,0,1,81
80120,-8.29,-0.72,-4.03,0,0,1,81
80140,-8.42,-1.91,-3.28,0,0,1,81
80160,-8.83,-1.3,-2.2,0,0,1,81
80180,-9.91,1.08,-2.05,0,0,1,81
80200,-11.13,3.05,-3.34,0,0,1,81
80220,-11.44,2.53,-5.41,0,0,1,81
80240,-10.35,1.03,-5.09,0,0,1,81
80260,-8.81,0.39,-3.6,0,0,1,81
80280,-7.78,0.67,-2.31,0,0,1,81
80300,-7.45,0.74,-1.79,0,0,1,81
80320,-7.7,0.33,-1.83,0,0,1,81
80340,-8.04,-0.36,-2.16,0,0,1,81
80360,-8.03,-0.77,-2.72,0,0,1,81
80380,-8.21,-1.02,-3.15,0,0,1,81
80400,-8.63,-1.28,-3.13,0,0,1,81
80420,-8.78,-1.07,-3.05,0,0,1,81
80440,-10.07,-0.88,-2.88,0,0,1,81
80460,-10.67,-0.55,-3.71,0,0,1,81
80480,-10.55,-0.33,-4.78,0,0,1,81
80500,-9.8,-0.04,-4.76,0,0,1,81
80520,-8.2,0.28,-3.78,0,0,1,81
80540,-7.28,0.68,-2.57,0,0,1,81
80560,-7.32,1.07,-2.02,0,0,1,81
80580,-8.84,1.05,-3.25,0,0,1,81
80600,-10.45,1.48,-6.08,0,0,1,81
80620,-12.82,2.08,-8.99,0,0,1,81
80640,-11.21,1.88,-7.46,0,0,1,81
80660,-8.46,1.26,-2.82,0,0,1,81
80680,-7.3,0.93,0.07,0,0,1,81
80700,-8.27,0.17,-2.24,0,0,1,81
80720,-8.14,-0.17,-4.24,0,0,1,81
80740,-8.96,-0.03,-4.71,0,0,1,81
80760,-8.28,0.98,-4.91,0,0,1,81
80780,-6.89,2.83,-5.68,0,0,1,81
80800,-7.16,3.71,-5.77,0,0,1,81
80820,-7.98,3.87,-5.39,0,0,1,81
80840,-8.39,4.11,-4.65,0,0,1,81
80860,-7.87,4.77,-4.57,0,0,1,81
80880,-7.88,4.32,-5.04,0,0,1,81
80900,-8.06,3.64,-5.8,0,0,1,81
80920,-8.36,2.49,-6.18,0,0,1,81
80940,-8.27,1.17,-6.03,0,0,1,81
80960,-8.03,0.06,-5.87,0,0,1,81
80980,-8.02,0.22,-5.59,0,0,1,81
81000,-7.97,1.1,-5.3,0,0,1,81
81020,-7.4,2.16,-5.2,0,0,1,81
81040,-7.87,3.15,-5.16,0,0,1,81
81060,-8.23,3.65,-5.34,0,0,1,81
81080,-8.32,3.38,-5.4,0,0,1,81
81100,-8.31,2.73,-5.77,0,0,1,81
81120,-8.26,2.27,-5.59,0,0,1,81
81140,-8.58,2.26,-5.74,0,0,1,81
81160,-8.48,2.33,-5.98,0,0,1,81
81180,-8.11,2.01,-6.13,0,0,1,81
81200,-7.53,2.04,-5.23,0,0,1,81
81220,-7.41,2.19,-4.52,0,0,1,81
81240,-7.5,2.69,-4.3,0,0,1,81
81260,-7.89,2.88,-4.8,0,0,1,81
81280,-8.56,2.28,-5.28,0,0,1,81
81300,-8.78,1.8,-6.15,0,0,1,81
81320,-8.76,-0.85,-7.53,0,0,1,81
81340,-10.13,2.35,-2.1,0,0,1,81
81360,-7.92,5.03,0.11,0,0,1,81
81380,-8.11,1.83,-2.44,0,0,1,81
81400,-9.04,-2.71,-6.82,0,0,1,81
81420,-7.87,-5.76,-8.79,0,0,1,81
81440,-7.97,-1.92,-7.11,0,0,1,81
81460,-9.17,3.07,-5.27,0,0,1,81
81480,-9.12,4.55,-3.19,0,0,1,81
81500,-7.67,3.09,-2.46,0,0,1,81
81520,-7.36,0.57,-3.34,0,0,1,81
81540,-7.29,-0.73,-4.67,0,0,1,81
81560,-6.84,0.04,-4.59,0,0,1,81
81580,-7.35,2.24,-4.04,0,0,1,81
81600,-8.45,4.37,-3.71,0,0,1,81
81620,-9.29,5.63,-3.4,0,0,1,81
81640,-9.65,5.15,-3.59,0,0,1,81
81660,-9.45,3.4,-2.79,0,0,1,81
81680,-8.98,1.61,-3.28,0,0,1,81
81700,-9.25,1.96,-3.6,0,0,1,81
81720,-8.88,2.85,-2.88,0,0,1,81
81740,-8.42,3.17,-2.41,0,0,1,81
81760,-8.32,2.79,-2.71,0,0,1,81
81780,-7.93,2.2,-2.9,0,0,1,81
81800,-7.87,2.28,-2.78,0,0,1,81
81820,-7.62,2.81,-2.41,0,0,1,81
81840,-7.23,2.95,-2.24,0,0,1,81
81860,-7.42,3.61,-2.53,0,0,1,81
81880,-7.65,4.1,-2.55,0,0,1,81
81900,-8.54,4.4,-2.67,0,0,1,81
81920,-11.94,3.91,-5.35,0,0,1,81
81940,-13.55,3.01,-7.77,0,0,1,81
81960,-12.84,1.93,-8.7,0,0,1,81
81980,-8.93,2.21,-4.91,0,0,1,81
81000,-7.97,1.1,-5.3,0,0,1,82
81020,-7.4,2.16,-5.2,0,0,1,82
81040,-7.87,3.15,-5.16,0,0,1,82
81060,-8.23,3.65,-5.34,0,0,1,82
81080,-8.32,3.38,-5.4,0,0,1,82
81100,-8.31,2.73,-5.77,0,0,1,82
81120,-8.26,2.27,-5.59,0,0,1,82
81140,-8.58,2.26,-5.74,0,0,1,82
81160,-8.48,2.33,-5.98,0,0,1,82
81180,-8.11,2.01,-6.13,0,0,1,82
81200,-7.53,2.04,-5.23,0,0,1,82
81220,-7.41,2.19,-4.52,0,0,1,82
81240,-7.5,2.69,-4.3,0,0,1,82
81260,-7.89,2.88,-4.8,0,0,1,82
81280,-8.56,2.28,-5.28,0,0,1,82
81300,-8.78,1.8,-6.15,0,0,1,82
81320,-8.76,-0.85,-7.53,0,0,1,82
81340,-10.13,2.35,-2.1,0,0,1,82
81360,-7.92,5.03,0.11,0,0,1,82
81380,-8.11,1.83,-2.44,0,0,1,82
81400,-9.04,-2.71,-6.82,0,0,1,82
81420,-7.87,-5.76,-8.79,0,0,1,82
81440,-7.97,-1.92,-7.11,0,0,1,82
81460,-9.17,3.07,-5.27,0,0,1,82
81480,-9.12,4.55,-3.19,0,0,1,82
81500,-7.67,3.09,-2.46,0,0,1,82
81520,-7.36,0.57,-3.34,0,0,1,82
81540,-7.29,-0.73,-4.67,0,0,1,82
81560,-6.84,0.04,-4.59,0,0,1,82
81580,-7.35,2.24,-4.04,0,0,1,82
81600,-8.45,4.37,-3.71,0,0,1,82
81620,-9.29,5.63,-3.4,0,0,1,82
81640,-9.65,5.15,-3.59,0,0,1,82
81660,-9.45,3.4,-2.79,0,0,1,82
81680,-8.98,1.61,-3.28,0,0,1,82
81700,-9.25,1.96,-3.6,0,0,1,82
81720,-8.88,2.85,-2.88,0,0,1,82
81740,-8.42,3.17,-2.41,0,0,1,82
81760,-8.32,2.79,-2.71,0,0,1,82
81780,-7.93,2.2,-2.9,0,0,1,82
81800,-7.87,2.28,-2.78,0,0,1,82
81820,-7.62,2.81,-2.41,0,0,1,82
81840,-7.23,2.95,-2.24,0,0,1,82
81860,-7.42,3.61,-2.53,0,0,1,82
81880,-7.65,4.1,-2.55,0,0,1,82
81900,-8.54,4.4,-2.67,0,0,1,82
81920,-11.94,3.91,-5.35,0,0,1,82
81940,-13.55,3.01,-7.77,0,0,1,82
81960,-12.84,1.93,-8.7,0,0,1,82
81980,-8.93,2.21,-4.91,0,0,1,82
82000,-6.29,3.89,-0.23,0,0,1,82
82020,-5.96,5.09,0.69,0,0,1,82
82040,-7.69,3.75,-2.55,0,0,1,82
82060,-8.67,1.06,-5.51,0,0,1,82
82080,-9.26,-1.53,-7.22,0,0,1,82
82100,-8.91,-1.3,-7.06,0,0,1,82
82120,-7.98,1.0,-5.5,0,0,1,82
82140,-6.93,2.69,-4.53,0,0,1,82
82160,-7.4,2.59,-4.62,0,0,1,82
82180,-7.84,1.93,-5.44,0,0,1,82
82200,-8.1,1.12,-5.88,0,0,1,82
82220,-7.97,1.22,-5.74,0,0,1,82
82240,-7.76,2.29,-4.95,0,0,1,82
82260,-7.86,3.19,-5.14,0,0,1,82
82280,-7.85,3.48,-5.51,0,0,1,82
82300,-7.77,3.01,-5.93,0,0,1,82
82320,-7.53,2.28,-6.53,0,0,1,82
82340,-7.52,1.65,-6.96,0,0,1,82
82360,-7.53,1.31,-7.19,0,0,1,82
82380,-7.54,1.22,-7.34,0,0,1,82
82400,-7.47,0.98,-7.64,0,0,1,82
82420,-7.35,0.34,-7.87,0,0,1,82
82440,-7.06,-0.45,-8.11,0,0,1,82
82460,-6.79,-0.59,-7.88,0,0,1,82
82480,-7.14,-0.64,-7.69,0,0,1,82
82500,-7.6,-0.29,-7.68,0,0,1,82
82520,-7.5,0.36,-7.61,0,0,1,82
82540,-7.19,1.03,-7.36,0,0,1,82
82560,-6.74,1.23,-7.13,0,0,1,82
82580,-6.61,0.97,-7.22,0,0,1,82
82600,-6.55,0.23,-7.38,0,0,1,82
82620,-6.7,-0.38,-7.56,0,0,1,82
82640,-7.15,-0.74,-7.68,0,0,1,82
82660,-7.55,-1.09,-7.58,0,0,1,82
82680,-7.81,-1.23,-7.24,0,0,1,82
82700,-8.06,-0.74,-6.96,0,0,1,82
82720,-8.29,-0.52,-6.86,0,0,1,82
82740,-8.19,-1.26,-5.61,0,0,1,82
82760,-8.54,0.34,-3.37,0,0,1,82
82780,-7.1,1.64,-2.62,0,0,1,82
82800,-7.46,1.18,-6.09,0,0,1,82
82820,-8.6,-0.4,-8.04,0,0,1,82
82840,-8.0,-0.37,-6.43,0,0,1,82
82860,-6.94,1.79,-3.97,0,0,1,82
82880,-7.48,3.67,-2.34,0,0,1,82
82900,-8.9,4.14,-2.82,0,0,1,82
82920,-10.33,3.28,-4.85,0,0,1,82
82940,-10.87,3.71,-6.43,0,0,1,82
82960,-10.3,3.73,-5.71,0,0,1,82
82980,-9.86,3.73,-4.09,0,0,1,82
82000,-6.29,3.89,-0.23,0,0,1,83
82020,-5.96,5.09,0.69,0,0,1,83
82040,-7.69,3.75,-2.55,0,0,1,83
82060,-8.67,1.06,-5.51,0,0,1,83
82080,-9.26,-1.53,-7.22,0,0,1,83
82100,-8.91,-1.3,-7.06,0,0,1,83
82120,-7.98,1.0,-5.5,0,0,1,83
82140,-6.93,2.69,-4.53,0,0,1,83
82160,-7.4,2.59,-4.62,0,0,1,83
82180,-7.84,1.93,-5.44,0,0,1,83
82200,-8.1,1.12,-5.88,0,0,1,83
82220,-7.97,1.22,-5.74,0,0,1,83
82240,-7.76,2.29,-4.95,0,0,1,83
82260,-7.86,3.19,-5.14,0,0,1,83
82280,-7.85,3.48,-5.51,0,0,1,83
82300,-7.77,3.01,-5.93,0,0,1,83
82320,-7.53,2.28,-6.53,0,0,1,83
82340,-7.52,1.65,-6.96,0,0,1,83
82360,-7.53,1.31,-7.19,0,0,1,83
82380,-7.54,1.22,-7.34,0,0,1,83
82400,-7.47,0.98,-7.64,0,0,1,83
82420,-7.35,0.34,-7.87,0,0,1,83
82440,-7.06,-0.45,-8.11,0,0,1,83
82460,-6.79,-0.59,-7.88,0,0,1,83
82480,-7.14,-0.64,-7.69,0,0,1,83
82500,-7.6,-0.29,-7.68,0,0,1,83
82520,-7.5,0.36,-7.61,0,0,1,83
82540,-7.19,1.03,-7.36,0,0,1,83
82560,-6.74,1.23,-7.13,0,0,1,83
82580,-6.61,0.97,-7.22,0,0,1,83
82600,-6.55,0.23,-7.38,0,0,1,83
82620,-6.7,-0.38,-7.56,0,0,1,83
82640,-7.15,-0.74,-7.68,0,0,1,83
82660,-7.55,-1.09,-7.58,0,0,1,83
82680,-7.81,-1.23,-7.24,0,0,1,83
82700,-8.06,-0.74,-6.96,0,0,1,83
82720,-8.29,-0.52,-6.86,0,0,1,83
82740,-8.19,-1.26,-5.61,0,0,1,83
82760,-8.54,0.34,-3.37,0,0,1,83
82780,-7.1,1.64,-2.62,0,0,1,83
82800,-7.46,1.18,-6.09,0,0,1,83
82820,-8.6,-0.4,-8.04,0,0,1,83
82840,-8.0,-0.37,-6.43,0,0,1,83
82860,-6.94,1.79,-3.97,0,0,1,83
82880,-7.48,3.67,-2.34,0,0,1,83
82900,-8.9,4.14,-2.82,0,0,1,83
82920,-10.33,3.28,-4.85,0,0,1,83
82940,-10.87,3.71,-6.43,0,0,1,83
82960,-10.3,3.73,-5.71,0,0,1,83
82980,-9.86,3.73,-4.09,0,0,1,83
83000,-7.55,4.61,-3.31,0,0,1,83
83020,-7.2,4.72,-3.04,0,0,1,83
83040,-7.34,3.29,-3.73,0,0,1,83
83060,-7.19,1.44,-4.91,0,0,1,83
83080,-8.5,-0.2,-5.84,0,0,1,83
83100,-8.53,-0.68,-5.49,0,0,1,83
83120,-8.75,-1.03,-4.62,0,0,1,83
83140,-9.43,-0.48,-4.24,0,0,1,83
83160,-9.77,0.24,-4.26,0,0,1,83
83180,-8.72,1.73,-3.88,0,0,1,83
83200,-8.12,2.31,-3.37,0,0,1,83
83220,-8.78,2.66,-3.77,0,0,1,83
83240,-8.72,2.78,-4.23,0,0,1,83
83260,-8.44,2.3,-4.25,0,0,1,83
83280,-8.16,1.26,-3.53,0,0,1,83
83300,-8.27,0.54,-3.31,0,0,1,83
83320,-8.44,0.23,-3.6,0,0,1,83
83340,-8.45,0.64,-4.0,0,0,1,83
83360,-8.48,1.26,-3.64,0,0,1,83
83380,-8.55,1.69,-3.38,0,0,1,83
83400,-8.44,2.17,-3.75,0,0,1,83
83420,-8.57,2.28,-3.98,0,0,1,83
83440,-8.59,2.37,-3.98,0,0,1,83
83460,-8.63,2.12,-3.91,0,0,1,83
83480,-8.34,2.45,-3.78,0,0,1,83
83500,-8.2,2.77,-3.71,0,0,1,83
83520,-8.33,2.69,-3.63,0,0,1,83
83540,-8.18,2.38,-3.41,0,0,1,83
83560,-7.96,2.03,-3.55,0,0,1,83
83580,-7.88,1.83,-3.78,0,0,1,83
83600,-7.71,2.04,-3.59,0,0,1,83
83620,-8.83,2.62,-3.59,0,0,1,83
83640,-7.88,3.34,-4.47,0,0,1,83
83660,-7.32,3.24,-4.59,0,0,1,83
83680,-8.03,2.74,-3.85,0,0,1,83
83700,-11.96,1.99,-4.18,0,0,1,83
83720,-13.59,1.73,-8.02,0,0,1,83
83740,-10.32,0.48,-8.58,0,0,1,83
83760,-7.62,0.52,-3.86,0,0,1,83
83780,-6.89,2.66,-1.65,0,0,1,83
83800,-6.79,4.33,-1.75,0,0,1,83
83820,-7.57,3.52,-3.5,0,0,1,83
83840,-8.55,0.93,-5.28,0,0,1,83
83860,-8.94,-1.17,-6.51,0,0,1,83
83880,-9.02,-1.42,-6.75,0,0,1,83
83900,-8.35,0.09,-6.41,0,0,1,83
83920,-8.12,1.36,-4.41,0,0,1,83
83940,-8.25,1.56,-3.36,0,0,1,83
83960,-8.7,0.78,-3.61,0,0,1,83
83980,-8.72,-0.15,-4.39,0,0,1,83
83000,-7.55,4.61,-3.31,0,0,1,84
83020,-7.2,4.72,-3.04,0,0,1,84
83040,-7.34,3.29,-3.73,0,0,1,84
83060,-7.19,1.44,-4.91,0,0,1,84
83080,-8.5,-0.2,-5.84,0,0,1,84
83100,-8.53,-0.68,-5.49,0,0,1,84
83120,-8.75,-1.03,-4.62,0,0,1,84
83140,-9.43,-0.48,-4.24,0,0,1,84
83160,-9.77,0.24,-4.26,0,0,1,84
83180,-8.72,1.73,-3.88,0,0,1,84
83200,-8.12,2.31,-3.37,0,0,1,84
83220,-8.78,2.66,-3.77,0,0,1,84
83240,-8.72,2.78,-4.23,0,0,1,84
83260,-8.44,2.3,-4.25,0,0,1,84
83280,-8.16,1.26,-3.53,0,0,1,84
83300,-8.27,0.54,-3.31,0,0,1,84
83320,-8.44,0.23,-3.6,0,0,1,84
83340,-8.45,0.64,-4.0,0,0,1,84
83360,-8.48,1.26,-3.64,0,0,1,84
83380,-8.55,1.69,-3.38,0,0,1,84
83400,-8.44,2.17,-3.75,0,0,1,84
83420,-8.57,2.28,-3.98,0,0,1,84
83440,-8.59,2.37,-3.98,0,0,1,84
83460,-8.63,2.12,-3.91,0,0,1,84
83480,-8.34,2.45,-3.78,0,0,1,84
83500,-8.2,2.77,-3.71,0,0,1,84
83520,-8.33,2.69,-3.63,0,0,1,84
83540,-8.18,2.38,-3.41,0,0,1,84
83560,-7.96,2.03,-3.55,0,0,1,84
83580,-7.88,1.83,-3.78,0,0,1,84
83600,-7.71,2.04,-3.59,0,0,1,84
83620,-8.83,2.62,-3.59,0,0,1,84
83640,-7.88,3.34,-4.47,0,0,1,84
83660,-7.32,3.24,-4.59,0,0,1,84
83680,-8.03,2.74,-3.85,0,0,1,84
83700,-11.96,1.99,-4.18,0,0,1,84
83720,-13.59,1.73,-8.02,0,0,1,84
83740,-10.32,0.48,-8.58,0,0,1,84
83760,-7.62,0.52,-3.86,0,0,1,84
83780,-6.89,2.66,-1.65,0,0,1,84
83800,-6.79,4.33,-1.75,0,0,1,84
83820,-7.57,3.52,-3.5,0,0,1,84
83840,-8.55,0.93,-5.28,0,0,1,84
83860,-8.94,-1.17,-6.51,0,0,1,84
83880,-9.02,-1.42,-6.75,0,0,1,84
83900,-8.35,0.09,-6.41,0,0,1,84
83920,-8.12,1.36,-4.41,0,0,1,84
83940,-8.25,1.56,-3.36,0,0,1,84
83960,-8.7,0.78,-3.61,0,0,1,84
83980,-8.72,-0.15,-4.39,0,0,1,84
84000,-8.57,-0.94,-5.37,0,0,1,84
84020,-8.12,-0.86,-5.91,0,0,1,84
84040,-8.45,-0.24,-5.84,0,0,1,84
84060,-8.16,1.14,-5.58,0,0,1,84
84080,-8.28,1.85,-4.82,0,0,1,84
84100,-8.07,1.74,-4.96,0,0,1,84
84120,-7.85,2.01,-5.53,0,0,1,84
84140,-8.43,1.68,-6.25,0,0,1,84
84160,-8.41,1.13,-6.59,0,0,1,84
84180,-8.27,0.75,-6.15,0,0,1,84
84200,-7.98,0.51,-5.58,0,0,1,84
84220,-7.92,0.4,-5.21,0,0,1,84
84240,-7.99,0.58,-5.42,0,0,1,84
84260,-8.52,0.63,-5.37,0,0,1,84
84280,-8.5,0.8,-5.67,0,0,1,84
84300,-8.51,0.34,-6.45,0,0,1,84
84320,-8.28,0.09,-6.86,0,0,1,84
84340,-8.76,-0.86,-6.36,0,0,1,84
84360,-9.3,0.46,-2.14,0,0,1,84
84380,-6.47,3.71,0.77,0,0,1,84
84400,-7.55,3.65,-2.09,0,0,1,84
84420,-8.96,0.4,-7.37,0,0,1,84
84440,-9.64,-3.79,-8.14,0,0,1,84
84460,-8.05,-3.95,-5.3,0,0,1,84
84480,-7.79,-0.47,-2.89,0,0,1,84
84500,-7.94,3.2,-1.53,0,0,1,84
84520,-8.29,4.18,-1.1,0,0,1,84
84540,-9.4,1.27,-3.14,0,0,1,84
84560,-9.89,-0.72,-5.37,0,0,1,84
84580,-9.87,0.07,-5.21,0,0,1,84
84600,-9.79,0.62,-3.43,0,0,1,84
84620,-9.1,0.72,-2.33,0,0,1,84
84640,-8.06,-0.24,-2.33,0,0,1,84
84660,-7.94,-1.39,-2.98,0,0,1,84
84680,-8.94,-1.94,-3.33,0,0,1,84
84700,-9.5,-0.74,-3.4,0,0,1,84
84720,-10.25,1.47,-3.14,0,0,1,84
84740,-11.35,3.38,-3.43,0,0,1,84
84760,-12.07,3.57,-3.96,0,0,1,84
84780,-11.54,2.47,-4.23,0,0,1,84
84800,-10.72,1.42,-3.69,0,0,1,84
84820,-9.79,0.88,-2.63,0,0,1,84
84840,-8.97,0.53,-1.88,0,0,1,84
84860,-8.25,0.23,-1.74,0,0,1,84
84880,-7.55,-0.02,-1.8,0,0,1,84
84900,-6.8,-0.03,-1.28,0,0,1,84
84920,-6.99,0.27,-0.43,0,0,1,84
84940,-7.66,1.15,-0.6,0,0,1,84
84960,-8.87,1.49,-1.32,0,0,1,84
84980,-10.25,1.16,-2.34,0,0,1,84
84000,-8.57,-0.94,-5.37,0,0,1,85
84020,-8.12,-0.86,-5.91,0,0,1,85
84040,-8.45,-0.24,-5.84,0,0,1,85
84060,-8.16,1.14,-5.58,0,0,1,85
84080,-8.28,1.85,-4.82,0,0,1,85
84100,-8.07,1.74,-4.96,0,0,1,85
84120,-7.85,2.01,-5.53,0,0,1,85
84140,-8.43,1.68,-6.25,0,0,1,85
84160,-8.41,1.13,-6.59,0,0,1,85
84180,-8.27,0.75,-6.15,0,0,1,85
84200,-7.98,0.51,-5.58,0,0,1,85
84220,-7.92,0.4,-5.21,0,0,1,85
84240,-7.99,0.58,-5.42,0,0,1,85
84260,-8.52,0.63,-5.37,0,0,1,85
84280,-8.5,0.8,-5.67,0,0,1,85
84300,-8.51,0.34,-6.45,0,0,1,85
84320,-8.28,0.09,-6.86,0,0,1,85
84340,-8.76,-0.86,-6.36,0,0,1,85
84360,-9.3,0.46,-2.14,0,0,1,85
84380,-6.47,3.71,0.77,0,0,1,85
84400,-7.55,3.65,-2.09,0,0,1,85
84420,-8.96,0.4,-7.37,0,0,1,85
84440,-9.64,-3.79,-8.14,0,0,1,85
84460,-8.05,-3.95,-5.3,0,0,1,85
84480,-7.79,-0.47,-2.89,0,0,1,85
84500,-7.94,3.2,-1.53,0,0,1,85
84520,-8.29,4.18,-1.1,0,0,1,85
84540,-9.4,1.27,-3.14,0,0,1,85
84560,-9.89,-0.72,-5.37,0,0,1,85
84580,-9.87,0.07,-5.21,0,0,1,85
84600,-9.79,0.62,-3.43,0,0,1,85
84620,-9.1,0.72,-2.33,0,0,1,85
84640,-8.06,-0.24,-2.33,0,0,1,85
84660,-7.94,-1.39,-2.98,0,0,1,85
84680,-8.94,-1.94,-3.33,0,0,1,85
84700,-9.5,-0.74,-3.4,0,0,1,85
84720,-10.25,1.47,-3.14,0,0,1,85
84740,-11.35,3.38,-3.43,0,0,1,85
84760,-12.07,3.57,-3.96,0,0,1,85
84780,-11.54,2.47,-4.23,0,0,1,85
84800,-10.72,1.42,-3.69,0,0,1,85
84820,-9.79,0.88,-2.63,0,0,1,85
84840,-8.97,0.53,-1.88,0,0,1,85
84860,-8.25,0.23,-1.74,0,0,1,85
84880,-7.55,-0.02,-1.8,0,0,1,85
84900,-6.8,-0.03,-1.28,0,0,1,85
84920,-6.99,0.27,-0.43,0,0,1,85
84940,-7.66,1.15,-0.6,0,0,1,85
84960,-8.87,1.49,-1.32,0,0,1,85
84980,-10.25,1.16,-2.34,0,0,1,85
85000,-10.95,0.99,-3.85,0,0,1,85
85020,-10.51,0.5,-3.79,0,0,1,85
85040,-9.47,-0.29,-3.48,0,0,1,85
85060,-8.16,-0.72,-3.23,0,0,1,85
85080,-7.67,-0.96,-2.46,0,0,1,85
85100,-7.39,-1.25,-2.34,0,0,1,85
85120,-8.57,-0.81,-3.54,0,0,1,85
85140,-11.0,0.26,-5.27,0,0,1,85
85160,-10.6,1.86,-6.63,0,0,1,85
85180,-8.63,2.31,-4.46,0,0,1,85
85200,-5.93,2.62,-1.42,0,0,1,85
85220,-6.66,2.47,-0.75,0,0,1,85
85240,-9.22,1.51,-3.54,0,0,1,85
85260,-10.51,0.35,-6.06,0,0,1,85
85280,-9.95,-0.07,-6.88,0,0,1,85
85300,-8.34,0.68,-5.7,0,0,1,85
85320,-7.37,1.04,-3.86,0,0,1,85
85340,-7.4,1.01,-3.86,0,0,1,85
85360,-8.38,1.28,-5.33,0,0,1,85
85380,-9.07,1.97,-6.11,0,0,1,85
85400,-9.48,2.75,-6.48,0,0,1,85
85420,-9.01,3.47,-6.63,0,0,1,85
85440,-8.28,3.1,-5.85,0,0,1,85
85460,-7.74,2.3,-5.41,0,0,1,85
85480,-7.63,1.76,-5.28,0,0,1,85
85500,-7.75,1.36,-5.43,0,0,1,85
85520,-7.86,1.01,-5.25,0,0,1,85
85540,-7.98,1.04,-5.15,0,0,1,85
85560,-7.95,1.27,-5.15,0,0,1,85
85580,-8.04,1.93,-5.09,0,0,1,85
85600,-8.17,2.51,-4.91,0,0,1,85
85620,-7.85,2.56,-5.02,0,0,1,85
85640,-8.04,2.57,-5.08,0,0,1,85
85660,-8.51,2.61,-5.13,0,0,1,85
85680,-10.32,2.05,-4.17,0,0,1,85
85700,-8.26,2.33,-2.47,0,0,1,85
85720,-7.42,1.23,-2.63,0,0,1,85
85740,-8.06,0.9,-5.36,0,0,1,85
85760,-8.39,1.54,-6.62,0,0,1,85
85780,-8.03,2.56,-6.21,0,0,1,85
85800,-8.12,3.15,-5.56,0,0,1,85
85820,-7.54,2.86,-5.2,0,0,1,85
85840,-7.72,2.53,-5.27,0,0,1,85
85860,-7.98,2.23,-5.19,0,0,1,85
85880,-7.84,1.68,-5.6,0,0,1,85
85900,-8.17,1.1,-5.77,0,0,1,85
85920,-7.98,1.13,-5.87,0,0,1,85
85940,-7.92,2.23,-5.26,0,0,1,85
85960,-8.56,3.25,-4.83,0,0,1,85
85980,-9.06,3.71,-5.06,0,0,1,85
85000,-10.95,0.99,-3.85,0,0,1,86
85020,-10.51,0.5,-3.79,0,0,1,86
85040,-9.47,-0.29,-3.48,0,0,1,86
85060,-8.16,-0.72,-3.23,0,0,1,86
85080,-7.67,-0.96,-2.46,0,0,1,86
85100,-7.39,-1.25,-2.34,0,0,1,86
85120,-8.57,-0.81,-3.54,0,0,1,86
85140,-11.0,0.26,-5.27,0,0,1,86
85160,-10.6,1.86,-6.63,0,0,1,86
85180,-8.63,2.31,-4.46,0,0,1,86
85200,-5.93,2.62,-1.42,0,0,1,86
85220,-6.66,2.47,-0.75,0,0,1,86
85240,-9.22,1.51,-3.54,0,0,1,86
85260,-10.51,0.35,-6.06,0,0,1,86
85280,-9.95,-0.07,-6.88,0,0,1,86
85300,-8.34,0.68,-5.7,0,0,1,86
85320,-7.37,1.04,-3.86,0,0,1,86
85340,-7.4,1.01,-3.86,0,0,1,86
85360,-8.38,1.28,-5.33,0,0,1,86
85380,-9.07,1.97,-6.11,0,0,1,86
85400,-9.48,2.75,-6.48,0,0,1,86
85420,-9.01,3.47,-6.63,0,0,1,86
85440,-8.28,3.1,-5.85,0,0,1,86
85460,-7.74,2.3,-5.41,0,0,1,86
85480,-7.63,1.76,-5.28,0,0,1,86
85500,-7.75,1.36,-5.43,0,0,1,86
85520,-7.86,1.01,-5.25,0,0,1,86
85540,-7.98,1.04,-5.15,0,0,1,86
85560,-7.95,1.27,-5.15,0,0,1,86
85580,-8.04,1.93,-5.09,0,0,1,86
85600,-8.17,2.51,-4.91,0,0,1,86
85620,-7.85,2.56,-5.02,0,0,1,86
85640,-8.04,2.57,-5.08,0,0,1,86
85660,-8.51,2.61,-5.13,0,0,1,86
85680,-10.32,2.05,-4.17,0,0,1,86
85700,-8.26,2.33,-2.47,0,0,1,86
85720,-7.42,1.23,-2.63,0,0,1,86
85740,-8.06,0.9,-5.36,0,0,1,86
85760,-8.39,1.54,-6.62,0,0,1,86
85780,-8.03,2.56,-6.21,0,0,1,86
85800,-8.12,3.15,-5.56,0,0,1,86
85820,-7.54,2.86,-5.2,0,0,1,86
85840,-7.72,2.53,-5.27,0,0,1,86
85860,-7.98,2.23,-5.19,0,0,1,86
85880,-7.84,1.68,-5.6,0,0,1,86
85900,-8.17,1.1,-5.77,0,0,1,86
85920,-7.98,1.13,-5.87,0,0,1,86
85940,-7.92,2.23,-5.26,0,0,1,86
85960,-8.56,3.25,-4.83,0,0,1,86
85980,-9.06,3.71,-5.06,0,0,1,86
86000,-9.13,3.65,-5.67,0,0,1,86
86020,-8.81,2.82,-5.7,0,0,1,86
86040,-8.39,2.15,-5.48,0,0,1,86
86060,-7.71,1.98,-5.61,0,0,1,86
86080,-7.44,1.71,-5.32,0,0,1,86
86100,-7.26,1.74,-5.18,0,0,1,86
86120,-7.19,2.04,-4.9,0,0,1,86
86140,-7.33,2.65,-5.14,0,0,1,86
86160,-7.49,3.13,-5.23,0,0,1,86
86180,-7.42,3.84,-5.19,0,0,1,86
86200,-7.47,4.11,-5.41,0,0,1,86
86220,-7.6,3.93,-5.7,0,0,1,86
86240,-7.27,3.66,-5.38,0,0,1,86
86260,-7.09,3.56,-5.07,0,0,1,86
86280,-7.64,3.0,-5.01,0,0,1,86
86300,-7.64,2.46,-4.91,0,0,1,86
86320,-7.75,2.5,-4.83,0,0,1,86
86340,-8.03,2.81,-5.07,0,0,1,86
86360,-8.44,2.28,-5.46,0,0,1,86
86380,-9.1,1.53,-5.47,0,0,1,86
86400,-9.45,1.22,-4.61,0,0,1,86
86420,-8.3,1.31,-3.99,0,0,1,86
86440,-7.77,1.48,-4.18,0,0,1,86
86460,-7.56,2.05,-4.93,0,0,1,86
86480,-7.38,3.04,-5.64,0,0,1,86
86500,-7.72,3.65,-5.8,0,0,1,86
86520,-7.78,3.65,-5.27,0,0,1,86
86540,-7.71,3.19,-4.61,0,0,1,86
86560,-7.8,2.75,-4.2,0,0,1,86
86580,-8.05,2.44,-4.56,0,0,1,86
86600,-8.4,2.17,-5.04,0,0,1,86
86620,-8.53,2.18,-5.43,0,0,1,86
86640,-8.29,2.27,-5.6,0,0,1,86
86660,-7.89,2.3,-5.65,0,0,1,86
86680,-7.82,2.28,-5.38,0,0,1,86
86700,-7.7,2.01,-4.72,0,0,1,86
86720,-7.75,1.5,-4.03,0,0,1,86
86740,-7.72,0.65,-3.69,0,0,1,86
86760,-8.18,0.17,-3.47,0,0,1,86
86780,-7.68,0.87,-2.89,0,0,1,86
86800,-8.7,2.35,-2.93,0,0,1,86
86820,-9.71,4.39,-4.3,0,0,1,86
86840,-11.03,5.38,-7.33,0,0,1,86
86860,-12.17,5.64,-9.33,0,0,1,86
86880,-11.69,4.65,-8.57,0,0,1,86
86900,-9.58,3.48,-5.53,0,0,1,86
86920,-7.32,2.71,-2.72,0,0,1,86
86940,-7.11,2.51,-1.57,0,0,1,86
86960,-7.07,2.81,-2.13,0,0,1,86
86980,-7.61,2.51,-3.77,0,0,1,86
86000,-9.13,3.65,-5.67,0,0,1,87
86020,-8.81,2.82,-5.7,0,0,1,87
86040,-8.39,2.15,-5.48,0,0,1,87
86060,-7.71,1.98,-5.61,0,0,1,87
86080,-7.44,1.71,-5.32,0,0,1,87
86100,-7.26,1.74,-5.18,0,0,1,87
86120,-7.19,2.04,-4.9,0,0,1,87
86140,-7.33,2.65,-5.14,0,0,1,87
86160,-7.49,3.13,-5.23,0,0,1,87
86180,-7.42,3.84,-5.19,0,0,1,87
86200,-7.47,4.11,-5.41,0,0,1,87
86220,-7.6,3.93,-5.7,0,0,1,87
86240,-7.27,3.66,-5.38,0,0,1,87
86260,-7.09,3.56,-5.07,0,0,1,87
86280,-7.64,3.0,-5.01,0,0,1,87
86300,-7.64,2.46,-4.91,0,0,1,87
86320,-7.75,2.5,-4.83,0,0,1,87
86340,-8.03,2.81,-5.07,0,0,1,87
86360,-8.44,2.28,-5.46,0,0,1,87
86380,-9.1,1.53,-5.47,0,0,1,87
86400,-9.45,1.22,-4.61,0,0,1,87
86420,-8.3,1.31,-3.99,0,0,1,87
86440,-7.77,1.48,-4.18,0,0,1,87
86460,-7.56,2.05,-4.93,0,0,1,87
86480,-7.38,3.04,-5.64,0,0,1,87
86500,-7.72,3.65,-5.8,0,0,1,87
86520,-7.78,3.65,-5.27,0,0,1,87
86540,-7.71,3.19,-4.61,0,0,1,87
86560,-7.8,2.75,-4.2,0,0,1,87
86580,-8.05,2.44,-4.56,0,0,1,87
86600,-8.4,2.17,-5.04,0,0,1,87
86620,-8.53,2.18,-5.43,0,0,1,87
86640,-8.29,2.27,-5.6,0,0,1,87
86660,-7.89,2.3,-5.65,0,0,1,87
86680,-7.82,2.28,-5.38,0,0,1,87
86700,-7.7,2.01,-4.72,0,0,1,87
86720,-7.75,1.5,-4.03,0,0,1,87
86740,-7.72,0.65,-3.69,0,0,1,87
86760,-8.18,0.17,-3.47,0,0,1,87
86780,-7.68,0.87,-2.89,0,0,1,87
86800,-8.7,2.35,-2.93,0,0,1,87
86820,-9.71,4.39,-4.3,0,0,1,87
86840,-11.03,5.38,-7.33,0,0,1,87
86860,-12.17,5.64,-9.33,0,0,1,87
86880,-11.69,4.65,-8.57,0,0,1,87
86900,-9.58,3.48,-5.53,0,0,1,87
86920,-7.32,2.71,-2.72,0,0,1,87
86940,-7.11,2.51,-1.57,0,0,1,87
86960,-7.07,2.81,-2.13,0,0,1,87
86980,-7.61,2.51,-3.77,0,0,1,87
87000,-7.67,1.66,-4.02,0,0,1,87
87020,-6.8,1.39,-3.05,0,0,1,87
87040,-6.19,0.99,-2.04,0,0,1,87
87060,-6.75,1.25,-2.21,0,0,1,87
87080,-7.48,1.86,-3.31,0,0,1,87
87100,-8.35,2.35,-4.22,0,0,1,87
87120,-8.44,2.3,-4.64,0,0,1,87
87140,-8.58,2.16,-5.03,0,0,1,87
87160,-8.78,2.85,-4.82,0,0,1,87
87180,-8.42,3.4,-4.95,0,0,1,87
87200,-8.59,3.86,-5.45,0,0,1,87
87220,-8.58,4.13,-5.69,0,0,1,87
87240,-8.38,4.05,-5.34,0,0,1,87
87260,-8.48,3.47,-5.38,0,0,1,87
87280,-8.49,3.21,-5.28,0,0,1,87
87300,-8.77,3.29,-4.91,0,0,1,87
87320,-9.65,3.74,-4.46,0,0,1,87
87340,-9.84,4.49,-5.04,0,0,1,87
87360,-9.78,4.21,-6.18,0,0,1,87
87380,-8.69,3.25,-5.27,0,0,1,87
87400,-7.41,2.31,-3.12,0,0,1,87
87420,-6.59,1.5,-1.14,0,0,1,87
87440,-6.54,1.21,-1.15,0,0,1,87
87460,-7.47,1.7,-1.86,0,0,1,87
87480,-8.58,2.01,-1.75,0,0,1,87
87500,-8.77,1.79,-2.44,0,0,1,87
87520,-8.8,1.07,-3.54,0,0,1,87
87540,-9.13,0.56,-4.33,0,0,1,87
87560,-10.57,0.8,-5.54,0,0,1,87
87580,-11.34,1.92,-7.66,0,0,1,87
87600,-9.69,2.73,-7.54,0,0,1,87
87620,-8.54,3.1,-4.4,0,0,1,87
87640,-6.84,3.51,-2.2,0,0,1,87
87660,-7.83,3.36,-2.66,0,0,1,87
87680,-8.63,1.37,-5.44,0,0,1,87
87700,-8.41,-1.29,-6.92,0,0,1,87
87720,-7.47,-2.02,-6.43,0,0,1,87
87740,-6.91,-0.82,-5.31,0,0,1,87
87760,-6.18,2.19,-4.31,0,0,1,87
87780,-7.22,5.07,-3.89,0,0,1,87
87800,-7.84,6.26,-5.49,0,0,1,87
87820,-8.3,4.58,-6.77,0,0,1,87
87840,-8.87,2.88,-7.29,0,0,1,87
87860,-7.83,1.4,-6.26,0,0,1,87
87880,-7.02,1.23,-5.7,0,0,1,87
87900,-7.12,2.37,-5.83,0,0,1,87
87920,-7.7,3.53,-5.95,0,0,1,87
87940,-7.98,3.78,-6.27,0,0,1,87
87960,-8.11,3.5,-6.12,0,0,1,87
87980,-8.02,3.67,-5.34,0,0,1,87
87000,-7.67,1.66,-4.02,0,0,1,88
87020,-6.8,1.39,-3.05,0,0,1,88
87040,-6.19,0.99,-2.04,0,0,1,88
87060,-6.75,1.25,-2.21,0,0,1,88
87080,-7.48,1.86,-3.31,0,0,1,88
87100,-8.35,2.35,-4.22,0,0,1,88
87120,-8.44,2.3,-4.64,0,0,1,88
87140,-8.58,2.16,-5.03,0,0,1,88
87160,-8.78,2.85,-4.82,0,0,1,88
87180,-8.42,3.4,-4.95,0,0,1,88
87200,-8.59,3.86,-5.45,0,0,1,88
87220,-8.58,4.13,-5.69,0,0,1,88
87240,-8.38,4.05,-5.34,0,0,1,88
87260,-8.48,3.47,-5.38,0,0,1,88
87280,-8.49,3.21,-5.28,0,0,1,88
87300,-8.77,3.29,-4.91,0,0,1,88
87320,-9.65,3.74,-4.46,0,0,1,88
87340,-9.84,4.49,-5.04,0,0,1,88
87360,-9.78,4.21,-6.18,0,0,1,88
87380,-8.69,3.25,-5.27,0,0,1,88
87400,-7.41,2.31,-3.12,0,0,1,88
87420,-6.59,1.5,-1.14,0,0,1,88
87440,-6.54,1.21,-1.15,0,0,1,88
87460,-7.47,1.7,-1.86,0,0,1,88
87480,-8.58,2.01,-1.75,0,0,1,88
87500,-8.77,1.79,-2.44,0,0,1,88
87520,-8.8,1.07,-3.54,0,0,1,88
87540,-9.13,0.56,-4.33,0,0,1,88
87560,-10.57,0.8,-5.54,0,0,1,88
87580,-11.34,1.92,-7.66,0,0,1,88
87600,-9.69,2.73,-7.54,0,0,1,88
87620,-8.54,3.1,-4.4,0,0,1,88
87640,-6.84,3.51,-2.2,0,0,1,88
87660,-7.83,3.36,-2.66,0,0,1,88
87680,-8.63,1.37,-5.44,0,0,1,88
87700,-8.41,-1.29,-6.92,0,0,1,88
87720,-7.47,-2.02,-6.43,0,0,1,88
87740,-6.91,-0.82,-5.31,0,0,1,88
87760,-6.18,2.19,-4.31,0,0,1,88
87780,-7.22,5.07,-3.89,0,0,1,88
87800,-7.84,6.26,-5.49,0,0,1,88
87820,-8.3,4.58,-6.77,0,0,1,88
87840,-8.87,2.88,-7.29,0,0,1,88
87860,-7.83,1.4,-6.26,0,0,1,88
87880,-7.02,1.23,-5.7,0,0,1,88
87900,-7.12,2.37,-5.83,0,0,1,88
87920,-7.7,3.53,-5.95,0,0,1,88
87940,-7.98,3.78,-6.27,0,0,1,88
87960,-8.11,3.5,-6.12,0,0,1,88
87980,-8.02,3.67,-5.34,0,0,1,88
88000,-7.7,3.22,-4.85,0,0,1,88
88020,-7.49,2.7,-4.48,0,0,1,88
88040,-7.6,2.62,-4.47,0,0,1,88
88060,-7.57,2.67,-4.6,0,0,1,88
88080,-7.61,2.54,-5.2,0,0,1,88
88100,-7.64,2.66,-5.55,0,0,1,88
88120,-7.82,2.87,-5.41,0,0,1,88
88140,-8.31,2.94,-5.39,0,0,1,88
88160,-8.15,3.27,-4.17,0,0,1,88
88180,-7.59,2.23,-4.08,0,0,1,88
88200,-7.72,1.55,-4.5,0,0,1,88
88220,-7.87,2.29,-5.19,0,0,1,88
88240,-7.94,3.14,-5.79,0,0,1,88
88260,-8.39,3.63,-6.0,0,0,1,88
88280,-8.23,3.61,-5.66,0,0,1,88
88300,-7.79,3.15,-5.0,0,0,1,88
88320,-7.71,2.96,-4.85,0,0,1,88
88340,-7.62,2.74,-5.24,0,0,1,88
88360,-7.54,2.74,-5.67,0,0,1,88
88380,-7.62,2.95,-5.85,0,0,1,88
88400,-7.77,3.02,-5.82,0,0,1,88
88420,-7.64,2.93,-5.84,0,0,1,88
88440,-7.52,3.03,-5.74,0,0,1,88
88460,-7.48,3.23,-5.45,0,0,1,88
88480,-7.15,3.52,-5.31,0,0,1,88
88500,-7.14,3.71,-5.44,0,0,1,88
88520,-7.35,3.77,-5.96,0,0,1,88
88540,-7.26,3.75,-6.3,0,0,1,88
88560,-7.08,3.71,-6.16,0,0,1,88
88580,-6.79,3.76,-5.77,0,0,1,88
88600,-7.14,3.39,-5.58,0,0,1,88
88620,-7.82,2.4,-5.11,0,0,1,88
88640,-8.29,1.75,-3.84,0,0,1,88
88660,-8.1,2.03,-4.33,0,0,1,88
88680,-8.42,1.7,-5.36,0,0,1,88
88700,-8.53,1.03,-6.11,0,0,1,88
88720,-8.33,-0.01,-6.23,0,0,1,88
88740,-7.83,0.31,-5.84,0,0,1,88
88760,-8.2,0.85,-5.45,0,0,1,88
88780,-8.47,1.03,-4.6,0,0,1,88
88800,-8.6,0.84,-3.61,0,0,1,88
88820,-9.2,0.75,-4.16,0,0,1,88
88840,-10.05,-0.18,-4.55,0,0,1,88
88860,-9.61,-0.67,-5.37,0,0,1,88
88880,-9.92,-0.87,-6.05,0,0,1,88
88900,-10.79,-0.54,-6.84,0,0,1,88
88920,-11.76,0.49,-7.06,0,0,1,88
88940,-11.36,1.36,-6.16,0,0,1,88
88960,-9.77,1.39,-4.54,0,0,1,88
88980,-8.6,0.29,-3.53,0,0,1,88
88000,-7.7,3.22,-4.85,0,0,1,89
88020,-7.49,2.7,-4.48,0,0,1,89
88040,-7.6,2.62,-4.47,0,0,1,89
88060,-7.57,2.67,-4.6,0,0,1,89
88080,-7.61,2.54,-5.2,0,0,1,89
88100,-7.64,2.66,-5.55,0,0,1,89
88120,-7.82,2.87,-5.41,0,0,1,89
88140,-8.31,2.94,-5.39,0,0,1,89
88160,-8.15,3.27,-4.17,0,0,1,89
88180,-7.59,2.23,-4.08,0,0,1,89
88200,-7.72,1.55,-4.5,0,0,1,89
88220,-7.87,2.29,-5.19,0,0,1,89
88240,-7.94,3.14,-5.79,0,0,1,89
88260,-8.39,3.63,-6.0,0,0,1,89
88280,-8.23,3.61,-5.66,0,0,1,89
88300,-7.79,3.15,-5.0,0,0,1,89
88320,-7.71,2.96,-4.85,0,0,1,89
88340,-7.62,2.74,-5.24,0,0,1,89
88360,-7.54,2.74,-5.67,0,0,1,89
88380,-7.62,2.95,-5.85,0,0,1,89
88400,-7.77,3.02,-5.82,0,0,1,89
88420,-7.64,2.93,-5.84,0,0,1,89
88440,-7.52,3.03,-5.74,0,0,1,89
88460,-7.48,3.23,-5.45,0,0,1,89
88480,-7.15,3.52,-5.31,0,0,1,89
88500,-7.14,3.71,-5.44,0,0,1,89
88520,-7.35,3.77,-5.96,0,0,1,89
88540,-7.26,3.75,-6.3,0,0,1,89
88560,-7.08,3.71,-6.16,0,0,1,89
88580,-6.79,3.76,-5.77,0,0,1,89
88600,-7.14,3.39,-5.58,0,0,1,89
88620,-7.82,2.4,-5.11,0,0,1,89
88640,-8.29,1.75,-3.84,0,0,1,89
88660,-8.1,2.03,-4.33,0,0,1,89
88680,-8.42,1.7,-5.36,0,0,1,89
88700,-8.53,1.03,-6.11,0,0,1,89
88720,-8.33,-0.01,-6.23,0,0,1,89
88740,-7.83,0.31,-5.84,0,0,1,89
88760,-8.2,0.85,-5.45,0,0,1,89
88780,-8.47,1.03,-4.6,0,0,1,89
88800,-8.6,0.84,-3.61,0,0,1,89
88820,-9.2,0.75,-4.16,0,0,1,89
88840,-10.05,-0.18,-4.55,0,0,1,89
88860,-9.61,-0.67,-5.37,0,0,1,89
88880,-9.92,-0.87,-6.05,0,0,1,89
88900,-10.79,-0.54,-6.84,0,0,1,89
88920,-11.76,0.49,-7.06,0,0,1,89
88940,-11.36,1.36,-6.16,0,0,1,89
88960,-9.77,1.39,-4.54,0,0,1,89
88980,-8.6,0.29,-3.53,0,0,1,89
89000,-7.85,-0.67,-3.18,0,0,1,89
89020,-7.77,-0.83,-3.15,0,0,1,89
89040,-7.44,0.16,-2.89,0,0,1,89
89060,-7.41,1.27,-2.59,0,0,1,89
89080,-7.68,1.85,-2.43,0,0,1,89
89100,-8.2,1.69,-2.68,0,0,1,89
89120,-9.22,1.31,-3.12,0,0,1,89
89140,-9.84,1.15,-3.62,0,0,1,89
89160,-9.34,1.17,-3.9,0,0,1,89
89180,-9.01,1.08,-3.63,0,0,1,89
89200,-7.66,1.04,-2.68,0,0,1,89
89220,-7.56,0.66,-2.22,0,0,1,89
89240,-7.64,0.44,-1.77,0,0,1,89
89260,-7.81,0.29,-2.08,0,0,1,89
89280,-8.21,0.22,-2.67,0,0,1,89
89300,-7.81,-0.09,-3.06,0,0,1,89
89320,-7.9,-0.23,-3.27,0,0,1,89
89340,-8.94,-0.26,-3.76,0,0,1,89
89360,-10.27,-0.28,-5.07,0,0,1,89
89380,-12.18,-0.35,-6.67,0,0,1,89
89400,-12.13,0.08,-6.62,0,0,1,89
89420,-10.76,0.31,-5.42,0,0,1,89
89440,-9.5,0.93,-3.73,0,0,1,89
89460,-8.44,1.72,-2.88,0,0,1,89
89480,-8.19,1.54,-2.39,0,0,1,89
89500,-7.79,1.43,-2.43,0,0,1,89
89520,-8.07,1.08,-2.19,0,0,1,89
89540,-8.67,0.75,-2.15,0,0,1,89
89560,-8.9,0.75,-3.07,0,0,1,89
89580,-9.5,0.87,-3.8,0,0,1,89
89600,-9.61,1.26,-3.64,0,0,1,89
89620,-9.52,1.51,-2.83,0,0,1,89
89640,-9.31,1.62,-2.24,0,0,1,89
89660,-9.47,1.47,-2.28,0,0,1,89
89680,-8.83,1.59,-2.85,0,0,1,89
89700,-8.51,1.4,-3.01,0,0,1,89
89720,-8.12,1.22,-2.33,0,0,1,89
89740,-7.59,1.37,-1.21,0,0,1,89
89760,-7.57,1.36,-0.46,0,0,1,89
89780,-7.57,1.09,-0.85,0,0,1,89
89800,-7.73,0.51,-1.94,0,0,1,89
89820,-8.57,-0.15,-2.53,0,0,1,89
89840,-9.63,-0.17,-3.31,0,0,1,89
89860,-10.57,-0.07,-3.96,0,0,1,89
89880,-10.33,0.13,-4.82,0,0,1,89
89900,-10.1,-0.35,-4.91,0,0,1,89
89920,-11.06,-0.65,-5.91,0,0,1,89
89940,-11.15,-0.06,-7.76,0,0,1,89
89960,-9.1,1.02,-6.22,0,0,1,89
89980,-7.26,1.32,-1.67,0,0,1,89
89000,-7.85,-0.67,-3.18,0,0,1,90
89020,-7.77,-0.83,-3.15,0,0,1,90
89040,-7.44,0.16,-2.89,0,0,1,90
89060,-7.41,1.27,-2.59,0,0,1,90
89080,-7.68,1.85,-2.43,0,0,1,90
89100,-8.2,1.69,-2.68,0,0,1,90
89120,-9.22,1.31,-3.12,0,0,1,90
89140,-9.84,1.15,-3.62,0,0,1,90
89160,-9.34,1.17,-3.9,0,0,1,90
89180,-9.01,1.08,-3.63,0,0,1,90
89200,-7.66,1.04,-2.68,0,0,1,90
89220,-7.56,0.66,-2.22,0,0,1,90
89240,-7.64,0.44,-1.77,0,0,1,90
89260,-7.81,0.29,-2.08,0,0,1,90
89280,-8.21,0.22,-2.67,0,0,1,90
89300,-7.81,-0.09,-3.06,0,0,1,90
89320,-7.9,-0.23,-3.27,0,0,1,90
89340,-8.94,-0.26,-3.76,0,0,1,90
89360,-10.27,-0.28,-5.07,0,0,1,90
89380,-12.18,-0.35,-6.67,0,0,1,90
89400,-12.13,0.08,-6.62,0,0,1,90
89420,-10.76,0.31,-5.42,0,0,1,90
89440,-9.5,0.93,-3.73,0,0,1,90
89460,-8.44,1.72,-2.88,0,0,1,90
89480,-8.19,1.54,-2.39,0,0,1,90
89500,-7.79,1.43,-2.43,0,0,1,90
89520,-8.07,1.08,-2.19,0,0,1,90
89540,-8.67,0.75,-2.15,0,0,1,90
89560,-8.9,0.75,-3.07,0,0,1,90
89580,-9.5,0.87,-3.8,0,0,1,90
89600,-9.61,1.26,-3.64,0,0,1,90
89620,-9.52,1.51,-2.83,0,0,1,90
89640,-9.31,1.62,-2.24,0,0,1,90
89660,-9.47,1.47,-2.28,0,0,1,90
89680,-8.83,1.59,-2.85,0,0,1,90
89700,-8.51,1.4,-3.01,0,0,1,90
89720,-8.12,1.22,-2.33,0,0,1,90
89740,-7.59,1.37,-1.21,0,0,1,90
89760,-7.57,1.36,-0.46,0,0,1,90
89780,-7.57,1.09,-0.85,0,0,1,90
89800,-7.73,0.51,-1.94,0,0,1,90
89820,-8.57,-0.15,-2.53,0,0,1,90
89840,-9.63,-0.17,-3.31,0,0,1,90
89860,-10.57,-0.07,-3.96,0,0,1,90
89880,-10.33,0.13,-4.82,0,0,1,90
89900,-10.1,-0.35,-4.91,0,0,1,90
89920,-11.06,-0.65,-5.91,0,0,1,90
89940,-11.15,-0.06,-7.76,0,0,1,90
89960,-9.1,1.02,-6.22,0,0,1,90
89980,-7.26,1.32,-1.67,0,0,1,90
90000,-6.83,2.29,-1.57,0,0,1,90
90020,-7.24,2.19,-3.39,0,0,1,90
90040,-8.71,1.28,-6.06,0,0,1,90
90060,-9.49,0.7,-6.58,0,0,1,90
90080,-8.3,1.45,-6.18,0,0,1,90
90100,-7.9,2.5,-5.26,0,0,1,90
90120,-7.97,2.52,-5.4,0,0,1,90
90140,-7.95,1.62,-5.98,0,0,1,90
90160,-8.12,0.67,-6.85,0,0,1,90
90180,-8.36,0.23,-7.34,0,0,1,90
90200,-8.04,0.32,-6.79,0,0,1,90
90220,-7.69,0.52,-6.1,0,0,1,90
90240,-7.41,0.68,-5.78,0,0,1,90
90260,-7.5,0.72,-5.73,0,0,1,90
90280,-7.46,0.48,-6.13,0,0,1,90
90300,-7.63,0.17,-6.48,0,0,1,90
90320,-7.54,0.15,-6.42,0,0,1,90
90340,-7.41,0.76,-6.08,0,0,1,90
90360,-7.71,1.42,-5.87,0,0,1,90
90380,-7.83,1.58,-6.4,0,0,1,90
90400,-7.98,1.54,-6.54,0,0,1,90
90420,-7.94,1.32,-6.67,0,0,1,90
90440,-7.82,1.15,-6.6,0,0,1,90
90460,-7.9,0.8,-6.35,0,0,1,90
90480,-7.76,0.43,-6.32,0,0,1,90
90500,-7.43,0.09,-6.3,0,0,1,90
90520,-7.52,-0.02,-6.35,0,0,1,90
90540,-7.85,0.01,-6.35,0,0,1,90
90560,-7.96,-0.08,-6.17,0,0,1,90
90580,-7.66,-0.34,-5.81,0,0,1,90
90600,-7.4,-0.2,-5.4,0,0,1,90
90620,-7.34,0.09,-5.59,0,0,1,90
90640,-8.03,-0.36,-6.67,0,0,1,90
90660,-8.06,-1.23,-6.72,0,0,1,90
90680,-7.91,-1.79,-6.42,0,0,1,90
90700,-7.86,-1.52,-6.13,0,0,1,90
90720,-7.74,-1.29,-6.18,0,0,1,90
90740,-7.8,-1.21,-6.42,0,0,1,90
90760,-7.73,-0.91,-6.79,0,0,1,90
90780,-7.81,-0.37,-6.64,0,0,1,90
90800,-7.64,0.1,-6.42,0,0,1,90
90820,-7.62,0.35,-6.44,0,0,1,90
90840,-7.67,0.39,-6.61,0,0,1,90
90860,-7.51,0.34,-6.47,0,0,1,90
90880,-7.47,0.37,-6.09,0,0,1,90
90900,-7.67,0.29,-5.98,0,0,1,90
90920,-7.82,0.14,-6.1,0,0,1,90
90940,-7.96,0.08,-6.47,0,0,1,90
90960,-8.03,0.38,-6.53,0,0,1,90
90980,-7.99,0.84,-6.36,0,0,1,90
90000,-6.83,2.29,-1.57,0,0,1,91
90020,-7.24,2.19,-3.39,0,0,1,91
90040,-8.71,1.28,-6.06,0,0,1,91
90060,-9.49,0.7,-6.58,0,0,1,91
90080,-8.3,1.45,-6.18,0,0,1,91
90100,-7.9,2.5,-5.26,0,0,1,91
90120,-7.97,2.52,-5.4,0,0,1,91
90140,-7.95,1.62,-5.98,0,0,1,91
90160,-8.12,0.67,-6.85,0,0,1,91
90180,-8.36,0.23,-7.34,0,0,1,91
90200,-8.04,0.32,-6.79,0,0,1,91
90220,-7.69,0.52,-6.1,0,0,1,91
90240,-7.41,0.68,-5.78,0,0,1,91
90260,-7.5,0.72,-5.73,0,0,1,91
90280,-7.46,0.48,-6.13,0,0,1,91
90300,-7.63,0.17,-6.48,0,0,1,91
90320,-7.54,0.15,-6.42,0,0,1,91
90340,-7.41,0.76,-6.08,0,0,1,91
90360,-7.71,1.42,-5.87,0,0,1,91
90380,-7.83,1.58,-6.4,0,0,1,91
90400,-7.98,1.54,-6.54,0,0,1,91
90420,-7.94,1.32,-6.67,0,0,1,91
90440,-7.82,1.15,-6.6,0,0,1,91
90460,-7.9,0.8,-6.35,0,0,1,91
90480,-7.76,0.43,-6.32,0,0,1,91
90500,-7.43,0.09,-6.3,0,0,1,91
90520,-7.52,-0.02,-6.35,0,0,1,91
90540,-7.85,0.01,-6.35,0,0,1,91
90560,-7.96,-0.08,-6.17,0,0,1,91
90580,-7.66,-0.34,-5.81,0,0,1,91
90600,-7.4,-0.2,-5.4,0,0,1,91
90620,-7.34,0.09,-5.59,0,0,1,91
90640,-8.03,-0.36,-6.67,0,0,1,91
90660,-8.06,-1.23,-6.72,0,0,1,91
90680,-7.91,-1.79,-6.42,0,0,1,91
90700,-7.86,-1.52,-6.13,0,0,1,91
90720,-7.74,-1.29,-6.18,0,0,1,91
90740,-7.8,-1.21,-6.42,0,0,1,91
90760,-7.73,-0.91,-6.79,0,0,1,91
90780,-7.81,-0.37,-6.64,0,0,1,91
90800,-7.64,0.1,-6.42,0,0,1,91
90820,-7.62,0.35,-6.44,0,0,1,91
90840,-7.67,0.39,-6.61,0,0,1,91
90860,-7.51,0.34,-6.47,0,0,1,91
90880,-7.47,0.37,-6.09,0,0,1,91
90900,-7.67,0.29,-5.98,0,0,1,91
90920,-7.82,0.14,-6.1,0,0,1,91
90940,-7.96,0.08,-6.47,0,0,1,91
90960,-8.03,0.38,-6.53,0,0,1,91
90980,-7.99,0.84,-6.36,0,0,1,91
91000,-7.81,1.2,-6.03,0,0,1,91
91020,-7.66,1.64,-5.85,0,0,1,91
91040,-7.68,1.6,-5.96,0,0,1,91
91060,-7.6,1.52,-6.04,0,0,1,91
91080,-7.54,1.63,-6.36,0,0,1,91
91100,-7.65,1.81,-6.45,0,0,1,91
91120,-7.77,1.91,-6.15,0,0,1,91
91140,-7.61,2.32,-5.7,0,0,1,91
91160,-7.59,2.46,-5.39,0,0,1,91
91180,-7.97,1.88,-5.39,0,0,1,91
91200,-8.44,0.55,-5.42,0,0,1,91
91220,-8.54,-0.72,-5.02,0,0,1,91
91240,-8.13,-1.02,-4.72,0,0,1,91
91260,-8.27,-0.95,-4.94,0,0,1,91
91280,-8.16,-0.64,-5.19,0,0,1,91
91300,-7.64,-0.09,-5.43,0,0,1,91
91320,-7.83,0.18,-5.61,0,0,1,91
91340,-7.97,0.04,-5.23,0,0,1,91
91360,-7.47,-0.04,-4.22,0,0,1,91
91380,-8.15,0.3,-3.14,0,0,1,91
91400,-8.72,1.82,-3.36,0,0,1,91
91420,-9.0,4.13,-4.77,0,0,1,91
91440,-10.06,5.55,-7.26,0,0,1,91
91460,-11.89,5.76,-8.19,0,0,1,91
91480,-11.19,6.01,-6.45,0,0,1,91
91500,-9.64,5.11,-4.69,0,0,1,91
91520,-8.44,3.66,-3.28,0,0,1,91
91540,-7.84,2.68,-3.32,0,0,1,91
91560,-7.56,2.11,-3.44,0,0,1,91
91580,-7.01,2.48,-3.36,0,0,1,91
91600,-6.9,3.07,-2.82,0,0,1,91
91620,-6.88,2.83,-2.28,0,0,1,91
91640,-7.06,2.71,-2.45,0,0,1,91
91660,-7.15,2.19,-3.0,0,0,1,91
91680,-7.09,2.2,-3.19,0,0,1,91
91700,-7.81,2.22,-3.4,0,0,1,91
91720,-8.82,2.69,-3.62,0,0,1,91
91740,-9.88,2.98,-4.0,0,0,1,91
91760,-10.68,3.42,-4.54,0,0,1,91
91780,-10.68,3.52,-4.58,0,0,1,91
91800,-9.87,3.14,-4.3,0,0,1,91
91820,-9.44,2.51,-3.31,0,0,1,91
91840,-8.27,2.27,-2.82,0,0,1,91
91860,-7.73,1.7,-2.4,0,0,1,91
91880,-7.66,1.51,-2.15,0,0,1,91
91900,-7.34,1.6,-2.1,0,0,1,91
91920,-7.24,1.8,-2.04,0,0,1,91
91940,-7.26,2.33,-2.24,0,0,1,91
91960,-7.84,2.79,-2.5,0,0,1,91
91980,-8.92,3.41,-2.95,0,0,1,91
91000,-7.81,1.2,-6.03,0,0,1,92
91020,-7.66,1.64,-5.85,0,0,1,92
91040,-7.68,1.6,-5.96,0,0,1,92
91060,-7.6,1.52,-6.04,0,0,1,92
91080,-7.54,1.63,-6.36,0,0,1,92
91100,-7.65,1.81,-6.45,0,0,1,92
91120,-7.77,1.91,-6.15,0,0,1,92
91140,-7.61,2.32,-5.7,0,0,1,92
91160,-7.59,2.46,-5.39,0,0,1,92
91180,-7.97,1.88,-5.39,0,0,1,92
91200,-8.44,0.55,-5.42,0,0,1,92
91220,-8.54,-0.72,-5.02,0,0,1,92
91240,-8.13,-1.02,-4.72,0,0,1,92
91260,-8.27,-0.95,-4.94,0,0,1,92
91280,-8.16,-0.64,-5.19,0,0,1,92
91300,-7.64,-0.09,-5.43,0,0,1,92
91320,-7.83,0.18,-5.61,0,0,1,92
91340,-7.97,0.04,-5.23,0,0,1,92
91360,-7.47,-0.04,-4.22,0,0,1,92
91380,-8.15,0.3,-3.14,0,0,1,92
91400,-8.72,1.82,-3.36,0,0,1,92
91420,-9.0,4.13,-4.77,0,0,1,92
91440,-10.06,5.55,-7.26,0,0,1,92
91460,-11.89,5.76,-8.19,0,0,1,92
91480,-11.19,6.01,-6.45,0,0,1,92
91500,-9.64,5.11,-4.69,0,0,1,92
91520,-8.44,3.66,-3.28,0,0,1,92
91540,-7.84,2.68,-3.32,0,0,1,92
91560,-7.56,2.11,-3.44,0,0,1,92
91580,-7.01,2.48,-3.36,0,0,1,92
91600,-6.9,3.07,-2.82,0,0,1,92
91620,-6.88,2.83,-2.28,0,0,1,92
91640,-7.06,2.71,-2.45,0,0,1,92
91660,-7.15,2.19,-3.0,0,0,1,92
91680,-7.09,2.2,-3.19,0,0,1,92
91700,-7.81,2.22,-3.4,0,0,1,92
91720,-8.82,2.69,-3.62,0,0,1,92
91740,-9.88,2.98,-4.0,0,0,1,92
91760,-10.68,3.42,-4.54,0,0,1,92
91780,-10.68,3.52,-4.58,0,0,1,92
91800,-9.87,3.14,-4.3,0,0,1,92
91820,-9.44,2.51,-3.31,0,0,1,92
91840,-8.27,2.27,-2.82,0,0,1,92
91860,-7.73,1.7,-2.4,0,0,1,92
91880,-7.66,1.51,-2.15,0,0,1,92
91900,-7.34,1.6,-2.1,0,0,1,92
91920,-7.24,1.8,-2.04,0,0,1,92
91940,-7.26,2.33,-2.24,0,0,1,92
91960,-7.84,2.79,-2.5,0,0,1,92
91980,-8.92,3.41,-2.95,0,0,1,92
92000,-9.3,3.94,-3.32,0,0,1,92
92020,-9.18,3.89,-3.35,0,0,1,92
92040,-8.87,3.31,-3.23,0,0,1,92
92060,-8.63,2.91,-3.41,0,0,1,92
92080,-8.57,3.07,-3.69,0,0,1,92
92100,-8.52,3.2,-3.55,0,0,1,92
92120,-8.38,2.75,-3.35,0,0,1,92
92140,-8.14,2.19,-3.66,0,0,1,92
92160,-8.13,2.05,-3.87,0,0,1,92
92180,-8.44,2.32,-3.7,0,0,1,92
92200,-8.77,3.25,-3.49,0,0,1,92
92220,-9.96,3.79,-3.69,0,0,1,92
92240,-11.45,3.66,-5.02,0,0,1,92
92260,-11.31,3.08,-5.97,0,0,1,92
92280,-9.75,2.49,-4.13,0,0,1,92
92300,-7.95,2.7,-2.15,0,0,1,92
92320,-7.39,2.73,-1.67,0,0,1,92
92340,-8.18,2.46,-2.12,0,0,1,92
92360,-8.75,1.69,-3.6,0,0,1,92
92380,-9.03,0.81,-4.57,0,0,1,92
92400,-9.17,0.67,-4.25,0,0,1,92
92420,-9.04,0.51,-4.45,0,0,1,92
92440,-8.19,-0.21,-4.22,0,0,1,92
92460,-7.97,-0.7,-4.22,0,0,1,92
92480,-8.05,-0.67,-4.11,0,0,1,92
92500,-8.66,-0.35,-4.65,0,0,1,92
92520,-8.84,0.06,-4.72,0,0,1,92
92540,-8.5,0.29,-4.71,0,0,1,92
92560,-8.27,0.35,-4.29,0,0,1,92
92580,-8.16,0.51,-4.54,0,0,1,92
92600,-7.87,0.49,-4.87,0,0,1,92
92620,-7.7,0.13,-5.8,0,0,1,92
92640,-7.96,-0.42,-6.21,0,0,1,92
92660,-8.12,-0.35,-6.05,0,0,1,92
92680,-8.37,0.36,-5.66,0,0,1,92
92700,-8.83,1.37,-6.49,0,0,1,92
92720,-8.96,2.17,-6.85,0,0,1,92
92740,-9.19,2.81,-6.89,0,0,1,92
92760,-8.96,3.01,-6.37,0,0,1,92
92780,-8.43,2.55,-5.07,0,0,1,92
92800,-7.69,2.35,-4.38,0,0,1,92
92820,-7.84,1.81,-4.35,0,0,1,92
92840,-7.91,1.66,-4.89,0,0,1,92
92860,-8.32,1.95,-5.03,0,0,1,92
92880,-8.14,2.18,-5.08,0,0,1,92
92900,-8.26,1.87,-4.98,0,0,1,92
92920,-8.02,1.27,-5.07,0,0,1,92
92940,-7.47,1.49,-4.88,0,0,1,92
92960,-7.38,2.33,-4.57,0,0,1,92
92980,-7.5,2.89,-4.7,0,0,1,92
92000,-9.3,3.94,-3.32,0,0,1,93
92020,-9.18,3.89,-3.35,0,0,1,93
92040,-8.87,3.31,-3.23,0,0,1,93
92060,-8.63,2.91,-3.41,0,0,1,93
92080,-8.57,3.07,-3.69,0,0,1,93
92100,-8.52,3.2,-3.55,0,0,1,93
92120,-8.38,2.75,-3.35,0,0,1,93
92140,-8.14,2.19,-3.66,0,0,1,93
92160,-8.13,2.05,-3.87,0,0,1,93
92180,-8.44,2.32,-3.7,0,0,1,93
92200,-8.77,3.25,-3.49,0,0,1,93
92220,-9.96,3.79,-3.69,0,0,1,93
92240,-11.45,3.66,-5.02,0,0,1,93
92260,-11.31,3.08,-5.97,0,0,1,93
92280,-9.75,2.49,-4.13,0,0,1,93
92300,-7.95,2.7,-2.15,0,0,1,93
92320,-7.39,2.73,-1.67,0,0,1,93
92340,-8.18,2.46,-2.12,0,0,1,93
92360,-8.75,1.69,-3.6,0,0,1,93
92380,-9.03,0.81,-4.57,0,0,1,93
92400,-9.17,0.67,-4.25,0,0,1,93
92420,-9.04,0.51,-4.45,0,0,1,93
92440,-8.19,-0.21,-4.22,0,0,1,93
92460,-7.97,-0.7,-4.22,0,0,1,93
92480,-8.05,-0.67,-4.11,0,0,1,93
92500,-8.66,-0.35,-4.65,0,0,1,93
92520,-8.84,0.06,-4.72,0,0,1,93
92540,-8.5,0.29,-4.71,0,0,1,93
92560,-8.27,0.35,-4.29,0,0,1,93
92580,-8.16,0.51,-4.54,0,0,1,93
92600,-7.87,0.49,-4.87,0,0,1,93
92620,-7.7,0.13,-5.8,0,0,1,93
92640,-7.96,-0.42,-6.21,0,0,1,93
92660,-8.12,-0.35,-6.05,0,0,1,93
92680,-8.37,0.36,-5.66,0,0,1,93
92700,-8.83,1.37,-6.49,0,0,1,93
92720,-8.96,2.17,-6.85,0,0,1,93
92740,-9.19,2.81,-6.89,0,0,1,93
92760,-8.96,3.01,-6.37,0,0,1,93
92780,-8.43,2.55,-5.07,0,0,1,93
92800,-7.69,2.35,-4.38,0,0,1,93
92820,-7.84,1.81,-4.35,0,0,1,93
92840,-7.91,1.66,-4.89,0,0,1,93
92860,-8.32,1.95,-5.03,0,0,1,93
92880,-8.14,2.18,-5.08,0,0,1,93
92900,-8.26,1.87,-4.98,0,0,1,93
92920,-8.02,1.27,-5.07,0,0,1,93
92940,-7.47,1.49,-4.88,0,0,1,93
92960,-7.38,2.33,-4.57,0,0,1,93
92980,-7.5,2.89,-4.7,0,0,1,93
93000,-6.92,3.52,-4.92,0,0,1,93
93020,-7.14,4.12,-4.61,0,0,1,93
93040,-7.63,4.57,-4.63,0,0,1,93
93060,-8.06,3.97,-5.47,0,0,1,93
93080,-8.03,3.71,-6.09,0,0,1,93
93100,-8.09,4.02,-5.89,0,0,1,93
93120,-7.94,4.01,-5.16,0,0,1,93
93140,-7.69,3.27,-4.75,0,0,1,93
93160,-7.83,1.02,-6.16,0,0,1,93
93180,-9.86,1.42,-3.53,0,0,1,93
93200,-8.81,2.48,-4.9,0,0,1,93
93220,-10.93,2.2,-6.2,0,0,1,93
93240,-10.79,2.27,-6.34,0,0,1,93
93260,-9.5,2.02,-5.25,0,0,1,93
93280,-8.76,0.77,-5.8,0,0,1,93
93300,-8.43,-0.3,-5.82,0,0,1,93
93320,-7.83,-0.41,-4.91,0,0,1,93
93340,-7.47,0.08,-3.4,0,0,1,93
93360,-7.29,-0.36,-2.42,0,0,1,93
93380,-7.38,-0.88,-2.16,0,0,1,93
93400,-7.61,-0.74,-2.52,0,0,1,93
93420,-8.19,0.45,-3.15,0,0,1,93
93440,-9.24,2.31,-4.78,0,0,1,93
93460,-10.96,2.49,-6.24,0,0,1,93
93480,-11.24,4.26,-6.68,0,0,1,93
93500,-10.2,4.88,-5.12,0,0,1,93
93520,-7.69,4.9,-1.79,0,0,1,93
93540,-7.09,3.4,-1.71,0,0,1,93
93560,-9.23,2.03,-4.42,0,0,1,93
93580,-9.83,2.13,-6.38,0,0,1,93
93600,-9.43,2.8,-6.12,0,0,1,93
93620,-8.27,3.29,-4.5,0,0,1,93
93640,-7.03,2.77,-2.45,0,0,1,93
93660,-5.74,2.22,-1.92,0,0,1,93
93680,-5.68,1.8,-2.3,0,0,1,93
93700,-6.3,1.89,-2.72,0,0,1,93
93720,-6.75,2.2,-3.21,0,0,1,93
93740,-6.54,2.88,-3.82,0,0,1,93
93760,-6.99,2.67,-3.99,0,0,1,93
93780,-8.21,2.05,-3.21,0,0,1,93
93800,-8.52,1.53,-3.54,0,0,1,93
93820,-8.72,1.7,-4.59,0,0,1,93
93840,-9.81,2.93,-5.74,0,0,1,93
93860,-12.08,4.04,-5.77,0,0,1,93
93880,-11.5,5.29,-8.07,0,0,1,93
93900,-10.76,3.2,-8.5,0,0,1,93
93920,-10.65,1.7,-5.02,0,0,1,93
93940,-8.6,0.74,-2.73,0,0,1,93
93960,-7.75,1.17,-2.08,0,0,1,93
93980,-7.67,2.67,-1.94,0,0,1,93
93000,-6.92,3.52,-4.92,0,0,1,94
93020,-7.14,4.12,-4.61,0,0,1,94
93040,-7.63,4.57,-4.63,0,0,1,94
93060,-8.06,3.97,-5.47,0,0,1,94
93080,-8.03,3.71,-6.09,0,0,1,94
93100,-8.09,4.02,-5.89,0,0,1,94
93120,-7.94,4.01,-5.16,0,0,1,94
93140,-7.69,3.27,-4.75,0,0,1,94
93160,-7.83,1.02,-6.16,0,0,1,94
93180,-9.86,1.42,-3.53,0,0,1,94
93200,-8.81,2.48,-4.9,0,0,1,94
93220,-10.93,2.2,-6.2,0,0,1,94
93240,-10.79,2.27,-6.34,0,0,1,94
93260,-9.5,2.02,-5.25,0,0,1,94
93280,-8.76,0.77,-5.8,0,0,1,94
93300,-8.43,-0.3,-5.82,0,0,1,94
93320,-7.83,-0.41,-4.91,0,0,1,94
93340,-7.47,0.08,-3.4,0,0,1,94
93360,-7.29,-0.36,-2.42,0,0,1,94
93380,-7.38,-0.88,-2.16,0,0,1,94
93400,-7.61,-0.74,-2.52,0,0,1,94
93420,-8.19,0.45,-3.15,0,0,1,94
93440,-9.24,2.31,-4.78,0,0,1,94
93460,-10.96,2.49,-6.24,0,0,1,94
93480,-11.24,4.26,-6.68,0,0,1,94
93500,-10.2,4.88,-5.12,0,0,1,94
93520,-7.69,4.9,-1.79,0,0,1,94
93540,-7.09,3.4,-1.71,0,0,1,94
93560,-9.23,2.03,-4.42,0,0,1,94
93580,-9.83,2.13,-6.38,0,0,1,94
93600,-9.43,2.8,-6.12,0,0,1,94
93620,-8.27,3.29,-4.5,0,0,1,94
93640,-7.03,2.77,-2.45,0,0,1,94
93660,-5.74,2.22,-1.92,0,0,1,94
93680,-5.68,1.8,-2.3,0,0,1,94
93700,-6.3,1.89,-2.72,0,0,1,94
93720,-6.75,2.2,-3.21,0,0,1,94
93740,-6.54,2.88,-3.82,0,0,1,94
93760,-6.99,2.67,-3.99,0,0,1,94
93780,-8.21,2.05,-3.21,0,0,1,94
93800,-8.52,1.53,-3.54,0,0,1,94
93820,-8.72,1.7,-4.59,0,0,1,94
93840,-9.81,2.93,-5.74,0,0,1,94
93860,-12.08,4.04,-5.77,0,0,1,94
93880,-11.5,5.29,-8.07,0,0,1,94
93900,-10.76,3.2,-8.5,0,0,1,94
93920,-10.65,1.7,-5.02,0,0,1,94
93940,-8.6,0.74,-2.73,0,0,1,94
93960,-7.75,1.17,-2.08,0,0,1,94
93980,-7.67,2.67,-1.94,0,0,1,94
94000,-7.8,3.86,-3.1,0,0,1,94
94020,-8.62,2.46,-5.44,0,0,1,94
94040,-9.52,0.89,-7.09,0,0,1,94
94060,-8.19,0.27,-6.43,0,0,1,94
94080,-7.94,-0.08,-4.41,0,0,1,94
94100,-8.06,-0.22,-3.62,0,0,1,94
94120,-7.6,-0.23,-4.21,0,0,1,94
94140,-7.5,0.45,-5.05,0,0,1,94
94160,-7.31,1.37,-4.83,0,0,1,94
94180,-7.41,1.92,-4.79,0,0,1,94
94200,-8.03,2.07,-5.18,0,0,1,94
94220,-8.38,2.35,-6.01,0,0,1,94
94240,-8.51,2.48,-6.58,0,0,1,94
94260,-8.22,2.41,-6.34,0,0,1,94
94280,-7.87,1.89,-5.53,0,0,1,94
94300,-7.94,1.49,-5.28,0,0,1,94
94320,-7.52,1.6,-5.15,0,0,1,94
94340,-7.46,1.96,-5.21,0,0,1,94
94360,-7.68,2.39,-5.61,0,0,1,94
94380,-7.53,2.65,-5.72,0,0,1,94
94400,-7.42,2.89,-5.61,0,0,1,94
94420,-7.29,3.12,-5.2,0,0,1,94
94440,-6.81,3.1,-4.77,0,0,1,94
94460,-6.96,2.83,-4.54,0,0,1,94
94480,-6.94,2.78,-4.31,0,0,1,94
94500,-7.56,2.61,-5.1,0,0,1,94
94520,-8.26,2.19,-5.75,0,0,1,94
94540,-7.94,1.25,-6.59,0,0,1,94
94560,-10.48,0.01,-4.85,0,0,1,94
94580,-7.65,1.82,-2.94,0,0,1,94
94600,-6.99,3.31,-2.82,0,0,1,94
94620,-8.63,4.42,-4.72,0,0,1,94
94640,-10.59,4.73,-7.97,0,0,1,94
94660,-12.26,2.75,-11.58,0,0,1,94
94680,-12.69,0.43,-11.86,0,0,1,94
94700,-10.47,-0.06,-7.55,0,0,1,94
94720,-7.99,0.0,-2.96,0,0,1,94
94740,-5.98,-0.66,-0.22,0,0,1,94
94760,-5.95,-1.35,-1.31,0,0,1,94
94780,-6.66,-1.94,-2.74,0,0,1,94
94800,-7.1,-1.73,-3.43,0,0,1,94
94820,-7.59,-0.7,-3.37,0,0,1,94
94840,-9.1,0.74,-3.58,0,0,1,94
94860,-10.52,3.29,-4.52,0,0,1,94
94880,-11.24,4.58,-5.87,0,0,1,94
94900,-10.73,5.05,-6.22,0,0,1,94
94920,-9.8,4.25,-5.64,0,0,1,94
94940,-8.89,3.13,-4.34,0,0,1,94
94960,-7.97,1.95,-2.81,0,0,1,94
94980,-7.52,1.2,-2.87,0,0,1,94
94000,-7.8,3.86,-3.1,0,0,1,95
94020,-8.62,2.46,-5.44,0,0,1,95
94040,-9.52,0.89,-7.09,0,0,1,95
94060,-8.19,0.27,-6.43,0,0,1,95
94080,-7.94,-0.08,-4.41,0,0,1,95
94100,-8.06,-0.22,-3.62,0,0,1,95
94120,-7.6,-0.23,-4.21,0,0,1,95
94140,-7.5,0.45,-5.05,0,0,1,95
94160,-7.31,1.37,-4.83,0,0,1,95
94180,-7.41,1.92,-4.79,0,0,1,95
94200,-8.03,2.07,-5.18,0,0,1,95
94220,-8.38,2.35,-6.01,0,0,1,95
94240,-8.51,2.48,-6.58,0,0,1,95
94260,-8.22,2.41,-6.34,0,0,1,95
94280,-7.87,1.89,-5.53,0,0,1,95
94300,-7.94,1.49,-5.28,0,0,1,95
94320,-7.52,1.6,-5.15,0,0,1,95
94340,-7.46,1.96,-5.21,0,0,1,95
94360,-7.68,2.39,-5.61,0,0,1,95
94380,-7.53,2.65,-5.72,0,0,1,95
94400,-7.42,2.89,-5.61,0,0,1,95
94420,-7.29,3.12,-5.2,0,0,1,95
94440,-6.81,3.1,-4.77,0,0,1,95
94460,-6.96,2.83,-4.54,0,0,1,95
94480,-6.94,2.78,-4.31,0,0,1,95
94500,-7.56,2.61,-5.1,0,0,1,95
94520,-8.26,2.19,-5.75,0,0,1,95
94540,-7.94,1.25,-6.59,0,0,1,95
94560,-10.48,0.01,-4.85,0,0,1,95
94580,-7.65,1.82,-2.94,0,0,1,95
94600,-6.99,3.31,-2.82,0,0,1,95
94620,-8.63,4.42,-4.72,0,0,1,95
94640,-10.59,4.73,-7.97,0,0,1,95
94660,-12.26,2.75,-11.58,0,0,1,95
94680,-12.69,0.43,-11.86,0,0,1,95
94700,-10.47,-0.06,-7.55,0,0,1,95
94720,-7.99,0.0,-2.96,0,0,1,95
94740,-5.98,-0.66,-0.22,0,0,1,95
94760,-5.95,-1.35,-1.31,0,0,1,95
94780,-6.66,-1.94,-2.74,0,0,1,95
94800,-7.1,-1.73,-3.43,0,0,1,95
94820,-7.59,-0.7,-3.37,0,0,1,95
94840,-9.1,0.74,-3.58,0,0,1,95
94860,-10.52,3.29,-4.52,0,0,1,95
94880,-11.24,4.58,-5.87,0,0,1,95
94900,-10.73,5.05,-6.22,0,0,1,95
94920,-9.8,4.25,-5.64,0,0,1,95
94940,-8.89,3.13,-4.34,0,0,1,95
94960,-7.97,1.95,-2.81,0,0,1,95
94980,-7.52,1.2,-2.87,0,0,1,95
95000,-7.68,1.39,-3.51,0,0,1,95
95020,-7.72,1.47,-3.53,0,0,1,95
95040,-7.12,1.63,-2.87,0,0,1,95
95060,-6.89,1.79,-2.56,0,0,1,95
95080,-7.28,1.78,-3.1,0,0,1,95
95100,-7.76,1.99,-3.93,0,0,1,95
95120,-8.22,2.4,-4.84,0,0,1,95
95140,-8.09,2.49,-4.87,0,0,1,95
95160,-7.59,2.51,-4.2,0,0,1,95
95180,-7.18,2.63,-3.35,0,0,1,95
95200,-7.46,3.11,-3.26,0,0,1,95
95220,-7.99,3.77,-3.92,0,0,1,95
95240,-7.68,4.18,-4.78,0,0,1,95
95260,-8.12,4.7,-4.71,0,0,1,95
95280,-8.06,5.13,-4.65,0,0,1,95
95300,-8.48,4.68,-4.4,0,0,1,95
95320,-12.25,2.31,-6.05,0,0,1,95
95340,-13.31,-0.14,-8.86,0,0,1,95
95360,-10.56,-1.04,-6.68,0,0,1,95
95380,-8.18,-1.93,-2.72,0,0,1,95
95400,-8.38,-0.43,-1.94,0,0,1,95
95420,-7.93,2.57,-3.59,0,0,1,95
95440,-8.04,3.88,-4.2,0,0,1,95
95460,-8.65,2.16,-4.47,0,0,1,95
95480,-9.4,0.09,-5.45,0,0,1,95
95500,-8.72,-1.03,-5.98,0,0,1,95
95520,-6.75,-0.61,-4.5,0,0,1,95
95540,-6.57,-0.28,-3.94,0,0,1,95
95560,-7.73,0.99,-4.51,0,0,1,95
95580,-8.26,2.27,-5.19,0,0,1,95
95600,-8.46,3.43,-5.45,0,0,1,95
95620,-8.21,3.59,-5.33,0,0,1,95
95640,-8.36,2.62,-5.78,0,0,1,95
95660,-8.42,1.64,-6.42,0,0,1,95
95680,-8.52,1.55,-6.37,0,0,1,95
95700,-8.31,1.73,-5.58,0,0,1,95
95720,-7.8,2.19,-4.78,0,0,1,95
95740,-7.81,2.54,-4.76,0,0,1,95
95760,-8.06,2.71,-5.35,0,0,1,95
95780,-8.32,2.66,-5.56,0,0,1,95
95800,-8.25,2.3,-5.22,0,0,1,95
95820,-7.96,2.02,-4.79,0,0,1,95
95840,-7.79,1.78,-4.15,0,0,1,95
95860,-7.71,1.45,-4.18,0,0,1,95
95880,-7.55,1.11,-5.0,0,0,1,95
95900,-7.98,0.98,-5.81,0,0,1,95
95920,-7.74,1.35,-6.24,0,0,1,95
95940,-7.65,1.82,-6.13,0,0,1,95
95960,-7.79,2.18,-5.68,0,0,1,95
95980,-7.56,2.48,-5.62,0,0,1,95
95000,-7.68,1.39,-3.51,0,0,1,96
95020,-7.72,1.47,-3.53,0,0,1,96
95040,-7.12,1.63,-2.87,0,0,1,96
95060,-6.89,1.79,-2.56,0,0,1,96
95080,-7.28,1.78,-3.1,0,0,1,96
95100,-7.76,1.99,-3.93,0,0,1,96
95120,-8.22,2.4,-4.84,0,0,1,96
95140,-8.09,2.49,-4.87,0,0,1,96
95160,-7.59,2.51,-4.2,0,0,1,96
95180,-7.18,2.63,-3.35,0,0,1,96
95200,-7.46,3.11,-3.26,0,0,1,96
95220,-7.99,3.77,-3.92,0,0,1,96
95240,-7.68,4.18,-4.78,0,0,1,96
95260,-8.12,4.7,-4.71,0,0,1,96
95280,-8.06,5.13,-4.65,0,0,1,96
95300,-8.48,4.68,-4.4,0,0,1,96
95320,-12.25,2.31,-6.05,0,0,1,96
95340,-13.31,-0.14,-8.86,0,0,1,96
95360,-10.56,-1.04,-6.68,0,0,1,96
95380,-8.18,-1.93,-2.72,0,0,1,96
95400,-8.38,-0.43,-1.94,0,0,1,96
95420,-7.93,2.57,-3.59,0,0,1,96
95440,-8.04,3.88,-4.2,0,0,1,96
95460,-8.65,2.16,-4.47,0,0,1,96
95480,-9.4,0.09,-5.45,0,0,1,96
95500,-8.72,-1.03,-5.98,0,0,1,96
95520,-6.75,-0.61,-4.5,0,0,1,96
95540,-6.57,-0.28,-3.94,0,0,1,96
95560,-7.73,0.99,-4.51,0,0,1,96
95580,-8.26,2.27,-5.19,0,0,1,96
95600,-8.46,3.43,-5.45,0,0,1,96
95620,-8.21,3.59,-5.33,0,0,1,96
95640,-8.36,2.62,-5.78,0,0,1,96
95660,-8.42,1.64,-6.42,0,0,1,96
95680,-8.52,1.55,-6.37,0,0,1,96
95700,-8.31,1.73,-5.58,0,0,1,96
95720,-7.8,2.19,-4.78,0,0,1,96
95740,-7.81,2.54,-4.76,0,0,1,96
95760,-8.06,2.71,-5.35,0,0,1,96
95780,-8.32,2.66,-5.56,0,0,1,96
95800,-8.25,2.3,-5.22,0,0,1,96
95820,-7.96,2.02,-4.79,0,0,1,96
95840,-7.79,1.78,-4.15,0,0,1,96
95860,-7.71,1.45,-4.18,0,0,1,96
95880,-7.55,1.11,-5.0,0,0,1,96
95900,-7.98,0.98,-5.81,0,0,1,96
95920,-7.74,1.35,-6.24,0,0,1,96
95940,-7.65,1.82,-6.13,0,0,1,96
95960,-7.79,2.18,-5.68,0,0,1,96
95980,-7.56,2.48,-5.62,0,0,1,96
96000,-7.35,3.25,-5.72,0,0,1,96
96020,-7.4,3.6,-5.22,0,0,1,96
96040,-8.98,1.88,-4.42,0,0,1,96
96060,-8.71,1.17,-1.24,0,0,1,96
96080,-6.31,1.71,-1.5,0,0,1,96
96100,-6.54,0.65,-3.14,0,0,1,96
96120,-9.16,-1.36,-5.56,0,0,1,96
96140,-11.63,-1.91,-7.94,0,0,1,96
96160,-13.06,-0.22,-10.65,0,0,1,96
96180,-11.27,3.51,-7.98,0,0,1,96
96200,-8.17,4.41,-2.99,0,0,1,96
96220,-6.75,3.49,0.02,0,0,1,96
96240,-7.82,2.96,-1.21,0,0,1,96
96260,-10.21,3.87,-3.15,0,0,1,96
96280,-11.16,5.22,-5.02,0,0,1,96
96300,-10.61,4.25,-5.7,0,0,1,96
96320,-9.61,2.57,-5.3,0,0,1,96
96340,-8.4,1.2,-3.06,0,0,1,96
96360,-7.47,1.28,-1.77,0,0,1,96
96380,-8.5,1.24,-2.38,0,0,1,96
96400,-6.92,1.87,-3.38,0,0,1,96
96420,-7.59,0.29,-3.57,0,0,1,96
96440,-7.3,-0.06,-3.4,0,0,1,96
96460,-7.32,-0.38,-3.47,0,0,1,96
96480,-7.33,-0.0,-3.92,0,0,1,96
96500,-8.38,0.4,-5.02,0,0,1,96
96520,-9.4,0.83,-6.33,0,0,1,96
96540,-9.68,1.52,-6.49,0,0,1,96
96560,-9.16,2.87,-4.34,0,0,1,96
96580,-8.98,3.83,-2.75,0,0,1,96
96600,-9.89,4.03,-3.41,0,0,1,96
96620,-9.36,2.54,-4.34,0,0,1,96
96640,-8.79,0.72,-4.33,0,0,1,96
96660,-8.0,0.45,-3.64,0,0,1,96
96680,-7.47,1.01,-3.14,0,0,1,96
96700,-7.18,1.98,-3.68,0,0,1,96
96720,-8.26,2.91,-3.34,0,0,1,96
96740,-9.08,3.6,-3.1,0,0,1,96
96760,-9.73,3.71,-3.68,0,0,1,96
96780,-9.92,3.27,-4.83,0,0,1,96
96800,-9.52,2.45,-5.24,0,0,1,96
96820,-8.74,1.56,-4.08,0,0,1,96
96840,-7.96,1.41,-2.71,0,0,1,96
96860,-7.8,2.03,-2.01,0,0,1,96
96880,-8.17,2.56,-2.02,0,0,1,96
96900,-8.54,2.51,-2.44,0,0,1,96
96920,-8.08,2.09,-2.66,0,0,1,96
96940,-7.98,1.58,-2.68,0,0,1,96
96960,-7.73,1.43,-2.95,0,0,1,96
96980,-7.74,1.5,-3.26,0,0,1,96
96000,-7.35,3.25,-5.72,0,0,1,97
96020,-7.4,3.6,-5.22,0,0,1,97
96040,-8.98,1.88,-4.42,0,0,1,97
96060,-8.71,1.17,-1.24,0,0,1,97
96080,-6.31,1.71,-1.5,0,0,1,97
96100,-6.54,0.65,-3.14,0,0,1,97
96120,-9.16,-1.36,-5.56,0,0,1,97
96140,-11.63,-1.91,-7.94,0,0,1,97
96160,-13.06,-0.22,-10.65,0,0,1,97
96180,-11.27,3.51,-7.98,0,0,1,97
96200,-8.17,4.41,-2.99,0,0,1,97
96220,-6.75,3.49,0.02,0,0,1,97
96240,-7.82,2.96,-1.21,0,0,1,97
96260,-10.21,3.87,-3.15,0,0,1,97
96280,-11.16,5.22,-5.02,0,0,1,97
96300,-10.61,4.25,-5.7,0,0,1,97
96320,-9.61,2.57,-5.3,0,0,1,97
96340,-8.4,1.2,-3.06,0,0,1,97
96360,-7.47,1.28,-1.77,0,0,1,97
96380,-8.5,1.24,-2.38,0,0,1,97
96400,-6.92,1.87,-3.38,0,0,1,97
96420,-7.59,0.29,-3.57,0,0,1,97
96440,-7.3,-0.06,-3.4,0,0,1,97
96460,-7.32,-0.38,-3.47,0,0,1,97
96480,-7.33,-0.0,-3.92,0,0,1,97
96500,-8.38,0.4,-5.02,0,0,1,97
96520,-9.4,0.83,-6.33,0,0,1,97
96540,-9.68,1.52,-6.49,0,0,1,97
96560,-9.16,2.87,-4.34,0,0,1,97
96580,-8.98,3.83,-2.75,0,0,1,97
96600,-9.89,4.03,-3.41,0,0,1,97
96620,-9.36,2.54,-4.34,0,0,1,97
96640,-8.79,0.72,-4.33,0,0,1,97
96660,-8.0,0.45,-3.64,0,0,1,97
96680,-7.47,1.01,-3.14,0,0,1,97
96700,-7.18,1.98,-3.68,0,0,1,97
96720,-8.26,2.91,-3.34,0,0,1,97
96740,-9.08,3.6,-3.1,0,0,1,97
96760,-9.73,3.71,-3.68,0,0,1,97
96780,-9.92,3.27,-4.83,0,0,1,97
96800,-9.52,2.45,-5.24,0,0,1,97
96820,-8.74,1.56,-4.08,0,0,1,97
96840,-7.96,1.41,-2.71,0,0,1,97
96860,-7.8,2.03,-2.01,0,0,1,97
96880,-8.17,2.56,-2.02,0,0,1,97
96900,-8.54,2.51,-2.44,0,0,1,97
96920,-8.08,2.09,-2.66,0,0,1,97
96940,-7.98,1.58,-2.68,0,0,1,97
96960,-7.73,1.43,-2.95,0,0,1,97
96980,-7.74,1.5,-3.26,0,0,1,97
97000,-8.21,1.95,-4.82,0,0,1,97
97020,-9.34,2.42,-5.86,0,0,1,97
97040,-11.4,2.84,-7.09,0,0,1,97
97060,-13.31,3.67,-8.73,0,0,1,97
97080,-10.88,2.89,-8.09,0,0,1,97
97100,-7.2,1.0,-3.42,0,0,1,97
97120,-5.58,1.79,0.36,0,0,1,97
97140,-7.17,3.73,-1.95,0,0,1,97
97160,-8.28,3.46,-3.88,0,0,1,97
97180,-9.56,0.56,-6.39,0,0,1,97
97200,-8.86,-1.58,-6.52,0,0,1,97
97220,-7.77,-1.43,-5.19,0,0,1,97
97240,-7.18,0.19,-3.91,0,0,1,97
97260,-7.47,1.39,-3.89,0,0,1,97
97280,-7.99,1.59,-5.19,0,0,1,97
97300,-8.23,1.31,-6.6,0,0,1,97
97320,-8.25,1.31,-6.84,0,0,1,97
97340,-7.77,1.4,-6.36,0,0,1,97
97360,-7.47,1.52,-5.87,0,0,1,97
97380,-7.58,1.46,-5.78,0,0,1,97
97400,-7.44,1.49,-5.51,0,0,1,97
97420,-7.65,1.57,-5.55,0,0,1,97
97440,-8.12,1.86,-6.23,0,0,1,97
97460,-8.69,1.97,-6.8,0,0,1,97
97480,-8.68,1.77,-6.45,0,0,1,97
97500,-8.23,1.75,-6.18,0,0,1,97
97520,-7.87,2.12,-5.66,0,0,1,97
97540,-7.79,2.51,-5.3,0,0,1,97
97560,-7.94,2.18,-5.42,0,0,1,97
97580,-7.93,2.01,-5.8,0,0,1,97
97600,-7.86,1.85,-5.99,0,0,1,97
97620,-7.63,2.36,-6.06,0,0,1,97
97640,-7.68,2.65,-5.64,0,0,1,97
97660,-7.29,2.65,-5.16,0,0,1,97
97680,-7.02,2.75,-4.89,0,0,1,97
97700,-7.06,3.03,-4.96,0,0,1,97
97720,-7.33,3.03,-5.33,0,0,1,97
97740,-7.38,3.08,-5.63,0,0,1,97
97760,-6.88,2.89,-5.58,0,0,1,97
97780,-6.56,2.54,-5.12,0,0,1,97
97800,-5.02,0.33,-5.43,0,0,1,97
97820,-10.32,-1.16,-1.03,0,0,1,97
97840,-8.44,2.59,-0.48,0,0,1,97
97860,-12.3,4.57,-5.46,0,0,1,97
97880,-14.89,2.6,-12.82,0,0,1,97
97900,-12.77,0.47,-12.74,0,0,1,97
97920,-8.45,-0.64,-8.06,0,0,1,97
97940,-5.49,0.23,0.1,0,0,1,97
97960,-4.92,3.6,1.41,0,0,1,97
97980,-8.96,7.54,-1.01,0,0,1,97
97000,-8.21,1.95,-4.82,0,0,1,98
97020,-9.34,2.42,-5.86,0,0,1,98
97040,-11.4,2.84,-7.09,0,0,1,98
97060,-13.31,3.67,-8.73,0,0,1,98
97080,-10.88,2.89,-8.09,0,0,1,98
97100,-7.2,1.0,-3.42,0,0,1,98
97120,-5.58,1.79,0.36,0,0,1,98
97140,-7.17,3.73,-1.95,0,0,1,98
97160,-8.28,3.46,-3.88,0,0,1,98
97180,-9.56,0.56,-6.39,0,0,1,98
97200,-8.86,-1.58,-6.52,0,0,1,98
97220,-7.77,-1.43,-5.19,0,0,1,98
97240,-7.18,0.19,-3.91,0,0,1,98
97260,-7.47,1.39,-3.89,0,0,1,98
97280,-7.99,1.59,-5.19,0,0,1,98
97300,-8.23,1.31,-6.6,0,0,1,98
97320,-8.25,1.31,-6.84,0,0,1,98
97340,-7.77,1.4,-6.36,0,0,1,98
97360,-7.47,1.52,-5.87,0,0,1,98
97380,-7.58,1.46,-5.78,0,0,1,98
97400,-7.44,1.49,-5.51,0,0,1,98
97420,-7.65,1.57,-5.55,0,0,1,98
97440,-8.12,1.86,-6.23,0,0,1,98
97460,-8.69,1.97,-6.8,0,0,1,98
97480,-8.68,1.77,-6.45,0,0,1,98
97500,-8.23,1.75,-6.18,0,0,1,98
97520,-7.87,2.12,-5.66,0,0,1,98
97540,-7.79,2.51,-5.3,0,0,1,98
97560,-7.94,2.18,-5.42,0,0,1,98
97580,-7.93,2.01,-5.8,0,0,1,98
97600,-7.86,1.85,-5.99,0,0,1,98
97620,-7.63,2.36,-6.06,0,0,1,98
97640,-7.68,2.65,-5.64,0,0,1,98
97660,-7.29,2.65,-5.16,0,0,1,98
97680,-7.02,2.75,-4.89,0,0,1,98
97700,-7.06,3.03,-4.96,0,0,1,98
97720,-7.33,3.03,-5.33,0,0,1,98
97740,-7.38,3.08,-5.63,0,0,1,98
97760,-6.88,2.89,-5.58,0,0,1,98
97780,-6.56,2.54,-5.12,0,0,1,98
97800,-5.02,0.33,-5.43,0,0,1,98
97820,-10.32,-1.16,-1.03,0,0,1,98
97840,-8.44,2.59,-0.48,0,0,1,98
97860,-12.3,4.57,-5.46,0,0,1,98
97880,-14.89,2.6,-12.82,0,0,1,98
97900,-12.77,0.47,-12.74,0,0,1,98
97920,-8.45,-0.64,-8.06,0,0,1,98
97940,-5.49,0.23,0.1,0,0,1,98
97960,-4.92,3.6,1.41,0,0,1,98
97980,-8.96,7.54,-1.01,0,0,1,98
98000,-10.49,7.88,-3.84,0,0,1,98
98020,-11.27,4.45,-5.93,0,0,1,98
98040,-8.79,1.62,-5.83,0,0,1,98
98060,-6.89,0.62,-3.76,0,0,1,98
98080,-6.78,2.85,-1.35,0,0,1,98
98100,-6.31,5.35,-0.76,0,0,1,98
98120,-7.48,4.07,-1.55,0,0,1,98
98140,-6.74,1.95,-3.5,0,0,1,98
98160,-6.68,-0.38,-4.92,0,0,1,98
98180,-8.09,-0.73,-4.69,0,0,1,98
98200,-8.51,0.59,-4.75,0,0,1,98
98220,-9.9,2.32,-5.49,0,0,1,98
98240,-10.89,3.83,-6.28,0,0,1,98
98260,-10.48,4.85,-6.39,0,0,1,98
98280,-9.77,4.38,-5.05,0,0,1,98
98300,-9.16,2.99,-4.38,0,0,1,98
98320,-8.56,1.81,-4.25,0,0,1,98
98340,-7.82,1.21,-3.6,0,0,1,98
98360,-7.22,1.23,-2.86,0,0,1,98
98380,-7.13,1.37,-2.15,0,0,1,98
98400,-7.23,1.44,-2.14,0,0,1,98
98420,-7.59,1.55,-2.85,0,0,1,98
98440,-8.02,1.94,-3.6,0,0,1,98
98460,-7.47,2.86,-4.34,0,0,1,98
98480,-7.57,3.58,-3.97,0,0,1,98
98500,-7.49,3.57,-3.73,0,0,1,98
98520,-9.81,2.87,-3.8,0,0,1,98
98540,-11.19,3.59,-7.3,0,0,1,98
98560,-11.76,3.11,-8.48,0,0,1,98
98580,-9.28,2.95,-5.58,0,0,1,98
98600,-7.76,2.79,-3.01,0,0,1,98
98620,-7.82,3.59,-2.35,0,0,1,98
98640,-8.77,3.27,-2.45,0,0,1,98
98660,-8.46,1.26,-2.95,0,0,1,98
98680,-8.42,-0.38,-4.29,0,0,1,98
98700,-8.49,-0.91,-5.62,0,0,1,98
98720,-8.02,-0.97,-5.93,0,0,1,98
98740,-7.29,-0.72,-5.59,0,0,1,98
98760,-6.9,-0.0,-5.13,0,0,1,98
98780,-7.89,1.31,-4.72,0,0,1,98
98800,-8.24,3.02,-4.93,0,0,1,98
98820,-8.41,4.48,-4.98,0,0,1,98
98840,-8.81,5.22,-5.29,0,0,1,98
98860,-8.84,4.49,-5.94,0,0,1,98
98880,-8.73,2.92,-6.27,0,0,1,98
98900,-8.35,1.57,-5.73,0,0,1,98
98920,-7.71,0.75,-4.98,0,0,1,98
98940,-7.24,0.63,-4.6,0,0,1,98
98960,-7.47,1.47,-4.9,0,0,1,98
98980,-7.79,2.46,-5.76,0,0,1,98
98000,-10.49,7.88,-3.84,0,0,1,99
98020,-11.27,4.45,-5.93,0,0,1,99
98040,-8.79,1.62,-5.83,0,0,1,99
98060,-6.89,0.62,-3.76,0,0,1,99
98080,-6.78,2.85,-1.35,0,0,1,99
98100,-6.31,5.35,-0.76,0,0,1,99
98120,-7.48,4.07,-1.55,0,0,1,99
98140,-6.74,1.95,-3.5,0,0,1,99
98160,-6.68,-0.38,-4.92,0,0,1,99
98180,-8.09,-0.73,-4.69,0,0,1,99
98200,-8.51,0.59,-4.75,0,0,1,99
98220,-9.9,2.32,-5.49,0,0,1,99
98240,-10.89,3.83,-6.28,0,0,1,99
98260,-10.48,4.85,-6.39,0,0,1,99
98280,-9.77,4.38,-5.05,0,0,1,99
98300,-9.16,2.99,-4.38,0,0,1,99
98320,-8.56,1.81,-4.25,0,0,1,99
98340,-7.82,1.21,-3.6,0,0,1,99
98360,-7.22,1.23,-2.86,0,0,1,99
98380,-7.13,1.37,-2.15,0,0,1,99
98400,-7.23,1.44,-2.14,0,0,1,99
98420,-7.59,1.55,-2.85,0,0,1,99
98440,-8.02,1.94,-3.6,0,0,1,99
98460,-7.47,2.86,-4.34,0,0,1,99
98480,-7.57,3.58,-3.97,0,0,1,99
98500,-7.49,3.57,-3.73,0,0,1,99
98520,-9.81,2.87,-3.8,0,0,1,99
98540,-11.19,3.59,-7.3,0,0,1,99
98560,-11.76,3.11,-8.48,0,0,1,99
98580,-9.28,2.95,-5.58,0,0,1,99
98600,-7.76,2.79,-3.01,0,0,1,99
98620,-7.82,3.59,-2.35,0,0,1,99
98640,-8.77,3.27,-2.45,0,0,1,99
98660,-8.46,1.26,-2.95,0,0,1,99
98680,-8.42,-0.38,-4.29,0,0,1,99
98700,-8.49,-0.91,-5.62,0,0,1,99
98720,-8.02,-0.97,-5.93,0,0,1,99
98740,-7.29,-0.72,-5.59,0,0,1,99
98760,-6.9,-0.0,-5.13,0,0,1,99
98780,-7.89,1.31,-4.72,0,0,1,99
98800,-8.24,3.02,-4.93,0,0,1,99
98820,-8.41,4.48,-4.98,0,0,1,99
98840,-8.81,5.22,-5.29,0,0,1,99
98860,-8.84,4.49,-5.94,0,0,1,99
98880,-8.73,2.92,-6.27,0,0,1,99
98900,-8.35,1.57,-5.73,0,0,1,99
98920,-7.71,0.75,-4.98,0,0,1,99
98940,-7.24,0.63,-4.6,0,0,1,99
98960,-7.47,1.47,-4.9,0,0,1,99
98980,-7.79,2.46,-5.76,0,0,1,99
99000,-7.93,3.14,-5.99,0,0,1,99
99020,-7.79,3.43,-5.73,0,0,1,99
99040,-7.24,3.36,-4.69,0,0,1,99
99060,-6.3,3.43,-4.19,0,0,1,99
99080,-6.04,3.66,-4.03,0,0,1,99
99100,-6.76,3.56,-4.39,0,0,1,99
99120,-8.03,3.07,-5.28,0,0,1,99
99140,-8.33,2.5,-6.78,0,0,1,99
99160,-8.95,2.2,-7.33,0,0,1,99
99180,-9.5,1.22,-6.41,0,0,1,99
99200,-9.41,0.86,-2.72,0,0,1,99
99220,-7.62,1.33,-2.8,0,0,1,99
99240,-7.77,2.46,-2.41,0,0,1,99
99260,-6.69,3.24,-3.64,0,0,1,99
99280,-7.5,2.41,-6.27,0,0,1,99
99300,-9.88,2.31,-9.04,0,0,1,99
99320,-11.68,3.3,-9.27,0,0,1,99
99340,-11.03,4.26,-6.86,0,0,1,99
99360,-8.79,3.46,-3.2,0,0,1,99
99380,-8.1,1.44,-2.76,0,0,1,99
99400,-7.98,-0.73,-3.59,0,0,1,99
99420,-7.37,-1.88,-3.98,0,0,1,99
99440,-6.93,-1.64,-3.21,0,0,1,99
99460,-6.5,-0.72,-2.45,0,0,1,99
99480,-7.45,0.32,-2.41,0,0,1,99
99500,-9.34,1.51,-3.02,0,0,1,99
99520,-11.1,3.79,-4.49,0,0,1,99
99540,-12.15,5.38,-6.39,0,0,1,99
99560,-11.81,5.44,-7.72,0,0,1,99
99580,-10.51,4.02,-6.59,0,0,1,99
99600,-8.06,2.5,-3.35,0,0,1,99
99620,-6.18,1.61,-1.89,0,0,1,99
99640,-6.77,1.7,-2.17,0,0,1,99
99660,-6.03,2.13,-2.48,0,0,1,99
99680,-7.0,2.27,-3.8,0,0,1,99
99700,-6.4,2.34,-2.28,0,0,1,99
99720,-6.23,2.57,-2.7,0,0,1,99
99740,-6.82,2.27,-3.51,0,0,1,99
99760,-6.64,2.44,-3.67,0,0,1,99
99780,-6.93,3.68,-3.76,0,0,1,99
99800,-7.98,5.26,-4.04,0,0,1,99
99820,-9.18,6.85,-4.77,0,0,1,99
99840,-10.28,7.32,-5.27,0,0,1,99
99860,-12.51,5.31,-7.16,0,0,1,99
99880,-13.66,2.71,-9.52,0,0,1,99
99900,-11.45,1.08,-8.44,0,0,1,99
99920,-8.68,-0.68,-3.77,0,0,1,99
99940,-5.75,-1.88,-0.1,0,0,1,99
99960,-5.25,-2.27,-0.27,0,0,1,99
99980,-6.76,-1.03,-2.66,0,0,1,99
99000,-7.93,3.14,-5.99,0,0,1,100
99020,-7.79,3.43,-5.73,0,0,1,100
99040,-7.24,3.36,-4.69,0,0,1,100
99060,-6.3,3.43,-4.19,0,0,1,100
99080,-6.04,3.66,-4.03,0,0,1,100
99100,-6.76,3.56,-4.39,0,0,1,100
99120,-8.03,3.07,-5.28,0,0,1,100
99140,-8.33,2.5,-6.78,0,0,1,100
99160,-8.95,2.2,-7.33,0,0,1,100
99180,-9.5,1.22,-6.41,0,0,1,100
99200,-9.41,0.86,-2.72,0,0,1,100
99220,-7.62,1.33,-2.8,0,0,1,100
99240,-7.77,2.46,-2.41,0,0,1,100
99260,-6.69,3.24,-3.64,0,0,1,100
99280,-7.5,2.41,-6.27,0,0,1,100
99300,-9.88,2.31,-9.04,0,0,1,100
99320,-11.68,3.3,-9.27,0,0,1,100
99340,-11.03,4.26,-6.86,0,0,1,100
99360,-8.79,3.46,-3.2,0,0,1,100
99380,-8.1,1.44,-2.76,0,0,1,100
99400,-7.98,-0.73,-3.59,0,0,1,100
99420,-7.37,-1.88,-3.98,0,0,1,100
99440,-6.93,-1.64,-3.21,0,0,1,100
99460,-6.5,-0.72,-2.45,0,0,1,100
99480,-7.45,0.32,-2.41,0,0,1,100
99500,-9.34,1.51,-3.02,0,0,1,100
99520,-11.1,3.79,-4.49,0,0,1,100
99540,-12.15,5.38,-6.39,0,0,1,100
99560,-11.81,5.44,-7.72,0,0,1,100
99580,-10.51,4.02,-6.59,0,0,1,100
99600,-8.06,2.5,-3.35,0,0,1,100
99620,-6.18,1.61,-1.89,0,0,1,100
99640,-6.77,1.7,-2.17,0,0,1,100
99660,-6.03,2.13,-2.48,0,0,1,100
99680,-7.0,2.27,-3.8,0,0,1,100
99700,-6.4,2.34,-2.28,0,0,1,100
99720,-6.23,2.57,-2.7,0,0,1,100
99740,-6.82,2.27,-3.51,0,0,1,100
99760,-6.64,2.44,-3.67,0,0,1,100
99780,-6.93,3.68,-3.76,0,0,1,100
99800,-7.98,5.26,-4.04,0,0,1,100
99820,-9.18,6.85,-4.77,0,0,1,100
99840,-10.28,7.32,-5.27,0,0,1,100
99860,-12.51,5.31,-7.16,0,0,1,100
99880,-13.66,2.71,-9.52,0,0,1,100
99900,-11.45,1.08,-8.44,0,0,1,100
99920,-8.68,-0.68,-3.77,0,0,1,100
99940,-5.75,-1.88,-0.1,0,0,1,100
99960,-5.25,-2.27,-0.27,0,0,1,100
99980,-6.76,-1.03,-2.66,0,0,1,100
100000,-9.09,-0.17,-4.81,0,0,1,100
100020,-9.7,0.74,-6.23,0,0,1,100
100040,-9.97,1.06,-6.76,0,0,1,100
100060,-8.31,1.48,-5.24,0,0,1,100
100080,-6.7,1.14,-4.96,0,0,1,100
100100,-6.9,0.11,-4.73,0,0,1,100
100120,-6.83,-0.42,-4.62,0,0,1,100
100140,-7.68,0.16,-5.0,0,0,1,100
100160,-8.48,1.84,-5.41,0,0,1,100
100180,-9.7,2.64,-6.29,0,0,1,100
100200,-10.42,3.04,-7.09,0,0,1,100
100220,-9.98,1.96,-7.63,0,0,1,100
100240,-9.2,1.36,-7.64,0,0,1,100
100260,-8.45,1.45,-6.5,0,0,1,100
100280,-7.62,1.57,-5.65,0,0,1,100
100300,-7.39,1.32,-5.49,0,0,1,100
100320,-7.19,0.89,-5.64,0,0,1,100
100340,-7.3,0.21,-5.98,0,0,1,100
100360,-7.06,-0.48,-6.07,0,0,1,100
100380,-7.19,-0.35,-5.65,0,0,1,100
100400,-7.53,0.29,-5.81,0,0,1,100
100420,-7.89,0.57,-6.18,0,0,1,100
100440,-7.63,1.38,-5.82,0,0,1,100
100460,-7.97,2.24,-4.72,0,0,1,100
100480,-9.65,2.33,-3.65,0,0,1,100
100500,-9.06,3.07,-3.57,0,0,1,100
100520,-9.27,3.95,-4.51,0,0,1,100
100540,-10.27,3.7,-6.2,0,0,1,100
100560,-11.63,1.22,-7.1,0,0,1,100
100580,-10.72,-0.45,-6.84,0,0,1,100
100600,-8.86,-1.16,-4.89,0,0,1,100
100620,-6.83,-1.24,-2.79,0,0,1,100
100640,-5.11,-1.47,-0.89,0,0,1,100
100660,-6.64,-0.53,-2.53,0,0,1,100
100680,-7.98,0.83,-4.13,0,0,1,100
100700,-8.43,2.71,-4.62,0,0,1,100
100720,-7.96,4.17,-4.17,0,0,1,100
100740,-7.35,4.06,-3.88,0,0,1,100
100760,-7.73,3.48,-3.5,0,0,1,100
100780,-8.84,3.46,-3.71,0,0,1,100
100800,-9.13,4.05,-3.81,0,0,1,100
100820,-9.23,4.82,-3.92,0,0,1,100
100840,-9.07,5.05,-3.79,0,0,1,100
100860,-8.61,4.86,-3.73,0,0,1,100
100880,-7.73,4.05,-3.08,0,0,1,100
100900,-7.56,3.22,-1.65,0,0,1,100
100920,-7.6,2.43,-2.04,0,0,1,100
100940,-7.7,1.83,-1.72,0,0,1,100
100960,-8.87,2.11,-2.51,0,0,1,100
100980,-8.76,1.64,-2.12,0,0,1,100
100000,-9.09,-0.17,-4.81,0,0,1,101
100020,-9.7,0.74,-6.23,0,0,1,101
100040,-9.97,1.06,-6.76,0,0,1,101
100060,-8.31,1.48,-5.24,0,0,1,101
100080,-6.7,1.14,-4.96,0,0,1,101
100100,-6.9,0.11,-4.73,0,0,1,101
100120,-6.83,-0.42,-4.62,0,0,1,101
100140,-7.68,0.16,-5.0,0,0,1,101
100160,-8.48,1.84,-5.41,0,0,1,101
100180,-9.7,2.64,-6.29,0,0,1,101
100200,-10.42,3.04,-7.09,0,0,1,101
100220,-9.98,1.96,-7.63,0,0,1,101
100240,-9.2,1.36,-7.64,0,0,1,101
100260,-8.45,1.45,-6.5,0,0,1,101
100280,-7.62,1.57,-5.65,0,0,1,101
100300,-7.39,1.32,-5.49,0,0,1,101
100320,-7.19,0.89,-5.64,0,0,1,101
100340,-7.3,0.21,-5.98,0,0,1,101
100360,-7.06,-0.48,-6.07,0,0,1,101
100380,-7.19,-0.35,-5.65,0,0,1,101
100400,-7.53,0.29,-5.81,0,0,1,101
100420,-7.89,0.57,-6.18,0,0,1,101
100440,-7.63,1.38,-5.82,0,0,1,101
100460,-7.97,2.24,-4.72,0,0,1,101
100480,-9.65,2.33,-3.65,0,0,1,101
100500,-9.06,3.07,-3.57,0,0,1,101
100520,-9.27,3.95,-4.51,0,0,1,101
100540,-10.27,3.7,-6.2,0,0,1,101
100560,-11.63,1.22,-7.1,0,0,1,101
100580,-10.72,-0.45,-6.84,0,0,1,101
100600,-8.86,-1.16,-4.89,0,0,1,101
100620,-6.83,-1.24,-2.79,0,0,1,101
100640,-5.11,-1.47,-0.89,0,0,1,101
100660,-6.64,-0.53,-2.53,0,0,1,101
100680,-7.98,0.83,-4.13,0,0,1,101
100700,-8.43,2.71,-4.62,0,0,1,101
100720,-7.96,4.17,-4.17,0,0,1,101
100740,-7.35,4.06,-3.88,0,0,1,101
100760,-7.73,3.48,-3.5,0,0,1,101
100780,-8.84,3.46,-3.71,0,0,1,101
100800,-9.13,4.05,-3.81,0,0,1,101
100820,-9.23,4.82,-3.92,0,0,1,101
100840,-9.07,5.05,-3.79,0,0,1,101
100860,-8.61,4.86,-3.73,0,0,1,101
100880,-7.73,4.05,-3.08,0,0,1,101
100900,-7.56,3.22,-1.65,0,0,1,101
100920,-7.6,2.43,-2.04,0,0,1,101
100940,-7.7,1.83,-1.72,0,0,1,101
100960,-8.87,2.11,-2.51,0,0,1,101
100980,-8.76,1.64,-2.12,0,0,1,101
101000,-8.48,1.96,-2.74,0,0,1,101
101020,-8.77,1.66,-2.95,0,0,1,101
101040,-7.93,1.81,-2.71,0,0,1,101
101060,-8.29,2.06,-2.54,0,0,1,101
101080,-9.4,2.11,-3.43,0,0,1,101
101100,-11.52,2.68,-6.34,0,0,1,101
101120,-13.74,2.14,-9.74,0,0,1,101
101140,-10.99,2.39,-8.79,0,0,1,101
101160,-8.12,3.43,-3.99,0,0,1,101
101180,-4.99,5.98,-1.14,0,0,1,101
101200,-6.39,6.1,-0.47,0,0,1,101
101220,-8.18,3.46,-2.2,0,0,1,101
101240,-9.47,0.24,-5.59,0,0,1,101
101260,-8.55,-0.91,-6.07,0,0,1,101
101280,-7.16,0.77,-5.4,0,0,1,101
101300,-6.49,2.37,-4.8,0,0,1,101
101320,-6.5,2.22,-5.34,0,0,1,101
101340,-6.83,1.76,-6.44,0,0,1,101
101360,-7.23,1.62,-5.9,0,0,1,101
101380,-7.68,2.06,-5.61,0,0,1,101
101400,-8.37,3.13,-6.52,0,0,1,101
101420,-9.5,4.72,-7.23,0,0,1,101
101440,-9.76,5.83,-7.06,0,0,1,101
101460,-8.98,5.5,-5.92,0,0,1,101
101480,-7.83,4.26,-4.64,0,0,1,101
101500,-7.16,2.87,-4.42,0,0,1,101
101520,-7.09,2.09,-4.79,0,0,1,101
101540,-7.02,1.85,-5.16,0,0,1,101
101560,-7.16,1.9,-5.2,0,0,1,101
101580,-7.75,2.71,-5.58,0,0,1,101
101600,-7.0,3.12,-4.66,0,0,1,101
101620,-7.72,4.19,-5.14,0,0,1,101
101640,-7.22,4.77,-4.57,0,0,1,101
101660,-7.33,3.32,-3.63,0,0,1,101
101680,-8.72,4.16,-5.28,0,0,1,101
101700,-8.3,2.59,-5.77,0,0,1,101
101720,-8.59,1.72,-6.33,0,0,1,101
101740,-8.4,1.05,-4.17,0,0,1,101
101760,-8.02,1.1,-4.48,0,0,1,101
101780,-7.79,0.67,-4.87,0,0,1,101
101800,-7.27,2.52,-4.8,0,0,1,101
101820,-8.57,4.46,-6.66,0,0,1,101
101840,-10.94,5.03,-8.33,0,0,1,101
101860,-11.24,5.21,-6.72,0,0,1,101
101880,-9.52,3.5,-4.24,0,0,1,101
101900,-8.39,1.35,-3.92,0,0,1,101
101920,-7.76,0.37,-3.93,0,0,1,101
101940,-7.21,-0.37,-4.15,0,0,1,101
101960,-6.65,-0.67,-4.22,0,0,1,101
101980,-5.85,-0.71,-3.91,0,0,1,101
101000,-8.48,1.96,-2.74,0,0,1,102
101020,-8.77,1.66,-2.95,0,0,1,102
101040,-7.93,1.81,-2.71,0,0,1,102
101060,-8.29,2.06,-2.54,0,0,1,102
101080,-9.4,2.11,-3.43,0,0,1,102
101100,-11.52,2.68,-6.34,0,0,1,102
101120,-13.74,2.14,-9.74,0,0,1,102
101140,-10.99,2.39,-8.79,0,0,1,102
101160,-8.12,3.43,-3.99,0,0,1,102
101180,-4.99,5.98,-1.14,0,0,1,102
101200,-6.39,6.1,-0.47,0,0,1,102
101220,-8.18,3.46,-2.2,0,0,1,102
101240,-9.47,0.24,-5.59,0,0,1,102
101260,-8.55,-0.91,-6.07,0,0,1,102
101280,-7.16,0.77,-5.4,0,0,1,102
101300,-6.49,2.37,-4.8,0,0,1,102
101320,-6.5,2.22,-5.34,0,0,1,102
101340,-6.83,1.76,-6.44,0,0,1,102
101360,-7.23,1.62,-5.9,0,0,1,102
101380,-7.68,2.06,-5.61,0,0,1,102
101400,-8.37,3.13,-6.52,0,0,1,102
101420,-9.5,4.72,-7.23,0,0,1,102
101440,-9.76,5.83,-7.06,0,0,1,102
101460,-8.98,5.5,-5.92,0,0,1,102
101480,-7.83,4.26,-4.64,0,0,1,102
101500,-7.16,2.87,-4.42,0,0,1,102
101520,-7.09,2.09,-4.79,0,0,1,102
101540,-7.02,1.85,-5.16,0,0,1,102
101560,-7.16,1.9,-5.2,0,0,1,102
101580,-7.75,2.71,-5.58,0,0,1,102
101600,-7.0,3.12,-4.66,0,0,1,102
101620,-7.72,4.19,-5.14,0,0,1,102
101640,-7.22,4.77,-4.57,0,0,1,102
101660,-7.33,3.32,-3.63,0,0,1,102
101680,-8.72,4.16,-5.28,0,0,1,102
101700,-8.3,2.59,-5.77,0,0,1,102
101720,-8.59,1.72,-6.33,0,0,1,102
101740,-8.4,1.05,-4.17,0,0,1,102
101760,-8.02,1.1,-4.48,0,0,1,102
101780,-7.79,0.67,-4.87,0,0,1,102
101800,-7.27,2.52,-4.8,0,0,1,102
101820,-8.57,4.46,-6.66,0,0,1,102
101840,-10.94,5.03,-8.33,0,0,1,102
101860,-11.24,5.21,-6.72,0,0,1,102
101880,-9.52,3.5,-4.24,0,0,1,102
101900,-8.39,1.35,-3.92,0,0,1,102
101920,-7.76,0.37,-3.93,0,0,1,102
101940,-7.21,-0.37,-4.15,0,0,1,102
101960,-6.65,-0.67,-4.22,0,0,1,102
101980,-5.85,-0.71,-3.91,0,0,1,102
102000,-6.39,-0.87,-2.99,0,0,1,102
102020,-7.03,-0.62,-2.42,0,0,1,102
102040,-8.3,-0.43,-3.24,0,0,1,102
102060,-9.3,0.67,-4.05,0,0,1,102
102080,-10.27,2.73,-5.06,0,0,1,102
102100,-11.15,5.23,-4.14,0,0,1,102
102120,-11.72,6.12,-5.92,0,0,1,102
102140,-10.1,6.08,-3.16,0,0,1,102
102160,-7.4,4.96,-2.77,0,0,1,102
102180,-4.04,3.43,-2.06,0,0,1,102
102200,-6.82,8.8,-1.42,0,0,1,102
102220,-12.08,11.27,-14.6,0,0,1,102
102240,-1.12,5.89,-6.44,0,0,1,102
102260,-7.94,7.71,11.31,0,0,1,102
102280,-3.66,7.35,2.08,0,0,1,102
102300,2.01,5.72,-1.33,0,0,1,102
102320,-2.45,5.55,-2.58,0,0,1,102
102340,-3.3,6.88,-3.34,0,0,1,102
102360,-0.69,9.35,-2.11,0,0,1,102
102380,-2.72,12.17,-2.53,0,0,1,102
102400,-3.94,11.87,-3.2,0,0,1,102
102420,-3.1,9.6,-1.5,0,0,1,102
102440,-2.64,10.26,-0.8,0,0,1,102
102460,-0.63,13.1,-3.25,0,0,1,102
102480,0.78,12.37,-4.2,0,0,1,102
102500,3.18,9.39,-0.84,0,0,1,102
102520,4.16,8.87,1.11,0,0,1,102
102540,1.19,10.33,-1.75,0,0,1,102
102560,-0.22,11.58,-4.32,0,0,1,102
102580,-2.09,11.52,-4.44,0,0,1,102
102600,-1.77,9.86,-3.18,0,0,1,102
102620,-0.5,8.78,-1.12,0,0,1,102
102640,-0.71,8.47,-1.52,0,0,1,102
102660,-0.08,9.03,-1.98,0,0,1,102
102680,0.32,9.91,-2.35,0,0,1,102
102700,1.08,10.55,-2.04,0,0,1,102
102720,0.57,10.82,-1.79,0,0,1,102
102740,0.02,9.84,-2.2,0,0,1,102
102760,-0.99,9.08,-2.33,0,0,1,102
102780,-1.58,9.2,-2.23,0,0,1,102
102800,-0.99,9.75,-2.7,0,0,1,102
102820,-0.45,9.89,-2.33,0,0,1,102
102840,0.14,9.49,-2.04,0,0,1,102
102860,0.3,9.35,-2.13,0,0,1,102
102880,0.58,9.59,-2.03,0,0,1,102
102900,0.31,9.36,-2.57,0,0,1,102
102920,0.23,9.31,-3.12,0,0,1,102
102940,0.42,9.57,-2.71,0,0,1,102
102960,0.41,9.49,-2.67,0,0,1,102
102980,0.23,9.09,-2.6,0,0,1,102
102000,-6.39,-0.87,-2.99,0,0,1,103
102020,-7.03,-0.62,-2.42,0,0,1,103
102040,-8.3,-0.43,-3.24,0,0,1,103
102060,-9.3,0.67,-4.05,0,0,1,103
102080,-10.27,2.73,-5.06,0,0,1,103
102100,-11.15,5.23,-4.14,0,0,1,103
102120,-11.72,6.12,-5.92,0,0,1,103
102140,-10.1,6.08,-3.16,0,0,1,103
102160,-7.4,4.96,-2.77,0,0,1,103
102180,-4.04,3.43,-2.06,0,0,1,103
102200,-6.82,8.8,-1.42,0,0,1,103
102220,-12.08,11.27,-14.6,0,0,1,103
102240,-1.12,5.89,-6.44,0,0,1,103
102260,-7.94,7.71,11.31,0,0,1,103
102280,-3.66,7.35,2.08,0,0,1,103
102300,2.01,5.72,-1.33,0,0,1,103
102320,-2.45,5.55,-2.58,0,0,1,103
102340,-3.3,6.88,-3.34,0,0,1,103
102360,-0.69,9.35,-2.11,0,0,1,103
102380,-2.72,12.17,-2.53,0,0,1,103
102400,-3.94,11.87,-3.2,0,0,1,103
102420,-3.1,9.6,-1.5,0,0,1,103
102440,-2.64,10.26,-0.8,0,0,1,103
102460,-0.63,13.1,-3.25,0,0,1,103
102480,0.78,12.37,-4.2,0,0,1,103
102500,3.18,9.39,-0.84,0,0,1,103
102520,4.16,8.87,1.11,0,0,1,103
102540,1.19,10.33,-1.75,0,0,1,103
102560,-0.22,11.58,-4.32,0,0,1,103
102580,-2.09,11.52,-4.44,0,0,1,103
102600,-1.77,9.86,-3.18,0,0,1,103
102620,-0.5,8.78,-1.12,0,0,1,103
102640,-0.71,8.47,-1.52,0,0,1,103
102660,-0.08,9.03,-1.98,0,0,1,103
102680,0.32,9.91,-2.35,0,0,1,103
102700,1.08,10.55,-2.04,0,0,1,103
102720,0.57,10.82,-1.79,0,0,1,103
102740,0.02,9.84,-2.2,0,0,1,103
102760,-0.99,9.08,-2.33,0,0,1,103
102780,-1.58,9.2,-2.23,0,0,1,103
102800,-0.99,9.75,-2.7,0,0,1,103
102820,-0.45,9.89,-2.33,0,0,1,103
102840,0.14,9.49,-2.04,0,0,1,103
102860,0.3,9.35,-2.13,0,0,1,103
102880,0.58,9.59,-2.03,0,0,1,103
102900,0.31,9.36,-2.57,0,0,1,103
102920,0.23,9.31,-3.12,0,0,1,103
102940,0.42,9.57,-2.71,0,0,1,103
102960,0.41,9.49,-2.67,0,0,1,103
102980,0.23,9.09,-2.6,0,0,1,103
103000,0.17,9.15,-2.51,0,0,1,103
103020,0.22,9.49,-2.68,0,0,1,103
103040,0.77,9.87,-3.18,0,0,1,103
103060,0.64,10.42,-3.31,0,0,1,103
103080,0.84,10.25,-2.74,0,0,1,103
103100,0.57,9.81,-2.21,0,0,1,103
103120,0.46,9.4,-2.81,0,0,1,103
103140,0.24,9.4,-3.41,0,0,1,103
103160,-0.0,9.45,-3.68,0,0,1,103
103180,-0.02,9.26,-3.87,0,0,1,103
103200,0.35,9.27,-3.64,0,0,1,103
103220,0.42,9.51,-3.46,0,0,1,103
103240,0.34,9.32,-3.28,0,0,1,103
103260,-0.91,9.45,-2.97,0,0,1,103
103280,-4.51,9.64,-1.5,0,0,1,103
103300,-2.96,8.11,-0.34,0,0,1,103
103320,-3.18,7.72,-1.23,0,0,1,103
103340,-4.93,9.21,-4.25,0,0,1,103
103360,-6.55,11.39,-6.09,0,0,1,103
103380,-4.73,13.29,-7.02,0,0,1,103
103400,-0.15,12.55,-2.16,0,0,1,103
103420,-0.07,9.81,1.2,0,0,1,103
103440,-1.65,7.67,3.75,0,0,1,103
103460,-3.43,7.46,1.63,0,0,1,103
103480,-5.53,9.05,-2.28,0,0,1,103
103500,-4.59,10.7,-4.42,0,0,1,103
103520,-2.4,11.31,-1.23,0,0,1,103
103540,-0.68,10.48,0.46,0,0,1,103
103560,-0.84,9.66,0.42,0,0,1,103
103580,-1.63,8.95,-0.52,0,0,1,103
103600,-1.31,8.68,-0.81,0,0,1,103
103620,-1.38,8.68,-1.08,0,0,1,103
103640,-1.01,8.94,0.07,0,0,1,103
103660,0.01,9.14,0.99,0,0,1,103
103680,0.35,9.38,1.56,0,0,1,103
103700,-0.19,9.18,0.86,0,0,1,103
103720,-1.15,9.17,0.19,0,0,1,103
103740,-1.69,9.38,-0.16,0,0,1,103
103760,-1.54,9.51,-0.97,0,0,1,103
103780,-0.42,9.91,-0.28,0,0,1,103
103800,-0.76,9.84,0.56,0,0,1,103
103820,-1.4,9.74,0.35,0,0,1,103
103840,-1.44,9.76,-0.2,0,0,1,103
103860,-1.95,9.57,-0.1,0,0,1,103
103880,-1.98,9.47,-0.07,0,0,1,103
103900,-1.72,9.56,-0.16,0,0,1,103
103920,-1.44,9.6,0.17,0,0,1,103
103940,-1.46,9.49,0.11,0,0,1,103
103960,-1.48,9.37,0.16,0,0,1,103
103980,-1.14,9.48,0.26,0,0,1,103
103000,0.17,9.15,-2.51,0,0,1,104
103020,0.22,9.49,-2.68,0,0,1,104
103040,0.77,9.87,-3.18,0,0,1,104
103060,0.64,10.42,-3.31,0,0,1,104
103080,0.84,10.25,-2.74,0,0,1,104
103100,0.57,9.81,-2.21,0,0,1,104
103120,0.46,9.4,-2.81,0,0,1,104
103140,0.24,9.4,-3.41,0,0,1,104
103160,-0.0,9.45,-3.68,0,0,1,104
103180,-0.02,9.26,-3.87,0,0,1,104
103200,0.35,9.27,-3.64,0,0,1,104
103220,0.42,9.51,-3.46,0,0,1,104
103240,0.34,9.32,-3.28,0,0,1,104
103260,-0.91,9.45,-2.97,0,0,1,104
103280,-4.51,9.64,-1.5,0,0,1,104
103300,-2.96,8.11,-0.34,0,0,1,104
103320,-3.18,7.72,-1.23,0,0,1,104
103340,-4.93,9.21,-4.25,0,0,1,104
103360,-6.55,11.39,-6.09,0,0,1,104
103380,-4.73,13.29,-7.02,0,0,1,104
103400,-0.15,12.55,-2.16,0,0,1,104
103420,-0.07,9.81,1.2,0,0,1,104
103440,-1.65,7.67,3.75,0,0,1,104
103460,-3.43,7.46,1.63,0,0,1,104
103480,-5.53,9.05,-2.28,0,0,1,104
103500,-4.59,10.7,-4.42,0,0,1,104
103520,-2.4,11.31,-1.23,0,0,1,104
103540,-0.68,10.48,0.46,0,0,1,104
103560,-0.84,9.66,0.42,0,0,1,104
103580,-1.63,8.95,-0.52,0,0,1,104
103600,-1.31,8.68,-0.81,0,0,1,104
103620,-1.38,8.68,-1.08,0,0,1,104
103640,-1.01,8.94,0.07,0,0,1,104
103660,0.01,9.14,0.99,0,0,1,104
103680,0.35,9.38,1.56,0,0,1,104
103700,-0.19,9.18,0.86,0,0,1,104
103720,-1.15,9.17,0.19,0,0,1,104
103740,-1.69,9.38,-0.16,0,0,1,104
103760,-1.54,9.51,-0.97,0,0,1,104
103780,-0.42,9.91,-0.28,0,0,1,104
103800,-0.76,9.84,0.56,0,0,1,104
103820,-1.4,9.74,0.35,0,0,1,104
103840,-1.44,9.76,-0.2,0,0,1,104
103860,-1.95,9.57,-0.1,0,0,1,104
103880,-1.98,9.47,-0.07,0,0,1,104
103900,-1.72,9.56,-0.16,0,0,1,104
103920,-1.44,9.6,0.17,0,0,1,104
103940,-1.46,9.49,0.11,0,0,1,104
103960,-1.48,9.37,0.16,0,0,1,104
103980,-1.14,9.48,0.26,0,0,1,104
104000,-1.07,9.72,0.17,0,0,1,104
104020,-1.07,9.75,0.15,0,0,1,104
104040,-1.12,9.73,-0.08,0,0,1,104
104060,-0.89,9.79,-0.12,0,0,1,104
104080,-0.74,10.03,-0.05,0,0,1,104
104100,-0.67,10.15,0.2,0,0,1,104
104120,-0.86,10.01,0.22,0,0,1,104
104140,-1.35,9.82,-0.06,0,0,1,104
104160,-1.66,9.51,-0.07,0,0,1,104
104180,-1.66,9.38,0.0,0,0,1,104
104200,-1.52,9.43,0.01,0,0,1,104
104220,-1.42,9.71,-0.06,0,0,1,104
104240,-1.5,9.92,-0.16,0,0,1,104
104260,-1.48,9.79,-0.15,0,0,1,104
104280,-1.25,9.62,-0.06,0,0,1,104
104300,-1.07,9.71,0.05,0,0,1,104
104320,-0.88,9.79,0.12,0,0,1,104
104340,-0.76,9.75,0.31,0,0,1,104
104360,-0.82,9.69,0.38,0,0,1,104
104380,-0.82,9.89,0.39,0,0,1,104
104400,0.04,9.76,-0.27,0,0,1,104
104420,-1.33,9.57,-0.28,0,0,1,104
104440,-0.37,9.84,-0.01,0,0,1,104
104460,-0.61,9.92,0.88,0,0,1,104
104480,-0.23,10.13,1.29,0,0,1,104
104500,-1.33,9.75,-0.0,0,0,1,104
104520,-0.59,9.56,0.92,0,0,1,104
104540,-1.33,9.6,0.39,0,0,1,104
104560,-1.87,10.08,0.32,0,0,1,104
104580,-1.27,9.44,0.43,0,0,1,104
104600,-1.71,9.31,-0.88,0,0,1,104
104620,-1.13,9.46,0.82,0,0,1,104
104640,-0.77,11.4,1.48,0,0,1,104
104660,-2.34,10.53,-0.0,0,0,1,104
104680,-1.14,8.84,0.84,0,0,1,104
104700,-1.68,9.78,0.71,0,0,1,104
104720,-3.07,9.53,0.72,0,0,1,104
104740,-1.38,8.49,1.24,0,0,1,104
104760,-2.12,8.67,1.28,0,0,1,104
104780,-2.93,9.34,1.62,0,0,1,104
104800,-2.71,9.17,1.19,0,0,1,104
104820,-3.42,9.31,0.68,0,0,1,104
104840,-4.15,9.35,0.93,0,0,1,104
104860,-3.45,9.16,1.11,0,0,1,104
104880,-3.5,9.52,0.94,0,0,1,104
104900,-3.78,9.16,1.46,0,0,1,104
104920,-4.05,8.38,1.25,0,0,1,104
104940,-4.33,8.23,1.38,0,0,1,104
104960,-4.8,8.01,1.14,0,0,1,104
104980,-4.98,8.49,1.31,0,0,1,104
104000,-1.07,9.72,0.17,0,0,1,105
104020,-1.07,9.75,0.15,0,0,1,105
104040,-1.12,9.73,-0.08,0,0,1,105
104060,-0.89,9.79,-0.12,0,0,1,105
104080,-0.74,10.03,-0.05,0,0,1,105
104100,-0.67,10.15,0.2,0,0,1,105
104120,-0.86,10.01,0.22,0,0,1,105
104140,-1.35,9.82,-0.06,0,0,1,105
104160,-1.66,9.51,-0.07,0,0,1,105
104180,-1.66,9.38,0.0,0,0,1,105
104200,-1.52,9.43,0.01,0,0,1,105
104220,-1.42,9.71,-0.06,0,0,1,105
104240,-1.5,9.92,-0.16,0,0,1,105
104260,-1.48,9.79,-0.15,0,0,1,105
104280,-1.25,9.62,-0.06,0,0,1,105
104300,-1.07,9.71,0.05,0,0,1,105
104320,-0.88,9.79,0.12,0,0,1,105
104340,-0.76,9.75,0.31,0,0,1,105
104360,-0.82,9.69,0.38,0,0,1,105
104380,-0.82,9.89,0.39,0,0,1,105
104400,0.04,9.76,-0.27,0,0,1,105
104420,-1.33,9.57,-0.28,0,0,1,105
104440,-0.37,9.84,-0.01,0,0,1,105
104460,-0.61,9.92,0.88,0,0,1,105
104480,-0.23,10.13,1.29,0,0,1,105
104500,-1.33,9.75,-0.0,0,0,1,105
104520,-0.59,9.56,0.92,0,0,1,105
104540,-1.33,9.6,0.39,0,0,1,105
104560,-1.87,10.08,0.32,0,0,1,105
104580,-1.27,9.44,0.43,0,0,1,105
104600,-1.71,9.31,-0.88,0,0,1,105
104620,-1.13,9.46,0.82,0,0,1,105
104640,-0.77,11.4,1.48,0,0,1,105
104660,-2.34,10.53,-0.0,0,0,1,105
104680,-1.14,8.84,0.84,0,0,1,105
104700,-1.68,9.78,0.71,0,0,1,105
104720,-3.07,9.53,0.72,0,0,1,105
104740,-1.38,8.49,1.24,0,0,1,105
104760,-2.12,8.67,1.28,0,0,1,105
104780,-2.93,9.34,1.62,0,0,1,105
104800,-2.71,9.17,1.19,0,0,1,105
104820,-3.42,9.31,0.68,0,0,1,105
104840,-4.15,9.35,0.93,0,0,1,105
104860,-3.45,9.16,1.11,0,0,1,105
104880,-3.5,9.52,0.94,0,0,1,105
104900,-3.78,9.16,1.46,0,0,1,105
104920,-4.05,8.38,1.25,0,0,1,105
104940,-4.33,8.23,1.38,0,0,1,105
104960,-4.8,8.01,1.14,0,0,1,105
104980,-4.98,8.49,1.31,0,0,1,105
105000,-4.62,8.51,1.33,0,0,1,105
105020,-5.1,7.98,1.27,0,0,1,105
105040,-5.1,7.49,1.22,0,0,1,105
105060,-5.22,7.81,1.07,0,0,1,105
105080,-5.44,7.63,1.55,0,0,1,105
105100,-5.73,7.95,1.3,0,0,1,105
105120,-5.4,8.42,1.5,0,0,1,105
105140,-5.34,8.07,1.4,0,0,1,105
105160,-5.25,8.1,1.19,0,0,1,105
105180,-5.11,7.68,1.34,0,0,1,105
105200,-5.4,7.14,1.35,0,0,1,105
105220,-6.36,7.08,1.25,0,0,1,105
105240,-6.06,7.77,0.95,0,0,1,105
105260,-5.86,8.12,0.76,0,0,1,105
105280,-6.27,7.73,0.69,0,0,1,105
105300,-5.74,6.8,0.62,0,0,1,105
105320,-6.65,7.21,0.42,0,0,1,105
105340,-6.52,7.03,0.53,0,0,1,105
105360,-7.36,6.35,0.38,0,0,1,105
105380,-7.03,6.97,0.96,0,0,1,105
105400,-6.54,6.68,0.62,0,0,1,105
105420,-7.0,5.97,-0.05,0,0,1,105
105440,-7.11,6.65,-0.04,0,0,1,105
105460,-7.19,6.94,0.16,0,0,1,105
105480,-8.26,6.6,0.29,0,0,1,105
105500,-7.89,7.66,0.46,0,0,1,105
105520,-7.54,7.2,0.5,0,0,1,105
105540,-8.82,3.81,-0.12,0,0,1,105
105560,-8.46,0.83,-2.13,0,0,1,105
105580,-8.73,0.58,-2.75,0,0,1,105
105600,-8.82,1.18,-1.06,0,0,1,105
105620,-9.16,2.38,-0.18,0,0,1,105
105640,-9.9,2.53,0.44,0,0,1,105
105660,-9.2,1.94,0.84,0,0,1,105
105680,-9.24,1.09,0.18,0,0,1,105
105700,-8.9,2.62,-0.01,0,0,1,105
105720,-8.64,1.6,0.26,0,0,1,105
105740,-9.67,0.48,0.58,0,0,1,105
105760,-9.72,1.59,0.99,0,0,1,105
105780,-9.08,2.21,1.44,0,0,1,105
105800,-8.83,1.28,1.03,0,0,1,105
105820,-9.5,0.45,0.43,0,0,1,105
105840,-9.39,-0.09,-0.03,0,0,1,105
105860,-9.33,0.35,0.77,0,0,1,105
105880,-9.93,1.21,0.67,0,0,1,105
105900,-10.45,1.56,0.15,0,0,1,105
105920,-9.58,1.87,0.34,0,0,1,105
105940,-10.21,2.41,0.29,0,0,1,105
105960,-7.1,1.25,3.14,0,0,1,105
105980,-8.79,-0.08,0.72,0,0,1,105
105000,-4.62,8.51,1.33,0,0,1,106
105020,-5.1,7.98,1.27,0,0,1,106
105040,-5.1,7.49,1.22,0,0,1,106
105060,-5.22,7.81,1.07,0,0,1,106
105080,-5.44,7.63,1.55,0,0,1,106
105100,-5.73,7.95,1.3,0,0,1,106
105120,-5.4,8.42,1.5,0,0,1,106
105140,-5.34,8.07,1.4,0,0,1,106
105160,-5.25,8.1,1.19,0,0,1,106
105180,-5.11,7.68,1.34,0,0,1,106
105200,-5.4,7.14,1.35,0,0,1,106
105220,-6.36,7.08,1.25,0,0,1,106
105240,-6.06,7.77,0.95,0,0,1,106
105260,-5.86,8.12,0.76,0,0,1,106
105280,-6.27,7.73,0.69,0,0,1,106
105300,-5.74,6.8,0.62,0,0,1,106
105320,-6.65,7.21,0.42,0,0,1,106
105340,-6.52,7.03,0.53,0,0,1,106
105360,-7.36,6.35,0.38,0,0,1,106
105380,-7.03,6.97,0.96,0,0,1,106
105400,-6.54,6.68,0.62,0,0,1,106
105420,-7.0,5.97,-0.05,0,0,1,106
105440,-7.11,6.65,-0.04,0,0,1,106
105460,-7.19,6.94,0.16,0,0,1,106
105480,-8.26,6.6,0.29,0,0,1,106
105500,-7.89,7.66,0.46,0,0,1,106
105520,-7.54,7.2,0.5,0,0,1,106
105540,-8.82,3.81,-0.12,0,0,1,106
105560,-8.46,0.83,-2.13,0,0,1,106
105580,-8.73,0.58,-2.75,0,0,1,106
105600,-8.82,1.18,-1.06,0,0,1,106
105620,-9.16,2.38,-0.18,0,0,1,106
105640,-9.9,2.53,0.44,0,0,1,106
105660,-9.2,1.94,0.84,0,0,1,106
105680,-9.24,1.09,0.18,0,0,1,106
105700,-8.9,2.62,-0.01,0,0,1,106
105720,-8.64,1.6,0.26,0,0,1,106
105740,-9.67,0.48,0.58,0,0,1,106
105760,-9.72,1.59,0.99,0,0,1,106
105780,-9.08,2.21,1.44,0,0,1,106
105800,-8.83,1.28,1.03,0,0,1,106
105820,-9.5,0.45,0.43,0,0,1,106
105840,-9.39,-0.09,-0.03,0,0,1,106
105860,-9.33,0.35,0.77,0,0,1,106
105880,-9.93,1.21,0.67,0,0,1,106
105900,-10.45,1.56,0.15,0,0,1,106
105920,-9.58,1.87,0.34,0,0,1,106
105940,-10.21,2.41,0.29,0,0,1,106
105960,-7.1,1.25,3.14,0,0,1,106
105980,-8.79,-0.08,0.72,0,0,1,106
106000,-8.85,0.19,0.46,0,0,1,106
106020,-10.36,2.82,-0.16,0,0,1,106
106040,-11.09,2.52,-0.93,0,0,1,106
106060,-8.47,1.26,0.03,0,0,1,106
106080,-8.22,0.59,1.35,0,0,1,106
106100,-9.96,1.51,-0.6,0,0,1,106
106120,-6.03,2.89,3.53,0,0,1,106
106140,-8.58,3.51,-0.34,0,0,1,106
106160,-7.72,3.95,-1.75,0,0,1,106
106180,-8.46,5.62,-3.51,0,0,1,106
106200,-7.85,7.06,-2.04,0,0,1,106
106220,-7.95,9.28,-1.84,0,0,1,106
106240,-8.06,6.24,1.48,0,0,1,106
106260,-8.25,5.39,-2.24,0,0,1,106
106280,-7.17,5.33,-1.09,0,0,1,106
106300,-6.66,5.43,-0.89,0,0,1,106
106320,-7.43,6.32,-2.12,0,0,1,106
106340,-7.06,6.93,-1.91,0,0,1,106
106360,-7.28,7.04,-1.81,0,0,1,106
106380,-8.08,6.22,-0.81,0,0,1,106
106400,-6.69,7.02,-1.3,0,0,1,106
106420,-8.37,6.65,-3.29,0,0,1,106
106440,-7.17,5.89,-0.12,0,0,1,106
106460,-8.27,5.76,-0.85,0,0,1,106
106480,-7.49,6.56,0.97,0,0,1,106
106500,-6.34,6.75,-0.38,0,0,1,106
106520,-8.08,3.52,-2.76,0,0,1,106
106540,-8.09,5.08,-0.46,0,0,1,106
106560,-7.41,7.11,0.84,0,0,1,106
106580,-6.78,5.96,-0.28,0,0,1,106
106600,-7.44,5.3,-1.8,0,0,1,106
106620,-8.02,4.87,-0.8,0,0,1,106
106640,-7.93,5.7,-0.92,0,0,1,106
106660,-7.55,6.39,-1.07,0,0,1,106
106680,-6.84,6.36,-0.25,0,0,1,106
106700,-7.87,5.53,-1.52,0,0,1,106
106720,-7.51,5.89,-1.59,0,0,1,106
106740,-7.13,6.89,-1.94,0,0,1,106
106760,-8.38,5.15,-3.22,0,0,1,106
106780,-7.8,6.51,-1.6,0,0,1,106
106800,-7.79,5.97,-1.83,0,0,1,106
106820,-8.31,5.42,-3.27,0,0,1,106
106840,-7.64,5.38,-2.52,0,0,1,106
106860,-7.89,4.57,-2.22,0,0,1,106
106880,-7.49,5.87,-2.14,0,0,1,106
106900,-7.4,5.36,-2.02,0,0,1,106
106920,-8.42,4.34,-1.86,0,0,1,106
106940,-8.95,3.47,-2.44,0,0,1,106
106960,-9.12,5.53,-2.84,0,0,1,106
106980,-7.1,5.21,-2.83,0,0,1,106
106000,-8.85,0.19,0.46,0,0,1,107
106020,-10.36,2.82,-0.16,0,0,1,107
106040,-11.09,2.52,-0.93,0,0,1,107
106060,-8.47,1.26,0.03,0,0,1,107
106080,-8.22,0.59,1.35,0,0,1,107
106100,-9.96,1.51,-0.6,0,0,1,107
106120,-6.03,2.89,3.53,0,0,1,107
106140,-8.58,3.51,-0.34,0,0,1,107
106160,-7.72,3.95,-1.75,0,0,1,107
106180,-8.46,5.62,-3.51,0,0,1,107
106200,-7.85,7.06,-2.04,0,0,1,107
106220,-7.95,9.28,-1.84,0,0,1,107
106240,-8.06,6.24,1.48,0,0,1,107
106260,-8.25,5.39,-2.24,0,0,1,107
106280,-7.17,5.33,-1.09,0,0,1,107
106300,-6.66,5.43,-0.89,0,0,1,107
106320,-7.43,6.32,-2.12,0,0,1,107
106340,-7.06,6.93,-1.91,0,0,1,107
106360,-7.28,7.04,-1.81,0,0,1,107
106380,-8.08,6.22,-0.81,0,0,1,107
106400,-6.69,7.02,-1.3,0,0,1,107
106420,-8.37,6.65,-3.29,0,0,1,107
106440,-7.17,5.89,-0.12,0,0,1,107
106460,-8.27,5.76,-0.85,0,0,1,107
106480,-7.49,6.56,0.97,0,0,1,107
106500,-6.34,6.75,-0.38,0,0,1,107
106520,-8.08,3.52,-2.76,0,0,1,107
106540,-8.09,5.08,-0.46,0,0,1,107
106560,-7.41,7.11,0.84,0,0,1,107
106580,-6.78,5.96,-0.28,0,0,1,107
106600,-7.44,5.3,-1.8,0,0,1,107
106620,-8.02,4.87,-0.8,0,0,1,107
106640,-7.93,5.7,-0.92,0,0,1,107
106660,-7.55,6.39,-1.07,0,0,1,107
106680,-6.84,6.36,-0.25,0,0,1,107
106700,-7.87,5.53,-1.52,0,0,1,107
106720,-7.51,5.89,-1.59,0,0,1,107
106740,-7.13,6.89,-1.94,0,0,1,107
106760,-8.38,5.15,-3.22,0,0,1,107
106780,-7.8,6.51,-1.6,0,0,1,107
106800,-7.79,5.97,-1.83,0,0,1,107
106820,-8.31,5.42,-3.27,0,0,1,107
106840,-7.64,5.38,-2.52,0,0,1,107
106860,-7.89,4.57,-2.22,0,0,1,107
106880,-7.49,5.87,-2.14,0,0,1,107
106900,-7.4,5.36,-2.02,0,0,1,107
106920,-8.42,4.34,-1.86,0,0,1,107
106940,-8.95,3.47,-2.44,0,0,1,107
106960,-9.12,5.53,-2.84,0,0,1,107
106980,-7.1,5.21,-2.83,0,0,1,107
107000,-8.07,4.66,-1.09,0,0,1,107
107020,-9.44,4.29,-2.85,0,0,1,107
107040,-8.59,3.47,-2.68,0,0,1,107
107060,-8.21,4.55,-1.2,0,0,1,107
107080,-8.04,4.38,-1.35,0,0,1,107
107100,-9.08,2.56,-1.68,0,0,1,107
107120,-8.15,4.43,-1.3,0,0,1,107
107140,-8.08,3.84,-2.08,0,0,1,107
107160,-8.93,3.6,-0.98,0,0,1,107
107180,-8.3,3.84,-1.68,0,0,1,107
107200,-4.74,2.18,-4.02,0,0,1,107
107220,-5.97,3.25,-2.46,0,0,1,107
107240,-10.38,4.77,-0.8,0,0,1,107
107260,-9.9,6.19,-0.78,0,0,1,107
107280,-10.09,4.95,-0.45,0,0,1,107
107300,-8.68,4.54,-1.5,0,0,1,107
107320,-8.3,3.59,-1.08,0,0,1,107
107340,-8.92,3.06,-0.64,0,0,1,107
107360,-8.23,3.61,-0.63,0,0,1,107
107380,-9.01,3.58,-0.61,0,0,1,107
107400,-10.2,3.07,-2.33,0,0,1,107
107420,-9.01,3.77,-1.67,0,0,1,107
107440,-8.64,3.53,0.04,0,0,1,107
107460,-9.74,2.83,-0.81,0,0,1,107
107480,-9.76,3.8,-2.07,0,0,1,107
107500,-9.09,2.96,-0.82,0,0,1,107
107520,-9.88,1.87,-0.35,0,0,1,107
107540,-9.86,3.81,-0.68,0,0,1,107
107560,-10.11,3.49,-1.25,0,0,1,107
107580,-9.01,2.36,-0.36,0,0,1,107
107600,-7.88,2.34,1.03,0,0,1,107
107620,-8.38,2.11,0.76,0,0,1,107
107640,-9.66,1.12,0.53,0,0,1,107
107660,-8.88,2.42,-0.25,0,0,1,107
107680,-8.74,3.5,0.29,0,0,1,107
107700,-9.54,2.75,0.53,0,0,1,107
107720,-9.46,1.4,0.0,0,0,1,107
107740,-8.63,2.17,0.14,0,0,1,107
107760,-8.37,2.12,0.42,0,0,1,107
107780,-8.69,1.91,-0.1,0,0,1,107
107800,-8.98,2.7,-0.49,0,0,1,107
107820,-9.5,2.54,-0.15,0,0,1,107
107840,-8.83,2.07,0.6,0,0,1,107
107860,-9.74,2.0,-0.79,0,0,1,107
107880,-10.53,2.97,-2.92,0,0,1,107
107900,-10.41,3.39,-2.73,0,0,1,107
107920,-12.08,1.4,-2.36,0,0,1,107
107940,-10.77,1.15,-0.82,0,0,1,107
107960,-9.4,1.14,0.4,0,0,1,107
107980,-8.14,0.92,-3.52,0,0,1,107
107000,-8.07,4.66,-1.09,0,0,1,108
107020,-9.44,4.29,-2.85,0,0,1,108
107040,-8.59,3.47,-2.68,0,0,1,108
107060,-8.21,4.55,-1.2,0,0,1,108
107080,-8.04,4.38,-1.35,0,0,1,108
107100,-9.08,2.56,-1.68,0,0,1,108
107120,-8.15,4.43,-1.3,0,0,1,108
107140,-8.08,3.84,-2.08,0,0,1,108
107160,-8.93,3.6,-0.98,0,0,1,108
107180,-8.3,3.84,-1.68,0,0,1,108
107200,-4.74,2.18,-4.02,0,0,1,108
107220,-5.97,3.25,-2.46,0,0,1,108
107240,-10.38,4.77,-0.8,0,0,1,108
107260,-9.9,6.19,-0.78,0,0,1,108
107280,-10.09,4.95,-0.45,0,0,1,108
107300,-8.68,4.54,-1.5,0,0,1,108
107320,-8.3,3.59,-1.08,0,0,1,108
107340,-8.92,3.06,-0.64,0,0,1,108
107360,-8.23,3.61,-0.63,0,0,1,108
107380,-9.01,3.58,-0.61,0,0,1,108
107400,-10.2,3.07,-2.33,0,0,1,108
107420,-9.01,3.77,-1.67,0,0,1,108
107440,-8.64,3.53,0.04,0,0,1,108
107460,-9.74,2.83,-0.81,0,0,1,108
107480,-9.76,3.8,-2.07,0,0,1,108
107500,-9.09,2.96,-0.82,0,0,1,108
107520,-9.88,1.87,-0.35,0,0,1,108
107540,-9.86,3.81,-0.68,0,0,1,108
107560,-10.11,3.49,-1.25,0,0,1,108
107580,-9.01,2.36,-0.36,0,0,1,108
107600,-7.88,2.34,1.03,0,0,1,108
107620,-8.38,2.11,0.76,0,0,1,108
107640,-9.66,1.12,0.53,0,0,1,108
107660,-8.88,2.42,-0.25,0,0,1,108
107680,-8.74,3.5,0.29,0,0,1,108
107700,-9.54,2.75,0.53,0,0,1,108
107720,-9.46,1.4,0.0,0,0,1,108
107740,-8.63,2.17,0.14,0,0,1,108
107760,-8.37,2.12,0.42,0,0,1,108
107780,-8.69,1.91,-0.1,0,0,1,108
107800,-8.98,2.7,-0.49,0,0,1,108
107820,-9.5,2.54,-0.15,0,0,1,108
107840,-8.83,2.07,0.6,0,0,1,108
107860,-9.74,2.0,-0.79,0,0,1,108
107880,-10.53,2.97,-2.92,0,0,1,108
107900,-10.41,3.39,-2.73,0,0,1,108
107920,-12.08,1.4,-2.36,0,0,1,108
107940,-10.77,1.15,-0.82,0,0,1,108
107960,-9.4,1.14,0.4,0,0,1,108
107980,-8.14,0.92,-3.52,0,0,1,108
108000,-8.63,1.47,-1.85,0,0,1,108
108020,-8.86,0.82,-1.56,0,0,1,108
108040,-9.71,0.74,-2.48,0,0,1,108
108060,-9.83,1.52,-2.5,0,0,1,108
108080,-9.02,1.36,-2.12,0,0,1,108
108100,-8.64,1.39,-1.11,0,0,1,108
108120,-9.02,1.53,-1.95,0,0,1,108
108140,-7.75,0.76,-4.01,0,0,1,108
108160,-10.18,1.45,-5.35,0,0,1,108
108180,-9.47,2.04,-0.78,0,0,1,108
108200,-7.9,2.92,-0.44,0,0,1,108
108220,-9.49,1.35,-2.18,0,0,1,108
108240,-9.75,1.31,-3.94,0,0,1,108
108260,-9.3,0.86,-3.19,0,0,1,108
108280,-9.14,1.19,-2.45,0,0,1,108
108300,-9.18,2.31,-1.81,0,0,1,108
108320,-9.24,1.86,-2.46,0,0,1,108
108340,-9.21,0.92,-2.99,0,0,1,108
108360,-9.15,0.93,-2.74,0,0,1,108
108380,-9.21,1.74,-2.37,0,0,1,108
108400,-9.31,1.78,-2.58,0,0,1,108
108420,-9.19,1.47,-2.84,0,0,1,108
108440,-9.15,1.53,-2.73,0,0,1,108
108460,-9.17,1.74,-2.58,0,0,1,108
108480,-9.01,1.77,-2.7,0,0,1,108
108500,-8.91,1.55,-2.73,0,0,1,108
108520,-8.34,1.79,-1.7,0,0,1,108
108540,-9.19,1.81,-3.03,0,0,1,108
108560,-9.45,1.77,-3.86,0,0,1,108
108580,-9.28,1.77,-3.63,0,0,1,108
108600,-9.08,1.64,-3.28,0,0,1,108
108620,-8.63,1.7,-2.53,0,0,1,108
108640,-8.76,1.66,-2.75,0,0,1,108
108660,-9.05,1.87,-3.41,0,0,1,108
108680,-9.15,1.83,-3.54,0,0,1,108
108700,-9.17,1.85,-3.35,0,0,1,108
108720,-9.26,1.73,-3.29,0,0,1,108
108740,-8.96,1.6,-3.23,0,0,1,108
108760,-8.8,1.28,-3.09,0,0,1,108
108780,-8.27,1.24,-3.02,0,0,1,108
108800,-8.55,1.18,-3.04,0,0,1,108
108820,-8.83,1.23,-3.23,0,0,1,108
108840,-9.39,1.14,-3.55,0,0,1,108
108860,-9.02,1.42,-3.39,0,0,1,108
108880,-8.98,1.38,-3.41,0,0,1,108
108900,-8.74,1.36,-3.26,0,0,1,108
108920,-9.27,1.29,-3.04,0,0,1,108
108940,-9.26,1.41,-2.74,0,0,1,108
108960,-8.84,1.95,-2.66,0,0,1,108
108980,-8.5,2.4,-2.25,0,0,1,108
108000,-8.63,1.47,-1.85,0,0,1,109
108020,-8.86,0.82,-1.56,0,0,1,109
108040,-9.71,0.74,-2.48,0,0,1,109
108060,-9.83,1.52,-2.5,0,0,1,109
108080,-9.02,1.36,-2.12,0,0,1,109
108100,-8.64,1.39,-1.11,0,0,1,109
108120,-9.02,1.53,-1.95,0,0,1,109
108140,-7.75,0.76,-4.01,0,0,1,109
108160,-10.18,1.45,-5.35,0,0,1,109
108180,-9.47,2.04,-0.78,0,0,1,109
108200,-7.9,2.92,-0.44,0,0,1,109
108220,-9.49,1.35,-2.18,0,0,1,109
108240,-9.75,1.31,-3.94,0,0,1,109
108260,-9.3,0.86,-3.19,0,0,1,109
108280,-9.14,1.19,-2.45,0,0,1,109
108300,-9.18,2.31,-1.81,0,0,1,109
108320,-9.24,1.86,-2.46,0,0,1,109
108340,-9.21,0.92,-2.99,0,0,1,109
108360,-9.15,0.93,-2.74,0,0,1,109
108380,-9.21,1.74,-2.37,0,0,1,109
108400,-9.31,1.78,-2.58,0,0,1,109
108420,-9.19,1.47,-2.84,0,0,1,109
108440,-9.15,1.53,-2.73,0,0,1,109
108460,-9.17,1.74,-2.58,0,0,1,109
108480,-9.01,1.77,-2.7,0,0,1,109
108500,-8.91,1.55,-2.73,0,0,1,109
108520,-8.34,1.79,-1.7,0,0,1,109
108540,-9.19,1.81,-3.03,0,0,1,109
108560,-9.45,1.77,-3.86,0,0,1,109
108580,-9.28,1.77,-3.63,0,0,1,109
108600,-9.08,1.64,-3.28,0,0,1,109
108620,-8.63,1.7,-2.53,0,0,1,109
108640,-8.76,1.66,-2.75,0,0,1,109
108660,-9.05,1.87,-3.41,0,0,1,109
108680,-9.15,1.83,-3.54,0,0,1,109
108700,-9.17,1.85,-3.35,0,0,1,109
108720,-9.26,1.73,-3.29,0,0,1,109
108740,-8.96,1.6,-3.23,0,0,1,109
108760,-8.8,1.28,-3.09,0,0,1,109
108780,-8.27,1.24,-3.02,0,0,1,109
108800,-8.55,1.18,-3.04,0,0,1,109
108820,-8.83,1.23,-3.23,0,0,1,109
108840,-9.39,1.14,-3.55,0,0,1,109
108860,-9.02,1.42,-3.39,0,0,1,109
108880,-8.98,1.38,-3.41,0,0,1,109
108900,-8.74,1.36,-3.26,0,0,1,109
108920,-9.27,1.29,-3.04,0,0,1,109
108940,-9.26,1.41,-2.74,0,0,1,109
108960,-8.84,1.95,-2.66,0,0,1,109
108980,-8.5,2.4,-2.25,0,0,1,109
109000,-8.37,2.62,-2.06,0,0,1,109
109020,-8.97,2.55,-2.34,0,0,1,109
109040,-9.69,2.25,-3.08,0,0,1,109
109060,-9.55,2.2,-3.37,0,0,1,109
109080,-9.33,1.92,-3.18,0,0,1,109
109100,-8.88,2.05,-3.13,0,0,1,109
109120,-8.76,2.21,-3.43,0,0,1,109
109140,-9.2,2.23,-3.68,0,0,1,109
109160,-9.55,1.88,-4.27,0,0,1,109
109180,-9.41,1.14,-4.41,0,0,1,109
109200,-9.27,0.43,-3.82,0,0,1,109
109220,-8.47,0.4,-3.53,0,0,1,109
109240,-8.47,0.61,-3.39,0,0,1,109
109260,-8.99,1.18,-3.36,0,0,1,109
109280,-9.48,1.93,-3.9,0,0,1,109
109300,-9.43,2.59,-3.84,0,0,1,109
109320,-9.18,2.55,-3.57,0,0,1,109
109340,-8.94,2.63,-3.02,0,0,1,109
109360,-8.62,2.3,-2.87,0,0,1,109
109380,-7.96,1.97,-2.96,0,0,1,109
109400,-7.87,1.74,-2.65,0,0,1,109
109420,-7.79,2.03,-2.89,0,0,1,109
109440,-8.28,2.31,-3.23,0,0,1,109
109460,-8.75,2.61,-3.45,0,0,1,109
109480,-9.09,2.68,-3.63,0,0,1,109
109500,-8.96,2.75,-4.16,0,0,1,109
109520,-8.89,2.98,-4.35,0,0,1,109
109540,-8.67,3.28,-3.9,0,0,1,109
109560,-8.47,2.97,-3.44,0,0,1,109
109580,-8.68,1.96,-3.27,0,0,1,109
109600,-8.96,1.09,-4.06,0,0,1,109
109620,-8.92,0.77,-4.18,0,0,1,109
109640,-8.27,1.53,-3.54,0,0,1,109
109660,-7.86,2.45,-3.06,0,0,1,109
109680,-10.74,2.17,-3.91,0,0,1,109
109700,-12.05,2.25,-7.11,0,0,1,109
109720,-10.13,1.04,-5.96,0,0,1,109
109740,-9.45,0.17,-2.96,0,0,1,109
109760,-9.93,0.26,-2.73,0,0,1,109
109780,-9.89,1.34,-5.41,0,0,1,109
109800,-8.49,2.53,-4.84,0,0,1,109
109820,-7.29,2.41,-2.24,0,0,1,109
109840,-7.67,0.64,-2.19,0,0,1,109
109860,-8.44,-1.05,-4.26,0,0,1,109
109880,-8.81,-2.33,-5.63,0,0,1,109
109900,-8.55,-3.28,-5.4,0,0,1,109
109920,-7.73,-2.91,-4.71,0,0,1,109
109940,-7.59,-1.2,-4.07,0,0,1,109
109960,-7.95,1.04,-3.93,0,0,1,109
109980,-8.36,2.13,-4.51,0,0,1,109
109000,-8.37,2.62,-2.06,0,0,1,110
109020,-8.97,2.55,-2.34,0,0,1,110
109040,-9.69,2.25,-3.08,0,0,1,110
109060,-9.55,2.2,-3.37,0,0,1,110
109080,-9.33,1.92,-3.18,0,0,1,110
109100,-8.88,2.05,-3.13,0,0,1,110
109120,-8.76,2.21,-3.43,0,0,1,110
109140,-9.2,2.23,-3.68,0,0,1,110
109160,-9.55,1.88,-4.27,0,0,1,110
109180,-9.41,1.14,-4.41,0,0,1,110
109200,-9.27,0.43,-3.82,0,0,1,110
109220,-8.47,0.4,-3.53,0,0,1,110
109240,-8.47,0.61,-3.39,0,0,1,110
109260,-8.99,1.18,-3.36,0,0,1,110
109280,-9.48,1.93,-3.9,0,0,1,110
109300,-9.43,2.59,-3.84,0,0,1,110
109320,-9.18,2.55,-3.57,0,0,1,110
109340,-8.94,2.63,-3.02,0,0,1,110
109360,-8.62,2.3,-2.87,0,0,1,110
109380,-7.96,1.97,-2.96,0,0,1,110
109400,-7.87,1.74,-2.65,0,0,1,110
109420,-7.79,2.03,-2.89,0,0,1,110
109440,-8.28,2.31,-3.23,0,0,1,110
109460,-8.75,2.61,-3.45,0,0,1,110
109480,-9.09,2.68,-3.63,0,0,1,110
109500,-8.96,2.75,-4.16,0,0,1,110
109520,-8.89,2.98,-4.35,0,0,1,110
109540,-8.67,3.28,-3.9,0,0,1,110
109560,-8.47,2.97,-3.44,0,0,1,110
109580,-8.68,1.96,-3.27,0,0,1,110
109600,-8.96,1.09,-4.06,0,0,1,110
109620,-8.92,0.77,-4.18,0,0,1,110
109640,-8.27,1.53,-3.54,0,0,1,110
109660,-7.86,2.45,-3.06,0,0,1,110
109680,-10.74,2.17,-3.91,0,0,1,110
109700,-12.05,2.25,-7.11,0,0,1,110
109720,-10.13,1.04,-5.96,0,0,1,110
109740,-9.45,0.17,-2.96,0,0,1,110
109760,-9.93,0.26,-2.73,0,0,1,110
109780,-9.89,1.34,-5.41,0,0,1,110
109800,-8.49,2.53,-4.84,0,0,1,110
109820,-7.29,2.41,-2.24,0,0,1,110
109840,-7.67,0.64,-2.19,0,0,1,110
109860,-8.44,-1.05,-4.26,0,0,1,110
109880,-8.81,-2.33,-5.63,0,0,1,110
109900,-8.55,-3.28,-5.4,0,0,1,110
109920,-7.73,-2.91,-4.71,0,0,1,110
109940,-7.59,-1.2,-4.07,0,0,1,110
109960,-7.95,1.04,-3.93,0,0,1,110
109980,-8.36,2.13,-4.51,0,0,1,110
110000,-9.53,1.62,-5.15,0,0,1,110
110020,-9.77,1.3,-6.05,0,0,1,110
110040,-9.07,1.0,-6.06,0,0,1,110
110060,-8.85,0.02,-5.09,0,0,1,110
110080,-8.21,-0.46,-4.51,0,0,1,110
110100,-7.96,-0.37,-4.31,0,0,1,110
110120,-7.97,0.7,-4.86,0,0,1,110
110140,-8.24,1.39,-5.38,0,0,1,110
110160,-8.38,1.34,-5.31,0,0,1,110
110180,-8.46,0.6,-5.23,0,0,1,110
110200,-8.01,0.09,-4.94,0,0,1,110
110220,-7.8,-0.19,-4.67,0,0,1,110
110240,-7.25,0.05,-4.91,0,0,1,110
110260,-7.02,0.95,-5.46,0,0,1,110
110280,-7.68,2.1,-5.99,0,0,1,110
110300,-7.98,2.98,-5.96,0,0,1,110
110320,-7.82,3.62,-5.72,0,0,1,110
110340,-9.66,2.36,-5.11,0,0,1,110
110360,-11.09,2.23,-1.04,0,0,1,110
110380,-9.45,2.65,-2.81,0,0,1,110
110400,-10.54,0.78,-7.22,0,0,1,110
110420,-10.74,-0.83,-8.39,0,0,1,110
110440,-9.89,-1.19,-6.35,0,0,1,110
110460,-8.68,-0.86,-3.54,0,0,1,110
110480,-7.56,1.0,-1.79,0,0,1,110
110500,-7.53,1.21,-1.63,0,0,1,110
110520,-8.04,-0.2,-3.04,0,0,1,110
110540,-8.8,-1.06,-4.59,0,0,1,110
110560,-9.06,-0.23,-5.24,0,0,1,110
110580,-8.91,1.36,-4.43,0,0,1,110
110600,-8.56,2.28,-3.18,0,0,1,110
110620,-8.85,2.53,-3.0,0,0,1,110
110640,-9.37,2.35,-3.93,0,0,1,110
110660,-9.92,1.97,-4.46,0,0,1,110
110680,-10.55,1.55,-4.29,0,0,1,110
110700,-10.96,1.33,-3.85,0,0,1,110
110720,-10.09,1.12,-4.21,0,0,1,110
110740,-10.17,0.63,-4.29,0,0,1,110
110760,-9.19,0.91,-3.58,0,0,1,110
110780,-7.01,0.89,-3.19,0,0,1,110
110800,-6.93,0.6,-2.02,0,0,1,110
110820,-7.37,0.46,-1.95,0,0,1,110
110840,-7.98,0.84,-2.58,0,0,1,110
110860,-8.57,1.36,-3.14,0,0,1,110
110880,-8.74,1.61,-3.37,0,0,1,110
110900,-8.77,1.83,-2.97,0,0,1,110
110920,-8.45,2.03,-2.75,0,0,1,110
110940,-8.29,1.9,-2.69,0,0,1,110
110960,-8.65,1.64,-3.29,0,0,1,110
110980,-8.66,1.08,-3.26,0,0,1,110
110000,-9.53,1.62,-5.15,0,0,1,111
110020,-9.77,1.3,-6.05,0,0,1,111
110040,-9.07,1.0,-6.06,0,0,1,111
110060,-8.85,0.02,-5.09,0,0,1,111
110080,-8.21,-0.46,-4.51,0,0,1,111
110100,-7.96,-0.37,-4.31,0,0,1,111
110120,-7.97,0.7,-4.86,0,0,1,111
110140,-8.24,1.39,-5.38,0,0,1,111
110160,-8.38,1.34,-5.31,0,0,1,111
110180,-8.46,0.6,-5.23,0,0,1,111
110200,-8.01,0.09,-4.94,0,0,1,111
110220,-7.8,-0.19,-4.67,0,0,1,111
110240,-7.25,0.05,-4.91,0,0,1,111
110260,-7.02,0.95,-5.46,0,0,1,111
110280,-7.68,2.1,-5.99,0,0,1,111
110300,-7.98,2.98,-5.96,0,0,1,111
110320,-7.82,3.62,-5.72,0,0,1,111
110340,-9.66,2.36,-5.11,0,0,1,111
110360,-11.09,2.23,-1.04,0,0,1,111
110380,-9.45,2.65,-2.81,0,0,1,111
110400,-10.54,0.78,-7.22,0,0,1,111
110420,-10.74,-0.83,-8.39,0,0,1,111
110440,-9.89,-1.19,-6.35,0,0,1,111
110460,-8.68,-0.86,-3.54,0,0,1,111
110480,-7.56,1.0,-1.79,0,0,1,111
110500,-7.53,1.21,-1.63,0,0,1,111
110520,-8.04,-0.2,-3.04,0,0,1,111
110540,-8.8,-1.06,-4.59,0,0,1,111
110560,-9.06,-0.23,-5.24,0,0,1,111
110580,-8.91,1.36,-4.43,0,0,1,111
110600,-8.56,2.28,-3.18,0,0,1,111
110620,-8.85,2.53,-3.0,0,0,1,111
110640,-9.37,2.35,-3.93,0,0,1,111
110660,-9.92,1.97,-4.46,0,0,1,111
110680,-10.55,1.55,-4.29,0,0,1,111
110700,-10.96,1.33,-3.85,0,0,1,111
110720,-10.09,1.12,-4.21,0,0,1,111
110740,-10.17,0.63,-4.29,0,0,1,111
110760,-9.19,0.91,-3.58,0,0,1,111
110780,-7.01,0.89,-3.19,0,0,1,111
110800,-6.93,0.6,-2.02,0,0,1,111
110820,-7.37,0.46,-1.95,0,0,1,111
110840,-7.98,0.84,-2.58,0,0,1,111
110860,-8.57,1.36,-3.14,0,0,1,111
110880,-8.74,1.61,-3.37,0,0,1,111
110900,-8.77,1.83,-2.97,0,0,1,111
110920,-8.45,2.03,-2.75,0,0,1,111
110940,-8.29,1.9,-2.69,0,0,1,111
110960,-8.65,1.64,-3.29,0,0,1,111
110980,-8.66,1.08,-3.26,0,0,1,111
111000,-7.99,0.62,-2.38,0,0,1,111
111020,-8.52,0.66,-2.54,0,0,1,111
111040,-9.36,0.66,-3.7,0,0,1,111
111060,-9.24,0.84,-4.24,0,0,1,111
111080,-8.35,1.19,-3.28,0,0,1,111
111100,-8.37,1.32,-3.66,0,0,1,111
111120,-10.03,1.44,-4.48,0,0,1,111
111140,-11.85,2.07,-5.49,0,0,1,111
111160,-11.88,1.99,-5.75,0,0,1,111
111180,-10.29,1.45,-3.79,0,0,1,111
111200,-7.35,1.14,-2.24,0,0,1,111
111220,-7.2,0.74,-1.92,0,0,1,111
111240,-8.11,0.8,-3.05,0,0,1,111
111260,-8.95,0.78,-4.56,0,0,1,111
111280,-9.13,1.16,-5.79,0,0,1,111
111300,-8.2,1.28,-5.97,0,0,1,111
111320,-7.24,1.12,-5.73,0,0,1,111
111340,-7.45,0.09,-5.89,0,0,1,111
111360,-7.85,-1.21,-6.25,0,0,1,111
111380,-7.77,-1.62,-6.67,0,0,1,111
111400,-7.98,-0.86,-6.74,0,0,1,111
111420,-8.08,1.1,-7.07,0,0,1,111
111440,-7.82,3.31,-6.52,0,0,1,111
111460,-8.28,4.67,-5.5,0,0,1,111
111480,-8.9,4.21,-4.95,0,0,1,111
111500,-8.72,3.19,-4.6,0,0,1,111
111520,-8.27,2.11,-4.74,0,0,1,111
111540,-8.25,1.86,-4.86,0,0,1,111
111560,-8.13,2.16,-5.09,0,0,1,111
111580,-8.1,2.33,-4.92,0,0,1,111
111600,-7.92,2.67,-4.88,0,0,1,111
111620,-8.13,2.48,-5.33,0,0,1,111
111640,-8.24,1.92,-5.52,0,0,1,111
111660,-8.04,1.83,-5.46,0,0,1,111
111680,-7.76,2.12,-5.23,0,0,1,111
111700,-7.79,2.45,-5.29,0,0,1,111
111720,-7.88,2.72,-5.44,0,0,1,111
111740,-7.53,2.81,-5.44,0,0,1,111
111760,-7.6,2.89,-5.12,0,0,1,111
111780,-7.53,2.92,-4.56,0,0,1,111
111800,-7.04,3.23,-4.57,0,0,1,111
111820,-7.57,3.34,-4.78,0,0,1,111
111840,-7.95,3.31,-5.07,0,0,1,111
111860,-8.49,0.96,-6.16,0,0,1,111
111880,-9.49,-0.23,-0.73,0,0,1,111
111900,-7.34,1.71,-0.72,0,0,1,111
111920,-9.05,1.12,-3.76,0,0,1,111
111940,-11.99,-0.67,-9.2,0,0,1,111
111960,-14.03,-3.04,-12.34,0,0,1,111
111980,-13.42,-1.38,-10.45,0,0,1,111
111000,-7.99,0.62,-2.38,0,0,1,112
111020,-8.52,0.66,-2.54,0,0,1,112
111040,-9.36,0.66,-3.7,0,0,1,112
111060,-9.24,0.84,-4.24,0,0,1,112
111080,-8.35,1.19,-3.28,0,0,1,112
111100,-8.37,1.32,-3.66,0,0,1,112
111120,-10.03,1.44,-4.48,0,0,1,112
111140,-11.85,2.07,-5.49,0,0,1,112
111160,-11.88,1.99,-5.75,0,0,1,112
111180,-10.29,1.45,-3.79,0,0,1,112
111200,-7.35,1.14,-2.24,0,0,1,112
111220,-7.2,0.74,-1.92,0,0,1,112
111240,-8.11,0.8,-3.05,0,0,1,112
111260,-8.95,0.78,-4.56,0,0,1,112
111280,-9.13,1.16,-5.79,0,0,1,112
111300,-8.2,1.28,-5.97,0,0,1,112
111320,-7.24,1.12,-5.73,0,0,1,112
111340,-7.45,0.09,-5.89,0,0,1,112
111360,-7.85,-1.21,-6.25,0,0,1,112
111380,-7.77,-1.62,-6.67,0,0,1,112
111400,-7.98,-0.86,-6.74,0,0,1,112
111420,-8.08,1.1,-7.07,0,0,1,112
111440,-7.82,3.31,-6.52,0,0,1,112
111460,-8.28,4.67,-5.5,0,0,1,112
111480,-8.9,4.21,-4.95,0,0,1,112
111500,-8.72,3.19,-4.6,0,0,1,112
111520,-8.27,2.11,-4.74,0,0,1,112
111540,-8.25,1.86,-4.86,0,0,1,112
111560,-8.13,2.16,-5.09,0,0,1,112
111580,-8.1,2.33,-4.92,0,0,1,112
111600,-7.92,2.67,-4.88,0,0,1,112
111620,-8.13,2.48,-5.33,0,0,1,112
111640,-8.24,1.92,-5.52,0,0,1,112
111660,-8.04,1.83,-5.46,0,0,1,112
111680,-7.76,2.12,-5.23,0,0,1,112
111700,-7.79,2.45,-5.29,0,0,1,112
111720,-7.88,2.72,-5.44,0,0,1,112
111740,-7.53,2.81,-5.44,0,0,1,112
111760,-7.6,2.89,-5.12,0,0,1,112
111780,-7.53,2.92,-4.56,0,0,1,112
111800,-7.04,3.23,-4.57,0,0,1,112
111820,-7.57,3.34,-4.78,0,0,1,112
111840,-7.95,3.31,-5.07,0,0,1,112
111860,-8.49,0.96,-6.16,0,0,1,112
111880,-9.49,-0.23,-0.73,0,0,1,112
111900,-7.34,1.71,-0.72,0,0,1,112
111920,-9.05,1.12,-3.76,0,0,1,112
111940,-11.99,-0.67,-9.2,0,0,1,112
111960,-14.03,-3.04,-12.34,0,0,1,112
111980,-13.42,-1.38,-10.45,0,0,1,112
112000,-10.11,0.91,-5.75,0,0,1,112
112020,-6.6,1.49,-0.42,0,0,1,112
112040,-4.96,1.15,1.17,0,0,1,112
112060,-5.67,1.1,0.07,0,0,1,112
112080,-7.34,2.33,-2.32,0,0,1,112
112100,-9.12,3.48,-4.26,0,0,1,112
112120,-10.56,3.38,-4.87,0,0,1,112
112140,-10.63,2.8,-4.65,0,0,1,112
112160,-9.6,1.74,-3.69,0,0,1,112
112180,-8.02,0.83,-2.99,0,0,1,112
112200,-6.8,0.17,-2.62,0,0,1,112
112220,-6.94,-0.32,-2.68,0,0,1,112
112240,-8.54,0.42,-3.33,0,0,1,112
112260,-9.94,2.51,-4.1,0,0,1,112
112280,-10.48,3.81,-4.42,0,0,1,112
112300,-9.68,3.56,-4.22,0,0,1,112
112320,-8.94,2.31,-4.03,0,0,1,112
112340,-8.49,1.65,-3.89,0,0,1,112
112360,-7.88,1.66,-3.5,0,0,1,112
112380,-7.29,1.69,-2.91,0,0,1,112
112400,-6.91,1.12,-2.34,0,0,1,112
112420,-6.64,0.44,-2.23,0,0,1,112
112440,-6.91,-0.1,-2.81,0,0,1,112
112460,-7.59,0.04,-3.53,0,0,1,112
112480,-8.55,0.15,-4.32,0,0,1,112
112500,-8.25,0.38,-5.0,0,0,1,112
112520,-7.21,1.21,-4.87,0,0,1,112
112540,-8.97,1.12,-3.79,0,0,1,112
112560,-12.57,0.61,-5.19,0,0,1,112
112580,-17.48,-0.57,-10.06,0,0,1,112
112600,-13.74,1.48,-13.4,0,0,1,112
112620,-7.73,2.05,-1.39,0,0,1,112
112640,-5.0,3.58,2.61,0,0,1,112
112660,-6.81,3.45,0.34,0,0,1,112
112680,-7.81,0.37,-4.76,0,0,1,112
112700,-7.81,-3.95,-8.14,0,0,1,112
112720,-8.31,-5.58,-7.83,0,0,1,112
112740,-7.41,-2.38,-4.88,0,0,1,112
112760,-7.4,2.34,-3.44,0,0,1,112
112780,-8.14,6.0,-3.26,0,0,1,112
112800,-9.43,5.15,-4.93,0,0,1,112
112820,-10.45,3.01,-6.51,0,0,1,112
112840,-9.69,1.43,-6.86,0,0,1,112
112860,-8.11,0.04,-5.24,0,0,1,112
112880,-7.36,-0.89,-3.76,0,0,1,112
112900,-7.3,-0.84,-3.47,0,0,1,112
112920,-7.32,0.96,-4.33,0,0,1,112
112940,-8.21,2.61,-5.18,0,0,1,112
112960,-8.39,3.16,-5.72,0,0,1,112
112980,-9.64,2.69,-5.18,0,0,1,112
112000,-10.11,0.91,-5.75,0,0,1,113
112020,-6.6,1.49,-0.42,0,0,1,113
112040,-4.96,1.15,1.17,0,0,1,113
112060,-5.67,1.1,0.07,0,0,1,113
112080,-7.34,2.33,-2.32,0,0,1,113
112100,-9.12,3.48,-4.26,0,0,1,113
112120,-10.56,3.38,-4.87,0,0,1,113
112140,-10.63,2.8,-4.65,0,0,1,113
112160,-9.6,1.74,-3.69,0,0,1,113
112180,-8.02,0.83,-2.99,0,0,1,113
112200,-6.8,0.17,-2.62,0,0,1,113
112220,-6.94,-0.32,-2.68,0,0,1,113
112240,-8.54,0.42,-3.33,0,0,1,113
112260,-9.94,2.51,-4.1,0,0,1,113
112280,-10.48,3.81,-4.42,0,0,1,113
112300,-9.68,3.56,-4.22,0,0,1,113
112320,-8.94,2.31,-4.03,0,0,1,113
112340,-8.49,1.65,-3.89,0,0,1,113
112360,-7.88,1.66,-3.5,0,0,1,113
112380,-7.29,1.69,-2.91,0,0,1,113
112400,-6.91,1.12,-2.34,0,0,1,113
112420,-6.64,0.44,-2.23,0,0,1,113
112440,-6.91,-0.1,-2.81,0,0,1,113
112460,-7.59,0.04,-3.53,0,0,1,113
112480,-8.55,0.15,-4.32,0,0,1,113
112500,-8.25,0.38,-5.0,0,0,1,113
112520,-7.21,1.21,-4.87,0,0,1,113
112540,-8.97,1.12,-3.79,0,0,1,113
112560,-12.57,0.61,-5.19,0,0,1,113
112580,-17.48,-0.57,-10.06,0,0,1,113
112600,-13.74,1.48,-13.4,0,0,1,113
112620,-7.73,2.05,-1.39,0,0,1,113
112640,-5.0,3.58,2.61,0,0,1,113
112660,-6.81,3.45,0.34,0,0,1,113
112680,-7.81,0.37,-4.76,0,0,1,113
112700,-7.81,-3.95,-8.14,0,0,1,113
112720,-8.31,-5.58,-7.83,0,0,1,113
112740,-7.41,-2.38,-4.88,0,0,1,113
112760,-7.4,2.34,-3.44,0,0,1,113
112780,-8.14,6.0,-3.26,0,0,1,113
112800,-9.43,5.15,-4.93,0,0,1,113
112820,-10.45,3.01,-6.51,0,0,1,113
112840,-9.69,1.43,-6.86,0,0,1,113
112860,-8.11,0.04,-5.24,0,0,1,113
112880,-7.36,-0.89,-3.76,0,0,1,113
112900,-7.3,-0.84,-3.47,0,0,1,113
112920,-7.32,0.96,-4.33,0,0,1,113
112940,-8.21,2.61,-5.18,0,0,1,113
112960,-8.39,3.16,-5.72,0,0,1,113
112980,-9.64,2.69,-5.18,0,0,1,113
113000,-8.47,1.77,-4.38,0,0,1,113
113020,-8.01,0.78,-4.57,0,0,1,113
113040,-8.54,0.89,-4.77,0,0,1,113
113060,-8.51,0.98,-4.79,0,0,1,113
113080,-8.1,1.34,-5.47,0,0,1,113
113100,-7.69,1.85,-5.47,0,0,1,113
113120,-7.75,2.63,-4.85,0,0,1,113
113140,-8.37,2.79,-5.02,0,0,1,113
113160,-8.44,3.04,-5.38,0,0,1,113
113180,-8.52,2.89,-5.53,0,0,1,113
113200,-8.05,2.93,-4.92,0,0,1,113
113220,-7.38,3.09,-4.69,0,0,1,113
113240,-8.53,2.48,-4.45,0,0,1,113
113260,-8.63,3.03,1.03,0,0,1,113
113280,-8.15,3.82,0.19,0,0,1,113
113300,-10.29,1.49,-4.35,0,0,1,113
113320,-10.73,-0.91,-7.11,0,0,1,113
113340,-9.97,-2.58,-7.01,0,0,1,113
113360,-8.86,-2.35,-5.98,0,0,1,113
113380,-8.38,-1.07,-4.38,0,0,1,113
113400,-8.95,-0.53,-4.04,0,0,1,113
113420,-9.37,-0.87,-3.74,0,0,1,113
113440,-8.85,-1.13,-3.93,0,0,1,113
113460,-7.97,-0.95,-4.18,0,0,1,113
113480,-7.52,-0.14,-4.16,0,0,1,113
113500,-7.95,1.68,-3.77,0,0,1,113
113520,-8.68,4.07,-3.79,0,0,1,113
113540,-11.18,4.5,-4.21,0,0,1,113
113560,-11.15,4.31,-5.39,0,0,1,113
113580,-10.22,2.23,-5.7,0,0,1,113
113600,-7.93,0.39,-3.56,0,0,1,113
113620,-6.74,-0.4,-2.35,0,0,1,113
113640,-7.18,0.98,-2.25,0,0,1,113
113660,-8.14,2.78,-2.91,0,0,1,113
113680,-8.11,3.71,-3.17,0,0,1,113
113700,-7.64,3.18,-2.45,0,0,1,113
113720,-7.29,1.78,-1.92,0,0,1,113
113740,-7.68,0.5,-2.5,0,0,1,113
113760,-8.26,0.39,-3.67,0,0,1,113
113780,-8.35,1.0,-4.26,0,0,1,113
113800,-9.14,1.23,-4.23,0,0,1,113
113820,-10.39,1.55,-5.18,0,0,1,113
113840,-11.86,2.02,-6.61,0,0,1,113
113860,-11.27,2.48,-7.51,0,0,1,113
113880,-8.18,1.31,-4.38,0,0,1,113
113900,-7.17,1.63,-1.47,0,0,1,113
113920,-7.33,1.93,-2.33,0,0,1,113
113940,-8.38,1.47,-3.31,0,0,1,113
113960,-9.22,0.14,-4.71,0,0,1,113
113980,-8.75,-0.47,-5.05,0,0,1,113
113000,-8.47,1.77,-4.38,0,0,1,114
113020,-8.01,0.78,-4.57,0,0,1,114
113040,-8.54,0.89,-4.77,0,0,1,114
113060,-8.51,0.98,-4.79,0,0,1,114
113080,-8.1,1.34,-5.47,0,0,1,114
113100,-7.69,1.85,-5.47,0,0,1,114
113120,-7.75,2.63,-4.85,0,0,1,114
113140,-8.37,2.79,-5.02,0,0,1,114
113160,-8.44,3.04,-5.38,0,0,1,114
113180,-8.52,2.89,-5.53,0,0,1,114
113200,-8.05,2.93,-4.92,0,0,1,114
113220,-7.38,3.09,-4.69,0,0,1,114
113240,-8.53,2.48,-4.45,0,0,1,114
113260,-8.63,3.03,1.03,0,0,1,114
113280,-8.15,3.82,0.19,0,0,1,114
113300,-10.29,1.49,-4.35,0,0,1,114
113320,-10.73,-0.91,-7.11,0,0,1,114
113340,-9.97,-2.58,-7.01,0,0,1,114
113360,-8.86,-2.35,-5.98,0,0,1,114
113380,-8.38,-1.07,-4.38,0,0,1,114
113400,-8.95,-0.53,-4.04,0,0,1,114
113420,-9.37,-0.87,-3.74,0,0,1,114
113440,-8.85,-1.13,-3.93,0,0,1,114
113460,-7.97,-0.95,-4.18,0,0,1,114
113480,-7.52,-0.14,-4.16,0,0,1,114
113500,-7.95,1.68,-3.77,0,0,1,114
113520,-8.68,4.07,-3.79,0,0,1,114
113540,-11.18,4.5,-4.21,0,0,1,114
113560,-11.15,4.31,-5.39,0,0,1,114
113580,-10.22,2.23,-5.7,0,0,1,114
113600,-7.93,0.39,-3.56,0,0,1,114
113620,-6.74,-0.4,-2.35,0,0,1,114
113640,-7.18,0.98,-2.25,0,0,1,114
113660,-8.14,2.78,-2.91,0,0,1,114
113680,-8.11,3.71,-3.17,0,0,1,114
113700,-7.64,3.18,-2.45,0,0,1,114
113720,-7.29,1.78,-1.92,0,0,1,114
113740,-7.68,0.5,-2.5,0,0,1,114
113760,-8.26,0.39,-3.67,0,0,1,114
113780,-8.35,1.0,-4.26,0,0,1,114
113800,-9.14,1.23,-4.23,0,0,1,114
113820,-10.39,1.55,-5.18,0,0,1,114
113840,-11.86,2.02,-6.61,0,0,1,114
113860,-11.27,2.48,-7.51,0,0,1,114
113880,-8.18,1.31,-4.38,0,0,1,114
113900,-7.17,1.63,-1.47,0,0,1,114
113920,-7.33,1.93,-2.33,0,0,1,114
113940,-8.38,1.47,-3.31,0,0,1,114
113960,-9.22,0.14,-4.71,0,0,1,114
113980,-8.75,-0.47,-5.05,0,0,1,114
114000,-8.55,-0.56,-4.68,0,0,1,114
114020,-8.43,0.87,-4.43,0,0,1,114
114040,-8.89,1.9,-4.39,0,0,1,114
114060,-9.02,2.17,-4.57,0,0,1,114
114080,-8.92,1.71,-5.17,0,0,1,114
114100,-8.9,0.79,-5.65,0,0,1,114
114120,-8.34,-0.08,-5.85,0,0,1,114
114140,-7.99,-0.34,-5.99,0,0,1,114
114160,-7.96,-0.23,-5.67,0,0,1,114
114180,-7.97,0.69,-5.2,0,0,1,114
114200,-8.2,1.43,-5.42,0,0,1,114
114220,-8.34,1.97,-5.82,0,0,1,114
114240,-8.56,1.35,-6.06,0,0,1,114
114260,-8.75,1.11,-6.0,0,0,1,114
114280,-8.21,0.58,-5.63,0,0,1,114
114300,-8.05,0.4,-5.32,0,0,1,114
114320,-8.05,0.62,-5.35,0,0,1,114
114340,-8.2,1.47,-5.7,0,0,1,114
114360,-8.69,1.93,-5.69,0,0,1,114
114380,-8.86,1.97,-5.44,0,0,1,114
114400,-8.56,1.78,-5.21,0,0,1,114
114420,-8.23,1.62,-5.29,0,0,1,114
114440,-8.45,2.05,-5.29,0,0,1,114
114460,-7.77,2.58,-4.63,0,0,1,114
114480,-9.67,1.25,-3.61,0,0,1,114
114500,-9.9,-0.16,-3.45,0,0,1,114
114520,-7.43,-0.7,-3.54,0,0,1,114
114540,-6.45,-0.84,-3.31,0,0,1,114
114560,-6.82,-0.84,-4.26,0,0,1,114
114580,-6.57,-0.86,-5.12,0,0,1,114
114600,-6.26,-0.53,-4.24,0,0,1,114
114620,-5.05,0.03,-2.57,0,0,1,114
114640,-3.43,1.72,-1.46,0,0,1,114
114660,-4.32,1.75,-0.73,0,0,1,114
114680,-5.83,0.99,-2.2,0,0,1,114
114700,-4.96,-0.75,-4.8,0,0,1,114
114720,-6.46,-2.26,-3.98,0,0,1,114
114740,-7.92,0.22,-2.01,0,0,1,114
114760,-9.8,4.02,-2.38,0,0,1,114
114780,-11.19,3.94,-3.52,0,0,1,114
114800,-11.94,1.12,-5.42,0,0,1,114
114820,-13.61,1.51,-6.69,0,0,1,114
114840,-16.23,3.46,-6.48,0,0,1,114
114860,-15.99,4.29,-5.67,0,0,1,114
114880,-15.8,2.75,-5.41,0,0,1,114
114900,-17.32,0.56,-7.71,0,0,1,114
114920,-17.59,0.67,-9.3,0,0,1,114
114940,-15.77,2.07,-6.63,0,0,1,114
114960,-14.15,2.88,-5.07,0,0,1,114
114980,-12.67,2.7,-5.0,0,0,1,114
114000,-8.55,-0.56,-4.68,0,0,1,115
114020,-8.43,0.87,-4.43,0,0,1,115
114040,-8.89,1.9,-4.39,0,0,1,115
114060,-9.02,2.17,-4.57,0,0,1,115
114080,-8.92,1.71,-5.17,0,0,1,115
114100,-8.9,0.79,-5.65,0,0,1,115
114120,-8.34,-0.08,-5.85,0,0,1,115
114140,-7.99,-0.34,-5.99,0,0,1,115
114160,-7.96,-0.23,-5.67,0,0,1,115
114180,-7.97,0.69,-5.2,0,0,1,115
114200,-8.2,1.43,-5.42,0,0,1,115
114220,-8.34,1.97,-5.82,0,0,1,115
114240,-8.56,1.35,-6.06,0,0,1,115
114260,-8.75,1.11,-6.0,0,0,1,115
114280,-8.21,0.58,-5.63,0,0,1,115
114300,-8.05,0.4,-5.32,0,0,1,115
114320,-8.05,0.62,-5.35,0,0,1,115
114340,-8.2,1.47,-5.7,0,0,1,115
114360,-8.69,1.93,-5.69,0,0,1,115
114380,-8.86,1.97,-5.44,0,0,1,115
114400,-8.56,1.78,-5.21,0,0,1,115
114420,-8.23,1.62,-5.29,0,0,1,115
114440,-8.45,2.05,-5.29,0,0,1,115
114460,-7.77,2.58,-4.63,0,0,1,115
114480,-9.67,1.25,-3.61,0,0,1,115
114500,-9.9,-0.16,-3.45,0,0,1,115
114520,-7.43,-0.7,-3.54,0,0,1,115
114540,-6.45,-0.84,-3.31,0,0,1,115
114560,-6.82,-0.84,-4.26,0,0,1,115
114580,-6.57,-0.86,-5.12,0,0,1,115
114600,-6.26,-0.53,-4.24,0,0,1,115
114620,-5.05,0.03,-2.57,0,0,1,115
114640,-3.43,1.72,-1.46,0,0,1,115
114660,-4.32,1.75,-0.73,0,0,1,115
114680,-5.83,0.99,-2.2,0,0,1,115
114700,-4.96,-0.75,-4.8,0,0,1,115
114720,-6.46,-2.26,-3.98,0,0,1,115
114740,-7.92,0.22,-2.01,0,0,1,115
114760,-9.8,4.02,-2.38,0,0,1,115
114780,-11.19,3.94,-3.52,0,0,1,115
114800,-11.94,1.12,-5.42,0,0,1,115
114820,-13.61,1.51,-6.69,0,0,1,115
114840,-16.23,3.46,-6.48,0,0,1,115
114860,-15.99,4.29,-5.67,0,0,1,115
114880,-15.8,2.75,-5.41,0,0,1,115
114900,-17.32,0.56,-7.71,0,0,1,115
114920,-17.59,0.67,-9.3,0,0,1,115
114940,-15.77,2.07,-6.63,0,0,1,115
114960,-14.15,2.88,-5.07,0,0,1,115
114980,-12.67,2.7,-5.0,0,0,1,115
115000,-10.61,2.11,-4.69,0,0,1,115
115020,-8.6,1.03,-4.03,0,0,1,115
115040,-6.39,-0.11,-3.28,0,0,1,115
115060,-4.34,-0.7,-2.54,0,0,1,115
115080,-3.41,-0.95,-1.7,0,0,1,115
115100,-1.98,-0.95,-1.14,0,0,1,115
115120,-0.96,-0.96,-0.44,0,0,1,115
115140,-1.43,-1.24,-0.06,0,0,1,115
115160,-2.21,-1.7,-1.14,0,0,1,115
115180,-4.4,-2.0,-2.71,0,0,1,115
115200,-6.3,-2.05,-3.44,0,0,1,115
115220,-7.8,-2.23,-4.35,0,0,1,115
115240,-8.99,-2.8,-4.99,0,0,1,115
115260,-13.53,-4.42,-4.25,0,0,1,115
115280,-16.54,-0.49,-6.6,0,0,1,115
115300,-10.69,2.06,-8.57,0,0,1,115
115320,-6.45,1.26,-7.1,0,0,1,115
115340,-5.7,0.29,-3.51,0,0,1,115
115360,-2.53,-1.32,-0.28,0,0,1,115
115380,-0.62,-1.49,-0.59,0,0,1,115
115400,-2.65,-0.07,-0.55,0,0,1,115
115420,-7.13,2.16,-2.37,0,0,1,115
115440,-10.53,1.21,-4.63,0,0,1,115
115460,-11.24,0.27,-5.57,0,0,1,115
115480,-8.38,-0.49,-5.48,0,0,1,115
115500,-7.79,-2.7,-3.29,0,0,1,115
115520,-7.7,-0.58,-3.09,0,0,1,115
115540,-11.49,3.86,-5.13,0,0,1,115
115560,-14.98,7.35,-7.26,0,0,1,115
115580,-15.06,6.0,-6.7,0,0,1,115
115600,-14.66,1.9,-5.5,0,0,1,115
115620,-16.07,-0.46,-7.27,0,0,1,115
115640,-16.76,-0.02,-8.59,0,0,1,115
115660,-16.0,1.08,-7.81,0,0,1,115
115680,-14.46,1.47,-7.15,0,0,1,115
115700,-12.68,1.88,-6.54,0,0,1,115
115720,-10.97,1.59,-5.82,0,0,1,115
115740,-8.7,0.84,-4.53,0,0,1,115
115760,-5.95,-0.0,-3.24,0,0,1,115
115780,-3.38,-0.48,-2.17,0,0,1,115
115800,-1.72,-0.81,-0.98,0,0,1,115
115820,-0.34,-0.98,-0.08,0,0,1,115
115840,0.46,-0.81,0.95,0,0,1,115
115860,-0.04,-0.77,0.94,0,0,1,115
115880,-2.69,-0.63,-0.21,0,0,1,115
115900,-11.64,0.06,-2.15,0,0,1,115
115920,-16.25,-2.0,-8.89,0,0,1,115
115940,-17.75,3.25,-10.28,0,0,1,115
115960,-12.2,4.27,-6.54,0,0,1,115
115980,-8.66,1.25,-5.53,0,0,1,115
115000,-10.61,2.11,-4.69,0,0,1,116
115020,-8.6,1.03,-4.03,0,0,1,116
115040,-6.39,-0.11,-3.28,0,0,1,116
115060,-4.34,-0.7,-2.54,0,0,1,116
115080,-3.41,-0.95,-1.7,0,0,1,116
115100,-1.98,-0.95,-1.14,0,0,1,116
115120,-0.96,-0.96,-0.44,0,0,1,116
115140,-1.43,-1.24,-0.06,0,0,1,116
115160,-2.21,-1.7,-1.14,0,0,1,116
115180,-4.4,-2.0,-2.71,0,0,1,116
115200,-6.3,-2.05,-3.44,0,0,1,116
115220,-7.8,-2.23,-4.35,0,0,1,116
115240,-8.99,-2.8,-4.99,0,0,1,116
115260,-13.53,-4.42,-4.25,0,0,1,116
115280,-16.54,-0.49,-6.6,0,0,1,116
115300,-10.69,2.06,-8.57,0,0,1,116
115320,-6.45,1.26,-7.1,0,0,1,116
115340,-5.7,0.29,-3.51,0,0,1,116
115360,-2.53,-1.32,-0.28,0,0,1,116
115380,-0.62,-1.49,-0.59,0,0,1,116
115400,-2.65,-0.07,-0.55,0,0,1,116
115420,-7.13,2.16,-2.37,0,0,1,116
115440,-10.53,1.21,-4.63,0,0,1,116
115460,-11.24,0.27,-5.57,0,0,1,116
115480,-8.38,-0.49,-5.48,0,0,1,116
115500,-7.79,-2.7,-3.29,0,0,1,116
115520,-7.7,-0.58,-3.09,0,0,1,116
115540,-11.49,3.86,-5.13,0,0,1,116
115560,-14.98,7.35,-7.26,0,0,1,116
115580,-15.06,6.0,-6.7,0,0,1,116
115600,-14.66,1.9,-5.5,0,0,1,116
115620,-16.07,-0.46,-7.27,0,0,1,116
115640,-16.76,-0.02,-8.59,0,0,1,116
115660,-16.0,1.08,-7.81,0,0,1,116
115680,-14.46,1.47,-7.15,0,0,1,116
115700,-12.68,1.88,-6.54,0,0,1,116
115720,-10.97,1.59,-5.82,0,0,1,116
115740,-8.7,0.84,-4.53,0,0,1,116
115760,-5.95,-0.0,-3.24,0,0,1,116
115780,-3.38,-0.48,-2.17,0,0,1,116
115800,-1.72,-0.81,-0.98,0,0,1,116
115820,-0.34,-0.98,-0.08,0,0,1,116
115840,0.46,-0.81,0.95,0,0,1,116
115860,-0.04,-0.77,0.94,0,0,1,116
115880,-2.69,-0.63,-0.21,0,0,1,116
115900,-11.64,0.06,-2.15,0,0,1,116
115920,-16.25,-2.0,-8.89,0,0,1,116
115940,-17.75,3.25,-10.28,0,0,1,116
115960,-12.2,4.27,-6.54,0,0,1,116
115980,-8.66,1.25,-5.53,0,0,1,116
116000,-6.7,-0.84,-3.15,0,0,1,116
116020,-5.54,-1.8,-1.81,0,0,1,116
116040,-5.37,-1.07,-2.73,0,0,1,116
116060,-6.27,-0.33,-3.43,0,0,1,116
116080,-5.89,-0.18,-3.2,0,0,1,116
116100,-5.44,-0.09,-3.63,0,0,1,116
116120,-2.85,1.03,-3.76,0,0,1,116
116140,-2.52,1.51,-2.32,0,0,1,116
116160,-3.23,2.34,0.05,0,0,1,116
116180,-9.15,3.04,-0.35,0,0,1,116
116200,-12.49,5.6,-3.91,0,0,1,116
116220,-12.01,1.32,-9.28,0,0,1,116
116240,-12.35,-2.29,-9.72,0,0,1,116
116260,-9.87,-1.68,-4.98,0,0,1,116
116280,-8.47,3.97,-0.67,0,0,1,116
116300,-14.57,7.7,-5.01,0,0,1,116
116320,-16.78,6.63,-10.95,0,0,1,116
116340,-15.8,2.72,-9.6,0,0,1,116
116360,-15.24,0.59,-7.46,0,0,1,116
116380,-14.2,1.57,-6.75,0,0,1,116
116400,-12.84,2.19,-6.22,0,0,1,116
116420,-11.29,2.04,-6.15,0,0,1,116
116440,-10.1,1.85,-5.92,0,0,1,116
116460,-8.55,1.49,-5.2,0,0,1,116
116480,-6.9,0.84,-4.31,0,0,1,116
116500,-4.48,0.4,-3.34,0,0,1,116
116520,-2.79,-0.3,-1.71,0,0,1,116
116540,-1.46,-1.12,0.03,0,0,1,116
116560,-0.49,-1.25,0.28,0,0,1,116
116580,-1.24,-1.08,-0.94,0,0,1,116
116600,-4.62,-1.2,-2.25,0,0,1,116
116620,-7.76,-1.96,-4.59,0,0,1,116
116640,-11.55,-0.41,-7.0,0,0,1,116
116660,-14.08,1.75,-5.53,0,0,1,116
116680,-13.4,2.8,-5.48,0,0,1,116
116700,-12.96,2.21,-7.21,0,0,1,116
116720,-9.76,0.69,-5.73,0,0,1,116
116740,-7.53,0.1,-3.2,0,0,1,116
116760,-6.18,0.29,-2.38,0,0,1,116
116780,-6.26,0.22,-3.28,0,0,1,116
116800,-6.91,0.02,-4.24,0,0,1,116
116820,-7.41,-0.45,-4.79,0,0,1,116
116840,-6.82,-1.0,-5.31,0,0,1,116
116860,-5.09,-1.1,-4.86,0,0,1,116
116880,-3.31,0.06,-3.31,0,0,1,116
116900,-2.65,0.68,-0.76,0,0,1,116
116920,-2.13,2.47,-0.2,0,0,1,116
116940,-5.33,7.31,-1.12,0,0,1,116
116960,-10.47,7.78,-1.88,0,0,1,116
116980,-11.28,1.65,-12.32,0,0,1,116
116000,-6.7,-0.84,-3.15,0,0,1,117
116020,-5.54,-1.8,-1.81,0,0,1,117
116040,-5.37,-1.07,-2.73,0,0,1,117
116060,-6.27,-0.33,-3.43,0,0,1,117
116080,-5.89,-0.18,-3.2,0,0,1,117
116100,-5.44,-0.09,-3.63,0,0,1,117
116120,-2.85,1.03,-3.76,0,0,1,117
116140,-2.52,1.51,-2.32,0,0,1,117
116160,-3.23,2.34,0.05,0,0,1,117
116180,-9.15,3.04,-0.35,0,0,1,117
116200,-12.49,5.6,-3.91,0,0,1,117
116220,-12.01,1.32,-9.28,0,0,1,117
116240,-12.35,-2.29,-9.72,0,0,1,117
116260,-9.87,-1.68,-4.98,0,0,1,117
116280,-8.47,3.97,-0.67,0,0,1,117
116300,-14.57,7.7,-5.01,0,0,1,117
116320,-16.78,6.63,-10.95,0,0,1,117
116340,-15.8,2.72,-9.6,0,0,1,117
116360,-15.24,0.59,-7.46,0,0,1,117
116380,-14.2,1.57,-6.75,0,0,1,117
116400,-12.84,2.19,-6.22,0,0,1,117
116420,-11.29,2.04,-6.15,0,0,1,117
116440,-10.1,1.85,-5.92,0,0,1,117
116460,-8.55,1.49,-5.2,0,0,1,117
116480,-6.9,0.84,-4.31,0,0,1,117
116500,-4.48,0.4,-3.34,0,0,1,117
116520,-2.79,-0.3,-1.71,0,0,1,117
116540,-1.46,-1.12,0.03,0,0,1,117
116560,-0.49,-1.25,0.28,0,0,1,117
116580,-1.24,-1.08,-0.94,0,0,1,117
116600,-4.62,-1.2,-2.25,0,0,1,117
116620,-7.76,-1.96,-4.59,0,0,1,117
116640,-11.55,-0.41,-7.0,0,0,1,117
116660,-14.08,1.75,-5.53,0,0,1,117
116680,-13.4,2.8,-5.48,0,0,1,117
116700,-12.96,2.21,-7.21,0,0,1,117
116720,-9.76,0.69,-5.73,0,0,1,117
116740,-7.53,0.1,-3.2,0,0,1,117
116760,-6.18,0.29,-2.38,0,0,1,117
116780,-6.26,0.22,-3.28,0,0,1,117
116800,-6.91,0.02,-4.24,0,0,1,117
116820,-7.41,-0.45,-4.79,0,0,1,117
116840,-6.82,-1.0,-5.31,0,0,1,117
116860,-5.09,-1.1,-4.86,0,0,1,117
116880,-3.31,0.06,-3.31,0,0,1,117
116900,-2.65,0.68,-0.76,0,0,1,117
116920,-2.13,2.47,-0.2,0,0,1,117
116940,-5.33,7.31,-1.12,0,0,1,117
116960,-10.47,7.78,-1.88,0,0,1,117
116980,-11.28,1.65,-12.32,0,0,1,117
117000,-16.45,-1.07,-15.8,0,0,1,117
117020,-9.92,0.9,-6.94,0,0,1,117
117040,-7.53,0.12,1.73,0,0,1,117
117060,-12.37,2.51,-1.4,0,0,1,117
117080,-15.84,3.17,-7.97,0,0,1,117
117100,-16.48,2.71,-11.58,0,0,1,117
117120,-16.27,3.99,-10.51,0,0,1,117
117140,-13.86,4.27,-6.53,0,0,1,117
117160,-12.03,2.36,-4.96,0,0,1,117
117180,-10.46,0.41,-6.09,0,0,1,117
117200,-8.16,-0.02,-6.17,0,0,1,117
117220,-6.5,0.91,-4.5,0,0,1,117
117240,-5.41,1.26,-2.91,0,0,1,117
117260,-3.95,0.92,-2.33,0,0,1,117
117280,-2.7,0.55,-1.45,0,0,1,117
117300,-1.32,0.72,-0.42,0,0,1,117
117320,-1.26,-0.07,0.59,0,0,1,117
117340,-4.12,-1.06,-0.58,0,0,1,117
117360,-8.98,-3.22,-5.58,0,0,1,117
117380,-11.54,0.42,-6.11,0,0,1,117
117400,-11.49,3.3,-5.19,0,0,1,117
117420,-10.67,4.81,-5.13,0,0,1,117
117440,-12.09,1.54,-6.33,0,0,1,117
117460,-11.47,-0.97,-7.42,0,0,1,117
117480,-8.52,-0.64,-5.65,0,0,1,117
117500,-6.72,0.13,-3.35,0,0,1,117
117520,-5.87,1.01,-2.44,0,0,1,117
117540,-6.24,1.79,-2.83,0,0,1,117
117560,-7.79,2.21,-4.58,0,0,1,117
117580,-8.61,2.55,-5.82,0,0,1,117
117600,-9.12,3.03,-6.04,0,0,1,117
117620,-8.97,2.75,-5.87,0,0,1,117
117640,-8.4,1.93,-5.02,0,0,1,117
117660,-8.19,1.09,-4.47,0,0,1,117
117680,-8.27,0.7,-4.5,0,0,1,117
117700,-8.3,0.98,-4.89,0,0,1,117
117720,-8.58,1.02,-5.13,0,0,1,117
117740,-8.67,0.93,-4.9,0,0,1,117
117760,-8.51,1.05,-4.97,0,0,1,117
117780,-8.44,1.21,-5.13,0,0,1,117
117800,-8.62,1.06,-5.25,0,0,1,117
117820,-8.37,0.79,-5.48,0,0,1,117
117840,-7.75,0.83,-5.0,0,0,1,117
117860,-7.46,0.94,-4.35,0,0,1,117
117880,-7.05,1.06,-4.16,0,0,1,117
117900,-6.01,1.35,-4.06,0,0,1,117
117920,-5.04,1.43,-3.88,0,0,1,117
117940,-5.43,2.01,-3.34,0,0,1,117
117960,-6.21,3.78,-1.82,0,0,1,117
117980,-7.25,6.7,-1.6,0,0,1,117
117000,-16.45,-1.07,-15.8,0,0,1,118
117020,-9.92,0.9,-6.94,0,0,1,118
117040,-7.53,0.12,1.73,0,0,1,118
117060,-12.37,2.51,-1.4,0,0,1,118
117080,-15.84,3.17,-7.97,0,0,1,118
117100,-16.48,2.71,-11.58,0,0,1,118
117120,-16.27,3.99,-10.51,0,0,1,118
117140,-13.86,4.27,-6.53,0,0,1,118
117160,-12.03,2.36,-4.96,0,0,1,118
117180,-10.46,0.41,-6.09,0,0,1,118
117200,-8.16,-0.02,-6.17,0,0,1,118
117220,-6.5,0.91,-4.5,0,0,1,118
117240,-5.41,1.26,-2.91,0,0,1,118
117260,-3.95,0.92,-2.33,0,0,1,118
117280,-2.7,0.55,-1.45,0,0,1,118
117300,-1.32,0.72,-0.42,0,0,1,118
117320,-1.26,-0.07,0.59,0,0,1,118
117340,-4.12,-1.06,-0.58,0,0,1,118
117360,-8.98,-3.22,-5.58,0,0,1,118
117380,-11.54,0.42,-6.11,0,0,1,118
117400,-11.49,3.3,-5.19,0,0,1,118
117420,-10.67,4.81,-5.13,0,0,1,118
117440,-12.09,1.54,-6.33,0,0,1,118
117460,-11.47,-0.97,-7.42,0,0,1,118
117480,-8.52,-0.64,-5.65,0,0,1,118
117500,-6.72,0.13,-3.35,0,0,1,118
117520,-5.87,1.01,-2.44,0,0,1,118
117540,-6.24,1.79,-2.83,0,0,1,118
117560,-7.79,2.21,-4.58,0,0,1,118
117580,-8.61,2.55,-5.82,0,0,1,118
117600,-9.12,3.03,-6.04,0,0,1,118
117620,-8.97,2.75,-5.87,0,0,1,118
117640,-8.4,1.93,-5.02,0,0,1,118
117660,-8.19,1.09,-4.47,0,0,1,118
117680,-8.27,0.7,-4.5,0,0,1,118
117700,-8.3,0.98,-4.89,0,0,1,118
117720,-8.58,1.02,-5.13,0,0,1,118
117740,-8.67,0.93,-4.9,0,0,1,118
117760,-8.51,1.05,-4.97,0,0,1,118
117780,-8.44,1.21,-5.13,0,0,1,118
117800,-8.62,1.06,-5.25,0,0,1,118
117820,-8.37,0.79,-5.48,0,0,1,118
117840,-7.75,0.83,-5.0,0,0,1,118
117860,-7.46,0.94,-4.35,0,0,1,118
117880,-7.05,1.06,-4.16,0,0,1,118
117900,-6.01,1.35,-4.06,0,0,1,118
117920,-5.04,1.43,-3.88,0,0,1,118
117940,-5.43,2.01,-3.34,0,0,1,118
117960,-6.21,3.78,-1.82,0,0,1,118
117980,-7.25,6.7,-1.6,0,0,1,118
118000,-9.45,7.43,-3.5,0,0,1,118
118020,-11.04,4.56,-7.02,0,0,1,118
118040,-11.5,-0.61,-11.9,0,0,1,118
118060,-11.65,-4.21,-14.07,0,0,1,118
118080,-10.47,-6.05,-11.56,0,0,1,118
118100,-8.22,-4.35,-5.64,0,0,1,118
118120,-9.92,-1.87,-5.75,0,0,1,118
118140,-11.85,-1.01,-8.44,0,0,1,118
118160,-9.96,-1.18,-8.23,0,0,1,118
118180,-8.37,-1.21,-7.02,0,0,1,118
118200,-8.13,-0.38,-6.5,0,0,1,118
118220,-7.87,1.13,-6.35,0,0,1,118
118240,-7.42,1.05,-6.66,0,0,1,118
118260,-6.63,-0.22,-6.96,0,0,1,118
118280,-5.82,-1.22,-7.77,0,0,1,118
118300,-4.06,-0.98,-8.64,0,0,1,118
118320,-4.22,-0.42,-8.54,0,0,1,118
118340,-3.1,1.97,-7.12,0,0,1,118
118360,-3.25,6.58,-5.55,0,0,1,118
118380,-4.09,11.91,-4.35,0,0,1,118
118400,-6.12,14.2,-3.04,0,0,1,118
118420,-7.61,13.64,-3.58,0,0,1,118
118440,-7.47,11.77,-4.28,0,0,1,118
118460,-7.23,9.89,-4.01,0,0,1,118
118480,-7.06,8.5,-4.76,0,0,1,118
118500,-7.9,8.2,-6.52,0,0,1,118
118520,-8.63,8.35,-6.87,0,0,1,118
118540,-7.69,8.41,-6.61,0,0,1,118
118560,-6.63,7.16,-7.06,0,0,1,118
118580,-5.86,5.56,-7.57,0,0,1,118
118600,-5.31,3.86,-8.51,0,0,1,118
118620,-5.46,2.16,-9.64,0,0,1,118
118640,-5.53,0.31,-9.12,0,0,1,118
118660,-6.61,-2.07,-7.96,0,0,1,118
118680,-7.03,-5.02,-6.44,0,0,1,118
118700,-7.55,-6.44,-6.04,0,0,1,118
118720,-8.44,-7.14,-6.0,0,0,1,118
118740,-8.86,-6.7,-6.03,0,0,1,118
118760,-8.75,-6.08,-6.27,0,0,1,118
118780,-8.08,-5.27,-6.09,0,0,1,118
118800,-8.18,-4.12,-5.99,0,0,1,118
118820,-8.73,-3.18,-7.63,0,0,1,118
118840,-10.58,-2.42,-9.01,0,0,1,118
118860,-11.96,-1.01,-8.77,0,0,1,118
118880,-11.0,0.4,-7.82,0,0,1,118
118900,-9.26,0.89,-8.14,0,0,1,118
118920,-7.81,0.84,-8.15,0,0,1,118
118940,-6.21,1.65,-7.76,0,0,1,118
118960,-4.96,3.45,-6.73,0,0,1,118
118980,-4.96,5.41,-4.95,0,0,1,118
118000,-9.45,7.43,-3.5,0,0,1,119
118020,-11.04,4.56,-7.02,0,0,1,119
118040,-11.5,-0.61,-11.9,0,0,1,119
118060,-11.65,-4.21,-14.07,0,0,1,119
118080,-10.47,-6.05,-11.56,0,0,1,119
118100,-8.22,-4.35,-5.64,0,0,1,119
118120,-9.92,-1.87,-5.75,0,0,1,119
118140,-11.85,-1.01,-8.44,0,0,1,119
118160,-9.96,-1.18,-8.23,0,0,1,119
118180,-8.37,-1.21,-7.02,0,0,1,119
118200,-8.13,-0.38,-6.5,0,0,1,119
118220,-7.87,1.13,-6.35,0,0,1,119
118240,-7.42,1.05,-6.66,0,0,1,119
118260,-6.63,-0.22,-6.96,0,0,1,119
118280,-5.82,-1.22,-7.77,0,0,1,119
118300,-4.06,-0.98,-8.64,0,0,1,119
118320,-4.22,-0.42,-8.54,0,0,1,119
118340,-3.1,1.97,-7.12,0,0,1,119
118360,-3.25,6.58,-5.55,0,0,1,119
118380,-4.09,11.91,-4.35,0,0,1,119
118400,-6.12,14.2,-3.04,0,0,1,119
118420,-7.61,13.64,-3.58,0,0,1,119
118440,-7.47,11.77,-4.28,0,0,1,119
118460,-7.23,9.89,-4.01,0,0,1,119
118480,-7.06,8.5,-4.76,0,0,1,119
118500,-7.9,8.2,-6.52,0,0,1,119
118520,-8.63,8.35,-6.87,0,0,1,119
118540,-7.69,8.41,-6.61,0,0,1,119
118560,-6.63,7.16,-7.06,0,0,1,119
118580,-5.86,5.56,-7.57,0,0,1,119
118600,-5.31,3.86,-8.51,0,0,1,119
118620,-5.46,2.16,-9.64,0,0,1,119
118640,-5.53,0.31,-9.12,0,0,1,119
118660,-6.61,-2.07,-7.96,0,0,1,119
118680,-7.03,-5.02,-6.44,0,0,1,119
118700,-7.55,-6.44,-6.04,0,0,1,119
118720,-8.44,-7.14,-6.0,0,0,1,119
118740,-8.86,-6.7,-6.03,0,0,1,119
118760,-8.75,-6.08,-6.27,0,0,1,119
118780,-8.08,-5.27,-6.09,0,0,1,119
118800,-8.18,-4.12,-5.99,0,0,1,119
118820,-8.73,-3.18,-7.63,0,0,1,119
118840,-10.58,-2.42,-9.01,0,0,1,119
118860,-11.96,-1.01,-8.77,0,0,1,119
118880,-11.0,0.4,-7.82,0,0,1,119
118900,-9.26,0.89,-8.14,0,0,1,119
118920,-7.81,0.84,-8.15,0,0,1,119
118940,-6.21,1.65,-7.76,0,0,1,119
118960,-4.96,3.45,-6.73,0,0,1,119
118980,-4.96,5.41,-4.95,0,0,1,119
119000,-5.19,6.51,-3.49,0,0,1,119
119020,-6.02,6.89,-2.71,0,0,1,119
119040,-6.22,7.27,-2.7,0,0,1,119
119060,-6.81,7.38,-2.85,0,0,1,119
119080,-6.1,7.69,-3.22,0,0,1,119
119100,-5.97,8.81,-3.02,0,0,1,119
119120,-5.98,10.45,-2.77,0,0,1,119
119140,-6.68,11.32,-3.24,0,0,1,119
119160,-7.38,11.29,-5.03,0,0,1,119
119180,-7.71,9.51,-8.48,0,0,1,119
119200,-7.97,7.19,-10.74,0,0,1,119
119220,-6.72,4.98,-10.57,0,0,1,119
119240,-4.79,3.74,-9.41,0,0,1,119
119260,-4.67,2.3,-8.77,0,0,1,119
119280,-5.87,0.29,-8.91,0,0,1,119
119300,-7.27,-2.62,-9.03,0,0,1,119
119320,-7.89,-4.28,-8.19,0,0,1,119
119340,-7.51,-4.9,-8.19,0,0,1,119
119360,-9.25,-5.47,-8.21,0,0,1,119
119380,-9.58,-6.04,-9.01,0,0,1,119
119400,-8.57,-7.02,-8.47,0,0,1,119
119420,-8.22,-7.9,-6.36,0,0,1,119
119440,-7.1,-8.63,-4.02,0,0,1,119
119460,-6.89,-6.92,-3.55,0,0,1,119
119480,-9.81,-3.1,-5.41,0,0,1,119
119500,-11.29,-0.3,-7.88,0,0,1,119
119520,-10.96,-0.71,-9.13,0,0,1,119
119540,-9.13,-1.25,-8.47,0,0,1,119
119560,-6.91,-1.02,-7.54,0,0,1,119
119580,-6.09,0.2,-7.02,0,0,1,119
119600,-6.09,1.54,-7.04,0,0,1,119
119620,-6.16,2.4,-6.64,0,0,1,119
119640,-5.82,3.11,-6.41,0,0,1,119
119660,-5.75,3.58,-5.89,0,0,1,119
119680,-5.31,4.46,-5.09,0,0,1,119
119700,-5.14,5.83,-3.36,0,0,1,119
119720,-5.16,7.2,-2.16,0,0,1,119
119740,-5.9,8.57,-2.58,0,0,1,119
119760,-7.38,10.19,-3.43,0,0,1,119
119780,-8.41,11.63,-4.29,0,0,1,119
119800,-10.04,11.99,-5.59,0,0,1,119
119820,-10.8,11.02,-7.33,0,0,1,119
119840,-10.31,8.82,-7.28,0,0,1,119
119860,-7.55,6.74,-5.95,0,0,1,119
119880,-6.15,4.68,-4.83,0,0,1,119
119900,-5.5,4.15,-5.15,0,0,1,119
119920,-6.1,3.68,-5.76,0,0,1,119
119940,-5.98,3.41,-6.88,0,0,1,119
119960,-6.02,1.79,-7.32,0,0,1,119
119980,-6.65,0.15,-7.34,0,0,1,119
119000,-5.19,6.51,-3.49,0,0,1,120
119020,-6.02,6.89,-2.71,0,0,1,120
119040,-6.22,7.27,-2.7,0,0,1,120
119060,-6.81,7.38,-2.85,0,0,1,120
119080,-6.1,7.69,-3.22,0,0,1,120
119100,-5.97,8.81,-3.02,0,0,1,120
119120,-5.98,10.45,-2.77,0,0,1,120
119140,-6.68,11.32,-3.24,0,0,1,120
119160,-7.38,11.29,-5.03,0,0,1,120
119180,-7.71,9.51,-8.48,0,0,1,120
119200,-7.97,7.19,-10.74,0,0,1,120
119220,-6.72,4.98,-10.57,0,0,1,120
119240,-4.79,3.74,-9.41,0,0,1,120
119260,-4.67,2.3,-8.77,0,0,1,120
119280,-5.87,0.29,-8.91,0,0,1,120
119300,-7.27,-2.62,-9.03,0,0,1,120
119320,-7.89,-4.28,-8.19,0,0,1,120
119340,-7.51,-4.9,-8.19,0,0,1,120
119360,-9.25,-5.47,-8.21,0,0,1,120
119380,-9.58,-6.04,-9.01,0,0,1,120
119400,-8.57,-7.02,-8.47,0,0,1,120
119420,-8.22,-7.9,-6.36,0,0,1,120
119440,-7.1,-8.63,-4.02,0,0,1,120
119460,-6.89,-6.92,-3.55,0,0,1,120
119480,-9.81,-3.1,-5.41,0,0,1,120
119500,-11.29,-0.3,-7.88,0,0,1,120
119520,-10.96,-0.71,-9.13,0,0,1,120
119540,-9.13,-1.25,-8.47,0,0,1,120
119560,-6.91,-1.02,-7.54,0,0,1,120
119580,-6.09,0.2,-7.02,0,0,1,120
119600,-6.09,1.54,-7.04,0,0,1,120
119620,-6.16,2.4,-6.64,0,0,1,120
119640,-5.82,3.11,-6.41,0,0,1,120
119660,-5.75,3.58,-5.89,0,0,1,120
119680,-5.31,4.46,-5.09,0,0,1,120
119700,-5.14,5.83,-3.36,0,0,1,120
119720,-5.16,7.2,-2.16,0,0,1,120
119740,-5.9,8.57,-2.58,0,0,1,120
119760,-7.38,10.19,-3.43,0,0,1,120
119780,-8.41,11.63,-4.29,0,0,1,120
119800,-10.04,11.99,-5.59,0,0,1,120
119820,-10.8,11.02,-7.33,0,0,1,120
119840,-10.31,8.82,-7.28,0,0,1,120
119860,-7.55,6.74,-5.95,0,0,1,120
119880,-6.15,4.68,-4.83,0,0,1,120
119900,-5.5,4.15,-5.15,0,0,1,120
119920,-6.1,3.68,-5.76,0,0,1,120
119940,-5.98,3.41,-6.88,0,0,1,120
119960,-6.02,1.79,-7.32,0,0,1,120
119980,-6.65,0.15,-7.34,0,0,1,120
120000,-6.99,-1.59,-6.53,0,0,1,120
120020,-7.02,-2.8,-6.27,0,0,1,120
120040,-7.1,-3.64,-6.16,0,0,1,120
120060,-7.74,-3.92,-5.78,0,0,1,120
120080,-8.87,-3.95,-5.62,0,0,1,120
120100,-9.79,-3.56,-6.29,0,0,1,120
120120,-10.35,-2.71,-6.72,0,0,1,120
120140,-10.31,-1.32,-6.84,0,0,1,120
120160,-9.82,-0.48,-6.46,0,0,1,120
120180,-8.9,0.31,-5.93,0,0,1,120
120200,-8.28,1.07,-5.31,0,0,1,120
120220,-7.88,1.75,-4.9,0,0,1,120
120240,-8.04,2.23,-4.81,0,0,1,120
120260,-7.9,2.83,-4.78,0,0,1,120
120280,-7.98,3.53,-4.51,0,0,1,120
120300,-8.0,3.75,-4.5,0,0,1,120
120320,-7.78,3.48,-4.63,0,0,1,120
120340,-7.54,2.81,-4.67,0,0,1,120
120360,-7.38,1.93,-4.27,0,0,1,120
120380,-7.2,1.18,-3.88,0,0,1,120
120400,-7.02,0.72,-3.55,0,0,1,120
120420,-7.25,0.52,-3.44,0,0,1,120
120440,-8.46,0.17,-3.73,0,0,1,120
120460,-10.15,0.06,-4.79,0,0,1,120
120480,-11.77,0.21,-6.27,0,0,1,120
120500,-11.1,0.65,-7.25,0,0,1,120
120520,-9.16,1.17,-6.05,0,0,1,120
120540,-8.21,1.1,-4.57,0,0,1,120
120560,-7.83,0.9,-4.19,0,0,1,120
120580,-7.66,0.69,-4.24,0,0,1,120
120600,-7.58,0.69,-4.51,0,0,1,120
120620,-7.67,0.74,-4.78,0,0,1,120
120640,-7.41,0.87,-4.87,0,0,1,120
120660,-7.54,1.03,-4.98,0,0,1,120
120680,-7.11,0.99,-4.7,0,0,1,120
120700,-6.76,0.74,-4.18,0,0,1,120
120720,-6.43,0.44,-3.4,0,0,1,120
120740,-6.0,0.6,-3.16,0,0,1,120
120760,-5.92,1.66,-3.76,0,0,1,120
120780,-6.98,2.56,-5.37,0,0,1,120
120800,-9.15,2.64,-6.92,0,0,1,120
120820,-10.13,3.82,-6.36,0,0,1,120
120840,-10.61,6.29,-5.41,0,0,1,120
120860,-12.33,8.23,-6.05,0,0,1,120
120880,-13.52,7.96,-7.84,0,0,1,120
120900,-12.62,6.72,-8.23,0,0,1,120
120920,-9.91,5.61,-6.46,0,0,1,120
120940,-8.19,4.05,-4.04,0,0,1,120
120960,-7.04,2.0,-2.88,0,0,1,120
120980,-5.65,0.48,-2.64,0,0,1,120
120000,-6.99,-1.59,-6.53,0,0,1,121
120020,-7.02,-2.8,-6.27,0,0,1,121
120040,-7.1,-3.64,-6.16,0,0,1,121
120060,-7.74,-3.92,-5.78,0,0,1,121
120080,-8.87,-3.95,-5.62,0,0,1,121
120100,-9.79,-3.56,-6.29,0,0,1,121
120120,-10.35,-2.71,-6.72,0,0,1,121
120140,-10.31,-1.32,-6.84,0,0,1,121
120160,-9.82,-0.48,-6.46,0,0,1,121
120180,-8.9,0.31,-5.93,0,0,1,121
120200,-8.28,1.07,-5.31,0,0,1,121
120220,-7.88,1.75,-4.9,0,0,1,121
120240,-8.04,2.23,-4.81,0,0,1,121
120260,-7.9,2.83,-4.78,0,0,1,121
120280,-7.98,3.53,-4.51,0,0,1,121
120300,-8.0,3.75,-4.5,0,0,1,121
120320,-7.78,3.48,-4.63,0,0,1,121
120340,-7.54,2.81,-4.67,0,0,1,121
120360,-7.38,1.93,-4.27,0,0,1,121
120380,-7.2,1.18,-3.88,0,0,1,121
120400,-7.02,0.72,-3.55,0,0,1,121
120420,-7.25,0.52,-3.44,0,0,1,121
120440,-8.46,0.17,-3.73,0,0,1,121
120460,-10.15,0.06,-4.79,0,0,1,121
120480,-11.77,0.21,-6.27,0,0,1,121
120500,-11.1,0.65,-7.25,0,0,1,121
120520,-9.16,1.17,-6.05,0,0,1,121
120540,-8.21,1.1,-4.57,0,0,1,121
120560,-7.83,0.9,-4.19,0,0,1,121
120580,-7.66,0.69,-4.24,0,0,1,121
120600,-7.58,0.69,-4.51,0,0,1,121
120620,-7.67,0.74,-4.78,0,0,1,121
120640,-7.41,0.87,-4.87,0,0,1,121
120660,-7.54,1.03,-4.98,0,0,1,121
120680,-7.11,0.99,-4.7,0,0,1,121
120700,-6.76,0.74,-4.18,0,0,1,121
120720,-6.43,0.44,-3.4,0,0,1,121
120740,-6.0,0.6,-3.16,0,0,1,121
120760,-5.92,1.66,-3.76,0,0,1,121
120780,-6.98,2.56,-5.37,0,0,1,121
120800,-9.15,2.64,-6.92,0,0,1,121
120820,-10.13,3.82,-6.36,0,0,1,121
120840,-10.61,6.29,-5.41,0,0,1,121
120860,-12.33,8.23,-6.05,0,0,1,121
120880,-13.52,7.96,-7.84,0,0,1,121
120900,-12.62,6.72,-8.23,0,0,1,121
120920,-9.91,5.61,-6.46,0,0,1,121
120940,-8.19,4.05,-4.04,0,0,1,121
120960,-7.04,2.0,-2.88,0,0,1,121
120980,-5.65,0.48,-2.64,0,0,1,121
121000,-4.81,-0.7,-2.51,0,0,1,121
121020,-5.02,-1.25,-2.74,0,0,1,121
121040,-5.5,-1.31,-3.51,0,0,1,121
121060,-5.53,-1.0,-2.97,0,0,1,121
121080,-6.7,-0.28,-2.85,0,0,1,121
121100,-8.61,0.25,-4.41,0,0,1,121
121120,-10.2,-0.01,-5.98,0,0,1,121
121140,-11.41,-0.45,-5.88,0,0,1,121
121160,-11.65,-0.08,-5.35,0,0,1,121
121180,-10.63,0.28,-6.07,0,0,1,121
121200,-9.35,-0.15,-6.11,0,0,1,121
121220,-8.19,-0.07,-5.37,0,0,1,121
121240,-6.91,0.46,-4.07,0,0,1,121
121260,-6.38,0.9,-3.53,0,0,1,121
121280,-6.75,1.43,-3.46,0,0,1,121
121300,-7.67,1.8,-3.95,0,0,1,121
121320,-8.22,2.03,-4.65,0,0,1,121
121340,-8.1,1.51,-4.86,0,0,1,121
121360,-7.38,0.57,-4.46,0,0,1,121
121380,-6.42,0.8,-3.8,0,0,1,121
121400,-5.58,2.16,-3.06,0,0,1,121
121420,-6.02,4.37,-3.14,0,0,1,121
121440,-8.63,6.39,-4.4,0,0,1,121
121460,-12.08,5.99,-6.19,0,0,1,121
121480,-12.64,4.6,-6.77,0,0,1,121
121500,-11.36,3.73,-7.04,0,0,1,121
121520,-10.12,2.95,-7.3,0,0,1,121
121540,-9.66,2.73,-7.4,0,0,1,121
121560,-9.64,2.53,-7.14,0,0,1,121
121580,-9.0,1.04,-5.45,0,0,1,121
121600,-7.16,-0.77,-3.53,0,0,1,121
121620,-6.03,-1.53,-2.62,0,0,1,121
121640,-6.2,-1.24,-3.4,0,0,1,121
121660,-7.22,0.29,-4.75,0,0,1,121
121680,-7.72,1.61,-5.53,0,0,1,121
121700,-7.7,2.1,-4.91,0,0,1,121
121720,-7.84,2.03,-4.32,0,0,1,121
121740,-7.93,1.87,-4.46,0,0,1,121
121760,-8.23,1.55,-4.99,0,0,1,121
121780,-8.65,1.28,-5.05,0,0,1,121
121800,-8.83,1.09,-4.95,0,0,1,121
121820,-9.13,1.02,-5.02,0,0,1,121
121840,-9.16,1.19,-5.19,0,0,1,121
121860,-8.85,1.19,-5.06,0,0,1,121
121880,-8.27,1.2,-4.83,0,0,1,121
121900,-7.79,1.2,-4.53,0,0,1,121
121920,-7.4,1.05,-4.34,0,0,1,121
121940,-7.04,0.82,-4.03,0,0,1,121
121960,-6.65,0.8,-3.99,0,0,1,121
121980,-7.0,0.39,-3.71,0,0,1,121
121000,-4.81,-0.7,-2.51,0,0,1,122
121020,-5.02,-1.25,-2.74,0,0,1,122
121040,-5.5,-1.31,-3.51,0,0,1,122
121060,-5.53,-1.0,-2.97,0,0,1,122
121080,-6.7,-0.28,-2.85,0,0,1,122
121100,-8.61,0.25,-4.41,0,0,1,122
121120,-10.2,-0.01,-5.98,0,0,1,122
121140,-11.41,-0.45,-5.88,0,0,1,122
121160,-11.65,-0.08,-5.35,0,0,1,122
121180,-10.63,0.28,-6.07,0,0,1,122
121200,-9.35,-0.15,-6.11,0,0,1,122
121220,-8.19,-0.07,-5.37,0,0,1,122
121240,-6.91,0.46,-4.07,0,0,1,122
121260,-6.38,0.9,-3.53,0,0,1,122
121280,-6.75,1.43,-3.46,0,0,1,122
121300,-7.67,1.8,-3.95,0,0,1,122
121320,-8.22,2.03,-4.65,0,0,1,122
121340,-8.1,1.51,-4.86,0,0,1,122
121360,-7.38,0.57,-4.46,0,0,1,122
121380,-6.42,0.8,-3.8,0,0,1,122
121400,-5.58,2.16,-3.06,0,0,1,122
121420,-6.02,4.37,-3.14,0,0,1,122
121440,-8.63,6.39,-4.4,0,0,1,122
121460,-12.08,5.99,-6.19,0,0,1,122
121480,-12.64,4.6,-6.77,0,0,1,122
121500,-11.36,3.73,-7.04,0,0,1,122
121520,-10.12,2.95,-7.3,0,0,1,122
121540,-9.66,2.73,-7.4,0,0,1,122
121560,-9.64,2.53,-7.14,0,0,1,122
121580,-9.0,1.04,-5.45,0,0,1,122
121600,-7.16,-0.77,-3.53,0,0,1,122
121620,-6.03,-1.53,-2.62,0,0,1,122
121640,-6.2,-1.24,-3.4,0,0,1,122
121660,-7.22,0.29,-4.75,0,0,1,122
121680,-7.72,1.61,-5.53,0,0,1,122
121700,-7.7,2.1,-4.91,0,0,1,122
121720,-7.84,2.03,-4.32,0,0,1,122
121740,-7.93,1.87,-4.46,0,0,1,122
121760,-8.23,1.55,-4.99,0,0,1,122
121780,-8.65,1.28,-5.05,0,0,1,122
121800,-8.83,1.09,-4.95,0,0,1,122
121820,-9.13,1.02,-5.02,0,0,1,122
121840,-9.16,1.19,-5.19,0,0,1,122
121860,-8.85,1.19,-5.06,0,0,1,122
121880,-8.27,1.2,-4.83,0,0,1,122
121900,-7.79,1.2,-4.53,0,0,1,122
121920,-7.4,1.05,-4.34,0,0,1,122
121940,-7.04,0.82,-4.03,0,0,1,122
121960,-6.65,0.8,-3.99,0,0,1,122
121980,-7.0,0.39,-3.71,0,0,1,122
122000,-7.84,1.0,-3.56,0,0,1,122
122020,-8.72,1.69,-4.57,0,0,1,122
122040,-9.55,1.67,-6.65,0,0,1,122
122060,-8.64,1.71,-6.99,0,0,1,122
122080,-7.5,1.32,-4.9,0,0,1,122
122100,-7.0,2.35,-1.63,0,0,1,122
122120,-7.19,4.55,-0.54,0,0,1,122
122140,-8.66,7.3,-2.88,0,0,1,122
122160,-10.56,8.96,-5.96,0,0,1,122
122180,-11.97,9.64,-8.81,0,0,1,122
122200,-12.69,8.54,-9.12,0,0,1,122
122220,-9.98,5.53,-5.82,0,0,1,122
122240,-7.15,3.37,-1.13,0,0,1,122
122260,-6.01,2.85,-0.88,0,0,1,122
122280,-6.82,3.44,-3.07,0,0,1,122
122300,-6.96,3.22,-4.22,0,0,1,122
122320,-6.25,2.75,-3.2,0,0,1,122
122340,-5.34,2.29,-1.57,0,0,1,122
122360,-5.35,2.04,-0.88,0,0,1,122
122380,-5.76,2.19,-1.41,0,0,1,122
122400,-6.85,3.0,-2.63,0,0,1,122
122420,-7.99,4.06,-4.58,0,0,1,122
122440,-8.78,4.24,-5.33,0,0,1,122
122460,-9.3,4.63,-4.61,0,0,1,122
122480,-12.79,2.85,-5.01,0,0,1,122
122500,-12.02,2.65,-7.31,0,0,1,122
122520,-10.8,2.13,-5.81,0,0,1,122
122540,-9.82,1.2,-3.6,0,0,1,122
122560,-9.66,0.83,-3.38,0,0,1,122
122580,-9.64,1.31,-4.52,0,0,1,122
122600,-8.44,1.39,-3.7,0,0,1,122
122620,-7.37,1.94,-2.51,0,0,1,122
122640,-7.24,2.02,-2.51,0,0,1,122
122660,-8.36,1.25,-4.2,0,0,1,122
122680,-9.52,0.33,-5.75,0,0,1,122
122700,-8.95,-0.71,-6.04,0,0,1,122
122720,-8.66,-1.1,-4.98,0,0,1,122
122740,-7.66,-0.67,-3.76,0,0,1,122
122760,-7.45,0.57,-3.3,0,0,1,122
122780,-7.79,1.42,-3.82,0,0,1,122
122800,-7.89,1.73,-4.8,0,0,1,122
122820,-8.69,1.41,-5.45,0,0,1,122
122840,-8.98,0.36,-5.12,0,0,1,122
122860,-8.83,-0.48,-4.65,0,0,1,122
122880,-8.13,-0.61,-4.67,0,0,1,122
122900,-8.46,0.14,-5.48,0,0,1,122
122920,-9.18,0.97,-6.05,0,0,1,122
122940,-8.93,1.96,-5.51,0,0,1,122
122960,-8.4,2.47,-4.71,0,0,1,122
122980,-7.91,2.75,-4.1,0,0,1,122
122000,-7.84,1.0,-3.56,0,0,1,123
122020,-8.72,1.69,-4.57,0,0,1,123
122040,-9.55,1.67,-6.65,0,0,1,123
122060,-8.64,1.71,-6.99,0,0,1,123
122080,-7.5,1.32,-4.9,0,0,1,123
122100,-7.0,2.35,-1.63,0,0,1,123
122120,-7.19,4.55,-0.54,0,0,1,123
122140,-8.66,7.3,-2.88,0,0,1,123
122160,-10.56,8.96,-5.96,0,0,1,123
122180,-11.97,9.64,-8.81,0,0,1,123
122200,-12.69,8.54,-9.12,0,0,1,123
122220,-9.98,5.53,-5.82,0,0,1,123
122240,-7.15,3.37,-1.13,0,0,1,123
122260,-6.01,2.85,-0.88,0,0,1,123
122280,-6.82,3.44,-3.07,0,0,1,123
122300,-6.96,3.22,-4.22,0,0,1,123
122320,-6.25,2.75,-3.2,0,0,1,123
122340,-5.34,2.29,-1.57,0,0,1,123
122360,-5.35,2.04,-0.88,0,0,1,123
122380,-5.76,2.19,-1.41,0,0,1,123
122400,-6.85,3.0,-2.63,0,0,1,123
122420,-7.99,4.06,-4.58,0,0,1,123
122440,-8.78,4.24,-5.33,0,0,1,123
122460,-9.3,4.63,-4.61,0,0,1,123
122480,-12.79,2.85,-5.01,0,0,1,123
122500,-12.02,2.65,-7.31,0,0,1,123
122520,-10.8,2.13,-5.81,0,0,1,123
122540,-9.82,1.2,-3.6,0,0,1,123
122560,-9.66,0.83,-3.38,0,0,1,123
122580,-9.64,1.31,-4.52,0,0,1,123
122600,-8.44,1.39,-3.7,0,0,1,123
122620,-7.37,1.94,-2.51,0,0,1,123
122640,-7.24,2.02,-2.51,0,0,1,123
122660,-8.36,1.25,-4.2,0,0,1,123
122680,-9.52,0.33,-5.75,0,0,1,123
122700,-8.95,-0.71,-6.04,0,0,1,123
122720,-8.66,-1.1,-4.98,0,0,1,123
122740,-7.66,-0.67,-3.76,0,0,1,123
122760,-7.45,0.57,-3.3,0,0,1,123
122780,-7.79,1.42,-3.82,0,0,1,123
122800,-7.89,1.73,-4.8,0,0,1,123
122820,-8.69,1.41,-5.45,0,0,1,123
122840,-8.98,0.36,-5.12,0,0,1,123
122860,-8.83,-0.48,-4.65,0,0,1,123
122880,-8.13,-0.61,-4.67,0,0,1,123
122900,-8.46,0.14,-5.48,0,0,1,123
122920,-9.18,0.97,-6.05,0,0,1,123
122940,-8.93,1.96,-5.51,0,0,1,123
122960,-8.4,2.47,-4.71,0,0,1,123
122980,-7.91,2.75,-4.1,0,0,1,123
123000,-7.79,2.53,-4.1,0,0,1,123
123020,-8.01,2.06,-4.43,0,0,1,123
123040,-8.5,1.97,-4.86,0,0,1,123
123060,-8.66,2.2,-5.02,0,0,1,123
123080,-8.43,2.14,-4.62,0,0,1,123
123100,-8.15,2.02,-3.87,0,0,1,123
123120,-7.96,1.99,-3.88,0,0,1,123
123140,-7.89,2.05,-4.33,0,0,1,123
123160,-7.83,2.61,-4.64,0,0,1,123
123180,-8.07,3.37,-4.82,0,0,1,123
123200,-8.42,3.7,-4.66,0,0,1,123
123220,-8.51,3.19,-4.63,0,0,1,123
123240,-8.39,2.26,-4.91,0,0,1,123
123260,-8.11,1.8,-5.12,0,0,1,123
123280,-7.51,1.67,-5.16,0,0,1,123
123300,-7.45,0.8,-5.23,0,0,1,123
123320,-9.56,1.28,-2.47,0,0,1,123
123340,-8.63,2.88,-2.66,0,0,1,123
123360,-10.88,2.35,-4.92,0,0,1,123
123380,-11.65,0.59,-7.66,0,0,1,123
123400,-10.81,-0.44,-7.53,0,0,1,123
123420,-9.17,0.12,-5.44,0,0,1,123
123440,-8.3,1.97,-3.65,0,0,1,123
123460,-8.26,2.97,-2.78,0,0,1,123
123480,-8.37,2.08,-2.71,0,0,1,123
123500,-8.73,0.32,-3.89,0,0,1,123
123520,-10.01,-1.46,-6.24,0,0,1,123
123540,-10.1,-1.36,-4.65,0,0,1,123
123560,-8.47,-1.1,-2.96,0,0,1,123
123580,-8.94,0.58,-2.34,0,0,1,123
123600,-8.7,2.47,-1.91,0,0,1,123
123620,-9.01,2.49,-1.94,0,0,1,123
123640,-9.2,1.91,-2.64,0,0,1,123
123660,-9.69,1.02,-3.15,0,0,1,123
123680,-10.15,1.07,-3.28,0,0,1,123
123700,-9.7,1.4,-4.25,0,0,1,123
123720,-8.58,1.48,-2.75,0,0,1,123
123740,-8.66,2.23,-2.38,0,0,1,123
123760,-6.99,1.88,-2.09,0,0,1,123
123780,-7.95,1.9,-3.5,0,0,1,123
123800,-6.88,0.79,-2.56,0,0,1,123
123820,-7.27,1.51,-1.53,0,0,1,123
123840,-8.15,1.99,-1.76,0,0,1,123
123860,-8.99,1.03,-3.23,0,0,1,123
123880,-9.24,0.48,-3.53,0,0,1,123
123900,-7.29,0.97,-2.79,0,0,1,123
123920,-9.27,2.09,-4.43,0,0,1,123
123940,-10.85,2.7,-6.57,0,0,1,123
123960,-10.75,2.48,-6.32,0,0,1,123
123980,-9.37,2.25,-4.37,0,0,1,123
123000,-7.79,2.53,-4.1,0,0,1,124
123020,-8.01,2.06,-4.43,0,0,1,124
123040,-8.5,1.97,-4.86,0,0,1,124
123060,-8.66,2.2,-5.02,0,0,1,124
123080,-8.43,2.14,-4.62,0,0,1,124
123100,-8.15,2.02,-3.87,0,0,1,124
123120,-7.96,1.99,-3.88,0,0,1,124
123140,-7.89,2.05,-4.33,0,0,1,124
123160,-7.83,2.61,-4.64,0,0,1,124
123180,-8.07,3.37,-4.82,0,0,1,124
123200,-8.42,3.7,-4.66,0,0,1,124
123220,-8.51,3.19,-4.63,0,0,1,124
123240,-8.39,2.26,-4.91,0,0,1,124
123260,-8.11,1.8,-5.12,0,0,1,124
123280,-7.51,1.67,-5.16,0,0,1,124
123300,-7.45,0.8,-5.23,0,0,1,124
123320,-9.56,1.28,-2.47,0,0,1,124
123340,-8.63,2.88,-2.66,0,0,1,124
123360,-10.88,2.35,-4.92,0,0,1,124
123380,-11.65,0.59,-7.66,0,0,1,124
123400,-10.81,-0.44,-7.53,0,0,1,124
123420,-9.17,0.12,-5.44,0,0,1,124
123440,-8.3,1.97,-3.65,0,0,1,124
123460,-8.26,2.97,-2.78,0,0,1,124
123480,-8.37,2.08,-2.71,0,0,1,124
123500,-8.73,0.32,-3.89,0,0,1,124
123520,-10.01,-1.46,-6.24,0,0,1,124
123540,-10.1,-1.36,-4.65,0,0,1,124
123560,-8.47,-1.1,-2.96,0,0,1,124
123580,-8.94,0.58,-2.34,0,0,1,124
123600,-8.7,2.47,-1.91,0,0,1,124
123620,-9.01,2.49,-1.94,0,0,1,124
123640,-9.2,1.91,-2.64,0,0,1,124
123660,-9.69,1.02,-3.15,0,0,1,124
123680,-10.15,1.07,-3.28,0,0,1,124
123700,-9.7,1.4,-4.25,0,0,1,124
123720,-8.58,1.48,-2.75,0,0,1,124
123740,-8.66,2.23,-2.38,0,0,1,124
123760,-6.99,1.88,-2.09,0,0,1,124
123780,-7.95,1.9,-3.5,0,0,1,124
123800,-6.88,0.79,-2.56,0,0,1,124
123820,-7.27,1.51,-1.53,0,0,1,124
123840,-8.15,1.99,-1.76,0,0,1,124
123860,-8.99,1.03,-3.23,0,0,1,124
123880,-9.24,0.48,-3.53,0,0,1,124
123900,-7.29,0.97,-2.79,0,0,1,124
123920,-9.27,2.09,-4.43,0,0,1,124
123940,-10.85,2.7,-6.57,0,0,1,124
123960,-10.75,2.48,-6.32,0,0,1,124
123980,-9.37,2.25,-4.37,0,0,1,124
124000,-8.76,1.67,-3.37,0,0,1,124
124020,-8.72,1.29,-3.05,0,0,1,124
124040,-8.23,1.27,-2.72,0,0,1,124
124060,-8.82,1.83,-1.7,0,0,1,124
124080,-8.92,1.43,-4.4,0,0,1,124
124100,-8.95,0.69,-5.59,0,0,1,124
124120,-9.13,1.43,-5.0,0,0,1,124
124140,-8.11,1.15,-3.78,0,0,1,124
124160,-8.77,1.17,-3.82,0,0,1,124
124180,-8.6,1.52,-3.32,0,0,1,124
124200,-8.13,2.18,-3.38,0,0,1,124
124220,-8.81,2.19,-4.89,0,0,1,124
124240,-8.24,2.24,-4.52,0,0,1,124
124260,-9.15,1.52,-4.51,0,0,1,124
124280,-9.19,0.68,-6.52,0,0,1,124
124300,-8.55,1.5,-5.37,0,0,1,124
124320,-8.98,1.39,-5.38,0,0,1,124
124340,-7.87,2.69,-4.74,0,0,1,124
124360,-10.34,1.08,-3.82,0,0,1,124
124380,-9.02,0.52,-3.63,0,0,1,124
124400,-8.09,0.28,-2.91,0,0,1,124
124420,-8.21,-0.63,-3.4,0,0,1,124
124440,-8.17,-0.62,-3.7,0,0,1,124
124460,-8.97,-0.72,-3.42,0,0,1,124
124480,-9.25,0.81,-2.64,0,0,1,124
124500,-9.83,-0.27,-3.28,0,0,1,124
124520,-9.32,-1.07,-2.94,0,0,1,124
124540,-9.05,-0.46,-2.09,0,0,1,124
124560,-9.28,0.09,-2.08,0,0,1,124
124580,-8.86,-1.19,-2.22,0,0,1,124
124600,-8.81,-0.76,-1.91,0,0,1,124
124620,-9.58,-0.0,-1.76,0,0,1,124
124640,-9.74,-0.01,-1.67,0,0,1,124
124660,-9.18,-0.61,-1.33,0,0,1,124
124680,-9.73,0.04,-1.34,0,0,1,124
124700,-9.5,-0.6,-1.35,0,0,1,124
124720,-9.54,-0.75,-1.84,0,0,1,124
124740,-10.22,-0.45,-1.58,0,0,1,124
124760,-10.4,0.2,-1.54,0,0,1,124
124780,-9.94,-0.84,-1.59,0,0,1,124
124800,-9.31,-0.92,-0.63,0,0,1,124
124820,-9.03,-0.38,-0.71,0,0,1,124
124840,-9.2,-0.18,-1.4,0,0,1,124
124860,-8.92,-0.5,-2.52,0,0,1,124
124880,-8.98,0.1,-1.6,0,0,1,124
124900,-9.52,0.94,-1.42,0,0,1,124
124920,-9.57,0.13,-2.66,0,0,1,124
124940,-9.09,-0.04,-3.16,0,0,1,124
124960,-9.16,0.21,-3.35,0,0,1,124
124980,-9.12,-0.15,-2.84,0,0,1,124
124000,-8.76,1.67,-3.37,0,0,1,125
124020,-8.72,1.29,-3.05,0,0,1,125
124040,-8.23,1.27,-2.72,0,0,1,125
124060,-8.82,1.83,-1.7,0,0,1,125
124080,-8.92,1.43,-4.4,0,0,1,125
124100,-8.95,0.69,-5.59,0,0,1,125
124120,-9.13,1.43,-5.0,0,0,1,125
124140,-8.11,1.15,-3.78,0,0,1,125
124160,-8.77,1.17,-3.82,0,0,1,125
124180,-8.6,1.52,-3.32,0,0,1,125
124200,-8.13,2.18,-3.38,0,0,1,125
124220,-8.81,2.19,-4.89,0,0,1,125
124240,-8.24,2.24,-4.52,0,0,1,125
124260,-9.15,1.52,-4.51,0,0,1,125
124280,-9.19,0.68,-6.52,0,0,1,125
124300,-8.55,1.5,-5.37,0,0,1,125
124320,-8.98,1.39,-5.38,0,0,1,125
124340,-7.87,2.69,-4.74,0,0,1,125
124360,-10.34,1.08,-3.82,0,0,1,125
124380,-9.02,0.52,-3.63,0,0,1,125
124400,-8.09,0.28,-2.91,0,0,1,125
124420,-8.21,-0.63,-3.4,0,0,1,125
124440,-8.17,-0.62,-3.7,0,0,1,125
124460,-8.97,-0.72,-3.42,0,0,1,125
124480,-9.25,0.81,-2.64,0,0,1,125
124500,-9.83,-0.27,-3.28,0,0,1,125
124520,-9.32,-1.07,-2.94,0,0,1,125
124540,-9.05,-0.46,-2.09,0,0,1,125
124560,-9.28,0.09,-2.08,0,0,1,125
124580,-8.86,-1.19,-2.22,0,0,1,125
124600,-8.81,-0.76,-1.91,0,0,1,125
124620,-9.58,-0.0,-1.76,0,0,1,125
124640,-9.74,-0.01,-1.67,0,0,1,125
124660,-9.18,-0.61,-1.33,0,0,1,125
124680,-9.73,0.04,-1.34,0,0,1,125
124700,-9.5,-0.6,-1.35,0,0,1,125
124720,-9.54,-0.75,-1.84,0,0,1,125
124740,-10.22,-0.45,-1.58,0,0,1,125
124760,-10.4,0.2,-1.54,0,0,1,125
124780,-9.94,-0.84,-1.59,0,0,1,125
124800,-9.31,-0.92,-0.63,0,0,1,125
124820,-9.03,-0.38,-0.71,0,0,1,125
124840,-9.2,-0.18,-1.4,0,0,1,125
124860,-8.92,-0.5,-2.52,0,0,1,125
124880,-8.98,0.1,-1.6,0,0,1,125
124900,-9.52,0.94,-1.42,0,0,1,125
124920,-9.57,0.13,-2.66,0,0,1,125
124940,-9.09,-0.04,-3.16,0,0,1,125
124960,-9.16,0.21,-3.35,0,0,1,125
124980,-9.12,-0.15,-2.84,0,0,1,125
125000,-9.06,-0.14,-2.61,0,0,1,125
125020,-9.3,0.34,-3.04,0,0,1,125
125040,-9.42,0.39,-3.57,0,0,1,125
125060,-9.16,-0.06,-3.5,0,0,1,125
125080,-8.83,-0.24,-2.76,0,0,1,125
125100,-8.91,0.03,-3.08,0,0,1,125
125120,-9.41,0.12,-3.67,0,0,1,125
125140,-9.1,0.1,-2.41,0,0,1,125
125160,-9.15,-0.11,-3.15,0,0,1,125
125180,-8.84,-0.14,-3.02,0,0,1,125
125200,-9.01,-0.13,-3.43,0,0,1,125
125220,-9.18,0.18,-3.61,0,0,1,125
125240,-8.94,-0.13,-3.47,0,0,1,125
125260,-9.16,-0.27,-3.94,0,0,1,125
125280,-8.98,-0.04,-3.95,0,0,1,125
125300,-8.68,-0.97,-3.12,0,0,1,125
125320,-9.39,-0.53,-4.77,0,0,1,125
125340,-9.33,0.05,-4.05,0,0,1,125
125360,-9.11,0.69,-3.7,0,0,1,125
125380,-8.05,0.21,-2.0,0,0,1,125
125400,-8.88,0.03,-3.59,0,0,1,125
125420,-9.25,0.17,-4.17,0,0,1,125
125440,-9.24,0.13,-3.9,0,0,1,125
125460,-9.12,0.01,-3.75,0,0,1,125
125480,-8.99,0.05,-3.5,0,0,1,125
125500,-9.01,-0.01,-3.7,0,0,1,125
125520,-8.94,-0.16,-3.61,0,0,1,125
125540,-8.97,-0.12,-3.57,0,0,1,125
125560,-9.1,-0.13,-3.64,0,0,1,125
125580,-9.1,-0.11,-3.73,0,0,1,125
125600,-8.98,-0.06,-3.72,0,0,1,125
125620,-9.02,-0.01,-3.62,0,0,1,125
125640,-9.15,-0.08,-3.65,0,0,1,125
125660,-8.92,-0.18,-3.69,0,0,1,125
125680,-8.91,-0.06,-3.6,0,0,1,125
125700,-9.14,-0.05,-3.62,0,0,1,125
125720,-8.89,-0.13,-3.71,0,0,1,125
125740,-8.92,-0.3,-3.73,0,0,1,125
125760,-9.2,-0.45,-3.61,0,0,1,125
125780,-8.86,-0.49,-3.48,0,0,1,125
125800,-8.82,-0.31,-3.51,0,0,1,125
125820,-8.94,-0.2,-3.63,0,0,1,125
125840,-8.85,-0.17,-3.73,0,0,1,125
125860,-8.93,-0.13,-3.9,0,0,1,125
125880,-8.75,-0.2,-4.01,0,0,1,125
125900,-8.66,-0.31,-4.46,0,0,1,125
125920,-8.94,-0.37,-4.73,0,0,1,125
125940,-8.77,-0.4,-4.49,0,0,1,125
125960,-8.7,-0.17,-3.75,0,0,1,125
125980,-8.73,0.24,-3.61,0,0,1,125
125000,-9.06,-0.14,-2.61,0,0,1,126
125020,-9.3,0.34,-3.04,0,0,1,126
125040,-9.42,0.39,-3.57,0,0,1,126
125060,-9.16,-0.06,-3.5,0,0,1,126
125080,-8.83,-0.24,-2.76,0,0,1,126
125100,-8.91,0.03,-3.08,0,0,1,126
125120,-9.41,0.12,-3.67,0,0,1,126
125140,-9.1,0.1,-2.41,0,0,1,126
125160,-9.15,-0.11,-3.15,0,0,1,126
125180,-8.84,-0.14,-3.02,0,0,1,126
125200,-9.01,-0.13,-3.43,0,0,1,126
125220,-9.18,0.18,-3.61,0,0,1,126
125240,-8.94,-0.13,-3.47,0,0,1,126
125260,-9.16,-0.27,-3.94,0,0,1,126
125280,-8.98,-0.04,-3.95,0,0,1,126
125300,-8.68,-0.97,-3.12,0,0,1,126
125320,-9.39,-0.53,-4.77,0,0,1,126
125340,-9.33,0.05,-4.05,0,0,1,126
125360,-9.11,0.69,-3.7,0,0,1,126
125380,-8.05,0.21,-2.0,0,0,1,126
125400,-8.88,0.03,-3.59,0,0,1,126
125420,-9.25,0.17,-4.17,0,0,1,126
125440,-9.24,0.13,-3.9,0,0,1,126
125460,-9.12,0.01,-3.75,0,0,1,126
125480,-8.99,0.05,-3.5,0,0,1,126
125500,-9.01,-0.01,-3.7,0,0,1,126
125520,-8.94,-0.16,-3.61,0,0,1,126
125540,-8.97,-0.12,-3.57,0,0,1,126
125560,-9.1,-0.13,-3.64,0,0,1,126
125580,-9.1,-0.11,-3.73,0,0,1,126
125600,-8.98,-0.06,-3.72,0,0,1,126
125620,-9.02,-0.01,-3.62,0,0,1,126
125640,-9.15,-0.08,-3.65,0,0,1,126
125660,-8.92,-0.18,-3.69,0,0,1,126
125680,-8.91,-0.06,-3.6,0,0,1,126
125700,-9.14,-0.05,-3.62,0,0,1,126
125720,-8.89,-0.13,-3.71,0,0,1,126
125740,-8.92,-0.3,-3.73,0,0,1,126
125760,-9.2,-0.45,-3.61,0,0,1,126
125780,-8.86,-0.49,-3.48,0,0,1,126
125800,-8.82,-0.31,-3.51,0,0,1,126
125820,-8.94,-0.2,-3.63,0,0,1,126
125840,-8.85,-0.17,-3.73,0,0,1,126
125860,-8.93,-0.13,-3.9,0,0,1,126
125880,-8.75,-0.2,-4.01,0,0,1,126
125900,-8.66,-0.31,-4.46,0,0,1,126
125920,-8.94,-0.37,-4.73,0,0,1,126
125940,-8.77,-0.4,-4.49,0,0,1,126
125960,-8.7,-0.17,-3.75,0,0,1,126
125980,-8.73,0.24,-3.61,0,0,1,126
126000,-8.8,0.12,-4.48,0,0,1,126
126020,-8.44,-0.37,-5.34,0,0,1,126
126040,-8.42,-0.79,-5.33,0,0,1,126
126060,-8.44,-0.85,-5.05,0,0,1,126
126080,-8.63,0.1,-4.48,0,0,1,126
126100,-8.51,1.16,-4.36,0,0,1,126
126120,-8.77,1.7,-4.32,0,0,1,126
126140,-9.02,1.37,-4.81,0,0,1,126
126160,-9.0,0.92,-4.85,0,0,1,126
126180,-8.98,0.5,-4.59,0,0,1,126
126200,-8.98,0.33,-4.2,0,0,1,126
126220,-8.6,0.2,-4.13,0,0,1,126
126240,-8.48,0.34,-4.23,0,0,1,126
126260,-8.63,0.8,-4.3,0,0,1,126
126280,-8.51,1.16,-4.52,0,0,1,126
126300,-8.5,1.32,-4.66,0,0,1,126
126320,-8.56,1.23,-4.87,0,0,1,126
126340,-8.39,1.12,-4.93,0,0,1,126
126360,-8.27,1.06,-4.86,0,0,1,126
126380,-8.17,1.0,-5.04,0,0,1,126
126400,-8.27,0.62,-5.28,0,0,1,126
126420,-8.04,0.54,-5.48,0,0,1,126
126440,-7.92,0.35,-5.57,0,0,1,126
126460,-7.72,0.06,-5.61,0,0,1,126
126480,-9.24,-0.67,-4.9,0,0,1,126
126500,-9.18,0.61,-3.17,0,0,1,126
126520,-9.75,1.56,-3.85,0,0,1,126
126540,-11.49,0.76,-4.5,0,0,1,126
126560,-11.69,-0.63,-5.75,0,0,1,126
126580,-11.07,-2.05,-6.5,0,0,1,126
126600,-10.25,-2.59,-5.86,0,0,1,126
126620,-9.07,-2.19,-4.25,0,0,1,126
126640,-8.73,-1.68,-3.18,0,0,1,126
126660,-8.53,-1.75,-2.1,0,0,1,126
126680,-7.83,-2.39,-1.49,0,0,1,126
126700,-7.53,-3.08,-1.52,0,0,1,126
126720,-7.04,-3.37,-1.33,0,0,1,126
126740,-7.23,-3.09,-1.2,0,0,1,126
126760,-8.49,-2.21,-2.02,0,0,1,126
126780,-10.27,-1.38,-3.79,0,0,1,126
126800,-11.48,-0.97,-4.56,0,0,1,126
126820,-11.1,-1.14,-4.64,0,0,1,126
126840,-9.45,-1.71,-3.39,0,0,1,126
126860,-8.29,-2.24,-2.1,0,0,1,126
126880,-8.3,-2.41,-1.99,0,0,1,126
126900,-8.44,-1.74,-2.91,0,0,1,126
126920,-9.34,-1.3,-3.78,0,0,1,126
126940,-8.53,-0.71,-3.99,0,0,1,126
126960,-8.22,-1.1,-3.32,0,0,1,126
126980,-7.67,-1.53,-2.49,0,0,1,126
126000,-8.8,0.12,-4.48,0,0,1,127
126020,-8.44,-0.37,-5.34,0,0,1,127
126040,-8.42,-0.79,-5.33,0,0,1,127
126060,-8.44,-0.85,-5.05,0,0,1,127
126080,-8.63,0.1,-4.48,0,0,1,127
126100,-8.51,1.16,-4.36,0,0,1,127
126120,-8.77,1.7,-4.32,0,0,1,127
126140,-9.02,1.37,-4.81,0,0,1,127
126160,-9.0,0.92,-4.85,0,0,1,127
126180,-8.98,0.5,-4.59,0,0,1,127
126200,-8.98,0.33,-4.2,0,0,1,127
126220,-8.6,0.2,-4.13,0,0,1,127
126240,-8.48,0.34,-4.23,0,0,1,127
126260,-8.63,0.8,-4.3,0,0,1,127
126280,-8.51,1.16,-4.52,0,0,1,127
126300,-8.5,1.32,-4.66,0,0,1,127
126320,-8.56,1.23,-4.87,0,0,1,127
126340,-8.39,1.12,-4.93,0,0,1,127
126360,-8.27,1.06,-4.86,0,0,1,127
126380,-8.17,1.0,-5.04,0,0,1,127
126400,-8.27,0.62,-5.28,0,0,1,127
126420,-8.04,0.54,-5.48,0,0,1,127
126440,-7.92,0.35,-5.57,0,0,1,127
126460,-7.72,0.06,-5.61,0,0,1,127
126480,-9.24,-0.67,-4.9,0,0,1,127
126500,-9.18,0.61,-3.17,0,0,1,127
126520,-9.75,1.56,-3.85,0,0,1,127
126540,-11.49,0.76,-4.5,0,0,1,127
126560,-11.69,-0.63,-5.75,0,0,1,127
126580,-11.07,-2.05,-6.5,0,0,1,127
126600,-10.25,-2.59,-5.86,0,0,1,127
126620,-9.07,-2.19,-4.25,0,0,1,127
126640,-8.73,-1.68,-3.18,0,0,1,127
126660,-8.53,-1.75,-2.1,0,0,1,127
126680,-7.83,-2.39,-1.49,0,0,1,127
126700,-7.53,-3.08,-1.52,0,0,1,127
126720,-7.04,-3.37,-1.33,0,0,1,127
126740,-7.23,-3.09,-1.2,0,0,1,127
126760,-8.49,-2.21,-2.02,0,0,1,127
126780,-10.27,-1.38,-3.79,0,0,1,127
126800,-11.48,-0.97,-4.56,0,0,1,127
126820,-11.1,-1.14,-4.64,0,0,1,127
126840,-9.45,-1.71,-3.39,0,0,1,127
126860,-8.29,-2.24,-2.1,0,0,1,127
126880,-8.3,-2.41,-1.99,0,0,1,127
126900,-8.44,-1.74,-2.91,0,0,1,127
126920,-9.34,-1.3,-3.78,0,0,1,127
126940,-8.53,-0.71,-3.99,0,0,1,127
126960,-8.22,-1.1,-3.32,0,0,1,127
126980,-7.67,-1.53,-2.49,0,0,1,127
127000,-6.96,-1.47,-2.33,0,0,1,127
127020,-7.54,-1.63,-2.8,0,0,1,127
127040,-7.81,-1.1,-3.54,0,0,1,127
127060,-8.02,-0.77,-3.89,0,0,1,127
127080,-8.61,-0.86,-3.82,0,0,1,127
127100,-8.75,-1.06,-3.48,0,0,1,127
127120,-9.12,-1.36,-3.15,0,0,1,127
127140,-11.31,-3.65,-2.73,0,0,1,127
127160,-9.85,-3.23,-4.96,0,0,1,127
127180,-7.96,-3.82,-5.6,0,0,1,127
127200,-7.14,-3.17,-2.72,0,0,1,127
127220,-8.45,-0.41,-0.33,0,0,1,127
127240,-9.71,2.99,-1.31,0,0,1,127
127260,-10.48,2.42,-3.54,0,0,1,127
127280,-9.2,-0.98,-6.42,0,0,1,127
127300,-8.85,-3.62,-6.84,0,0,1,127
127320,-9.22,-3.49,-5.7,0,0,1,127
127340,-8.81,-0.95,-3.86,0,0,1,127
127360,-8.44,0.2,-3.54,0,0,1,127
127380,-8.38,-0.71,-5.0,0,0,1,127
127400,-8.43,-2.2,-5.87,0,0,1,127
127420,-7.7,-1.81,-5.45,0,0,1,127
127440,-7.08,-1.31,-4.56,0,0,1,127
127460,-6.72,-1.59,-4.22,0,0,1,127
127480,-7.39,-2.61,-4.44,0,0,1,127
127500,-8.34,-3.09,-3.5,0,0,1,127
127520,-8.24,-1.96,-2.5,0,0,1,127
127540,-8.16,-0.12,-1.63,0,0,1,127
127560,-12.02,-0.23,0.15,0,0,1,127
127580,-9.42,1.35,-1.24,0,0,1,127
127600,-9.1,-1.49,-3.78,0,0,1,127
127620,-9.49,-3.76,-5.55,0,0,1,127
127640,-8.22,-3.94,-3.22,0,0,1,127
127660,-7.65,-2.73,-0.76,0,0,1,127
127680,-8.52,-2.1,-0.44,0,0,1,127
127700,-9.52,-1.89,-1.63,0,0,1,127
127720,-9.82,-2.16,-3.41,0,0,1,127
127740,-10.01,-2.43,-3.85,0,0,1,127
127760,-9.94,-1.67,-3.5,0,0,1,127
127780,-8.83,-1.84,-2.5,0,0,1,127
127800,-8.43,-2.43,-1.6,0,0,1,127
127820,-7.97,-3.25,-1.55,0,0,1,127
127840,-8.68,-4.06,-1.74,0,0,1,127
127860,-9.19,-3.83,-2.71,0,0,1,127
127880,-9.85,-3.0,-3.42,0,0,1,127
127900,-9.67,-1.95,-3.36,0,0,1,127
127920,-9.51,-2.07,-2.57,0,0,1,127
127940,-8.85,-2.3,-1.92,0,0,1,127
127960,-8.94,-3.16,-1.79,0,0,1,127
127980,-9.0,-3.58,-2.11,0,0,1,127
127000,-6.96,-1.47,-2.33,0,0,1,128
127020,-7.54,-1.63,-2.8,0,0,1,128
127040,-7.81,-1.1,-3.54,0,0,1,128
127060,-8.02,-0.77,-3.89,0,0,1,128
127080,-8.61,-0.86,-3.82,0,0,1,128
127100,-8.75,-1.06,-3.48,0,0,1,128
127120,-9.12,-1.36,-3.15,0,0,1,128
127140,-11.31,-3.65,-2.73,0,0,1,128
127160,-9.85,-3.23,-4.96,0,0,1,128
127180,-7.96,-3.82,-5.6,0,0,1,128
127200,-7.14,-3.17,-2.72,0,0,1,128
127220,-8.45,-0.41,-0.33,0,0,1,128
127240,-9.71,2.99,-1.31,0,0,1,128
127260,-10.48,2.42,-3.54,0,0,1,128
127280,-9.2,-0.98,-6.42,0,0,1,128
127300,-8.85,-3.62,-6.84,0,0,1,128
127320,-9.22,-3.49,-5.7,0,0,1,128
127340,-8.81,-0.95,-3.86,0,0,1,128
127360,-8.44,0.2,-3.54,0,0,1,128
127380,-8.38,-0.71,-5.0,0,0,1,128
127400,-8.43,-2.2,-5.87,0,0,1,128
127420,-7.7,-1.81,-5.45,0,0,1,128
127440,-7.08,-1.31,-4.56,0,0,1,128
127460,-6.72,-1.59,-4.22,0,0,1,128
127480,-7.39,-2.61,-4.44,0,0,1,128
127500,-8.34,-3.09,-3.5,0,0,1,128
127520,-8.24,-1.96,-2.5,0,0,1,128
127540,-8.16,-0.12,-1.63,0,0,1,128
127560,-12.02,-0.23,0.15,0,0,1,128
127580,-9.42,1.35,-1.24,0,0,1,128
127600,-9.1,-1.49,-3.78,0,0,1,128
127620,-9.49,-3.76,-5.55,0,0,1,128
127640,-8.22,-3.94,-3.22,0,0,1,128
127660,-7.65,-2.73,-0.76,0,0,1,128
127680,-8.52,-2.1,-0.44,0,0,1,128
127700,-9.52,-1.89,-1.63,0,0,1,128
127720,-9.82,-2.16,-3.41,0,0,1,128
127740,-10.01,-2.43,-3.85,0,0,1,128
127760,-9.94,-1.67,-3.5,0,0,1,128
127780,-8.83,-1.84,-2.5,0,0,1,128
127800,-8.43,-2.43,-1.6,0,0,1,128
127820,-7.97,-3.25,-1.55,0,0,1,128
127840,-8.68,-4.06,-1.74,0,0,1,128
127860,-9.19,-3.83,-2.71,0,0,1,128
127880,-9.85,-3.0,-3.42,0,0,1,128
127900,-9.67,-1.95,-3.36,0,0,1,128
127920,-9.51,-2.07,-2.57,0,0,1,128
127940,-8.85,-2.3,-1.92,0,0,1,128
127960,-8.94,-3.16,-1.79,0,0,1,128
127980,-9.0,-3.58,-2.11,0,0,1,128
128000,-9.32,-4.28,-2.2,0,0,1,128
128020,-8.59,-3.9,-1.97,0,0,1,128
128040,-8.11,-3.24,-1.79,0,0,1,128
128060,-8.76,-2.79,-1.53,0,0,1,128
128080,-8.55,-2.61,-1.8,0,0,1,128
128100,-8.72,-3.27,-1.88,0,0,1,128
128120,-8.45,-4.02,-1.6,0,0,1,128
128140,-8.25,-3.96,-1.59,0,0,1,128
128160,-8.39,-3.55,-1.15,0,0,1,128
128180,-8.25,-3.24,-1.07,0,0,1,128
128200,-8.32,-4.17,-1.31,0,0,1,128
128220,-8.16,-4.91,-1.79,0,0,1,128
128240,-7.84,-4.5,-1.92,0,0,1,128
128260,-8.25,-4.22,-1.48,0,0,1,128
128280,-8.54,-4.16,-1.9,0,0,1,128
128300,-8.61,-3.6,-1.97,0,0,1,128
128320,-9.21,-3.55,-1.83,0,0,1,128
128340,-8.93,-3.36,-1.89,0,0,1,128
128360,-8.59,-3.41,-1.47,0,0,1,128
128380,-8.39,-3.19,-1.77,0,0,1,128
128400,-8.59,-2.65,-2.01,0,0,1,128
128420,-8.65,-2.07,-1.84,0,0,1,128
128440,-8.53,-2.05,-1.19,0,0,1,128
128460,-8.64,-2.13,-1.17,0,0,1,128
128480,-8.87,-1.97,-1.5,0,0,1,128
128500,-9.36,-1.78,-1.62,0,0,1,128
128520,-9.65,-1.62,-1.79,0,0,1,128
128540,-9.91,-1.5,-1.54,0,0,1,128
128560,-10.05,-1.97,-1.77,0,0,1,128
128580,-10.07,-2.17,-1.94,0,0,1,128
128600,-10.15,-2.04,-1.85,0,0,1,128
128620,-10.1,-2.34,-2.04,0,0,1,128
128640,-9.86,-2.66,-2.41,0,0,1,128
128660,-9.78,-2.71,-2.65,0,0,1,128
128680,-9.87,-2.33,-2.48,0,0,1,128
128700,-10.44,-1.9,-2.7,0,0,1,128
128720,-10.12,-1.43,-2.38,0,0,1,128
128740,-10.18,-1.05,-2.27,0,0,1,128
128760,-9.89,-0.91,-2.32,0,0,1,128
128780,-9.8,-0.75,-2.11,0,0,1,128
128800,-9.52,-0.63,-2.06,0,0,1,128
128820,-9.5,-0.57,-2.52,0,0,1,128
128840,-9.38,-0.42,-2.4,0,0,1,128
128860,-9.36,-0.19,-2.39,0,0,1,128
128880,-9.54,0.06,-2.6,0,0,1,128
128900,-9.8,0.22,-2.77,0,0,1,128
128920,-9.87,0.46,-2.98,0,0,1,128
128940,-9.53,0.48,-2.77,0,0,1,128
128960,-9.22,0.27,-2.51,0,0,1,128
128980,-9.38,0.21,-2.77,0,0,1,128
128000,-9.32,-4.28,-2.2,0,0,1,129
128020,-8.59,-3.9,-1.97,0,0,1,129
128040,-8.11,-3.24,-1.79,0,0,1,129
128060,-8.76,-2.79,-1.53,0,0,1,129
128080,-8.55,-2.61,-1.8,0,0,1,129
128100,-8.72,-3.27,-1.88,0,0,1,129
128120,-8.45,-4.02,-1.6,0,0,1,129
128140,-8.25,-3.96,-1.59,0,0,1,129
128160,-8.39,-3.55,-1.15,0,0,1,129
128180,-8.25,-3.24,-1.07,0,0,1,129
128200,-8.32,-4.17,-1.31,0,0,1,129
128220,-8.16,-4.91,-1.79,0,0,1,129
128240,-7.84,-4.5,-1.92,0,0,1,129
128260,-8.25,-4.22,-1.48,0,0,1,129
128280,-8.54,-4.16,-1.9,0,0,1,129
128300,-8.61,-3.6,-1.97,0,0,1,129
128320,-9.21,-3.55,-1.83,0,0,1,129
128340,-8.93,-3.36,-1.89,0,0,1,129
128360,-8.59,-3.41,-1.47,0,0,1,129
128380,-8.39,-3.19,-1.77,0,0,1,129
128400,-8.59,-2.65,-2.01,0,0,1,129
128420,-8.65,-2.07,-1.84,0,0,1,129
128440,-8.53,-2.05,-1.19,0,0,1,129
128460,-8.64,-2.13,-1.17,0,0,1,129
128480,-8.87,-1.97,-1.5,0,0,1,129
128500,-9.36,-1.78,-1.62,0,0,1,129
128520,-9.65,-1.62,-1.79,0,0,1,129
128540,-9.91,-1.5,-1.54,0,0,1,129
128560,-10.05,-1.97,-1.77,0,0,1,129
128580,-10.07,-2.17,-1.94,0,0,1,129
128600,-10.15,-2.04,-1.85,0,0,1,129
128620,-10.1,-2.34,-2.04,0,0,1,129
128640,-9.86,-2.66,-2.41,0,0,1,129
128660,-9.78,-2.71,-2.65,0,0,1,129
128680,-9.87,-2.33,-2.48,0,0,1,129
128700,-10.44,-1.9,-2.7,0,0,1,129
128720,-10.12,-1.43,-2.38,0,0,1,129
128740,-10.18,-1.05,-2.27,0,0,1,129
128760,-9.89,-0.91,-2.32,0,0,1,129
128780,-9.8,-0.75,-2.11,0,0,1,129
128800,-9.52,-0.63,-2.06,0,0,1,129
128820,-9.5,-0.57,-2.52,0,0,1,129
128840,-9.38,-0.42,-2.4,0,0,1,129
128860,-9.36,-0.19,-2.39,0,0,1,129
128880,-9.54,0.06,-2.6,0,0,1,129
128900,-9.8,0.22,-2.77,0,0,1,129
128920,-9.87,0.46,-2.98,0,0,1,129
128940,-9.53,0.48,-2.77,0,0,1,129
128960,-9.22,0.27,-2.51,0,0,1,129
128980,-9.38,0.21,-2.77,0,0,1,129
129000,-9.6,0.29,-2.94,0,0,1,129
129020,-9.33,0.32,-2.7,0,0,1,129
129040,-9.16,0.54,-2.49,0,0,1,129
129060,-9.27,0.73,-2.48,0,0,1,129
129080,-9.47,0.75,-2.69,0,0,1,129
129100,-9.53,0.63,-2.85,0,0,1,129
129120,-9.38,0.64,-2.78,0,0,1,129
129140,-9.33,0.47,-2.59,0,0,1,129
129160,-9.4,0.67,-2.73,0,0,1,129
129180,-9.12,0.98,-2.48,0,0,1,129
129200,-9.18,1.38,-2.45,0,0,1,129
129220,-9.15,1.3,-2.57,0,0,1,129
129240,-9.14,1.17,-2.55,0,0,1,129
129260,-9.25,1.25,-2.61,0,0,1,129
129280,-9.39,1.11,-2.89,0,0,1,129
129300,-9.36,0.98,-2.73,0,0,1,129
129320,-9.33,0.85,-2.83,0,0,1,129
129340,-9.19,0.86,-2.57,0,0,1,129
129360,-9.19,0.82,-2.63,0,0,1,129
129380,-9.4,0.81,-3.05,0,0,1,129
129400,-9.34,0.91,-2.88,0,0,1,129
129420,-9.21,0.89,-2.84,0,0,1,129
129440,-9.13,0.91,-2.77,0,0,1,129
129460,-9.3,1.04,-3.03,0,0,1,129
129480,-9.25,1.06,-2.89,0,0,1,129
129500,-9.29,0.99,-2.9,0,0,1,129
129520,-9.24,0.96,-2.89,0,0,1,129
129540,-9.33,0.81,-2.91,0,0,1,129
129560,-9.39,0.91,-2.97,0,0,1,129
129580,-9.29,0.95,-3.07,0,0,1,129
129600,-9.34,0.9,-2.9,0,0,1,129
129620,-9.16,1.02,-2.96,0,0,1,129
129640,-9.11,1.04,-2.83,0,0,1,129
129660,-9.17,0.98,-2.92,0,0,1,129
129680,-9.18,0.95,-2.97,0,0,1,129
129700,-9.22,1.0,-3.0,0,0,1,129
129720,-9.18,0.91,-2.98,0,0,1,129
129740,-9.14,0.99,-2.86,0,0,1,129
129760,-9.16,1.02,-2.9,0,0,1,129
129780,-9.18,0.98,-2.86,0,0,1,129
129800,-9.19,0.9,-2.89,0,0,1,129
129820,-9.25,0.92,-2.96,0,0,1,129
129840,-9.22,0.92,-3.03,0,0,1,129
129860,-9.15,0.96,-2.98,0,0,1,129
129880,-9.2,0.93,-2.91,0,0,1,129
129900,-9.19,0.86,-2.99,0,0,1,129
129920,-9.24,0.91,-3.05,0,0,1,129
129940,-9.24,0.91,-3.05,0,0,1,129
129960,-9.18,0.91,-2.97,0,0,1,129
129980,-9.17,0.9,-2.96,0,0,1,129
129000,-9.6,0.29,-2.94,0,0,1,130
129020,-9.33,0.32,-2.7,0,0,1,130
129040,-9.16,0.54,-2.49,0,0,1,130
129060,-9.27,0.73,-2.48,0,0,1,130
129080,-9.47,0.75,-2.69,0,0,1,130
129100,-9.53,0.63,-2.85,0,0,1,130
129120,-9.38,0.64,-2.78,0,0,1,130
129140,-9.33,0.47,-2.59,0,0,1,130
129160,-9.4,0.67,-2.73,0,0,1,130
129180,-9.12,0.98,-2.48,0,0,1,130
129200,-9.18,1.38,-2.45,0,0,1,130
129220,-9.15,1.3,-2.57,0,0,1,130
129240,-9.14,1.17,-2.55,0,0,1,130
129260,-9.25,1.25,-2.61,0,0,1,130
129280,-9.39,1.11,-2.89,0,0,1,130
129300,-9.36,0.98,-2.73,0,0,1,130
129320,-9.33,0.85,-2.83,0,0,1,130
129340,-9.19,0.86,-2.57,0,0,1,130
129360,-9.19,0.82,-2.63,0,0,1,130
129380,-9.4,0.81,-3.05,0,0,1,130
129400,-9.34,0.91,-2.88,0,0,1,130
129420,-9.21,0.89,-2.84,0,0,1,130
129440,-9.13,0.91,-2.77,0,0,1,130
129460,-9.3,1.04,-3.03,0,0,1,130
129480,-9.25,1.06,-2.89,0,0,1,130
129500,-9.29,0.99,-2.9,0,0,1,130
129520,-9.24,0.96,-2.89,0,0,1,130
129540,-9.33,0.81,-2.91,0,0,1,130
129560,-9.39,0.91,-2.97,0,0,1,130
129580,-9.29,0.95,-3.07,0,0,1,130
129600,-9.34,0.9,-2.9,0,0,1,130
129620,-9.16,1.02,-2.96,0,0,1,130
129640,-9.11,1.04,-2.83,0,0,1,130
129660,-9.17,0.98,-2.92,0,0,1,130
129680,-9.18,0.95,-2.97,0,0,1,130
129700,-9.22,1.0,-3.0,0,0,1,130
129720,-9.18,0.91,-2.98,0,0,1,130
129740,-9.14,0.99,-2.86,0,0,1,130
129760,-9.16,1.02,-2.9,0,0,1,130
129780,-9.18,0.98,-2.86,0,0,1,130
129800,-9.19,0.9,-2.89,0,0,1,130
129820,-9.25,0.92,-2.96,0,0,1,130
129840,-9.22,0.92,-3.03,0,0,1,130
129860,-9.15,0.96,-2.98,0,0,1,130
129880,-9.2,0.93,-2.91,0,0,1,130
129900,-9.19,0.86,-2.99,0,0,1,130
129920,-9.24,0.91,-3.05,0,0,1,130
129940,-9.24,0.91,-3.05,0,0,1,130
129960,-9.18,0.91,-2.97,0,0,1,130
129980,-9.17,0.9,-2.96,0,0,1,130
130000,-9.15,0.92,-2.93,0,0,1,130
130020,-9.18,0.91,-2.91,0,0,1,130
130040,-9.23,0.93,-2.96,0,0,1,130
130060,-9.22,0.94,-2.93,0,0,1,130
130080,-9.17,0.87,-2.99,0,0,1,130
130100,-9.17,0.92,-2.96,0,0,1,130
130120,-9.2,0.95,-2.96,0,0,1,130
130140,-9.21,0.92,-2.96,0,0,1,130
130160,-9.19,0.92,-3.02,0,0,1,130
130180,-9.18,0.89,-2.97,0,0,1,130
130200,-9.18,0.9,-2.93,0,0,1,130
130220,-9.2,0.86,-2.93,0,0,1,130
130240,-9.19,0.91,-2.96,0,0,1,130
130260,-9.17,0.94,-2.92,0,0,1,130
130280,-9.2,0.92,-2.91,0,0,1,130
130300,-9.22,0.89,-2.92,0,0,1,130
130320,-9.16,0.9,-2.9,0,0,1,130
130340,-9.17,0.89,-2.92,0,0,1,130
130360,-9.22,0.89,-2.94,0,0,1,130
130380,-9.25,0.89,-2.89,0,0,1,130
130400,-9.21,0.91,-2.97,0,0,1,130
130420,-9.21,0.86,-3.0,0,0,1,130
130440,-9.17,0.91,-2.9,0,0,1,130
130460,-9.2,0.88,-2.96,0,0,1,130
130480,-9.21,0.86,-2.89,0,0,1,130
130500,-9.32,0.81,-2.95,0,0,1,130
130520,-9.28,0.83,-2.99,0,0,1,130
130540,-9.15,0.93,-2.99,0,0,1,130
130560,-9.1,0.97,-2.83,0,0,1,130
130580,-9.23,0.95,-2.89,0,0,1,130
130600,-9.2,0.87,-2.95,0,0,1,130
130620,-9.19,0.89,-2.89,0,0,1,130
130640,-9.21,0.92,-2.79,0,0,1,130
130660,-9.2,0.89,-2.87,0,0,1,130
130680,-9.26,0.82,-2.87,0,0,1,130
130700,-9.18,0.87,-2.88,0,0,1,130
130720,-9.2,0.91,-2.9,0,0,1,130
130740,-9.22,0.92,-2.96,0,0,1,130
130760,-9.27,0.85,-2.85,0,0,1,130
130780,-9.21,0.81,-2.93,0,0,1,130
130800,-9.18,0.89,-2.9,0,0,1,130
130820,-9.21,0.9,-2.9,0,0,1,130
130840,-9.28,0.9,-2.92,0,0,1,130
130860,-9.2,0.87,-2.89,0,0,1,130
130880,-9.16,0.89,-2.93,0,0,1,130
130900,-9.2,0.91,-2.94,0,0,1,130
130920,-9.19,0.93,-2.89,0,0,1,130
130940,-9.21,0.87,-2.91,0,0,1,130
130960,-9.19,0.86,-2.89,0,0,1,130
130980,-9.19,0.91,-2.91,0,0,1,130
130000,-9.15,0.92,-2.93,0,0,1,131
130020,-9.18,0.91,-2.91,0,0,1,131
130040,-9.23,0.93,-2.96,0,0,1,131
130060,-9.22,0.94,-2.93,0,0,1,131
130080,-9.17,0.87,-2.99,0,0,1,131
130100,-9.17,0.92,-2.96,0,0,1,131
130120,-9.2,0.95,-2.96,0,0,1,131
130140,-9.21,0.92,-2.96,0,0,1,131
130160,-9.19,0.92,-3.02,0,0,1,131
130180,-9.18,0.89,-2.97,0,0,1,131
130200,-9.18,0.9,-2.93,0,0,1,131
130220,-9.2,0.86,-2.93,0,0,1,131
130240,-9.19,0.91,-2.96,0,0,1,131
130260,-9.17,0.94,-2.92,0,0,1,131
130280,-9.2,0.92,-2.91,0,0,1,131
130300,-9.22,0.89,-2.92,0,0,1,131
130320,-9.16,0.9,-2.9,0,0,1,131
130340,-9.17,0.89,-2.92,0,0,1,131
130360,-9.22,0.89,-2.94,0,0,1,131
130380,-9.25,0.89,-2.89,0,0,1,131
130400,-9.21,0.91,-2.97,0,0,1,131
130420,-9.21,0.86,-3.0,0,0,1,131
130440,-9.17,0.91,-2.9,0,0,1,131
130460,-9.2,0.88,-2.96,0,0,1,131
130480,-9.21,0.86,-2.89,0,0,1,131
130500,-9.32,0.81,-2.95,0,0,1,131
130520,-9.28,0.83,-2.99,0,0,1,131
130540,-9.15,0.93,-2.99,0,0,1,131
130560,-9.1,0.97,-2.83,0,0,1,131
130580,-9.23,0.95,-2.89,0,0,1,131
130600,-9.2,0.87,-2.95,0,0,1,131
130620,-9.19,0.89,-2.89,0,0,1,131
130640,-9.21,0.92,-2.79,0,0,1,131
130660,-9.2,0.89,-2.87,0,0,1,131
130680,-9.26,0.82,-2.87,0,0,1,131
130700,-9.18,0.87,-2.88,0,0,1,131
130720,-9.2,0.91,-2.9,0,0,1,131
130740,-9.22,0.92,-2.96,0,0,1,131
130760,-9.27,0.85,-2.85,0,0,1,131
130780,-9.21,0.81,-2.93,0,0,1,131
130800,-9.18,0.89,-2.9,0,0,1,131
130820,-9.21,0.9,-2.9,0,0,1,131
130840,-9.28,0.9,-2.92,0,0,1,131
130860,-9.2,0.87,-2.89,0,0,1,131
130880,-9.16,0.89,-2.93,0,0,1,131
130900,-9.2,0.91,-2.94,0,0,1,131
130920,-9.19,0.93,-2.89,0,0,1,131
130940,-9.21,0.87,-2.91,0,0,1,131
130960,-9.19,0.86,-2.89,0,0,1,131
130980,-9.19,0.91,-2.91,0,0,1,131
131000,-9.22,0.91,-2.91,0,0,1,131
131020,-9.21,0.89,-2.87,0,0,1,131
131040,-9.18,0.87,-2.92,0,0,1,131
131060,-9.2,0.88,-2.89,0,0,1,131
131080,-9.21,0.9,-2.86,0,0,1,131
131100,-9.22,0.89,-2.92,0,0,1,131
131120,-9.18,0.9,-2.88,0,0,1,131
131140,-9.21,0.9,-2.95,0,0,1,131
131160,-9.25,0.89,-2.97,0,0,1,131
131180,-9.19,0.88,-2.96,0,0,1,131
131200,-9.21,0.87,-2.95,0,0,1,131
131220,-9.24,0.89,-2.95,0,0,1,131
131240,-9.2,0.93,-2.89,0,0,1,131
131260,-9.23,0.88,-2.93,0,0,1,131
131280,-9.18,0.88,-2.96,0,0,1,131
131300,-9.22,0.92,-2.94,0,0,1,131
131320,-9.24,0.88,-2.96,0,0,1,131
131340,-9.18,0.85,-2.96,0,0,1,131
131360,-9.2,0.9,-2.93,0,0,1,131
131380,-9.22,0.88,-2.91,0,0,1,131
131400,-9.2,0.87,-2.87,0,0,1,131
131420,-9.16,0.88,-2.94,0,0,1,131
131440,-9.25,0.84,-2.99,0,0,1,131
131460,-9.15,0.87,-2.93,0,0,1,131
131480,-9.26,0.78,-2.95,0,0,1,131
131500,-9.21,0.85,-2.95,0,0,1,131
131520,-9.15,0.93,-2.91,0,0,1,131
131540,-9.19,0.86,-2.94,0,0,1,131
131560,-9.18,0.84,-2.95,0,0,1,131
131580,-9.15,0.81,-2.92,0,0,1,131
131600,-9.2,0.85,-2.97,0,0,1,131
131620,-9.21,0.9,-2.93,0,0,1,131
131640,-9.24,0.83,-2.94,0,0,1,131
131660,-9.16,0.82,-3.03,0,0,1,131
131680,-9.17,0.86,-2.93,0,0,1,131
131700,-9.2,0.89,-2.98,0,0,1,131
131720,-9.18,0.9,-2.95,0,0,1,131
131740,-9.19,0.87,-3.01,0,0,1,131
131760,-9.23,0.88,-3.02,0,0,1,131
131780,-9.18,0.91,-2.95,0,0,1,131
131800,-9.19,0.85,-2.97,0,0,1,131
131820,-9.15,0.87,-2.93,0,0,1,131
131840,-9.18,0.81,-2.96,0,0,1,131
131860,-9.18,0.88,-2.93,0,0,1,131
131880,-9.19,0.82,-3.0,0,0,1,131
131900,-9.19,0.87,-3.0,0,0,1,131
131920,-9.18,0.82,-2.99,0,0,1,131
131940,-9.2,0.84,-2.94,0,0,1,131
131960,-9.2,0.84,-3.01,0,0,1,131
131980,-9.18,0.85,-2.99,0,0,1,131
131000,-9.22,0.91,-2.91,0,0,1,132
131020,-9.21,0.89,-2.87,0,0,1,132
131040,-9.18,0.87,-2.92,0,0,1,132
131060,-9.2,0.88,-2.89,0,0,1,132
131080,-9.21,0.9,-2.86,0,0,1,132
131100,-9.22,0.89,-2.92,0,0,1,132
131120,-9.18,0.9,-2.88,0,0,1,132
131140,-9.21,0.9,-2.95,0,0,1,132
131160,-9.25,0.89,-2.97,0,0,1,132
131180,-9.19,0.88,-2.96,0,0,1,132
131200,-9.21,0.87,-2.95,0,0,1,132
131220,-9.24,0.89,-2.95,0,0,1,132
131240,-9.2,0.93,-2.89,0,0,1,132
131260,-9.23,0.88,-2.93,0,0,1,132
131280,-9.18,0.88,-2.96,0,0,1,132
131300,-9.22,0.92,-2.94,0,0,1,132
131320,-9.24,0.88,-2.96,0,0,1,132
131340,-9.18,0.85,-2.96,0,0,1,132
131360,-9.2,0.9,-2.93,0,0,1,132
131380,-9.22,0.88,-2.91,0,0,1,132
131400,-9.2,0.87,-2.87,0,0,1,132
131420,-9.16,0.88,-2.94,0,0,1,132
131440,-9.25,0.84,-2.99,0,0,1,132
131460,-9.15,0.87,-2.93,0,0,1,132
131480,-9.26,0.78,-2.95,0,0,1,132
131500,-9.21,0.85,-2.95,0,0,1,132
131520,-9.15,0.93,-2.91,0,0,1,132
131540,-9.19,0.86,-2.94,0,0,1,132
131560,-9.18,0.84,-2.95,0,0,1,132
131580,-9.15,0.81,-2.92,0,0,1,132
131600,-9.2,0.85,-2.97,0,0,1,132
131620,-9.21,0.9,-2.93,0,0,1,132
131640,-9.24,0.83,-2.94,0,0,1,132
131660,-9.16,0.82,-3.03,0,0,1,132
131680,-9.17,0.86,-2.93,0,0,1,132
131700,-9.2,0.89,-2.98,0,0,1,132
131720,-9.18,0.9,-2.95,0,0,1,132
131740,-9.19,0.87,-3.01,0,0,1,132
131760,-9.23,0.88,-3.02,0,0,1,132
131780,-9.18,0.91,-2.95,0,0,1,132
131800,-9.19,0.85,-2.97,0,0,1,132
131820,-9.15,0.87,-2.93,0,0,1,132
131840,-9.18,0.81,-2.96,0,0,1,132
131860,-9.18,0.88,-2.93,0,0,1,132
131880,-9.19,0.82,-3.0,0,0,1,132
131900,-9.19,0.87,-3.0,0,0,1,132
131920,-9.18,0.82,-2.99,0,0,1,132
131940,-9.2,0.84,-2.94,0,0,1,132
131960,-9.2,0.84,-3.01,0,0,1,132
131980,-9.18,0.85,-2.99,0,0,1,132
132000,-9.22,0.86,-2.95,0,0,1,132
132020,-9.2,0.85,-2.97,0,0,1,132
132040,-9.19,0.85,-2.99,0,0,1,132
132060,-9.19,0.86,-2.92,0,0,1,132
132080,-9.17,0.86,-2.9,0,0,1,132
132100,-9.24,0.86,-2.96,0,0,1,132
132120,-9.21,0.85,-3.01,0,0,1,132
132140,-9.2,0.83,-2.99,0,0,1,132
132160,-9.19,0.9,-2.97,0,0,1,132
132180,-9.19,0.9,-2.96,0,0,1,132
132200,-9.22,0.88,-2.99,0,0,1,132
132220,-9.23,0.91,-3.02,0,0,1,132
132240,-9.22,0.86,-3.01,0,0,1,132
132260,-9.14,0.88,-2.91,0,0,1,132
132280,-9.17,0.82,-2.93,0,0,1,132
132300,-9.16,0.85,-2.93,0,0,1,132
132320,-9.21,0.85,-2.89,0,0,1,132
132340,-9.22,0.91,-2.93,0,0,1,132
132360,-9.29,0.81,-2.98,0,0,1,132
132380,-9.23,0.81,-3.05,0,0,1,132
132400,-9.13,0.79,-2.91,0,0,1,132
132420,-9.11,0.94,-2.88,0,0,1,132
132440,-9.24,0.93,-2.93,0,0,1,132
132460,-9.25,0.85,-2.98,0,0,1,132
132480,-9.19,0.88,-2.91,0,0,1,132
132500,-9.17,0.86,-2.93,0,0,1,132
132520,-9.22,0.84,-2.99,0,0,1,132
132540,-9.24,0.84,-2.95,0,0,1,132
132560,-9.25,0.87,-2.93,0,0,1,132
132580,-9.17,0.91,-2.96,0,0,1,132
132600,-9.21,0.9,-2.91,0,0,1,132
132620,-9.25,0.86,-2.95,0,0,1,132
132640,-9.18,0.86,-2.9,0,0,1,132
132660,-9.19,0.85,-2.91,0,0,1,132
132680,-9.22,0.87,-2.96,0,0,1,132
132700,-9.17,0.86,-2.95,0,0,1,132
132720,-9.19,0.87,-2.91,0,0,1,132
132740,-9.14,0.84,-2.92,0,0,1,132
132760,-9.22,0.85,-2.99,0,0,1,132
132780,-9.21,0.88,-2.95,0,0,1,132
132800,-9.21,0.9,-3.01,0,0,1,132
132820,-9.19,0.84,-2.92,0,0,1,132
132840,-9.18,0.81,-2.95,0,0,1,132
132860,-9.21,0.87,-2.86,0,0,1,132
132880,-9.23,0.89,-2.9,0,0,1,132
132900,-9.25,0.84,-2.88,0,0,1,132
132920,-9.23,0.87,-2.86,0,0,1,132
132940,-9.22,0.84,-2.92,0,0,1,132
132960,-9.24,0.91,-2.96,0,0,1,132
132980,-9.2,0.91,-2.88,0,0,1,132
132000,-9.22,0.86,-2.95,0,0,1,133
132020,-9.2,0.85,-2.97,0,0,1,133
132040,-9.19,0.85,-2.99,0,0,1,133
132060,-9.19,0.86,-2.92,0,0,1,133
132080,-9.17,0.86,-2.9,0,0,1,133
132100,-9.24,0.86,-2.96,0,0,1,133
132120,-9.21,0.85,-3.01,0,0,1,133
132140,-9.2,0.83,-2.99,0,0,1,133
132160,-9.19,0.9,-2.97,0,0,1,133
132180,-9.19,0.9,-2.96,0,0,1,133
132200,-9.22,0.88,-2.99,0,0,1,133
132220,-9.23,0.91,-3.02,0,0,1,133
132240,-9.22,0.86,-3.01,0,0,1,133
132260,-9.14,0.88,-2.91,0,0,1,133
132280,-9.17,0.82,-2.93,0,0,1,133
132300,-9.16,0.85,-2.93,0,0,1,133
132320,-9.21,0.85,-2.89,0,0,1,133
132340,-9.22,0.91,-2.93,0,0,1,133
132360,-9.29,0.81,-2.98,0,0,1,133
132380,-9.23,0.81,-3.05,0,0,1,133
132400,-9.13,0.79,-2.91,0,0,1,133
132420,-9.11,0.94,-2.88,0,0,1,133
132440,-9.24,0.93,-2.93,0,0,1,133
132460,-9.25,0.85,-2.98,0,0,1,133
132480,-9.19,0.88,-2.91,0,0,1,133
132500,-9.17,0.86,-2.93,0,0,1,133
132520,-9.22,0.84,-2.99,0,0,1,133
132540,-9.24,0.84,-2.95,0,0,1,133
132560,-9.25,0.87,-2.93,0,0,1,133
132580,-9.17,0.91,-2.96,0,0,1,133
132600,-9.21,0.9,-2.91,0,0,1,133
132620,-9.25,0.86,-2.95,0,0,1,133
132640,-9.18,0.86,-2.9,0,0,1,133
132660,-9.19,0.85,-2.91,0,0,1,133
132680,-9.22,0.87,-2.96,0,0,1,133
132700,-9.17,0.86,-2.95,0,0,1,133
132720,-9.19,0.87,-2.91,0,0,1,133
132740,-9.14,0.84,-2.92,0,0,1,133
132760,-9.22,0.85,-2.99,0,0,1,133
132780,-9.21,0.88,-2.95,0,0,1,133
132800,-9.21,0.9,-3.01,0,0,1,133
132820,-9.19,0.84,-2.92,0,0,1,133
132840,-9.18,0.81,-2.95,0,0,1,133
132860,-9.21,0.87,-2.86,0,0,1,133
132880,-9.23,0.89,-2.9,0,0,1,133
132900,-9.25,0.84,-2.88,0,0,1,133
132920,-9.23,0.87,-2.86,0,0,1,133
132940,-9.22,0.84,-2.92,0,0,1,133
132960,-9.24,0.91,-2.96,0,0,1,133
132980,-9.2,0.91,-2.88,0,0,1,133
133000,-9.21,0.86,-2.94,0,0,1,133
133020,-9.18,0.86,-2.86,0,0,1,133
133040,-9.25,0.86,-2.91,0,0,1,133
133060,-9.21,0.89,-2.91,0,0,1,133
133080,-9.17,0.87,-2.9,0,0,1,133
133100,-9.23,0.86,-2.9,0,0,1,133
133120,-9.23,0.86,-2.92,0,0,1,133
133140,-9.2,0.89,-2.88,0,0,1,133
133160,-9.21,0.93,-2.85,0,0,1,133
133180,-9.24,0.85,-2.96,0,0,1,133
133200,-9.19,0.86,-2.9,0,0,1,133
133220,-9.2,0.86,-2.89,0,0,1,133
133240,-9.23,0.89,-2.93,0,0,1,133
133260,-9.24,0.85,-2.92,0,0,1,133
133280,-9.32,0.76,-2.99,0,0,1,133
133300,-9.16,0.85,-2.93,0,0,1,133
133320,-9.14,0.88,-2.86,0,0,1,133
133340,-9.27,0.91,-2.86,0,0,1,133
133360,-9.25,0.89,-2.95,0,0,1,133
133380,-9.17,0.87,-2.87,0,0,1,133
133400,-9.19,0.89,-2.82,0,0,1,133
133420,-9.23,0.85,-2.85,0,0,1,133
133440,-9.26,0.89,-2.88,0,0,1,133
133460,-9.23,0.87,-2.87,0,0,1,133
133480,-9.19,0.88,-2.92,0,0,1,133
133500,-9.19,0.91,-2.89,0,0,1,133
133520,-9.2,0.9,-2.87,0,0,1,133
133540,-9.24,0.89,-2.92,0,0,1,133
133560,-9.22,0.89,-2.86,0,0,1,133
133580,-9.22,0.88,-2.84,0,0,1,133
133600,-9.25,0.92,-2.83,0,0,1,133
133620,-9.22,0.88,-2.87,0,0,1,133
133640,-9.23,0.89,-2.93,0,0,1,133
133660,-9.21,0.88,-2.79,0,0,1,133
133680,-9.26,0.88,-2.87,0,0,1,133
133700,-9.18,0.88,-2.94,0,0,1,133
133720,-9.25,0.83,-2.81,0,0,1,133
133740,-9.22,0.86,-2.8,0,0,1,133
133760,-9.24,0.88,-2.81,0,0,1,133
133780,-9.28,0.88,-2.88,0,0,1,133
133800,-9.21,0.86,-2.9,0,0,1,133
133820,-9.25,0.87,-2.83,0,0,1,133
133840,-9.22,0.85,-2.83,0,0,1,133
133860,-9.2,0.88,-2.88,0,0,1,133
133880,-9.2,0.88,-2.89,0,0,1,133
133900,-9.24,0.93,-2.93,0,0,1,133
133920,-9.24,0.91,-2.92,0,0,1,133
133940,-9.2,0.91,-2.86,0,0,1,133
133960,-9.23,0.89,-2.79,0,0,1,133
133980,-9.22,0.89,-2.9,0,0,1,133
133000,-9.21,0.86,-2.94,0,0,1,134
133020,-9.18,0.86,-2.86,0,0,1,134
133040,-9.25,0.86,-2.91,0,0,1,134
133060,-9.21,0.89,-2.91,0,0,1,134
133080,-9.17,0.87,-2.9,0,0,1,134
133100,-9.23,0.86,-2.9,0,0,1,134
133120,-9.23,0.86,-2.92,0,0,1,134
133140,-9.2,0.89,-2.88,0,0,1,134
133160,-9.21,0.93,-2.85,0,0,1,134
133180,-9.24,0.85,-2.96,0,0,1,134
133200,-9.19,0.86,-2.9,0,0,1,134
133220,-9.2,0.86,-2.89,0,0,1,134
133240,-9.23,0.89,-2.93,0,0,1,134
133260,-9.24,0.85,-2.92,0,0,1,134
133280,-9.32,0.76,-2.99,0,0,1,134
133300,-9.16,0.85,-2.93,0,0,1,134
133320,-9.14,0.88,-2.86,0,0,1,134
133340,-9.27,0.91,-2.86,0,0,1,134
133360,-9.25,0.89,-2.95,0,0,1,134
133380,-9.17,0.87,-2.87,0,0,1,134
133400,-9.19,0.89,-2.82,0,0,1,134
133420,-9.23,0.85,-2.85,0,0,1,134
133440,-9.26,0.89,-2.88,0,0,1,134
133460,-9.23,0.87,-2.87,0,0,1,134
133480,-9.19,0.88,-2.92,0,0,1,134
133500,-9.19,0.91,-2.89,0,0,1,134
133520,-9.2,0.9,-2.87,0,0,1,134
133540,-9.24,0.89,-2.92,0,0,1,134
133560,-9.22,0.89,-2.86,0,0,1,134
133580,-9.22,0.88,-2.84,0,0,1,134
133600,-9.25,0.92,-2.83,0,0,1,134
133620,-9.22,0.88,-2.87,0,0,1,134
133640,-9.23,0.89,-2.93,0,0,1,134
133660,-9.21,0.88,-2.79,0,0,1,134
133680,-9.26,0.88,-2.87,0,0,1,134
133700,-9.18,0.88,-2.94,0,0,1,134
133720,-9.25,0.83,-2.81,0,0,1,134
133740,-9.22,0.86,-2.8,0,0,1,134
133760,-9.24,0.88,-2.81,0,0,1,134
133780,-9.28,0.88,-2.88,0,0,1,134
133800,-9.21,0.86,-2.9,0,0,1,134
133820,-9.25,0.87,-2.83,0,0,1,134
133840,-9.22,0.85,-2.83,0,0,1,134
133860,-9.2,0.88,-2.88,0,0,1,134
133880,-9.2,0.88,-2.89,0,0,1,134
133900,-9.24,0.93,-2.93,0,0,1,134
133920,-9.24,0.91,-2.92,0,0,1,134
133940,-9.2,0.91,-2.86,0,0,1,134
133960,-9.23,0.89,-2.79,0,0,1,134
133980,-9.22,0.89,-2.9,0,0,1,134
134000,-9.21,0.93,-2.86,0,0,1,134
134020,-9.19,0.9,-2.87,0,0,1,134
134040,-9.24,0.85,-2.82,0,0,1,134
134060,-9.23,0.85,-2.86,0,0,1,134
134080,-9.21,0.88,-2.89,0,0,1,134
134100,-9.18,0.94,-2.87,0,0,1,134
134120,-9.24,0.9,-2.84,0,0,1,134
134140,-9.24,0.86,-2.89,0,0,1,134
134160,-9.2,0.91,-2.84,0,0,1,134
134180,-9.18,0.9,-2.87,0,0,1,134
134200,-9.23,0.88,-2.84,0,0,1,134
134220,-9.26,0.84,-2.84,0,0,1,134
134240,-9.25,0.85,-2.9,0,0,1,134
134260,-9.2,0.91,-2.85,0,0,1,134
134280,-9.14,0.92,-2.82,0,0,1,134
134300,-9.22,0.89,-2.8,0,0,1,134
134320,-9.24,0.87,-2.88,0,0,1,134
134340,-9.22,0.89,-2.8,0,0,1,134
134360,-9.22,0.92,-2.83,0,0,1,134
134380,-9.22,0.85,-2.87,0,0,1,134
134400,-9.26,0.88,-2.86,0,0,1,134
134420,-9.26,0.87,-2.82,0,0,1,134
134440,-9.18,0.87,-2.87,0,0,1,134
134460,-9.2,0.88,-2.85,0,0,1,134
134480,-9.24,0.91,-2.92,0,0,1,134
134500,-9.25,0.86,-2.87,0,0,1,134
134520,-9.2,0.9,-2.88,0,0,1,134
134540,-9.22,0.86,-2.83,0,0,1,134
134560,-9.22,0.93,-2.83,0,0,1,134
134580,-9.21,0.86,-2.91,0,0,1,134
134600,-9.22,0.88,-2.85,0,0,1,134
134620,-9.21,0.92,-2.91,0,0,1,134
134640,-9.22,0.87,-2.85,0,0,1,134
134660,-9.2,0.88,-2.9,0,0,1,134
134680,-9.23,0.87,-2.89,0,0,1,134
134700,-9.23,0.89,-2.89,0,0,1,134
134720,-9.22,0.9,-2.85,0,0,1,134
134740,-9.22,0.89,-2.87,0,0,1,134
134760,-9.24,0.88,-2.83,0,0,1,134
134780,-9.19,0.91,-2.9,0,0,1,134
134800,-9.24,0.89,-2.82,0,0,1,134
134820,-9.24,0.89,-2.87,0,0,1,134
134840,-9.21,0.89,-2.85,0,0,1,134
134860,-9.2,0.91,-2.83,0,0,1,134
134880,-9.24,0.89,-2.89,0,0,1,134
134900,-9.23,0.88,-2.9,0,0,1,134
134920,-9.23,0.87,-2.93,0,0,1,134
134940,-9.22,0.82,-2.86,0,0,1,134
134960,-9.26,0.73,-2.88,0,0,1,134
134980,-9.15,0.89,-2.88,0,0,1,134
134000,-9.21,0.93,-2.86,0,0,1,135
134020,-9.19,0.9,-2.87,0,0,1,135
134040,-9.24,0.85,-2.82,0,0,1,135
134060,-9.23,0.85,-2.86,0,0,1,135
134080,-9.21,0.88,-2.89,0,0,1,135
134100,-9.18,0.94,-2.87,0,0,1,135
134120,-9.24,0.9,-2.84,0,0,1,135
134140,-9.24,0.86,-2.89,0,0,1,135
134160,-9.2,0.91,-2.84,0,0,1,135
134180,-9.18,0.9,-2.87,0,0,1,135
134200,-9.23,0.88,-2.84,0,0,1,135
134220,-9.26,0.84,-2.84,0,0,1,135
134240,-9.25,0.85,-2.9,0,0,1,135
134260,-9.2,0.91,-2.85,0,0,1,135
134280,-9.14,0.92,-2.82,0,0,1,135
134300,-9.22,0.89,-2.8,0,0,1,135
134320,-9.24,0.87,-2.88,0,0,1,135
134340,-9.22,0.89,-2.8,0,0,1,135
134360,-9.22,0.92,-2.83,0,0,1,135
134380,-9.22,0.85,-2.87,0,0,1,135
134400,-9.26,0.88,-2.86,0,0,1,135
134420,-9.26,0.87,-2.82,0,0,1,135
134440,-9.18,0.87,-2.87,0,0,1,135
134460,-9.2,0.88,-2.85,0,0,1,135
134480,-9.24,0.91,-2.92,0,0,1,135
134500,-9.25,0.86,-2.87,0,0,1,135
134520,-9.2,0.9,-2.88,0,0,1,135
134540,-9.22,0.86,-2.83,0,0,1,135
134560,-9.22,0.93,-2.83,0,0,1,135
134580,-9.21,0.86,-2.91,0,0,1,135
134600,-9.22,0.88,-2.85,0,0,1,135
134620,-9.21,0.92,-2.91,0,0,1,135
134640,-9.22,0.87,-2.85,0,0,1,135
134660,-9.2,0.88,-2.9,0,0,1,135
134680,-9.23,0.87,-2.89,0,0,1,135
134700,-9.23,0.89,-2.89,0,0,1,135
134720,-9.22,0.9,-2.85,0,0,1,135
134740,-9.22,0.89,-2.87,0,0,1,135
134760,-9.24,0.88,-2.83,0,0,1,135
134780,-9.19,0.91,-2.9,0,0,1,135
134800,-9.24,0.89,-2.82,0,0,1,135
134820,-9.24,0.89,-2.87,0,0,1,135
134840,-9.21,0.89,-2.85,0,0,1,135
134860,-9.2,0.91,-2.83,0,0,1,135
134880,-9.24,0.89,-2.89,0,0,1,135
134900,-9.23,0.88,-2.9,0,0,1,135
134920,-9.23,0.87,-2.93,0,0,1,135
134940,-9.22,0.82,-2.86,0,0,1,135
134960,-9.26,0.73,-2.88,0,0,1,135
134980,-9.15,0.89,-2.88,0,0,1,135
135000,-9.22,0.97,-2.81,0,0,1,135
135020,-9.34,1.02,-2.82,0,0,1,135
135040,-9.26,1.01,-2.89,0,0,1,135
135060,-9.33,0.95,-2.91,0,0,1,135
135080,-9.89,0.99,-3.01,0,0,1,135
135100,-9.11,0.75,-3.06,0,0,1,135
135120,-9.15,0.74,-2.59,0,0,1,135
135140,-8.98,0.95,-2.59,0,0,1,135
135160,-8.92,1.31,-2.65,0,0,1,135
135180,-9.02,1.21,-2.62,0,0,1,135
135200,-9.22,1.22,-2.66,0,0,1,135
135220,-9.29,1.14,-2.54,0,0,1,135
135240,-9.26,1.03,-2.51,0,0,1,135
135260,-9.32,1.03,-2.68,0,0,1,135
135280,-9.24,1.2,-2.65,0,0,1,135
135300,-9.11,1.49,-2.51,0,0,1,135
135320,-9.02,1.6,-2.35,0,0,1,135
135340,-9.05,1.43,-2.67,0,0,1,135
135360,-9.2,1.2,-2.68,0,0,1,135
135380,-9.3,1.11,-2.68,0,0,1,135
135400,-9.34,1.07,-2.75,0,0,1,135
135420,-9.34,1.13,-2.63,0,0,1,135
135440,-9.35,1.14,-2.4,0,0,1,135
135460,-9.25,1.04,-2.5,0,0,1,135
135480,-9.32,1.07,-2.51,0,0,1,135
135500,-9.12,1.29,-2.74,0,0,1,135
135520,-9.27,1.52,-2.54,0,0,1,135
135540,-9.49,1.52,-2.51,0,0,1,135
135560,-9.11,1.26,-2.64,0,0,1,135
135580,-9.09,1.12,-2.78,0,0,1,135
135600,-9.36,1.24,-2.9,0,0,1,135
135620,-9.21,1.41,-2.58,0,0,1,135
135640,-9.18,1.1,-2.81,0,0,1,135
135660,-9.21,1.12,-2.67,0,0,1,135
135680,-9.42,0.95,-2.87,0,0,1,135
135700,-9.1,1.12,-2.59,0,0,1,135
135720,-9.11,0.98,-2.72,0,0,1,135
135740,-9.23,0.69,-2.83,0,0,1,135
135760,-9.37,0.66,-2.82,0,0,1,135
135780,-9.3,0.83,-2.49,0,0,1,135
135800,-9.3,0.89,-2.54,0,0,1,135
135820,-9.21,0.98,-2.46,0,0,1,135
135840,-9.48,0.69,-2.7,0,0,1,135
135860,-9.28,0.65,-2.94,0,0,1,135
135880,-9.31,0.92,-2.81,0,0,1,135
135900,-9.4,0.83,-2.87,0,0,1,135
135920,-9.29,0.86,-2.56,0,0,1,135
135940,-9.55,0.87,-2.54,0,0,1,135
135960,-9.06,0.99,-2.53,0,0,1,135
135980,-9.07,1.07,-2.65,0,0,1,135
135000,-9.22,0.97,-2.81,0,0,1,136
135020,-9.34,1.02,-2.82,0,0,1,136
135040,-9.26,1.01,-2.89,0,0,1,136
135060,-9.33,0.95,-2.91,0,0,1,136
135080,-9.89,0.99,-3.01,0,0,1,136
135100,-9.11,0.75,-3.06,0,0,1,136
135120,-9.15,0.74,-2.59,0,0,1,136
135140,-8.98,0.95,-2.59,0,0,1,136
135160,-8.92,1.31,-2.65,0,0,1,136
135180,-9.02,1.21,-2.62,0,0,1,136
135200,-9.22,1.22,-2.66,0,0,1,136
135220,-9.29,1.14,-2.54,0,0,1,136
135240,-9.26,1.03,-2.51,0,0,1,136
135260,-9.32,1.03,-2.68,0,0,1,136
135280,-9.24,1.2,-2.65,0,0,1,136
135300,-9.11,1.49,-2.51,0,0,1,136
135320,-9.02,1.6,-2.35,0,0,1,136
135340,-9.05,1.43,-2.67,0,0,1,136
135360,-9.2,1.2,-2.68,0,0,1,136
135380,-9.3,1.11,-2.68,0,0,1,136
135400,-9.34,1.07,-2.75,0,0,1,136
135420,-9.34,1.13,-2.63,0,0,1,136
135440,-9.35,1.14,-2.4,0,0,1,136
135460,-9.25,1.04,-2.5,0,0,1,136
135480,-9.32,1.07,-2.51,0,0,1,136
135500,-9.12,1.29,-2.74,0,0,1,136
135520,-9.27,1.52,-2.54,0,0,1,136
135540,-9.49,1.52,-2.51,0,0,1,136
135560,-9.11,1.26,-2.64,0,0,1,136
135580,-9.09,1.12,-2.78,0,0,1,136
135600,-9.36,1.24,-2.9,0,0,1,136
135620,-9.21,1.41,-2.58,0,0,1,136
135640,-9.18,1.1,-2.81,0,0,1,136
135660,-9.21,1.12,-2.67,0,0,1,136
135680,-9.42,0.95,-2.87,0,0,1,136
135700,-9.1,1.12,-2.59,0,0,1,136
135720,-9.11,0.98,-2.72,0,0,1,136
135740,-9.23,0.69,-2.83,0,0,1,136
135760,-9.37,0.66,-2.82,0,0,1,136
135780,-9.3,0.83,-2.49,0,0,1,136
135800,-9.3,0.89,-2.54,0,0,1,136
135820,-9.21,0.98,-2.46,0,0,1,136
135840,-9.48,0.69,-2.7,0,0,1,136
135860,-9.28,0.65,-2.94,0,0,1,136
135880,-9.31,0.92,-2.81,0,0,1,136
135900,-9.4,0.83,-2.87,0,0,1,136
135920,-9.29,0.86,-2.56,0,0,1,136
135940,-9.55,0.87,-2.54,0,0,1,136
135960,-9.06,0.99,-2.53,0,0,1,136
135980,-9.07,1.07,-2.65,0,0,1,136
136000,-9.27,1.09,-2.44,0,0,1,136
136020,-9.34,0.87,-2.85,0,0,1,136
136040,-9.13,0.88,-2.65,0,0,1,136
136060,-9.26,0.79,-2.7,0,0,1,136
136080,-9.45,1.37,-2.57,0,0,1,136
136100,-9.22,1.49,-2.72,0,0,1,136
136120,-9.52,1.32,-2.57,0,0,1,136
136140,-9.45,0.69,-3.04,0,0,1,136
136160,-9.15,0.87,-2.83,0,0,1,136
136180,-8.86,1.32,-2.36,0,0,1,136
136200,-9.16,1.44,-2.54,0,0,1,136
136220,-9.43,1.42,-2.46,0,0,1,136
136240,-9.25,1.11,-2.54,0,0,1,136
136260,-8.95,1.07,-2.56,0,0,1,136
136280,-8.76,1.47,-1.98,0,0,1,136
136300,-9.36,1.51,-2.48,0,0,1,136
136320,-9.52,1.48,-3.05,0,0,1,136
136340,-9.14,1.17,-2.17,0,0,1,136
136360,-9.23,0.61,-3.2,0,0,1,136
136380,-8.81,1.23,-2.12,0,0,1,136
136400,-9.1,1.16,-2.55,0,0,1,136
136420,-9.18,1.81,-2.41,0,0,1,136
136440,-9.8,1.29,-2.82,0,0,1,136
136460,-8.9,0.98,-2.74,0,0,1,136
136480,-9.47,0.69,-3.16,0,0,1,136
136500,-9.18,1.41,-2.62,0,0,1,136
136520,-9.09,0.79,-3.17,0,0,1,136
136540,-8.93,1.64,-2.87,0,0,1,136
136560,-9.33,0.61,-3.52,0,0,1,136
136580,-9.48,1.42,-2.71,0,0,1,136
136600,-9.1,0.58,-3.81,0,0,1,136
136620,-8.9,1.4,-2.36,0,0,1,136
136640,-9.16,0.9,-3.44,0,0,1,136
136660,-9.33,1.14,-3.09,0,0,1,136
136680,-9.06,1.79,-2.78,0,0,1,136
136700,-9.82,2.46,-2.79,0,0,1,136
136720,-10.57,2.0,-2.24,0,0,1,136
136740,-10.82,-0.53,-2.74,0,0,1,136
136760,-8.98,-0.44,-2.42,0,0,1,136
136780,-8.78,-0.26,-3.09,0,0,1,136
136800,-9.03,1.28,-2.34,0,0,1,136
136820,-9.37,1.88,-2.76,0,0,1,136
136840,-9.21,1.48,-3.22,0,0,1,136
136860,-8.9,1.55,-3.42,0,0,1,136
136880,-8.8,2.24,-2.17,0,0,1,136
136900,-8.98,1.44,-1.63,0,0,1,136
136920,-9.65,0.66,-2.91,0,0,1,136
136940,-10.4,-0.45,-2.8,0,0,1,136
136960,-10.73,1.15,-2.6,0,0,1,136
136980,-9.43,2.23,-0.97,0,0,1,136
136000,-9.27,1.09,-2.44,0,0,1,137
136020,-9.34,0.87,-2.85,0,0,1,137
136040,-9.13,0.88,-2.65,0,0,1,137
136060,-9.26,0.79,-2.7,0,0,1,137
136080,-9.45,1.37,-2.57,0,0,1,137
136100,-9.22,1.49,-2.72,0,0,1,137
136120,-9.52,1.32,-2.57,0,0,1,137
136140,-9.45,0.69,-3.04,0,0,1,137
136160,-9.15,0.87,-2.83,0,0,1,137
136180,-8.86,1.32,-2.36,0,0,1,137
136200,-9.16,1.44,-2.54,0,0,1,137
136220,-9.43,1.42,-2.46,0,0,1,137
136240,-9.25,1.11,-2.54,0,0,1,137
136260,-8.95,1.07,-2.56,0,0,1,137
136280,-8.76,1.47,-1.98,0,0,1,137
136300,-9.36,1.51,-2.48,0,0,1,137
136320,-9.52,1.48,-3.05,0,0,1,137
136340,-9.14,1.17,-2.17,0,0,1,137
136360,-9.23,0.61,-3.2,0,0,1,137
136380,-8.81,1.23,-2.12,0,0,1,137
136400,-9.1,1.16,-2.55,0,0,1,137
136420,-9.18,1.81,-2.41,0,0,1,137
136440,-9.8,1.29,-2.82,0,0,1,137
136460,-8.9,0.98,-2.74,0,0,1,137
136480,-9.47,0.69,-3.16,0,0,1,137
136500,-9.18,1.41,-2.62,0,0,1,137
136520,-9.09,0.79,-3.17,0,0,1,137
136540,-8.93,1.64,-2.87,0,0,1,137
136560,-9.33,0.61,-3.52,0,0,1,137
136580,-9.48,1.42,-2.71,0,0,1,137
136600,-9.1,0.58,-3.81,0,0,1,137
136620,-8.9,1.4,-2.36,0,0,1,137
136640,-9.16,0.9,-3.44,0,0,1,137
136660,-9.33,1.14,-3.09,0,0,1,137
136680,-9.06,1.79,-2.78,0,0,1,137
136700,-9.82,2.46,-2.79,0,0,1,137
136720,-10.57,2.0,-2.24,0,0,1,137
136740,-10.82,-0.53,-2.74,0,0,1,137
136760,-8.98,-0.44,-2.42,0,0,1,137
136780,-8.78,-0.26,-3.09,0,0,1,137
136800,-9.03,1.28,-2.34,0,0,1,137
136820,-9.37,1.88,-2.76,0,0,1,137
136840,-9.21,1.48,-3.22,0,0,1,137
136860,-8.9,1.55,-3.42,0,0,1,137
136880,-8.8,2.24,-2.17,0,0,1,137
136900,-8.98,1.44,-1.63,0,0,1,137
136920,-9.65,0.66,-2.91,0,0,1,137
136940,-10.4,-0.45,-2.8,0,0,1,137
136960,-10.73,1.15,-2.6,0,0,1,137
136980,-9.43,2.23,-0.97,0,0,1,137
137000,-8.47,1.01,-1.92,0,0,1,137
137020,-9.56,0.83,-3.0,0,0,1,137
137040,-9.66,1.34,-2.16,0,0,1,137
137060,-9.03,1.58,-1.88,0,0,1,137
137080,-9.6,1.48,-2.4,0,0,1,137
137100,-9.04,1.08,-2.02,0,0,1,137
137120,-8.65,1.3,-1.86,0,0,1,137
137140,-7.51,1.53,-1.11,0,0,1,137
137160,-7.28,1.8,-0.56,0,0,1,137
137180,-8.29,1.7,-0.92,0,0,1,137
137200,-8.73,2.34,-0.97,0,0,1,137
137220,-8.9,2.82,-1.46,0,0,1,137
137240,-9.04,3.25,-1.85,0,0,1,137
137260,-9.52,2.72,-2.05,0,0,1,137
137280,-9.23,1.81,-2.1,0,0,1,137
137300,-9.81,1.49,-2.02,0,0,1,137
137320,-10.69,1.03,-2.45,0,0,1,137
137340,-10.33,0.42,-2.96,0,0,1,137
137360,-9.95,0.92,-2.1,0,0,1,137
137380,-10.2,0.73,-2.22,0,0,1,137
137400,-9.73,1.03,-2.45,0,0,1,137
137420,-9.62,1.22,-2.9,0,0,1,137
137440,-9.98,0.18,-3.08,0,0,1,137
137460,-9.42,-0.1,-2.5,0,0,1,137
137480,-8.62,0.78,-1.94,0,0,1,137
137500,-8.58,1.36,-2.12,0,0,1,137
137520,-9.06,1.14,-2.36,0,0,1,137
137540,-9.26,0.73,-2.42,0,0,1,137
137560,-9.38,0.44,-2.59,0,0,1,137
137580,-9.57,0.71,-2.78,0,0,1,137
137600,-9.78,0.57,-2.9,0,0,1,137
137620,-9.6,0.07,-2.79,0,0,1,137
137640,-9.77,0.26,-2.98,0,0,1,137
137660,-10.26,0.62,-3.37,0,0,1,137
137680,-10.91,0.51,-3.81,0,0,1,137
137700,-11.34,0.44,-3.61,0,0,1,137
137720,-10.94,0.44,-3.65,0,0,1,137
137740,-10.48,0.34,-3.66,0,0,1,137
137760,-10.18,0.06,-3.38,0,0,1,137
137780,-9.97,-0.39,-3.48,0,0,1,137
137800,-10.35,-0.14,-4.46,0,0,1,137
137820,-10.55,-0.18,-4.94,0,0,1,137
137840,-10.02,-0.3,-4.25,0,0,1,137
137860,-9.26,-0.39,-4.31,0,0,1,137
137880,-9.39,-0.54,-4.29,0,0,1,137
137900,-8.83,0.57,-4.25,0,0,1,137
137920,-9.3,2.08,-4.15,0,0,1,137
137940,-9.08,1.82,-3.91,0,0,1,137
137960,-7.73,0.14,-3.49,0,0,1,137
137980,-7.37,-0.38,-3.37,0,0,1,137
137000,-8.47,1.01,-1.92,0,0,1,138
137020,-9.56,0.83,-3.0,0,0,1,138
137040,-9.66,1.34,-2.16,0,0,1,138
137060,-9.03,1.58,-1.88,0,0,1,138
137080,-9.6,1.48,-2.4,0,0,1,138
137100,-9.04,1.08,-2.02,0,0,1,138
137120,-8.65,1.3,-1.86,0,0,1,138
137140,-7.51,1.53,-1.11,0,0,1,138
137160,-7.28,1.8,-0.56,0,0,1,138
137180,-8.29,1.7,-0.92,0,0,1,138
137200,-8.73,2.34,-0.97,0,0,1,138
137220,-8.9,2.82,-1.46,0,0,1,138
137240,-9.04,3.25,-1.85,0,0,1,138
137260,-9.52,2.72,-2.05,0,0,1,138
137280,-9.23,1.81,-2.1,0,0,1,138
137300,-9.81,1.49,-2.02,0,0,1,138
137320,-10.69,1.03,-2.45,0,0,1,138
137340,-10.33,0.42,-2.96,0,0,1,138
137360,-9.95,0.92,-2.1,0,0,1,138
137380,-10.2,0.73,-2.22,0,0,1,138
137400,-9.73,1.03,-2.45,0,0,1,138
137420,-9.62,1.22,-2.9,0,0,1,138
137440,-9.98,0.18,-3.08,0,0,1,138
137460,-9.42,-0.1,-2.5,0,0,1,138
137480,-8.62,0.78,-1.94,0,0,1,138
137500,-8.58,1.36,-2.12,0,0,1,138
137520,-9.06,1.14,-2.36,0,0,1,138
137540,-9.26,0.73,-2.42,0,0,1,138
137560,-9.38,0.44,-2.59,0,0,1,138
137580,-9.57,0.71,-2.78,0,0,1,138
137600,-9.78,0.57,-2.9,0,0,1,138
137620,-9.6,0.07,-2.79,0,0,1,138
137640,-9.77,0.26,-2.98,0,0,1,138
137660,-10.26,0.62,-3.37,0,0,1,138
137680,-10.91,0.51,-3.81,0,0,1,138
137700,-11.34,0.44,-3.61,0,0,1,138
137720,-10.94,0.44,-3.65,0,0,1,138
137740,-10.48,0.34,-3.66,0,0,1,138
137760,-10.18,0.06,-3.38,0,0,1,138
137780,-9.97,-0.39,-3.48,0,0,1,138
137800,-10.35,-0.14,-4.46,0,0,1,138
137820,-10.55,-0.18,-4.94,0,0,1,138
137840,-10.02,-0.3,-4.25,0,0,1,138
137860,-9.26,-0.39,-4.31,0,0,1,138
137880,-9.39,-0.54,-4.29,0,0,1,138
137900,-8.83,0.57,-4.25,0,0,1,138
137920,-9.3,2.08,-4.15,0,0,1,138
137940,-9.08,1.82,-3.91,0,0,1,138
137960,-7.73,0.14,-3.49,0,0,1,138
137980,-7.37,-0.38,-3.37,0,0,1,138
138000,-7.81,-0.33,-3.65,0,0,1,138
138020,-7.24,-0.49,-3.49,0,0,1,138
138040,-7.28,-0.88,-3.7,0,0,1,138
138060,-6.66,-0.41,-3.21,0,0,1,138
138080,-6.86,0.08,-3.49,0,0,1,138
138100,-7.02,-0.07,-3.81,0,0,1,138
138120,-6.87,0.37,-3.98,0,0,1,138
138140,-5.85,0.93,-3.06,0,0,1,138
138160,-5.61,0.44,-2.84,0,0,1,138
138180,-5.93,-0.05,-3.31,0,0,1,138
138200,-6.24,0.04,-3.16,0,0,1,138
138220,-6.73,0.89,-2.79,0,0,1,138
138240,-7.45,1.63,-2.75,0,0,1,138
138260,-8.3,1.3,-3.19,0,0,1,138
138280,-8.95,1.24,-3.64,0,0,1,138
138300,-9.12,1.24,-2.66,0,0,1,138
138320,-9.87,1.57,-3.26,0,0,1,138
138340,-9.49,1.3,-3.02,0,0,1,138
138360,-10.41,1.62,-2.6,0,0,1,138
138380,-11.0,1.53,-3.35,0,0,1,138
138400,-10.64,1.55,-2.22,0,0,1,138
138420,-10.89,2.14,-2.81,0,0,1,138
138440,-11.34,2.27,-2.76,0,0,1,138
138460,-10.94,2.09,-2.43,0,0,1,138
138480,-10.52,3.04,-1.64,0,0,1,138
138500,-10.02,1.99,-2.45,0,0,1,138
138520,-9.75,2.46,-1.26,0,0,1,138
138540,-9.11,1.55,-2.4,0,0,1,138
138560,-9.23,0.79,-1.54,0,0,1,138
138580,-9.09,0.14,-1.98,0,0,1,138
138600,-9.58,0.63,-2.74,0,0,1,138
138620,-9.44,1.28,-2.57,0,0,1,138
138640,-9.41,1.2,-2.61,0,0,1,138
138660,-9.55,1.25,-2.6,0,0,1,138
138680,-8.98,1.56,-2.71,0,0,1,138
138700,-9.9,1.13,-2.79,0,0,1,138
138720,-9.98,0.97,-3.02,0,0,1,138
138740,-9.82,0.85,-3.15,0,0,1,138
138760,-9.48,0.93,-2.94,0,0,1,138
138780,-9.28,1.03,-2.9,0,0,1,138
138800,-9.23,0.97,-2.75,0,0,1,138
138820,-9.41,0.93,-2.74,0,0,1,138
138840,-9.56,0.81,-2.96,0,0,1,138
138860,-9.36,0.76,-3.05,0,0,1,138
138880,-9.42,0.74,-3.15,0,0,1,138
138900,-9.55,0.84,-2.91,0,0,1,138
138920,-9.44,0.76,-2.74,0,0,1,138
138940,-9.23,0.76,-2.6,0,0,1,138
138960,-9.36,0.66,-2.81,0,0,1,138
138980,-9.22,0.82,-3.17,0,0,1,138
138000,-7.81,-0.33,-3.65,0,0,1,139
138020,-7.24,-0.49,-3.49,0,0,1,139
138040,-7.28,-0.88,-3.7,0,0,1,139
138060,-6.66,-0.41,-3.21,0,0,1,139
138080,-6.86,0.08,-3.49,0,0,1,139
138100,-7.02,-0.07,-3.81,0,0,1,139
138120,-6.87,0.37,-3.98,0,0,1,139
138140,-5.85,0.93,-3.06,0,0,1,139
138160,-5.61,0.44,-2.84,0,0,1,139
138180,-5.93,-0.05,-3.31,0,0,1,139
138200,-6.24,0.04,-3.16,0,0,1,139
138220,-6.73,0.89,-2.79,0,0,1,139
138240,-7.45,1.63,-2.75,0,0,1,139
138260,-8.3,1.3,-3.19,0,0,1,139
138280,-8.95,1.24,-3.64,0,0,1,139
138300,-9.12,1.24,-2.66,0,0,1,139
138320,-9.87,1.57,-3.26,0,0,1,139
138340,-9.49,1.3,-3.02,0,0,1,139
138360,-10.41,1.62,-2.6,0,0,1,139
138380,-11.0,1.53,-3.35,0,0,1,139
138400,-10.64,1.55,-2.22,0,0,1,139
138420,-10.89,2.14,-2.81,0,0,1,139
138440,-11.34,2.27,-2.76,0,0,1,139
138460,-10.94,2.09,-2.43,0,0,1,139
138480,-10.52,3.04,-1.64,0,0,1,139
138500,-10.02,1.99,-2.45,0,0,1,139
138520,-9.75,2.46,-1.26,0,0,1,139
138540,-9.11,1.55,-2.4,0,0,1,139
138560,-9.23,0.79,-1.54,0,0,1,139
138580,-9.09,0.14,-1.98,0,0,1,139
138600,-9.58,0.63,-2.74,0,0,1,139
138620,-9.44,1.28,-2.57,0,0,1,139
138640,-9.41,1.2,-2.61,0,0,1,139
138660,-9.55,1.25,-2.6,0,0,1,139
138680,-8.98,1.56,-2.71,0,0,1,139
138700,-9.9,1.13,-2.79,0,0,1,139
138720,-9.98,0.97,-3.02,0,0,1,139
138740,-9.82,0.85,-3.15,0,0,1,139
138760,-9.48,0.93,-2.94,0,0,1,139
138780,-9.28,1.03,-2.9,0,0,1,139
138800,-9.23,0.97,-2.75,0,0,1,139
138820,-9.41,0.93,-2.74,0,0,1,139
138840,-9.56,0.81,-2.96,0,0,1,139
138860,-9.36,0.76,-3.05,0,0,1,139
138880,-9.42,0.74,-3.15,0,0,1,139
138900,-9.55,0.84,-2.91,0,0,1,139
138920,-9.44,0.76,-2.74,0,0,1,139
138940,-9.23,0.76,-2.6,0,0,1,139
138960,-9.36,0.66,-2.81,0,0,1,139
138980,-9.22,0.82,-3.17,0,0,1,139
139000,-9.59,0.88,-2.62,0,0,1,139
139020,-9.63,0.62,-2.77,0,0,1,139
139040,-9.64,0.82,-2.8,0,0,1,139
139060,-9.44,1.13,-2.55,0,0,1,139
139080,-9.19,1.0,-2.39,0,0,1,139
139100,-9.33,0.94,-2.62,0,0,1,139
139120,-9.64,1.0,-3.04,0,0,1,139
139140,-9.8,1.07,-3.23,0,0,1,139
139160,-9.69,0.92,-3.18,0,0,1,139
139180,-9.56,1.01,-2.79,0,0,1,139
139200,-9.53,1.39,-2.19,0,0,1,139
139220,-9.34,1.03,-1.87,0,0,1,139
139240,-9.38,0.87,-1.45,0,0,1,139
139260,-9.16,0.36,-1.48,0,0,1,139
139280,-9.59,0.5,-1.88,0,0,1,139
139300,-9.82,0.66,-2.25,0,0,1,139
139320,-9.83,0.54,-2.28,0,0,1,139
139340,-9.61,0.25,-2.11,0,0,1,139
139360,-9.41,0.22,-1.85,0,0,1,139
139380,-9.14,0.18,-1.68,0,0,1,139
139400,-9.16,0.01,-1.54,0,0,1,139
139420,-9.14,0.02,-1.38,0,0,1,139
139440,-9.2,0.11,-1.35,0,0,1,139
139460,-9.31,0.04,-1.25,0,0,1,139
139480,-9.43,0.03,-1.27,0,0,1,139
139500,-9.29,0.0,-0.88,0,0,1,139
139520,-9.42,-0.01,-0.7,0,0,1,139
139540,-9.41,-0.11,-0.84,0,0,1,139
139560,-9.41,-0.11,-0.73,0,0,1,139
139580,-9.45,-0.15,-0.94,0,0,1,139
139600,-9.4,-0.1,-0.94,0,0,1,139
139620,-9.39,-0.2,-0.86,0,0,1,139
139640,-9.3,-0.2,-0.72,0,0,1,139
139660,-9.18,-0.35,-0.57,0,0,1,139
139680,-9.11,-0.51,-0.66,0,0,1,139
139700,-9.3,-0.42,-0.9,0,0,1,139
139720,-9.6,-0.22,-1.08,0,0,1,139
139740,-9.65,-0.12,-1.0,0,0,1,139
139760,-9.55,-0.06,-0.85,0,0,1,139
139780,-9.67,-0.1,-1.0,0,0,1,139
139800,-9.65,-0.18,-0.99,0,0,1,139
139820,-9.49,-0.14,-0.92,0,0,1,139
139840,-9.41,-0.12,-0.85,0,0,1,139
139860,-9.32,-0.17,-0.69,0,0,1,139
139880,-9.56,-0.12,-1.23,0,0,1,139
139900,-9.57,-0.31,-1.03,0,0,1,139
139920,-9.41,-0.32,-1.03,0,0,1,139
139940,-9.49,-0.28,-0.91,0,0,1,139
139960,-9.4,-0.3,-0.68,0,0,1,139
139980,-9.29,-0.4,-0.56,0,0,1,139
139000,-9.59,0.88,-2.62,0,0,1,140
139020,-9.63,0.62,-2.77,0,0,1,140
139040,-9.64,0.82,-2.8,0,0,1,140
139060,-9.44,1.13,-2.55,0,0,1,140
139080,-9.19,1.0,-2.39,0,0,1,140
139100,-9.33,0.94,-2.62,0,0,1,140
139120,-9.64,1.0,-3.04,0,0,1,140
139140,-9.8,1.07,-3.23,0,0,1,140
139160,-9.69,0.92,-3.18,0,0,1,140
139180,-9.56,1.01,-2.79,0,0,1,140
139200,-9.53,1.39,-2.19,0,0,1,140
139220,-9.34,1.03,-1.87,0,0,1,140
139240,-9.38,0.87,-1.45,0,0,1,140
139260,-9.16,0.36,-1.48,0,0,1,140
139280,-9.59,0.5,-1.88,0,0,1,140
139300,-9.82,0.66,-2.25,0,0,1,140
139320,-9.83,0.54,-2.28,0,0,1,140
139340,-9.61,0.25,-2.11,0,0,1,140
139360,-9.41,0.22,-1.85,0,0,1,140
139380,-9.14,0.18,-1.68,0,0,1,140
139400,-9.16,0.01,-1.54,0,0,1,140
139420,-9.14,0.02,-1.38,0,0,1,140
139440,-9.2,0.11,-1.35,0,0,1,140
139460,-9.31,0.04,-1.25,0,0,1,140
139480,-9.43,0.03,-1.27,0,0,1,140
139500,-9.29,0.0,-0.88,0,0,1,140
139520,-9.42,-0.01,-0.7,0,0,1,140
139540,-9.41,-0.11,-0.84,0,0,1,140
139560,-9.41,-0.11,-0.73,0,0,1,140
139580,-9.45,-0.15,-0.94,0,0,1,140
139600,-9.4,-0.1,-0.94,0,0,1,140
139620,-9.39,-0.2,-0.86,0,0,1,140
139640,-9.3,-0.2,-0.72,0,0,1,140
139660,-9.18,-0.35,-0.57,0,0,1,140
139680,-9.11,-0.51,-0.66,0,0,1,140
139700,-9.3,-0.42,-0.9,0,0,1,140
139720,-9.6,-0.22,-1.08,0,0,1,140
139740,-9.65,-0.12,-1.0,0,0,1,140
139760,-9.55,-0.06,-0.85,0,0,1,140
139780,-9.67,-0.1,-1.0,0,0,1,140
139800,-9.65,-0.18,-0.99,0,0,1,140
139820,-9.49,-0.14,-0.92,0,0,1,140
139840,-9.41,-0.12,-0.85,0,0,1,140
139860,-9.32,-0.17,-0.69,0,0,1,140
139880,-9.56,-0.12,-1.23,0,0,1,140
139900,-9.57,-0.31,-1.03,0,0,1,140
139920,-9.41,-0.32,-1.03,0,0,1,140
139940,-9.49,-0.28,-0.91,0,0,1,140
139960,-9.4,-0.3,-0.68,0,0,1,140
139980,-9.29,-0.4,-0.56,0,0,1,140
140000,-9.65,-0.15,-0.94,0,0,1,140
140020,-9.73,-0.07,-0.94,0,0,1,140
140040,-9.61,-0.17,-0.94,0,0,1,140
140060,-9.63,-0.12,-1.25,0,0,1,140
140080,-9.57,-0.27,-1.2,0,0,1,140
140100,-9.45,-0.19,-0.97,0,0,1,140
140120,-9.53,-0.26,-1.07,0,0,1,140
140140,-9.47,-0.44,-1.08,0,0,1,140
140160,-9.59,-0.45,-1.1,0,0,1,140
140180,-9.49,-0.45,-0.9,0,0,1,140
140200,-9.58,-0.37,-0.95,0,0,1,140
140220,-9.74,-0.39,-1.11,0,0,1,140
140240,-9.7,-0.21,-1.08,0,0,1,140
140260,-9.51,-0.23,-0.74,0,0,1,140
140280,-9.44,-0.22,-0.79,0,0,1,140
140300,-9.49,-0.08,-0.6,0,0,1,140
140320,-9.68,-0.01,-0.88,0,0,1,140
140340,-9.57,-0.14,-0.98,0,0,1,140
140360,-9.4,-0.22,-0.86,0,0,1,140
140380,-9.36,-0.03,-0.73,0,0,1,140
140400,-9.49,0.14,-0.86,0,0,1,140
140420,-9.65,0.07,-1.1,0,0,1,140
140440,-9.74,-0.03,-1.42,0,0,1,140
140460,-9.74,0.07,-1.12,0,0,1,140
140480,-9.58,0.11,-0.6,0,0,1,140
140500,-9.61,0.11,-0.54,0,0,1,140
140520,-9.54,-0.23,-0.57,0,0,1,140
140540,-9.34,-0.55,-0.73,0,0,1,140
140560,-8.98,-0.63,-0.78,0,0,1,140
140580,-9.08,-0.35,-1.08,0,0,1,140
140600,-9.3,-0.23,-1.25,0,0,1,140
140620,-9.42,-0.13,-1.32,0,0,1,140
140640,-9.66,0.17,-1.18,0,0,1,140
140660,-9.8,0.1,-1.05,0,0,1,140
140680,-9.74,-0.22,-1.2,0,0,1,140
140700,-9.76,-0.38,-1.28,0,0,1,140
140720,-9.83,-0.27,-1.25,0,0,1,140
140740,-9.77,-0.12,-1.17,0,0,1,140
140760,-9.45,-0.12,-1.09,0,0,1,140
140780,-9.26,-0.15,-1.14,0,0,1,140
140800,-9.3,-0.11,-1.48,0,0,1,140
140820,-9.53,-0.02,-1.65,0,0,1,140
140840,-9.6,-0.17,-1.71,0,0,1,140
140860,-9.64,-0.34,-1.95,0,0,1,140
140880,-9.61,-0.45,-2.04,0,0,1,140
140900,-9.64,-0.45,-2.1,0,0,1,140
140920,-9.62,-0.42,-1.71,0,0,1,140
140940,-9.53,-0.31,-1.44,0,0,1,140
140960,-9.59,-0.35,-1.4,0,0,1,140
140980,-9.6,-0.44,-1.58,0,0,1,140
140000,-9.65,-0.15,-0.94,0,0,1,141
140020,-9.73,-0.07,-0.94,0,0,1,141
140040,-9.61,-0.17,-0.94,0,0,1,141
140060,-9.63,-0.12,-1.25,0,0,1,141
140080,-9.57,-0.27,-1.2,0,0,1,141
140100,-9.45,-0.19,-0.97,0,0,1,141
140120,-9.53,-0.26,-1.07,0,0,1,141
140140,-9.47,-0.44,-1.08,0,0,1,141
140160,-9.59,-0.45,-1.1,0,0,1,141
140180,-9.49,-0.45,-0.9,0,0,1,141
140200,-9.58,-0.37,-0.95,0,0,1,141
140220,-9.74,-0.39,-1.11,0,0,1,141
140240,-9.7,-0.21,-1.08,0,0,1,141
140260,-9.51,-0.23,-0.74,0,0,1,141
140280,-9.44,-0.22,-0.79,0,0,1,141
140300,-9.49,-0.08,-0.6,0,0,1,141
140320,-9.68,-0.01,-0.88,0,0,1,141
140340,-9.57,-0.14,-0.98,0,0,1,141
140360,-9.4,-0.22,-0.86,0,0,1,141
140380,-9.36,-0.03,-0.73,0,0,1,141
140400,-9.49,0.14,-0.86,0,0,1,141
140420,-9.65,0.07,-1.1,0,0,1,141
140440,-9.74,-0.03,-1.42,0,0,1,141
140460,-9.74,0.07,-1.12,0,0,1,141
140480,-9.58,0.11,-0.6,0,0,1,141
140500,-9.61,0.11,-0.54,0,0,1,141
140520,-9.54,-0.23,-0.57,0,0,1,141
140540,-9.34,-0.55,-0.73,0,0,1,141
140560,-8.98,-0.63,-0.78,0,0,1,141
140580,-9.08,-0.35,-1.08,0,0,1,141
140600,-9.3,-0.23,-1.25,0,0,1,141
140620,-9.42,-0.13,-1.32,0,0,1,141
140640,-9.66,0.17,-1.18,0,0,1,141
140660,-9.8,0.1,-1.05,0,0,1,141
140680,-9.74,-0.22,-1.2,0,0,1,141
140700,-9.76,-0.38,-1.28,0,0,1,141
140720,-9.83,-0.27,-1.25,0,0,1,141
140740,-9.77,-0.12,-1.17,0,0,1,141
140760,-9.45,-0.12,-1.09,0,0,1,141
140780,-9.26,-0.15,-1.14,0,0,1,141
140800,-9.3,-0.11,-1.48,0,0,1,141
140820,-9.53,-0.02,-1.65,0,0,1,141
140840,-9.6,-0.17,-1.71,0,0,1,141
140860,-9.64,-0.34,-1.95,0,0,1,141
140880,-9.61,-0.45,-2.04,0,0,1,141
140900,-9.64,-0.45,-2.1,0,0,1,141
140920,-9.62,-0.42,-1.71,0,0,1,141
140940,-9.53,-0.31,-1.44,0,0,1,141
140960,-9.59,-0.35,-1.4,0,0,1,141
140980,-9.6,-0.44,-1.58,0,0,1,141
141000,-9.55,-0.42,-1.56,0,0,1,141
141020,-9.44,-0.23,-1.36,0,0,1,141
141040,-9.49,0.01,-1.3,0,0,1,141
141060,-9.74,0.02,-1.53,0,0,1,141
141080,-9.61,-0.1,-1.77,0,0,1,141
141100,-9.6,-0.26,-1.65,0,0,1,141
141120,-9.52,0.11,-1.27,0,0,1,141
141140,-9.44,0.47,-0.79,0,0,1,141
141160,-9.53,-0.03,-1.21,0,0,1,141
141180,-9.72,-0.21,-1.36,0,0,1,141
141200,-9.58,-0.11,-1.07,0,0,1,141
141220,-9.45,-0.01,-0.92,0,0,1,141
141240,-9.37,-0.12,-0.94,0,0,1,141
141260,-9.47,-0.3,-1.21,0,0,1,141
141280,-9.53,-0.46,-1.44,0,0,1,141
141300,-9.53,-0.34,-1.33,0,0,1,141
141320,-9.47,-0.43,-1.23,0,0,1,141
141340,-9.4,-0.52,-1.17,0,0,1,141
141360,-9.4,-0.49,-1.2,0,0,1,141
141380,-9.48,-0.54,-1.22,0,0,1,141
141400,-9.56,-0.54,-1.34,0,0,1,141
141420,-9.62,-0.44,-1.33,0,0,1,141
141440,-9.6,-0.35,-1.31,0,0,1,141
141460,-9.56,-0.38,-1.32,0,0,1,141
141480,-9.49,-0.2,-1.14,0,0,1,141
141500,-9.41,-0.17,-1.02,0,0,1,141
141520,-9.47,-0.2,-1.04,0,0,1,141
141540,-9.64,-0.27,-1.37,0,0,1,141
141560,-9.68,-0.33,-1.68,0,0,1,141
141580,-9.56,-0.38,-1.47,0,0,1,141
141600,-9.5,-0.13,-1.11,0,0,1,141
141620,-9.46,-0.12,-0.91,0,0,1,141
141640,-9.53,-0.3,-0.94,0,0,1,141
141660,-9.61,-0.26,-1.02,0,0,1,141
141680,-9.64,-0.16,-0.96,0,0,1,141
141700,-9.52,-0.06,-0.81,0,0,1,141
141720,-9.48,-0.17,-0.94,0,0,1,141
141740,-9.49,-0.12,-1.03,0,0,1,141
141760,-9.6,-0.04,-1.05,0,0,1,141
141780,-9.62,0.03,-1.08,0,0,1,141
141800,-9.6,-0.09,-1.03,0,0,1,141
141820,-9.55,-0.32,-0.94,0,0,1,141
141840,-9.51,-0.34,-1.01,0,0,1,141
141860,-9.48,-0.13,-0.8,0,0,1,141
141880,-9.53,-0.04,-0.69,0,0,1,141
141900,-9.65,-0.06,-0.9,0,0,1,141
141920,-9.77,-0.13,-1.15,0,0,1,141
141940,-9.64,-0.35,-1.15,0,0,1,141
141960,-9.43,-0.38,-0.95,0,0,1,141
141980,-9.43,-0.18,-0.84,0,0,1,141
141000,-9.55,-0.42,-1.56,0,0,1,142
141020,-9.44,-0.23,-1.36,0,0,1,142
141040,-9.49,0.01,-1.3,0,0,1,142
141060,-9.74,0.02,-1.53,0,0,1,142
141080,-9.61,-0.1,-1.77,0,0,1,142
141100,-9.6,-0.26,-1.65,0,0,1,142
141120,-9.52,0.11,-1.27,0,0,1,142
141140,-9.44,0.47,-0.79,0,0,1,142
141160,-9.53,-0.03,-1.21,0,0,1,142
141180,-9.72,-0.21,-1.36,0,0,1,142
141200,-9.58,-0.11,-1.07,0,0,1,142
141220,-9.45,-0.01,-0.92,0,0,1,142
141240,-9.37,-0.12,-0.94,0,0,1,142
141260,-9.47,-0.3,-1.21,0,0,1,142
141280,-9.53,-0.46,-1.44,0,0,1,142
141300,-9.53,-0.34,-1.33,0,0,1,142
141320,-9.47,-0.43,-1.23,0,0,1,142
141340,-9.4,-0.52,-1.17,0,0,1,142
141360,-9.4,-0.49,-1.2,0,0,1,142
141380,-9.48,-0.54,-1.22,0,0,1,142
141400,-9.56,-0.54,-1.34,0,0,1,142
141420,-9.62,-0.44,-1.33,0,0,1,142
141440,-9.6,-0.35,-1.31,0,0,1,142
141460,-9.56,-0.38,-1.32,0,0,1,142
141480,-9.49,-0.2,-1.14,0,0,1,142
141500,-9.41,-0.17,-1.02,0,0,1,142
141520,-9.47,-0.2,-1.04,0,0,1,142
141540,-9.64,-0.27,-1.37,0,0,1,142
141560,-9.68,-0.33,-1.68,0,0,1,142
141580,-9.56,-0.38,-1.47,0,0,1,142
141600,-9.5,-0.13,-1.11,0,0,1,142
141620,-9.46,-0.12,-0.91,0,0,1,142
141640,-9.53,-0.3,-0.94,0,0,1,142
141660,-9.61,-0.26,-1.02,0,0,1,142
141680,-9.64,-0.16,-0.96,0,0,1,142
141700,-9.52,-0.06,-0.81,0,0,1,142
141720,-9.48,-0.17,-0.94,0,0,1,142
141740,-9.49,-0.12,-1.03,0,0,1,142
141760,-9.6,-0.04,-1.05,0,0,1,142
141780,-9.62,0.03,-1.08,0,0,1,142
141800,-9.6,-0.09,-1.03,0,0,1,142
141820,-9.55,-0.32,-0.94,0,0,1,142
141840,-9.51,-0.34,-1.01,0,0,1,142
141860,-9.48,-0.13,-0.8,0,0,1,142
141880,-9.53,-0.04,-0.69,0,0,1,142
141900,-9.65,-0.06,-0.9,0,0,1,142
141920,-9.77,-0.13,-1.15,0,0,1,142
141940,-9.64,-0.35,-1.15,0,0,1,142
141960,-9.43,-0.38,-0.95,0,0,1,142
141980,-9.43,-0.18,-0.84,0,0,1,142
142000,-9.56,-0.04,-1.06,0,0,1,142
142020,-9.81,-0.25,-1.28,0,0,1,142
142040,-9.74,-0.52,-1.25,0,0,1,142
142060,-9.48,-0.47,-1.13,0,0,1,142
142080,-9.44,-0.28,-0.99,0,0,1,142
142100,-9.55,-0.12,-0.73,0,0,1,142
142120,-9.38,-0.42,-0.54,0,0,1,142
142140,-9.34,-0.55,-0.52,0,0,1,142
142160,-9.49,-0.44,-0.55,0,0,1,142
142180,-9.42,-0.41,-0.36,0,0,1,142
142200,-9.31,-0.34,-0.34,0,0,1,142
142220,-9.47,-0.25,-0.63,0,0,1,142
142240,-9.62,-0.15,-0.79,0,0,1,142
142260,-9.65,-0.15,-0.94,0,0,1,142
142280,-9.6,-0.09,-0.87,0,0,1,142
142300,-9.51,0.09,-0.58,0,0,1,142
142320,-9.52,-0.02,-0.58,0,0,1,142
142340,-9.66,0.01,-0.72,0,0,1,142
142360,-9.61,-0.11,-0.64,0,0,1,142
142380,-9.57,-0.21,-0.64,0,0,1,142
142400,-9.6,-0.27,-0.79,0,0,1,142
142420,-9.63,-0.16,-0.75,0,0,1,142
142440,-9.54,-0.18,-0.67,0,0,1,142
142460,-9.5,-0.23,-0.73,0,0,1,142
142480,-9.53,-0.21,-0.67,0,0,1,142
142500,-9.55,-0.15,-0.74,0,0,1,142
142520,-9.58,-0.12,-0.67,0,0,1,142
142540,-9.56,-0.26,-0.61,0,0,1,142
142560,-9.59,-0.08,-0.68,0,0,1,142
142580,-9.56,-0.07,-0.62,0,0,1,142
142600,-9.62,-0.1,-0.57,0,0,1,142
142620,-9.5,-0.08,-0.63,0,0,1,142
142640,-9.51,-0.05,-0.67,0,0,1,142
142660,-9.58,-0.05,-0.65,0,0,1,142
142680,-9.64,-0.05,-0.7,0,0,1,142
142700,-9.54,-0.1,-0.56,0,0,1,142
142720,-9.58,-0.11,-0.61,0,0,1,142
142740,-9.67,-0.09,-0.75,0,0,1,142
142760,-9.62,-0.23,-0.7,0,0,1,142
142780,-9.57,-0.1,-0.61,0,0,1,142
142800,-9.57,-0.03,-0.57,0,0,1,142
142820,-9.55,-0.03,-0.71,0,0,1,142
142840,-9.55,-0.05,-0.75,0,0,1,142
142860,-9.59,0.06,-0.67,0,0,1,142
142880,-9.52,0.03,-0.59,0,0,1,142
142900,-9.59,-0.04,-0.6,0,0,1,142
142920,-9.6,-0.08,-0.71,0,0,1,142
142940,-9.59,-0.1,-0.68,0,0,1,142
142960,-9.56,-0.05,-0.73,0,0,1,142
142980,-9.59,0.0,-0.7,0,0,1,142
142000,-9.56,-0.04,-1.06,0,0,1,143
142020,-9.81,-0.25,-1.28,0,0,1,143
142040,-9.74,-0.52,-1.25,0,0,1,143
142060,-9.48,-0.47,-1.13,0,0,1,143
142080,-9.44,-0.28,-0.99,0,0,1,143
142100,-9.55,-0.12,-0.73,0,0,1,143
142120,-9.38,-0.42,-0.54,0,0,1,143
142140,-9.34,-0.55,-0.52,0,0,1,143
142160,-9.49,-0.44,-0.55,0,0,1,143
142180,-9.42,-0.41,-0.36,0,0,1,143
142200,-9.31,-0.34,-0.34,0,0,1,143
142220,-9.47,-0.25,-0.63,0,0,1,143
142240,-9.62,-0.15,-0.79,0,0,1,143
142260,-9.65,-0.15,-0.94,0,0,1,143
142280,-9.6,-0.09,-0.87,0,0,1,143
142300,-9.51,0.09,-0.58,0,0,1,143
142320,-9.52,-0.02,-0.58,0,0,1,143
142340,-9.66,0.01,-0.72,0,0,1,143
142360,-9.61,-0.11,-0.64,0,0,1,143
142380,-9.57,-0.21,-0.64,0,0,1,143
142400,-9.6,-0.27,-0.79,0,0,1,143
142420,-9.63,-0.16,-0.75,0,0,1,143
142440,-9.54,-0.18,-0.67,0,0,1,143
142460,-9.5,-0.23,-0.73,0,0,1,143
142480,-9.53,-0.21,-0.67,0,0,1,143
142500,-9.55,-0.15,-0.74,0,0,1,143
142520,-9.58,-0.12,-0.67,0,0,1,143
142540,-9.56,-0.26,-0.61,0,0,1,143
142560,-9.59,-0.08,-0.68,0,0,1,143
142580,-9.56,-0.07,-0.62,0,0,1,143
142600,-9.62,-0.1,-0.57,0,0,1,143
142620,-9.5,-0.08,-0.63,0,0,1,143
142640,-9.51,-0.05,-0.67,0,0,1,143
142660,-9.58,-0.05,-0.65,0,0,1,143
142680,-9.64,-0.05,-0.7,0,0,1,143
142700,-9.54,-0.1,-0.56,0,0,1,143
142720,-9.58,-0.11,-0.61,0,0,1,143
142740,-9.67,-0.09,-0.75,0,0,1,143
142760,-9.62,-0.23,-0.7,0,0,1,143
142780,-9.57,-0.1,-0.61,0,0,1,143
142800,-9.57,-0.03,-0.57,0,0,1,143
142820,-9.55,-0.03,-0.71,0,0,1,143
142840,-9.55,-0.05,-0.75,0,0,1,143
142860,-9.59,0.06,-0.67,0,0,1,143
142880,-9.52,0.03,-0.59,0,0,1,143
142900,-9.59,-0.04,-0.6,0,0,1,143
142920,-9.6,-0.08,-0.71,0,0,1,143
142940,-9.59,-0.1,-0.68,0,0,1,143
142960,-9.56,-0.05,-0.73,0,0,1,143
142980,-9.59,0.0,-0.7,0,0,1,143
143000,-9.58,-0.04,-0.69,0,0,1,143
143020,-9.55,-0.06,-0.75,0,0,1,143
143040,-9.59,-0.04,-0.67,0,0,1,143
143060,-9.56,0.05,-0.65,0,0,1,143
143080,-9.55,-0.01,-0.65,0,0,1,143
143100,-9.56,0.03,-0.7,0,0,1,143
143120,-9.6,0.05,-0.65,0,0,1,143
143140,-9.62,-0.01,-0.65,0,0,1,143
143160,-9.63,0.0,-0.69,0,0,1,143
143180,-9.56,-0.02,-0.64,0,0,1,143
143200,-9.56,-0.01,-0.69,0,0,1,143
143220,-9.58,0.01,-0.63,0,0,1,143
143240,-9.61,-0.06,-0.61,0,0,1,143
143260,-9.62,-0.06,-0.71,0,0,1,143
143280,-9.54,-0.06,-0.64,0,0,1,143
143300,-9.57,-0.02,-0.67,0,0,1,143
143320,-9.63,-0.01,-0.6,0,0,1,143
143340,-9.6,-0.05,-0.63,0,0,1,143
143360,-9.56,-0.02,-0.64,0,0,1,143
143380,-9.53,-0.01,-0.68,0,0,1,143
143400,-9.54,-0.03,-0.63,0,0,1,143
143420,-9.53,-0.08,-0.69,0,0,1,143
143440,-9.58,0.02,-0.79,0,0,1,143
143460,-9.59,0.01,-0.62,0,0,1,143
143480,-9.55,-0.09,-0.61,0,0,1,143
143500,-9.58,-0.11,-0.7,0,0,1,143
143520,-9.56,-0.0,-0.64,0,0,1,143
143540,-9.58,-0.11,-0.63,0,0,1,143
143560,-9.63,-0.1,-0.66,0,0,1,143
143580,-9.57,-0.06,-0.67,0,0,1,143
143600,-9.57,-0.01,-0.68,0,0,1,143
143620,-9.59,-0.01,-0.62,0,0,1,143
143640,-9.64,0.04,-0.76,0,0,1,143
143660,-9.57,-0.0,-0.59,0,0,1,143
143680,-9.57,-0.04,-0.64,0,0,1,143
143700,-9.63,-0.08,-0.68,0,0,1,143
143720,-9.63,-0.04,-0.7,0,0,1,143
143740,-9.57,-0.11,-0.68,0,0,1,143
143760,-9.55,-0.02,-0.66,0,0,1,143
143780,-9.59,0.01,-0.67,0,0,1,143
143800,-9.58,-0.08,-0.68,0,0,1,143
143820,-9.6,-0.05,-0.73,0,0,1,143
143840,-9.6,-0.0,-0.67,0,0,1,143
143860,-9.57,-0.01,-0.68,0,0,1,143
143880,-9.57,0.01,-0.64,0,0,1,143
143900,-9.61,0.01,-0.66,0,0,1,143
143920,-9.58,0.05,-0.72,0,0,1,143
143940,-9.62,0.06,-0.66,0,0,1,143
143960,-9.62,-0.03,-0.66,0,0,1,143
143980,-9.61,-0.05,-0.66,0,0,1,143
143000,-9.58,-0.04,-0.69,0,0,1,144
143020,-9.55,-0.06,-0.75,0,0,1,144
143040,-9.59,-0.04,-0.67,0,0,1,144
143060,-9.56,0.05,-0.65,0,0,1,144
143080,-9.55,-0.01,-0.65,0,0,1,144
143100,-9.56,0.03,-0.7,0,0,1,144
143120,-9.6,0.05,-0.65,0,0,1,144
143140,-9.62,-0.01,-0.65,0,0,1,144
143160,-9.63,0.0,-0.69,0,0,1,144
143180,-9.56,-0.02,-0.64,0,0,1,144
143200,-9.56,-0.01,-0.69,0,0,1,144
143220,-9.58,0.01,-0.63,0,0,1,144
143240,-9.61,-0.06,-0.61,0,0,1,144
143260,-9.62,-0.06,-0.71,0,0,1,144
143280,-9.54,-0.06,-0.64,0,0,1,144
143300,-9.57,-0.02,-0.67,0,0,1,144
143320,-9.63,-0.01,-0.6,0,0,1,144
143340,-9.6,-0.05,-0.63,0,0,1,144
143360,-9.56,-0.02,-0.64,0,0,1,144
143380,-9.53,-0.01,-0.68,0,0,1,144
143400,-9.54,-0.03,-0.63,0,0,1,144
143420,-9.53,-0.08,-0.69,0,0,1,144
143440,-9.58,0.02,-0.79,0,0,1,144
143460,-9.59,0.01,-0.62,0,0,1,144
143480,-9.55,-0.09,-0.61,0,0,1,144
143500,-9.58,-0.11,-0.7,0,0,1,144
143520,-9.56,-0.0,-0.64,0,0,1,144
143540,-9.58,-0.11,-0.63,0,0,1,144
143560,-9.63,-0.1,-0.66,0,0,1,144
143580,-9.57,-0.06,-0.67,0,0,1,144
143600,-9.57,-0.01,-0.68,0,0,1,144
143620,-9.59,-0.01,-0.62,0,0,1,144
143640,-9.64,0.04,-0.76,0,0,1,144
143660,-9.57,-0.0,-0.59,0,0,1,144
143680,-9.57,-0.04,-0.64,0,0,1,144
143700,-9.63,-0.08,-0.68,0,0,1,144
143720,-9.63,-0.04,-0.7,0,0,1,144
143740,-9.57,-0.11,-0.68,0,0,1,144
143760,-9.55,-0.02,-0.66,0,0,1,144
143780,-9.59,0.01,-0.67,0,0,1,144
143800,-9.58,-0.08,-0.68,0,0,1,144
143820,-9.6,-0.05,-0.73,0,0,1,144
143840,-9.6,-0.0,-0.67,0,0,1,144
143860,-9.57,-0.01,-0.68,0,0,1,144
143880,-9.57,0.01,-0.64,0,0,1,144
143900,-9.61,0.01,-0.66,0,0,1,144
143920,-9.58,0.05,-0.72,0,0,1,144
143940,-9.62,0.06,-0.66,0,0,1,144
143960,-9.62,-0.03,-0.66,0,0,1,144
143980,-9.61,-0.05,-0.66,0,0,1,144
144000,-9.57,-0.04,-0.67,0,0,1,144
144020,-9.53,-0.06,-0.59,0,0,1,144
144040,-9.53,-0.07,-0.55,0,0,1,144
144060,-9.62,-0.08,-0.68,0,0,1,144
144080,-9.62,-0.04,-0.74,0,0,1,144
144100,-9.61,-0.06,-0.63,0,0,1,144
144120,-9.55,-0.0,-0.54,0,0,1,144
144140,-9.55,-0.08,-0.61,0,0,1,144
144160,-9.57,-0.11,-0.64,0,0,1,144
144180,-9.56,-0.09,-0.6,0,0,1,144
144200,-9.55,-0.1,-0.57,0,0,1,144
144220,-9.58,-0.02,-0.58,0,0,1,144
144240,-9.55,-0.02,-0.6,0,0,1,144
144260,-9.57,-0.04,-0.59,0,0,1,144
144280,-9.59,-0.04,-0.66,0,0,1,144
144300,-9.63,0.05,-0.7,0,0,1,144
144320,-9.53,0.06,-0.56,0,0,1,144
144340,-9.49,-0.06,-0.53,0,0,1,144
144360,-9.61,-0.06,-0.75,0,0,1,144
144380,-9.63,0.08,-0.69,0,0,1,144
144400,-9.56,-0.09,-0.56,0,0,1,144
144420,-9.51,-0.07,-0.56,0,0,1,144
144440,-9.56,-0.11,-0.6,0,0,1,144
144460,-9.57,-0.02,-0.66,0,0,1,144
144480,-9.59,-0.01,-0.62,0,0,1,144
144500,-9.55,0.0,-0.63,0,0,1,144
144520,-9.52,-0.05,-0.56,0,0,1,144
144540,-9.53,-0.06,-0.6,0,0,1,144
144560,-9.55,-0.02,-0.61,0,0,1,144
144580,-9.55,-0.11,-0.59,0,0,1,144
144600,-9.49,-0.08,-0.62,0,0,1,144
144620,-9.65,0.04,-0.68,0,0,1,144
144640,-9.6,-0.04,-0.68,0,0,1,144
144660,-9.56,-0.05,-0.62,0,0,1,144
144680,-9.55,-0.01,-0.62,0,0,1,144
144700,-9.59,-0.01,-0.61,0,0,1,144
144720,-9.6,-0.02,-0.64,0,0,1,144
144740,-9.58,-0.06,-0.65,0,0,1,144
144760,-9.57,0.04,-0.57,0,0,1,144
144780,-9.57,-0.03,-0.59,0,0,1,144
144800,-9.58,-0.01,-0.64,0,0,1,144
144820,-9.58,0.02,-0.64,0,0,1,144
144840,-9.62,-0.05,-0.61,0,0,1,144
144860,-9.58,-0.02,-0.66,0,0,1,144
144880,-9.58,-0.02,-0.62,0,0,1,144
144900,-9.56,0.02,-0.6,0,0,1,144
144920,-9.57,-0.02,-0.61,0,0,1,144
144940,-9.58,-0.04,-0.61,0,0,1,144
144960,-9.56,-0.04,-0.61,0,0,1,144
144980,-9.54,-0.01,-0.61,0,0,1,144
