Accel_X,Accel_Y,Accel_Z,Fall_Indicator,Label,Event_ID,Window_Number
-8.18,-2.1,-4.91,0,0,1,1
-8.22,-2.12,-4.98,0,0,1,1
-8.18,-2.23,-5.02,0,0,1,1
-8.22,-2.22,-4.96,0,0,1,1
-8.17,-2.2,-4.92,0,0,1,1
-8.2,-2.28,-4.9,0,0,1,1
-8.19,-2.21,-4.95,0,0,1,1
-8.21,-2.21,-4.93,0,0,1,1
-8.23,-2.21,-4.93,0,0,1,1
-8.2,-2.21,-4.95,0,0,1,1
-8.15,-2.27,-4.94,0,0,1,1
-8.2,-2.23,-4.93,0,0,1,1
-8.17,-2.25,-4.94,0,0,1,1
-8.14,-2.22,-4.88,0,0,1,1
-8.17,-2.28,-4.9,0,0,1,1
-8.27,-2.23,-4.96,0,0,1,1
-8.28,-2.17,-4.82,0,0,1,1
-8.26,-2.22,-4.87,0,0,1,1
-8.25,-2.21,-4.82,0,0,1,1
-8.28,-2.07,-4.82,0,0,1,1
-8.32,-2.11,-4.84,0,0,1,1
-8.15,-2.21,-4.75,0,0,1,1
-8.13,-2.3,-4.7,0,0,1,1
-8.14,-2.42,-4.77,0,0,1,1
-8.17,-2.38,-4.88,0,0,1,1
-8.27,-2.28,-4.93,0,0,1,1
-8.22,-2.23,-4.93,0,0,1,1
-8.25,-2.1,-4.76,0,0,1,1
-8.37,-1.96,-4.89,0,0,1,1
-8.27,-2.05,-4.96,0,0,1,1
-8.19,-2.17,-4.88,0,0,1,1
-8.3,-1.97,-4.96,0,0,1,1
-8.41,-1.74,-5.02,0,0,1,1
-8.42,-1.61,-4.88,0,0,1,1
-8.38,-1.41,-4.92,0,0,1,1
-8.48,-1.48,-4.98,0,0,1,1
-8.32,-1.84,-4.91,0,0,1,1
-8.12,-2.22,-4.72,0,0,1,1
-8.11,-2.14,-4.79,0,0,1,1
-8.3,-1.74,-5.04,0,0,1,1
-8.52,-1.4,-5.02,0,0,1,1
-8.42,-1.4,-4.9,0,0,1,1
-8.27,-1.88,-4.84,0,0,1,1
-8.15,-2.22,-4.8,0,0,1,1
-8.1,-2.15,-4.85,0,0,1,1
-8.08,-1.94,-4.84,0,0,1,1
-8.25,-1.61,-4.59,0,0,1,1
-8.45,-1.54,-5.03,0,0,1,1
-8.44,-1.58,-5.14,0,0,1,1
-8.44,-1.51,-4.95,0,0,1,1
-8.28,-1.41,-4.76,0,0,1,1
-8.13,-1.3,-4.71,0,0,1,1
-8.22,-1.16,-4.97,0,0,1,1
-8.42,-1.28,-5.16,0,0,1,1
-8.33,-1.47,-5.24,0,0,1,1
-8.15,-1.71,-5.13,0,0,1,1
-8.0,-1.72,-5.12,0,0,1,1
-8.17,-1.64,-5.27,0,0,1,1
-8.12,-1.73,-5.26,0,0,1,1
-8.06,-1.89,-5.21,0,0,1,1
-7.94,-2.02,-5.24,0,0,1,1
-7.79,-2.04,-5.38,0,0,1,1
-7.78,-2.02,-5.49,0,0,1,1
-7.96,-1.85,-5.59,0,0,1,1
-7.8,-1.92,-5.55,0,0,1,1
-7.95,-1.54,-5.56,0,0,1,1
-7.81,-1.05,-5.46,0,0,1,1
-7.63,-1.16,-5.7,0,0,1,1
-7.67,-1.34,-6.16,0,0,1,1
-7.86,-1.15,-6.49,0,0,1,1
-7.84,-0.53,-6.53,0,0,1,1
-7.89,-0.25,-6.56,0,0,1,1
-7.99,-0.2,-6.56,0,0,1,1
-7.97,-0.3,-6.38,0,0,1,1
-8.02,-0.21,-6.13,0,0,1,1
-8.01,0.22,-6.26,0,0,1,1
-8.1,0.69,-6.33,0,0,1,1
-8.15,0.75,-6.28,0,0,1,1
-8.0,0.51,-6.16,0,0,1,1
-7.69,0.11,-6.25,0,0,1,1
-7.6,-0.59,-6.26,0,0,1,1
-7.43,-0.87,-6.41,0,0,1,1
-7.58,-0.85,-6.56,0,0,1,1
-7.97,-0.72,-6.71,0,0,1,1
-8.01,-0.15,-6.64,0,0,1,1
-7.89,0.17,-6.43,0,0,1,1
-7.67,0.12,-6.1,0,0,1,1
-7.33,-0.17,-5.68,0,0,1,1
-7.34,-0.68,-5.97,0,0,1,1
-7.43,-0.81,-6.67,0,0,1,1
-7.46,-0.88,-7.07,0,0,1,1
-7.83,-1.56,-7.02,0,0,1,1
-7.71,-1.7,-6.19,0,0,1,1
-7.87,-1.44,-5.64,0,0,1,1
-7.73,-1.08,-5.2,0,0,1,1
-7.94,-1.58,-6.04,0,0,1,1
-8.07,-1.77,-5.88,0,0,1,1
-8.34,-1.87,-5.26,0,0,1,1
-8.29,-1.58,-4.38,0,0,1,1
-7.67,-0.19,-3.46,0,0,1,1
-8.28,-1.41,-4.76,0,0,1,2
-8.13,-1.3,-4.71,0,0,1,2
-8.22,-1.16,-4.97,0,0,1,2
-8.42,-1.28,-5.16,0,0,1,2
-8.33,-1.47,-5.24,0,0,1,2
-8.15,-1.71,-5.13,0,0,1,2
-8.0,-1.72,-5.12,0,0,1,2
-8.17,-1.64,-5.27,0,0,1,2
-8.12,-1.73,-5.26,0,0,1,2
-8.06,-1.89,-5.21,0,0,1,2
-7.94,-2.02,-5.24,0,0,1,2
-7.79,-2.04,-5.38,0,0,1,2
-7.78,-2.02,-5.49,0,0,1,2
-7.96,-1.85,-5.59,0,0,1,2
-7.8,-1.92,-5.55,0,0,1,2
-7.95,-1.54,-5.56,0,0,1,2
-7.81,-1.05,-5.46,0,0,1,2
-7.63,-1.16,-5.7,0,0,1,2
-7.67,-1.34,-6.16,0,0,1,2
-7.86,-1.15,-6.49,0,0,1,2
-7.84,-0.53,-6.53,0,0,1,2
-7.89,-0.25,-6.56,0,0,1,2
-7.99,-0.2,-6.56,0,0,1,2
-7.97,-0.3,-6.38,0,0,1,2
-8.02,-0.21,-6.13,0,0,1,2
-8.01,0.22,-6.26,0,0,1,2
-8.1,0.69,-6.33,0,0,1,2
-8.15,0.75,-6.28,0,0,1,2
-8.0,0.51,-6.16,0,0,1,2
-7.69,0.11,-6.25,0,0,1,2
-7.6,-0.59,-6.26,0,0,1,2
-7.43,-0.87,-6.41,0,0,1,2
-7.58,-0.85,-6.56,0,0,1,2
-7.97,-0.72,-6.71,0,0,1,2
-8.01,-0.15,-6.64,0,0,1,2
-7.89,0.17,-6.43,0,0,1,2
-7.67,0.12,-6.1,0,0,1,2
-7.33,-0.17,-5.68,0,0,1,2
-7.34,-0.68,-5.97,0,0,1,2
-7.43,-0.81,-6.67,0,0,1,2
-7.46,-0.88,-7.07,0,0,1,2
-7.83,-1.56,-7.02,0,0,1,2
-7.71,-1.7,-6.19,0,0,1,2
-7.87,-1.44,-5.64,0,0,1,2
-7.73,-1.08,-5.2,0,0,1,2
-7.94,-1.58,-6.04,0,0,1,2
-8.07,-1.77,-5.88,0,0,1,2
-8.34,-1.87,-5.26,0,0,1,2
-8.29,-1.58,-4.38,0,0,1,2
-7.67,-0.19,-3.46,0,0,1,2
-7.89,-0.2,-4.64,0,0,1,2
-8.71,-0.84,-6.9,0,0,1,2
-8.4,-0.85,-6.49,0,0,1,2
-8.15,0.55,-4.51,0,0,1,2
-8.84,1.67,-3.28,0,0,1,2
-9.78,2.01,-4.03,0,0,1,2
-11.06,1.74,-5.85,0,0,1,2
-10.98,1.71,-7.23,0,0,1,2
-10.27,1.77,-6.38,0,0,1,2
-8.89,2.05,-4.02,0,0,1,2
-8.47,2.01,-2.14,0,0,1,2
-8.2,1.98,-2.42,0,0,1,2
-9.07,1.32,-3.79,0,0,1,2
-8.89,0.84,-4.2,0,0,1,2
-7.77,0.51,-3.52,0,0,1,2
-8.15,0.6,-2.46,0,0,1,2
-8.29,0.68,-2.33,0,0,1,2
-8.21,0.44,-3.1,0,0,1,2
-8.18,0.1,-3.76,0,0,1,2
-8.42,0.55,-3.88,0,0,1,2
-8.43,1.55,-3.69,0,0,1,2
-8.49,2.42,-3.64,0,0,1,2
-8.81,2.88,-4.03,0,0,1,2
-8.9,2.85,-4.32,0,0,1,2
-8.7,2.24,-4.44,0,0,1,2
-8.63,1.34,-4.52,0,0,1,2
-8.81,0.56,-4.21,0,0,1,2
-8.95,0.14,-3.99,0,0,1,2
-8.65,0.5,-3.65,0,0,1,2
-8.54,1.11,-3.61,0,0,1,2
-8.65,1.77,-3.93,0,0,1,2
-8.79,1.68,-4.54,0,0,1,2
-9.01,1.31,-4.71,0,0,1,2
-8.75,1.02,-4.49,0,0,1,2
-8.35,0.72,-3.68,0,0,1,2
-7.98,0.34,-3.26,0,0,1,2
-8.35,0.01,-3.49,0,0,1,2
-8.2,0.35,-3.83,0,0,1,2
-8.57,0.77,-4.03,0,0,1,2
-8.7,1.02,-4.12,0,0,1,2
-8.39,1.34,-4.02,0,0,1,2
-8.01,2.05,-3.83,0,0,1,2
-8.3,2.68,-3.78,0,0,1,2
-8.45,3.15,-4.47,0,0,1,2
-8.75,3.01,-5.03,0,0,1,2
-8.63,2.63,-5.24,0,0,1,2
-6.93,2.81,-5.0,0,0,1,2
-6.39,2.62,-4.07,0,0,1,2
-12.97,-1.59,-5.07,0,0,1,2
-14.73,-3.58,-12.0,0,0,1,2
-7.89,-0.2,-4.64,0,0,1,3
-8.71,-0.84,-6.9,0,0,1,3
-8.4,-0.85,-6.49,0,0,1,3
-8.15,0.55,-4.51,0,0,1,3
-8.84,1.67,-3.28,0,0,1,3
-9.78,2.01,-4.03,0,0,1,3
-11.06,1.74,-5.85,0,0,1,3
-10.98,1.71,-7.23,0,0,1,3
-10.27,1.77,-6.38,0,0,1,3
-8.89,2.05,-4.02,0,0,1,3
-8.47,2.01,-2.14,0,0,1,3
-8.2,1.98,-2.42,0,0,1,3
-9.07,1.32,-3.79,0,0,1,3
-8.89,0.84,-4.2,0,0,1,3
-7.77,0.51,-3.52,0,0,1,3
-8.15,0.6,-2.46,0,0,1,3
-8.29,0.68,-2.33,0,0,1,3
-8.21,0.44,-3.1,0,0,1,3
-8.18,0.1,-3.76,0,0,1,3
-8.42,0.55,-3.88,0,0,1,3
-8.43,1.55,-3.69,0,0,1,3
-8.49,2.42,-3.64,0,0,1,3
-8.81,2.88,-4.03,0,0,1,3
-8.9,2.85,-4.32,0,0,1,3
-8.7,2.24,-4.44,0,0,1,3
-8.63,1.34,-4.52,0,0,1,3
-8.81,0.56,-4.21,0,0,1,3
-8.95,0.14,-3.99,0,0,1,3
-8.65,0.5,-3.65,0,0,1,3
-8.54,1.11,-3.61,0,0,1,3
-8.65,1.77,-3.93,0,0,1,3
-8.79,1.68,-4.54,0,0,1,3
-9.01,1.31,-4.71,0,0,1,3
-8.75,1.02,-4.49,0,0,1,3
-8.35,0.72,-3.68,0,0,1,3
-7.98,0.34,-3.26,0,0,1,3
-8.35,0.01,-3.49,0,0,1,3
-8.2,0.35,-3.83,0,0,1,3
-8.57,0.77,-4.03,0,0,1,3
-8.7,1.02,-4.12,0,0,1,3
-8.39,1.34,-4.02,0,0,1,3
-8.01,2.05,-3.83,0,0,1,3
-8.3,2.68,-3.78,0,0,1,3
-8.45,3.15,-4.47,0,0,1,3
-8.75,3.01,-5.03,0,0,1,3
-8.63,2.63,-5.24,0,0,1,3
-6.93,2.81,-5.0,0,0,1,3
-6.39,2.62,-4.07,0,0,1,3
-12.97,-1.59,-5.07,0,0,1,3
-14.73,-3.58,-12.0,0,0,1,3
-11.97,-6.7,-11.56,0,0,1,3
-6.72,-3.18,-2.42,0,0,1,3
-6.22,0.86,0.64,0,0,1,3
-7.56,4.17,-1.08,0,0,1,3
-8.46,2.07,-2.87,0,0,1,3
-9.0,-2.65,-5.56,0,0,1,3
-9.79,-5.19,-7.71,0,0,1,3
-8.65,-3.18,-6.04,0,0,1,3
-7.1,-0.43,-3.76,0,0,1,3
-7.32,1.03,-3.17,0,0,1,3
-8.22,0.58,-4.63,0,0,1,3
-8.74,-0.97,-6.45,0,0,1,3
-8.16,-1.32,-6.71,0,0,1,3
-8.01,-1.61,-6.23,0,0,1,3
-7.93,-1.03,-5.42,0,0,1,3
-7.58,-0.28,-4.77,0,0,1,3
-7.64,0.31,-4.86,0,0,1,3
-7.84,0.76,-5.34,0,0,1,3
-8.05,0.72,-5.42,0,0,1,3
-7.56,0.72,-5.13,0,0,1,3
-7.06,0.94,-4.69,0,0,1,3
-6.64,1.17,-4.71,0,0,1,3
-7.35,1.17,-5.25,0,0,1,3
-8.03,1.12,-5.88,0,0,1,3
-9.03,0.81,-6.44,0,0,1,3
-8.92,1.41,-6.39,0,0,1,3
-8.38,1.13,-5.9,0,0,1,3
-7.31,0.19,-5.75,0,0,1,3
-8.39,-0.39,-4.72,0,0,1,3
-7.24,0.13,-4.19,0,0,1,3
-9.82,2.07,-4.56,0,0,1,3
-11.24,4.62,-5.78,0,0,1,3
-12.06,4.03,-9.19,0,0,1,3
-12.03,0.25,-11.75,0,0,1,3
-10.51,-1.06,-10.28,0,0,1,3
-8.26,-0.87,-6.3,0,0,1,3
-6.21,-0.74,-2.7,0,0,1,3
-5.24,-1.76,0.65,0,0,1,3
-4.94,-3.1,1.31,0,0,1,3
-6.31,-2.8,-1.98,0,0,1,3
-9.93,-1.9,-4.9,0,0,1,3
-11.82,1.26,-7.2,0,0,1,3
-12.33,3.2,-7.55,0,0,1,3
-10.47,3.27,-5.6,0,0,1,3
-8.22,2.18,-3.02,0,0,1,3
-7.07,0.82,-1.36,0,0,1,3
-6.81,0.16,-2.43,0,0,1,3
-8.12,0.11,-3.85,0,0,1,3
-8.62,0.48,-4.31,0,0,1,3
-8.36,0.5,-3.76,0,0,1,3
-11.97,-6.7,-11.56,0,0,1,4
-6.72,-3.18,-2.42,0,0,1,4
-6.22,0.86,0.64,0,0,1,4
-7.56,4.17,-1.08,0,0,1,4
-8.46,2.07,-2.87,0,0,1,4
-9.0,-2.65,-5.56,0,0,1,4
-9.79,-5.19,-7.71,0,0,1,4
-8.65,-3.18,-6.04,0,0,1,4
-7.1,-0.43,-3.76,0,0,1,4
-7.32,1.03,-3.17,0,0,1,4
-8.22,0.58,-4.63,0,0,1,4
-8.74,-0.97,-6.45,0,0,1,4
-8.16,-1.32,-6.71,0,0,1,4
-8.01,-1.61,-6.23,0,0,1,4
-7.93,-1.03,-5.42,0,0,1,4
-7.58,-0.28,-4.77,0,0,1,4
-7.64,0.31,-4.86,0,0,1,4
-7.84,0.76,-5.34,0,0,1,4
-8.05,0.72,-5.42,0,0,1,4
-7.56,0.72,-5.13,0,0,1,4
-7.06,0.94,-4.69,0,0,1,4
-6.64,1.17,-4.71,0,0,1,4
-7.35,1.17,-5.25,0,0,1,4
-8.03,1.12,-5.88,0,0,1,4
-9.03,0.81,-6.44,0,0,1,4
-8.92,1.41,-6.39,0,0,1,4
-8.38,1.13,-5.9,0,0,1,4
-7.31,0.19,-5.75,0,0,1,4
-8.39,-0.39,-4.72,0,0,1,4
-7.24,0.13,-4.19,0,0,1,4
-9.82,2.07,-4.56,0,0,1,4
-11.24,4.62,-5.78,0,0,1,4
-12.06,4.03,-9.19,0,0,1,4
-12.03,0.25,-11.75,0,0,1,4
-10.51,-1.06,-10.28,0,0,1,4
-8.26,-0.87,-6.3,0,0,1,4
-6.21,-0.74,-2.7,0,0,1,4
-5.24,-1.76,0.65,0,0,1,4
-4.94,-3.1,1.31,0,0,1,4
-6.31,-2.8,-1.98,0,0,1,4
-9.93,-1.9,-4.9,0,0,1,4
-11.82,1.26,-7.2,0,0,1,4
-12.33,3.2,-7.55,0,0,1,4
-10.47,3.27,-5.6,0,0,1,4
-8.22,2.18,-3.02,0,0,1,4
-7.07,0.82,-1.36,0,0,1,4
-6.81,0.16,-2.43,0,0,1,4
-8.12,0.11,-3.85,0,0,1,4
-8.62,0.48,-4.31,0,0,1,4
-8.36,0.5,-3.76,0,0,1,4
-7.98,0.21,-3.08,0,0,1,4
-7.54,0.44,-3.06,0,0,1,4
-7.43,1.04,-3.22,0,0,1,4
-7.38,1.7,-3.63,0,0,1,4
-8.23,1.64,-3.83,0,0,1,4
-8.98,1.56,-4.43,0,0,1,4
-8.79,1.7,-4.89,0,0,1,4
-8.46,1.68,-4.4,0,0,1,4
-8.28,2.28,-3.53,0,0,1,4
-7.95,3.32,-3.24,0,0,1,4
-8.07,4.68,-3.34,0,0,1,4
-8.26,5.52,-3.6,0,0,1,4
-14.23,2.39,-3.38,0,0,1,4
-12.48,1.06,-9.29,0,0,1,4
-13.02,-3.33,-10.42,0,0,1,4
-9.61,-5.38,-6.45,0,0,1,4
-8.21,-2.4,-0.4,0,0,1,4
-8.16,1.82,0.17,0,0,1,4
-8.34,2.16,-3.31,0,0,1,4
-8.64,-1.15,-6.48,0,0,1,4
-7.95,-3.06,-7.29,0,0,1,4
-7.56,-2.9,-6.07,0,0,1,4
-7.46,-1.52,-4.04,0,0,1,4
-7.22,-1.39,-3.25,0,0,1,4
-7.24,-1.29,-3.42,0,0,1,4
-7.56,-0.06,-4.1,0,0,1,4
-8.53,1.22,-5.22,0,0,1,4
-8.88,1.6,-6.22,0,0,1,4
-8.99,1.54,-6.74,0,0,1,4
-8.9,1.09,-6.19,0,0,1,4
-7.87,0.99,-4.84,0,0,1,4
-7.37,1.41,-4.11,0,0,1,4
-7.44,2.04,-4.17,0,0,1,4
-7.78,2.61,-4.79,0,0,1,4
-7.83,3.12,-5.37,0,0,1,4
-7.7,3.19,-5.06,0,0,1,4
-7.3,2.73,-4.39,0,0,1,4
-7.54,1.34,-4.79,0,0,1,4
-8.58,-0.49,-5.46,0,0,1,4
-9.2,-1.15,-5.51,0,0,1,4
-8.55,-0.21,-5.02,0,0,1,4
-8.41,0.86,-4.35,0,0,1,4
-8.0,1.09,-4.43,0,0,1,4
-9.32,0.37,-4.21,0,0,1,4
-7.74,0.29,-2.81,0,0,1,4
-7.73,2.42,-3.05,0,0,1,4
-10.46,4.49,-5.13,0,0,1,4
-12.58,2.28,-8.53,0,0,1,4
-11.23,-1.74,-10.0,0,0,1,4
-11.53,-2.26,-9.86,0,0,1,4
-7.98,0.21,-3.08,0,0,1,5
-7.54,0.44,-3.06,0,0,1,5
-7.43,1.04,-3.22,0,0,1,5
-7.38,1.7,-3.63,0,0,1,5
-8.23,1.64,-3.83,0,0,1,5
-8.98,1.56,-4.43,0,0,1,5
-8.79,1.7,-4.89,0,0,1,5
-8.46,1.68,-4.4,0,0,1,5
-8.28,2.28,-3.53,0,0,1,5
-7.95,3.32,-3.24,0,0,1,5
-8.07,4.68,-3.34,0,0,1,5
-8.26,5.52,-3.6,0,0,1,5
-14.23,2.39,-3.38,0,0,1,5
-12.48,1.06,-9.29,0,0,1,5
-13.02,-3.33,-10.42,0,0,1,5
-9.61,-5.38,-6.45,0,0,1,5
-8.21,-2.4,-0.4,0,0,1,5
-8.16,1.82,0.17,0,0,1,5
-8.34,2.16,-3.31,0,0,1,5
-8.64,-1.15,-6.48,0,0,1,5
-7.95,-3.06,-7.29,0,0,1,5
-7.56,-2.9,-6.07,0,0,1,5
-7.46,-1.52,-4.04,0,0,1,5
-7.22,-1.39,-3.25,0,0,1,5
-7.24,-1.29,-3.42,0,0,1,5
-7.56,-0.06,-4.1,0,0,1,5
-8.53,1.22,-5.22,0,0,1,5
-8.88,1.6,-6.22,0,0,1,5
-8.99,1.54,-6.74,0,0,1,5
-8.9,1.09,-6.19,0,0,1,5
-7.87,0.99,-4.84,0,0,1,5
-7.37,1.41,-4.11,0,0,1,5
-7.44,2.04,-4.17,0,0,1,5
-7.78,2.61,-4.79,0,0,1,5
-7.83,3.12,-5.37,0,0,1,5
-7.7,3.19,-5.06,0,0,1,5
-7.3,2.73,-4.39,0,0,1,5
-7.54,1.34,-4.79,0,0,1,5
-8.58,-0.49,-5.46,0,0,1,5
-9.2,-1.15,-5.51,0,0,1,5
-8.55,-0.21,-5.02,0,0,1,5
-8.41,0.86,-4.35,0,0,1,5
-8.0,1.09,-4.43,0,0,1,5
-9.32,0.37,-4.21,0,0,1,5
-7.74,0.29,-2.81,0,0,1,5
-7.73,2.42,-3.05,0,0,1,5
-10.46,4.49,-5.13,0,0,1,5
-12.58,2.28,-8.53,0,0,1,5
-11.23,-1.74,-10.0,0,0,1,5
-11.53,-2.26,-9.86,0,0,1,5
-10.7,-0.49,-8.08,0,0,1,5
-9.1,0.7,-6.01,0,0,1,5
-6.68,1.58,-3.6,0,0,1,5
-6.23,6.0,-1.51,0,0,1,5
-6.36,7.39,3.59,0,0,1,5
-4.27,-0.04,0.59,0,0,1,5
-7.38,-3.37,-6.74,0,0,1,5
-11.69,-0.39,-10.05,0,0,1,5
-12.5,2.98,-8.43,0,0,1,5
-10.28,4.24,-4.66,0,0,1,5
-8.02,4.3,-1.19,0,0,1,5
-6.27,3.07,-0.36,0,0,1,5
-6.86,1.75,-2.87,0,0,1,5
-7.91,1.49,-3.94,0,0,1,5
-8.01,1.71,-3.94,0,0,1,5
-7.34,2.01,-2.5,0,0,1,5
-6.53,2.69,-1.53,0,0,1,5
-6.89,3.27,-2.35,0,0,1,5
-7.53,3.3,-3.92,0,0,1,5
-7.81,3.28,-4.57,0,0,1,5
-7.8,3.34,-4.55,0,0,1,5
-8.13,3.05,-4.13,0,0,1,5
-8.55,3.61,-3.91,0,0,1,5
-8.42,4.83,-3.74,0,0,1,5
-7.78,5.66,-3.65,0,0,1,5
-9.06,5.7,-3.38,0,0,1,5
-12.72,4.89,-7.95,0,0,1,5
-14.52,0.86,-11.77,0,0,1,5
-11.37,-1.96,-7.82,0,0,1,5
-8.16,-2.88,0.16,0,0,1,5
-6.21,-0.44,1.1,0,0,1,5
-6.52,2.63,-1.65,0,0,1,5
-7.98,2.7,-5.04,0,0,1,5
-8.92,1.14,-7.35,0,0,1,5
-9.02,0.25,-7.55,0,0,1,5
-8.43,0.58,-6.7,0,0,1,5
-7.41,0.55,-4.29,0,0,1,5
-6.86,-0.08,-2.4,0,0,1,5
-6.48,1.47,-2.71,0,0,1,5
-7.36,2.8,-4.96,0,0,1,5
-8.22,3.06,-6.43,0,0,1,5
-9.03,2.24,-7.03,0,0,1,5
-9.06,1.12,-6.6,0,0,1,5
-8.12,0.24,-5.32,0,0,1,5
-7.53,0.57,-4.31,0,0,1,5
-7.56,1.89,-4.12,0,0,1,5
-7.9,2.96,-4.89,0,0,1,5
-8.03,3.5,-5.66,0,0,1,5
-7.86,3.57,-5.65,0,0,1,5
-7.4,3.41,-5.06,0,0,1,5
-10.7,-0.49,-8.08,0,0,1,6
-9.1,0.7,-6.01,0,0,1,6
-6.68,1.58,-3.6,0,0,1,6
-6.23,6.0,-1.51,0,0,1,6
-6.36,7.39,3.59,0,0,1,6
-4.27,-0.04,0.59,0,0,1,6
-7.38,-3.37,-6.74,0,0,1,6
-11.69,-0.39,-10.05,0,0,1,6
-12.5,2.98,-8.43,0,0,1,6
-10.28,4.24,-4.66,0,0,1,6
-8.02,4.3,-1.19,0,0,1,6
-6.27,3.07,-0.36,0,0,1,6
-6.86,1.75,-2.87,0,0,1,6
-7.91,1.49,-3.94,0,0,1,6
-8.01,1.71,-3.94,0,0,1,6
-7.34,2.01,-2.5,0,0,1,6
-6.53,2.69,-1.53,0,0,1,6
-6.89,3.27,-2.35,0,0,1,6
-7.53,3.3,-3.92,0,0,1,6
-7.81,3.28,-4.57,0,0,1,6
-7.8,3.34,-4.55,0,0,1,6
-8.13,3.05,-4.13,0,0,1,6
-8.55,3.61,-3.91,0,0,1,6
-8.42,4.83,-3.74,0,0,1,6
-7.78,5.66,-3.65,0,0,1,6
-9.06,5.7,-3.38,0,0,1,6
-12.72,4.89,-7.95,0,0,1,6
-14.52,0.86,-11.77,0,0,1,6
-11.37,-1.96,-7.82,0,0,1,6
-8.16,-2.88,0.16,0,0,1,6
-6.21,-0.44,1.1,0,0,1,6
-6.52,2.63,-1.65,0,0,1,6
-7.98,2.7,-5.04,0,0,1,6
-8.92,1.14,-7.35,0,0,1,6
-9.02,0.25,-7.55,0,0,1,6
-8.43,0.58,-6.7,0,0,1,6
-7.41,0.55,-4.29,0,0,1,6
-6.86,-0.08,-2.4,0,0,1,6
-6.48,1.47,-2.71,0,0,1,6
-7.36,2.8,-4.96,0,0,1,6
-8.22,3.06,-6.43,0,0,1,6
-9.03,2.24,-7.03,0,0,1,6
-9.06,1.12,-6.6,0,0,1,6
-8.12,0.24,-5.32,0,0,1,6
-7.53,0.57,-4.31,0,0,1,6
-7.56,1.89,-4.12,0,0,1,6
-7.9,2.96,-4.89,0,0,1,6
-8.03,3.5,-5.66,0,0,1,6
-7.86,3.57,-5.65,0,0,1,6
-7.4,3.41,-5.06,0,0,1,6
-7.11,3.06,-4.42,0,0,1,6
-6.94,2.59,-4.39,0,0,1,6
-7.12,2.08,-4.51,0,0,1,6
-7.59,1.9,-4.82,0,0,1,6
-8.87,2.02,-4.82,0,0,1,6
-8.02,2.88,-4.9,0,0,1,6
-8.32,3.32,-4.42,0,0,1,6
-8.02,2.02,-5.26,0,0,1,6
-7.63,1.54,-3.76,0,0,1,6
-7.08,1.83,-4.01,0,0,1,6
-8.86,4.12,-5.45,0,0,1,6
-11.13,6.77,-6.56,0,0,1,6
-11.6,5.99,-9.32,0,0,1,6
-11.69,2.39,-11.38,0,0,1,6
-10.19,0.46,-9.29,0,0,1,6
-7.52,-0.19,-4.77,0,0,1,6
-5.45,-1.34,-0.45,0,0,1,6
-3.51,-2.54,2.62,0,0,1,6
-4.28,-2.78,0.68,0,0,1,6
-7.22,-1.79,-3.11,0,0,1,6
-10.08,1.56,-6.25,0,0,1,6
-12.24,5.15,-8.27,0,0,1,6
-12.84,5.94,-8.84,0,0,1,6
-10.05,4.66,-5.79,0,0,1,6
-6.98,3.28,-1.44,0,0,1,6
-5.74,1.77,0.14,0,0,1,6
-7.44,1.15,-2.44,0,0,1,6
-8.7,1.35,-4.87,0,0,1,6
-9.73,1.84,-5.91,0,0,1,6
-9.28,2.17,-5.01,0,0,1,6
-7.71,2.84,-3.27,0,0,1,6
-6.09,2.97,-2.4,0,0,1,6
-5.96,3.22,-3.54,0,0,1,6
-7.36,3.81,-4.54,0,0,1,6
-7.38,4.36,-3.96,0,0,1,6
-6.11,4.38,-3.97,0,0,1,6
-6.64,3.62,-4.06,0,0,1,6
-7.03,3.56,-4.55,0,0,1,6
-8.26,4.23,-4.71,0,0,1,6
-11.11,4.02,-7.9,0,0,1,6
-12.29,1.93,-10.47,0,0,1,6
-13.41,-0.69,-9.16,0,0,1,6
-9.42,-0.7,-4.76,0,0,1,6
-6.5,0.89,-1.0,0,0,1,6
-8.19,3.05,-1.89,0,0,1,6
-9.0,2.48,-4.41,0,0,1,6
-8.73,0.75,-6.02,0,0,1,6
-7.92,-1.19,-6.24,0,0,1,6
-6.56,-0.77,-5.3,0,0,1,6
-6.37,0.57,-4.74,0,0,1,6
-7.11,3.06,-4.42,0,0,1,7
-6.94,2.59,-4.39,0,0,1,7
-7.12,2.08,-4.51,0,0,1,7
-7.59,1.9,-4.82,0,0,1,7
-8.87,2.02,-4.82,0,0,1,7
-8.02,2.88,-4.9,0,0,1,7
-8.32,3.32,-4.42,0,0,1,7
-8.02,2.02,-5.26,0,0,1,7
-7.63,1.54,-3.76,0,0,1,7
-7.08,1.83,-4.01,0,0,1,7
-8.86,4.12,-5.45,0,0,1,7
-11.13,6.77,-6.56,0,0,1,7
-11.6,5.99,-9.32,0,0,1,7
-11.69,2.39,-11.38,0,0,1,7
-10.19,0.46,-9.29,0,0,1,7
-7.52,-0.19,-4.77,0,0,1,7
-5.45,-1.34,-0.45,0,0,1,7
-3.51,-2.54,2.62,0,0,1,7
-4.28,-2.78,0.68,0,0,1,7
-7.22,-1.79,-3.11,0,0,1,7
-10.08,1.56,-6.25,0,0,1,7
-12.24,5.15,-8.27,0,0,1,7
-12.84,5.94,-8.84,0,0,1,7
-10.05,4.66,-5.79,0,0,1,7
-6.98,3.28,-1.44,0,0,1,7
-5.74,1.77,0.14,0,0,1,7
-7.44,1.15,-2.44,0,0,1,7
-8.7,1.35,-4.87,0,0,1,7
-9.73,1.84,-5.91,0,0,1,7
-9.28,2.17,-5.01,0,0,1,7
-7.71,2.84,-3.27,0,0,1,7
-6.09,2.97,-2.4,0,0,1,7
-5.96,3.22,-3.54,0,0,1,7
-7.36,3.81,-4.54,0,0,1,7
-7.38,4.36,-3.96,0,0,1,7
-6.11,4.38,-3.97,0,0,1,7
-6.64,3.62,-4.06,0,0,1,7
-7.03,3.56,-4.55,0,0,1,7
-8.26,4.23,-4.71,0,0,1,7
-11.11,4.02,-7.9,0,0,1,7
-12.29,1.93,-10.47,0,0,1,7
-13.41,-0.69,-9.16,0,0,1,7
-9.42,-0.7,-4.76,0,0,1,7
-6.5,0.89,-1.0,0,0,1,7
-8.19,3.05,-1.89,0,0,1,7
-9.0,2.48,-4.41,0,0,1,7
-8.73,0.75,-6.02,0,0,1,7
-7.92,-1.19,-6.24,0,0,1,7
-6.56,-0.77,-5.3,0,0,1,7
-6.37,0.57,-4.74,0,0,1,7
-7.69,1.91,-5.25,0,0,1,7
-8.31,2.55,-6.21,0,0,1,7
-7.78,2.05,-6.26,0,0,1,7
-7.29,1.33,-6.26,0,0,1,7
-6.88,0.46,-6.15,0,0,1,7
-6.92,0.46,-6.51,0,0,1,7
-7.07,0.78,-7.2,0,0,1,7
-7.03,1.08,-7.22,0,0,1,7
-6.95,0.77,-7.0,0,0,1,7
-7.43,0.94,-6.95,0,0,1,7
-8.01,1.35,-6.91,0,0,1,7
-8.17,1.82,-6.58,0,0,1,7
-7.17,1.83,-6.45,0,0,1,7
-7.78,1.77,-5.69,0,0,1,7
-7.76,-0.14,-5.46,0,0,1,7
-8.79,-0.67,-3.99,0,0,1,7
-9.69,-2.1,-5.36,0,0,1,7
-8.92,-1.08,-6.23,0,0,1,7
-9.37,-0.41,-7.5,0,0,1,7
-9.62,0.54,-7.66,0,0,1,7
-9.73,-0.54,-6.7,0,0,1,7
-9.33,-1.38,-2.99,0,0,1,7
-7.35,-0.64,0.3,0,0,1,7
-7.32,-0.69,-1.4,0,0,1,7
-8.73,-1.61,-3.15,0,0,1,7
-10.65,-0.19,-1.72,0,0,1,7
-8.78,0.84,-0.9,0,0,1,7
-10.45,-0.29,-2.96,0,0,1,7
-9.74,-0.89,-2.36,0,0,1,7
-10.21,-4.1,-2.82,0,0,1,7
-9.22,-3.23,-2.62,0,0,1,7
-9.19,-3.02,-3.02,0,0,1,7
-9.44,-1.61,-3.62,0,0,1,7
-9.13,-0.81,-4.08,0,0,1,7
-8.79,-0.25,-3.94,0,0,1,7
-10.25,-1.04,-4.19,0,0,1,7
-10.18,-1.36,-4.09,0,0,1,7
-9.15,-1.44,-4.33,0,0,1,7
-9.52,-1.62,-5.18,0,0,1,7
-8.99,-1.64,-5.83,0,0,1,7
-9.9,-1.78,-7.36,0,0,1,7
-8.84,-1.26,-8.37,0,0,1,7
-7.19,0.14,-6.54,0,0,1,7
-4.97,1.02,-4.08,0,0,1,7
-5.59,1.32,-3.92,0,0,1,7
-7.72,0.76,-5.97,0,0,1,7
-8.89,-0.77,-7.31,0,0,1,7
-9.55,-2.14,-7.76,0,0,1,7
-9.0,-2.55,-7.71,0,0,1,7
-9.16,-0.22,-6.78,0,0,1,7
-7.69,1.91,-5.25,0,0,1,8
-8.31,2.55,-6.21,0,0,1,8
-7.78,2.05,-6.26,0,0,1,8
-7.29,1.33,-6.26,0,0,1,8
-6.88,0.46,-6.15,0,0,1,8
-6.92,0.46,-6.51,0,0,1,8
-7.07,0.78,-7.2,0,0,1,8
-7.03,1.08,-7.22,0,0,1,8
-6.95,0.77,-7.0,0,0,1,8
-7.43,0.94,-6.95,0,0,1,8
-8.01,1.35,-6.91,0,0,1,8
-8.17,1.82,-6.58,0,0,1,8
-7.17,1.83,-6.45,0,0,1,8
-7.78,1.77,-5.69,0,0,1,8
-7.76,-0.14,-5.46,0,0,1,8
-8.79,-0.67,-3.99,0,0,1,8
-9.69,-2.1,-5.36,0,0,1,8
-8.92,-1.08,-6.23,0,0,1,8
-9.37,-0.41,-7.5,0,0,1,8
-9.62,0.54,-7.66,0,0,1,8
-9.73,-0.54,-6.7,0,0,1,8
-9.33,-1.38,-2.99,0,0,1,8
-7.35,-0.64,0.3,0,0,1,8
-7.32,-0.69,-1.4,0,0,1,8
-8.73,-1.61,-3.15,0,0,1,8
-10.65,-0.19,-1.72,0,0,1,8
-8.78,0.84,-0.9,0,0,1,8
-10.45,-0.29,-2.96,0,0,1,8
-9.74,-0.89,-2.36,0,0,1,8
-10.21,-4.1,-2.82,0,0,1,8
-9.22,-3.23,-2.62,0,0,1,8
-9.19,-3.02,-3.02,0,0,1,8
-9.44,-1.61,-3.62,0,0,1,8
-9.13,-0.81,-4.08,0,0,1,8
-8.79,-0.25,-3.94,0,0,1,8
-10.25,-1.04,-4.19,0,0,1,8
-10.18,-1.36,-4.09,0,0,1,8
-9.15,-1.44,-4.33,0,0,1,8
-9.52,-1.62,-5.18,0,0,1,8
-8.99,-1.64,-5.83,0,0,1,8
-9.9,-1.78,-7.36,0,0,1,8
-8.84,-1.26,-8.37,0,0,1,8
-7.19,0.14,-6.54,0,0,1,8
-4.97,1.02,-4.08,0,0,1,8
-5.59,1.32,-3.92,0,0,1,8
-7.72,0.76,-5.97,0,0,1,8
-8.89,-0.77,-7.31,0,0,1,8
-9.55,-2.14,-7.76,0,0,1,8
-9.0,-2.55,-7.71,0,0,1,8
-9.16,-0.22,-6.78,0,0,1,8
-10.41,4.92,-4.4,0,0,1,8
-9.92,7.99,-4.08,0,0,1,8
-6.7,6.01,-5.85,0,0,1,8
-5.89,2.65,-4.66,0,0,1,8
-4.43,2.47,-1.3,0,0,1,8
-6.92,4.26,-2.93,0,0,1,8
-9.69,5.38,-4.3,0,0,1,8
-8.9,4.91,-3.34,0,0,1,8
-8.09,4.46,-1.72,0,0,1,8
-7.14,4.97,-2.13,0,0,1,8
-7.97,5.73,-3.02,0,0,1,8
-8.58,5.3,-3.23,0,0,1,8
-7.76,4.14,-1.78,0,0,1,8
-7.71,2.44,-0.22,0,0,1,8
-8.66,1.13,0.04,0,0,1,8
-9.55,0.82,-1.68,0,0,1,8
-9.45,1.17,-2.97,0,0,1,8
-8.91,2.28,-2.62,0,0,1,8
-9.13,2.65,-1.09,0,0,1,8
-9.12,1.81,-0.23,0,0,1,8
-8.55,1.16,-1.99,0,0,1,8
-9.59,1.1,-3.42,0,0,1,8
-8.4,0.75,-4.77,0,0,1,8
-9.09,-0.18,-4.38,0,0,1,8
-9.46,0.25,-6.03,0,0,1,8
-8.47,0.75,-6.04,0,0,1,8
-7.99,2.23,-5.05,0,0,1,8
-9.1,2.9,-7.36,0,0,1,8
-10.42,2.63,-8.62,0,0,1,8
-8.93,0.95,-6.33,0,0,1,8
-7.11,0.29,-4.23,0,0,1,8
-5.95,1.38,-3.42,0,0,1,8
-6.75,2.7,-4.44,0,0,1,8
-8.17,2.97,-6.63,0,0,1,8
-8.99,3.36,-8.34,0,0,1,8
-9.04,2.94,-7.83,0,0,1,8
-8.36,1.52,-6.54,0,0,1,8
-7.7,0.78,-5.72,0,0,1,8
-7.5,1.31,-5.61,0,0,1,8
-7.9,2.34,-5.69,0,0,1,8
-8.19,2.92,-5.83,0,0,1,8
-7.66,3.14,-5.55,0,0,1,8
-7.3,3.01,-5.62,0,0,1,8
-7.35,2.92,-5.46,0,0,1,8
-7.25,2.96,-5.42,0,0,1,8
-7.53,3.25,-5.45,0,0,1,8
-7.27,3.83,-6.0,0,0,1,8
-7.51,4.54,-5.72,0,0,1,8
-7.24,5.42,-5.07,0,0,1,8
-7.35,5.77,-4.85,0,0,1,8
-10.41,4.92,-4.4,0,0,1,9
-9.92,7.99,-4.08,0,0,1,9
-6.7,6.01,-5.85,0,0,1,9
-5.89,2.65,-4.66,0,0,1,9
-4.43,2.47,-1.3,0,0,1,9
-6.92,4.26,-2.93,0,0,1,9
-9.69,5.38,-4.3,0,0,1,9
-8.9,4.91,-3.34,0,0,1,9
-8.09,4.46,-1.72,0,0,1,9
-7.14,4.97,-2.13,0,0,1,9
-7.97,5.73,-3.02,0,0,1,9
-8.58,5.3,-3.23,0,0,1,9
-7.76,4.14,-1.78,0,0,1,9
-7.71,2.44,-0.22,0,0,1,9
-8.66,1.13,0.04,0,0,1,9
-9.55,0.82,-1.68,0,0,1,9
-9.45,1.17,-2.97,0,0,1,9
-8.91,2.28,-2.62,0,0,1,9
-9.13,2.65,-1.09,0,0,1,9
-9.12,1.81,-0.23,0,0,1,9
-8.55,1.16,-1.99,0,0,1,9
-9.59,1.1,-3.42,0,0,1,9
-8.4,0.75,-4.77,0,0,1,9
-9.09,-0.18,-4.38,0,0,1,9
-9.46,0.25,-6.03,0,0,1,9
-8.47,0.75,-6.04,0,0,1,9
-7.99,2.23,-5.05,0,0,1,9
-9.1,2.9,-7.36,0,0,1,9
-10.42,2.63,-8.62,0,0,1,9
-8.93,0.95,-6.33,0,0,1,9
-7.11,0.29,-4.23,0,0,1,9
-5.95,1.38,-3.42,0,0,1,9
-6.75,2.7,-4.44,0,0,1,9
-8.17,2.97,-6.63,0,0,1,9
-8.99,3.36,-8.34,0,0,1,9
-9.04,2.94,-7.83,0,0,1,9
-8.36,1.52,-6.54,0,0,1,9
-7.7,0.78,-5.72,0,0,1,9
-7.5,1.31,-5.61,0,0,1,9
-7.9,2.34,-5.69,0,0,1,9
-8.19,2.92,-5.83,0,0,1,9
-7.66,3.14,-5.55,0,0,1,9
-7.3,3.01,-5.62,0,0,1,9
-7.35,2.92,-5.46,0,0,1,9
-7.25,2.96,-5.42,0,0,1,9
-7.53,3.25,-5.45,0,0,1,9
-7.27,3.83,-6.0,0,0,1,9
-7.51,4.54,-5.72,0,0,1,9
-7.24,5.42,-5.07,0,0,1,9
-7.35,5.77,-4.85,0,0,1,9
-7.65,5.31,-4.77,0,0,1,9
-7.62,4.73,-4.52,0,0,1,9
-7.4,4.44,-4.09,0,0,1,9
-7.31,4.36,-4.24,0,0,1,9
-7.64,4.42,-4.21,0,0,1,9
-7.9,4.66,-4.2,0,0,1,9
-7.97,4.68,-4.24,0,0,1,9
-9.32,3.24,-4.28,0,0,1,9
-10.08,2.34,-1.0,0,0,1,9
-9.05,2.86,-0.77,0,0,1,9
-9.83,0.75,-4.42,0,0,1,9
-11.09,-2.32,-9.55,0,0,1,9
-10.28,-3.67,-8.8,0,0,1,9
-7.93,-1.97,-6.02,0,0,1,9
-6.79,0.84,-3.21,0,0,1,9
-6.5,2.02,-2.67,0,0,1,9
-6.94,1.31,-3.31,0,0,1,9
-7.71,0.95,-4.0,0,0,1,9
-8.87,1.88,-4.83,0,0,1,9
-9.55,3.54,-4.65,0,0,1,9
-9.71,4.63,-4.35,0,0,1,9
-10.04,4.98,-4.16,0,0,1,9
-10.05,4.99,-4.2,0,0,1,9
-9.42,4.53,-3.78,0,0,1,9
-8.15,3.85,-3.25,0,0,1,9
-7.29,3.57,-2.66,0,0,1,9
-6.85,3.83,-2.32,0,0,1,9
-6.57,4.25,-2.23,0,0,1,9
-6.57,4.06,-2.02,0,0,1,9
-6.61,3.27,-2.01,0,0,1,9
-6.92,2.46,-2.29,0,0,1,9
-7.03,2.44,-2.97,0,0,1,9
-7.49,2.81,-3.8,0,0,1,9
-7.92,3.62,-3.66,0,0,1,9
-8.53,5.43,-3.39,0,0,1,9
-12.87,5.58,-3.99,0,0,1,9
-13.15,6.41,-8.49,0,0,1,9
-13.08,4.63,-6.83,0,0,1,9
-8.53,3.91,-2.49,0,0,1,9
-6.78,3.02,0.19,0,0,1,9
-7.96,2.84,-0.9,0,0,1,9
-9.06,1.16,-4.61,0,0,1,9
-9.11,-0.25,-7.08,0,0,1,9
-7.32,-1.18,-5.48,0,0,1,9
-7.15,-0.61,-5.47,0,0,1,9
-7.45,0.37,-5.13,0,0,1,9
-7.65,0.01,-4.5,0,0,1,9
-7.73,-0.79,-4.36,0,0,1,9
-8.2,-0.55,-4.37,0,0,1,9
-8.56,1.41,-4.86,0,0,1,9
-7.65,5.31,-4.77,0,0,1,10
-7.62,4.73,-4.52,0,0,1,10
-7.4,4.44,-4.09,0,0,1,10
-7.31,4.36,-4.24,0,0,1,10
-7.64,4.42,-4.21,0,0,1,10
-7.9,4.66,-4.2,0,0,1,10
-7.97,4.68,-4.24,0,0,1,10
-9.32,3.24,-4.28,0,0,1,10
-10.08,2.34,-1.0,0,0,1,10
-9.05,2.86,-0.77,0,0,1,10
-9.83,0.75,-4.42,0,0,1,10
-11.09,-2.32,-9.55,0,0,1,10
-10.28,-3.67,-8.8,0,0,1,10
-7.93,-1.97,-6.02,0,0,1,10
-6.79,0.84,-3.21,0,0,1,10
-6.5,2.02,-2.67,0,0,1,10
-6.94,1.31,-3.31,0,0,1,10
-7.71,0.95,-4.0,0,0,1,10
-8.87,1.88,-4.83,0,0,1,10
-9.55,3.54,-4.65,0,0,1,10
-9.71,4.63,-4.35,0,0,1,10
-10.04,4.98,-4.16,0,0,1,10
-10.05,4.99,-4.2,0,0,1,10
-9.42,4.53,-3.78,0,0,1,10
-8.15,3.85,-3.25,0,0,1,10
-7.29,3.57,-2.66,0,0,1,10
-6.85,3.83,-2.32,0,0,1,10
-6.57,4.25,-2.23,0,0,1,10
-6.57,4.06,-2.02,0,0,1,10
-6.61,3.27,-2.01,0,0,1,10
-6.92,2.46,-2.29,0,0,1,10
-7.03,2.44,-2.97,0,0,1,10
-7.49,2.81,-3.8,0,0,1,10
-7.92,3.62,-3.66,0,0,1,10
-8.53,5.43,-3.39,0,0,1,10
-12.87,5.58,-3.99,0,0,1,10
-13.15,6.41,-8.49,0,0,1,10
-13.08,4.63,-6.83,0,0,1,10
-8.53,3.91,-2.49,0,0,1,10
-6.78,3.02,0.19,0,0,1,10
-7.96,2.84,-0.9,0,0,1,10
-9.06,1.16,-4.61,0,0,1,10
-9.11,-0.25,-7.08,0,0,1,10
-7.32,-1.18,-5.48,0,0,1,10
-7.15,-0.61,-5.47,0,0,1,10
-7.45,0.37,-5.13,0,0,1,10
-7.65,0.01,-4.5,0,0,1,10
-7.73,-0.79,-4.36,0,0,1,10
-8.2,-0.55,-4.37,0,0,1,10
-8.56,1.41,-4.86,0,0,1,10
-8.86,3.48,-5.84,0,0,1,10
-9.22,4.46,-6.67,0,0,1,10
-8.85,4.08,-6.29,0,0,1,10
-8.07,2.79,-5.29,0,0,1,10
-7.4,1.61,-4.28,0,0,1,10
-7.14,0.84,-4.38,0,0,1,10
-7.46,0.94,-4.87,0,0,1,10
-7.96,1.33,-5.47,0,0,1,10
-7.74,1.81,-5.62,0,0,1,10
-7.38,1.87,-5.22,0,0,1,10
-6.65,2.26,-4.73,0,0,1,10
-6.09,3.62,-4.4,0,0,1,10
-6.61,5.16,-4.21,0,0,1,10
-7.12,6.15,-4.6,0,0,1,10
-7.75,5.43,-5.59,0,0,1,10
-7.33,4.38,-5.58,0,0,1,10
-9.95,1.68,-5.07,0,0,1,10
-9.33,1.53,-2.58,0,0,1,10
-9.31,3.12,-3.4,0,0,1,10
-13.67,2.2,-7.37,0,0,1,10
-15.11,1.27,-11.43,0,0,1,10
-13.07,0.28,-10.88,0,0,1,10
-9.73,-0.31,-8.0,0,0,1,10
-6.91,-0.3,-4.47,0,0,1,10
-4.86,-0.82,-0.02,0,0,1,10
-3.15,-1.42,2.08,0,0,1,10
-5.09,-0.7,0.83,0,0,1,10
-8.15,1.28,-2.35,0,0,1,10
-10.74,3.89,-5.09,0,0,1,10
-11.84,4.91,-6.5,0,0,1,10
-11.35,3.81,-6.76,0,0,1,10
-9.23,3.54,-4.84,0,0,1,10
-7.28,2.44,-2.12,0,0,1,10
-6.36,1.7,-1.06,0,0,1,10
-6.58,1.84,-1.7,0,0,1,10
-7.77,1.96,-2.97,0,0,1,10
-7.85,1.94,-3.73,0,0,1,10
-7.42,1.61,-3.3,0,0,1,10
-7.02,1.5,-2.19,0,0,1,10
-7.97,1.29,-2.42,0,0,1,10
-8.69,1.35,-3.79,0,0,1,10
-9.35,1.47,-4.93,0,0,1,10
-9.29,2.32,-5.02,0,0,1,10
-8.55,3.32,-4.38,0,0,1,10
-8.06,4.08,-3.35,0,0,1,10
-6.79,4.65,-3.2,0,0,1,10
-6.9,5.49,-3.2,0,0,1,10
-7.68,6.62,-4.15,0,0,1,10
-7.84,7.11,-4.51,0,0,1,10
-7.58,6.98,-3.68,0,0,1,10
-8.86,3.48,-5.84,0,0,1,11
-9.22,4.46,-6.67,0,0,1,11
-8.85,4.08,-6.29,0,0,1,11
-8.07,2.79,-5.29,0,0,1,11
-7.4,1.61,-4.28,0,0,1,11
-7.14,0.84,-4.38,0,0,1,11
-7.46,0.94,-4.87,0,0,1,11
-7.96,1.33,-5.47,0,0,1,11
-7.74,1.81,-5.62,0,0,1,11
-7.38,1.87,-5.22,0,0,1,11
-6.65,2.26,-4.73,0,0,1,11
-6.09,3.62,-4.4,0,0,1,11
-6.61,5.16,-4.21,0,0,1,11
-7.12,6.15,-4.6,0,0,1,11
-7.75,5.43,-5.59,0,0,1,11
-7.33,4.38,-5.58,0,0,1,11
-9.95,1.68,-5.07,0,0,1,11
-9.33,1.53,-2.58,0,0,1,11
-9.31,3.12,-3.4,0,0,1,11
-13.67,2.2,-7.37,0,0,1,11
-15.11,1.27,-11.43,0,0,1,11
-13.07,0.28,-10.88,0,0,1,11
-9.73,-0.31,-8.0,0,0,1,11
-6.91,-0.3,-4.47,0,0,1,11
-4.86,-0.82,-0.02,0,0,1,11
-3.15,-1.42,2.08,0,0,1,11
-5.09,-0.7,0.83,0,0,1,11
-8.15,1.28,-2.35,0,0,1,11
-10.74,3.89,-5.09,0,0,1,11
-11.84,4.91,-6.5,0,0,1,11
-11.35,3.81,-6.76,0,0,1,11
-9.23,3.54,-4.84,0,0,1,11
-7.28,2.44,-2.12,0,0,1,11
-6.36,1.7,-1.06,0,0,1,11
-6.58,1.84,-1.7,0,0,1,11
-7.77,1.96,-2.97,0,0,1,11
-7.85,1.94,-3.73,0,0,1,11
-7.42,1.61,-3.3,0,0,1,11
-7.02,1.5,-2.19,0,0,1,11
-7.97,1.29,-2.42,0,0,1,11
-8.69,1.35,-3.79,0,0,1,11
-9.35,1.47,-4.93,0,0,1,11
-9.29,2.32,-5.02,0,0,1,11
-8.55,3.32,-4.38,0,0,1,11
-8.06,4.08,-3.35,0,0,1,11
-6.79,4.65,-3.2,0,0,1,11
-6.9,5.49,-3.2,0,0,1,11
-7.68,6.62,-4.15,0,0,1,11
-7.84,7.11,-4.51,0,0,1,11
-7.58,6.98,-3.68,0,0,1,11
-6.66,5.99,-2.65,0,0,1,11
-13.29,1.48,-1.75,0,0,1,11
-13.46,0.74,-8.45,0,0,1,11
-17.64,-3.97,-12.34,0,0,1,11
-10.1,-3.61,-7.77,0,0,1,11
-5.7,1.46,-0.63,0,0,1,11
-6.16,6.6,0.23,0,0,1,11
-7.2,7.55,-2.08,0,0,1,11
-8.13,2.31,-5.06,0,0,1,11
-8.69,-3.59,-7.19,0,0,1,11
-9.51,-6.59,-7.54,0,0,1,11
-7.66,-3.11,-4.9,0,0,1,11
-6.23,1.4,-1.84,0,0,1,11
-6.9,4.45,-1.94,0,0,1,11
-8.18,5.12,-3.94,0,0,1,11
-9.3,3.09,-7.02,0,0,1,11
-9.62,1.25,-8.63,0,0,1,11
-8.77,0.12,-7.23,0,0,1,11
-7.23,0.32,-4.55,0,0,1,11
-6.52,1.7,-3.1,0,0,1,11
-6.25,2.75,-3.3,0,0,1,11
-7.06,3.11,-4.3,0,0,1,11
-7.67,3.16,-5.08,0,0,1,11
-7.2,3.34,-5.18,0,0,1,11
-6.96,3.5,-5.12,0,0,1,11
-8.28,2.77,-4.81,0,0,1,11
-9.46,1.61,-4.78,0,0,1,11
-8.33,0.96,-4.95,0,0,1,11
-8.03,1.19,-5.02,0,0,1,11
-7.63,1.73,-4.9,0,0,1,11
-7.87,1.86,-5.36,0,0,1,11
-8.34,2.55,-3.48,0,0,1,11
-9.53,5.81,-5.29,0,0,1,11
-12.73,7.93,-7.18,0,0,1,11
-13.22,5.32,-9.62,0,0,1,11
-11.23,1.19,-10.5,0,0,1,11
-10.09,-2.0,-9.87,0,0,1,11
-7.43,-3.27,-4.14,0,0,1,11
-3.69,-3.0,1.8,0,0,1,11
-3.07,-1.49,2.99,0,0,1,11
-4.76,-0.66,0.16,0,0,1,11
-7.37,0.14,-4.1,0,0,1,11
-10.17,2.31,-7.06,0,0,1,11
-12.35,5.2,-8.43,0,0,1,11
-12.35,5.9,-7.71,0,0,1,11
-10.3,5.3,-4.78,0,0,1,11
-7.77,4.62,-1.76,0,0,1,11
-7.1,4.08,-1.56,0,0,1,11
-7.3,3.86,-2.61,0,0,1,11
-7.76,3.13,-4.15,0,0,1,11
-6.66,5.99,-2.65,0,0,1,12
-13.29,1.48,-1.75,0,0,1,12
-13.46,0.74,-8.45,0,0,1,12
-17.64,-3.97,-12.34,0,0,1,12
-10.1,-3.61,-7.77,0,0,1,12
-5.7,1.46,-0.63,0,0,1,12
-6.16,6.6,0.23,0,0,1,12
-7.2,7.55,-2.08,0,0,1,12
-8.13,2.31,-5.06,0,0,1,12
-8.69,-3.59,-7.19,0,0,1,12
-9.51,-6.59,-7.54,0,0,1,12
-7.66,-3.11,-4.9,0,0,1,12
-6.23,1.4,-1.84,0,0,1,12
-6.9,4.45,-1.94,0,0,1,12
-8.18,5.12,-3.94,0,0,1,12
-9.3,3.09,-7.02,0,0,1,12
-9.62,1.25,-8.63,0,0,1,12
-8.77,0.12,-7.23,0,0,1,12
-7.23,0.32,-4.55,0,0,1,12
-6.52,1.7,-3.1,0,0,1,12
-6.25,2.75,-3.3,0,0,1,12
-7.06,3.11,-4.3,0,0,1,12
-7.67,3.16,-5.08,0,0,1,12
-7.2,3.34,-5.18,0,0,1,12
-6.96,3.5,-5.12,0,0,1,12
-8.28,2.77,-4.81,0,0,1,12
-9.46,1.61,-4.78,0,0,1,12
-8.33,0.96,-4.95,0,0,1,12
-8.03,1.19,-5.02,0,0,1,12
-7.63,1.73,-4.9,0,0,1,12
-7.87,1.86,-5.36,0,0,1,12
-8.34,2.55,-3.48,0,0,1,12
-9.53,5.81,-5.29,0,0,1,12
-12.73,7.93,-7.18,0,0,1,12
-13.22,5.32,-9.62,0,0,1,12
-11.23,1.19,-10.5,0,0,1,12
-10.09,-2.0,-9.87,0,0,1,12
-7.43,-3.27,-4.14,0,0,1,12
-3.69,-3.0,1.8,0,0,1,12
-3.07,-1.49,2.99,0,0,1,12
-4.76,-0.66,0.16,0,0,1,12
-7.37,0.14,-4.1,0,0,1,12
-10.17,2.31,-7.06,0,0,1,12
-12.35,5.2,-8.43,0,0,1,12
-12.35,5.9,-7.71,0,0,1,12
-10.3,5.3,-4.78,0,0,1,12
-7.77,4.62,-1.76,0,0,1,12
-7.1,4.08,-1.56,0,0,1,12
-7.3,3.86,-2.61,0,0,1,12
-7.76,3.13,-4.15,0,0,1,12
-7.94,2.54,-4.5,0,0,1,12
-7.4,2.26,-3.9,0,0,1,12
-7.09,2.1,-3.3,0,0,1,12
-6.69,1.43,-3.49,0,0,1,12
-7.18,0.43,-4.19,0,0,1,12
-7.27,0.14,-4.69,0,0,1,12
-7.16,0.68,-4.79,0,0,1,12
-7.39,2.37,-4.21,0,0,1,12
-7.87,4.52,-4.2,0,0,1,12
-8.72,5.75,-4.61,0,0,1,12
-9.3,6.06,-5.46,0,0,1,12
-8.89,5.72,-5.35,0,0,1,12
-7.89,5.71,-4.59,0,0,1,12
-7.13,6.0,-3.66,0,0,1,12
-9.84,4.77,-3.34,0,0,1,12
-10.32,4.36,-7.29,0,0,1,12
-11.81,0.5,-8.61,0,0,1,12
-12.52,-2.43,-8.19,0,0,1,12
-9.23,-2.62,-5.59,0,0,1,12
-7.56,-0.14,-2.52,0,0,1,12
-7.38,2.28,-1.45,0,0,1,12
-7.02,1.93,-2.6,0,0,1,12
-7.49,-0.23,-4.43,0,0,1,12
-7.98,-2.42,-6.29,0,0,1,12
-8.35,-2.2,-6.94,0,0,1,12
-8.21,0.51,-5.7,0,0,1,12
-7.26,3.69,-3.78,0,0,1,12
-7.33,5.03,-3.21,0,0,1,12
-7.71,4.42,-4.48,0,0,1,12
-8.22,3.03,-6.3,0,0,1,12
-8.37,1.73,-6.38,0,0,1,12
-7.82,1.42,-5.01,0,0,1,12
-7.47,1.73,-3.9,0,0,1,12
-7.45,1.95,-4.17,0,0,1,12
-7.77,1.87,-5.09,0,0,1,12
-8.06,1.51,-5.97,0,0,1,12
-8.22,1.02,-6.08,0,0,1,12
-7.98,0.9,-5.57,0,0,1,12
-7.68,1.22,-5.2,0,0,1,12
-8.11,1.43,-5.68,0,0,1,12
-8.03,1.64,-6.31,0,0,1,12
-7.79,1.98,-6.14,0,0,1,12
-7.56,2.21,-5.4,0,0,1,12
-7.41,2.26,-4.93,0,0,1,12
-7.04,2.24,-4.92,0,0,1,12
-7.24,2.44,-5.28,0,0,1,12
-7.54,2.67,-5.72,0,0,1,12
-7.59,2.8,-5.87,0,0,1,12
-7.28,3.02,-6.0,0,0,1,12
-7.59,2.67,-6.62,0,0,1,12
-7.94,2.54,-4.5,0,0,1,13
-7.4,2.26,-3.9,0,0,1,13
-7.09,2.1,-3.3,0,0,1,13
-6.69,1.43,-3.49,0,0,1,13
-7.18,0.43,-4.19,0,0,1,13
-7.27,0.14,-4.69,0,0,1,13
-7.16,0.68,-4.79,0,0,1,13
-7.39,2.37,-4.21,0,0,1,13
-7.87,4.52,-4.2,0,0,1,13
-8.72,5.75,-4.61,0,0,1,13
-9.3,6.06,-5.46,0,0,1,13
-8.89,5.72,-5.35,0,0,1,13
-7.89,5.71,-4.59,0,0,1,13
-7.13,6.0,-3.66,0,0,1,13
-9.84,4.77,-3.34,0,0,1,13
-10.32,4.36,-7.29,0,0,1,13
-11.81,0.5,-8.61,0,0,1,13
-12.52,-2.43,-8.19,0,0,1,13
-9.23,-2.62,-5.59,0,0,1,13
-7.56,-0.14,-2.52,0,0,1,13
-7.38,2.28,-1.45,0,0,1,13
-7.02,1.93,-2.6,0,0,1,13
-7.49,-0.23,-4.43,0,0,1,13
-7.98,-2.42,-6.29,0,0,1,13
-8.35,-2.2,-6.94,0,0,1,13
-8.21,0.51,-5.7,0,0,1,13
-7.26,3.69,-3.78,0,0,1,13
-7.33,5.03,-3.21,0,0,1,13
-7.71,4.42,-4.48,0,0,1,13
-8.22,3.03,-6.3,0,0,1,13
-8.37,1.73,-6.38,0,0,1,13
-7.82,1.42,-5.01,0,0,1,13
-7.47,1.73,-3.9,0,0,1,13
-7.45,1.95,-4.17,0,0,1,13
-7.77,1.87,-5.09,0,0,1,13
-8.06,1.51,-5.97,0,0,1,13
-8.22,1.02,-6.08,0,0,1,13
-7.98,0.9,-5.57,0,0,1,13
-7.68,1.22,-5.2,0,0,1,13
-8.11,1.43,-5.68,0,0,1,13
-8.03,1.64,-6.31,0,0,1,13
-7.79,1.98,-6.14,0,0,1,13
-7.56,2.21,-5.4,0,0,1,13
-7.41,2.26,-4.93,0,0,1,13
-7.04,2.24,-4.92,0,0,1,13
-7.24,2.44,-5.28,0,0,1,13
-7.54,2.67,-5.72,0,0,1,13
-7.59,2.8,-5.87,0,0,1,13
-7.28,3.02,-6.0,0,0,1,13
-7.59,2.67,-6.62,0,0,1,13
-7.91,2.36,-7.07,0,0,1,13
-7.68,2.21,-6.92,0,0,1,13
-6.99,2.52,-6.09,0,0,1,13
-6.53,2.58,-6.33,0,0,1,13
-6.41,2.16,-6.62,0,0,1,13
-9.41,0.76,-5.23,0,0,1,13
-8.11,2.57,-2.13,0,0,1,13
-7.85,4.88,-0.92,0,0,1,13
-9.29,1.12,-4.12,0,0,1,13
-13.14,-2.59,-7.57,0,0,1,13
-13.93,-4.45,-8.83,0,0,1,13
-12.52,-5.05,-9.0,0,0,1,13
-9.73,-1.66,-5.85,0,0,1,13
-7.48,2.27,-1.68,0,0,1,13
-8.51,3.82,0.3,0,0,1,13
-10.36,3.49,-1.38,0,0,1,13
-11.54,2.98,-5.13,0,0,1,13
-11.28,1.83,-6.85,0,0,1,13
-9.36,0.74,-4.14,0,0,1,13
-7.07,0.6,-0.71,0,0,1,13
-6.26,1.84,-0.28,0,0,1,13
-7.35,2.77,-2.65,0,0,1,13
-7.83,2.64,-3.98,0,0,1,13
-7.57,1.76,-3.06,0,0,1,13
-7.53,0.92,-2.45,0,0,1,13
-7.69,0.79,-2.38,0,0,1,13
-8.16,1.44,-2.55,0,0,1,13
-8.32,2.91,-3.21,0,0,1,13
-7.4,3.52,-3.19,0,0,1,13
-7.48,3.73,-2.94,0,0,1,13
-6.92,3.05,-3.22,0,0,1,13
-6.11,2.02,-2.55,0,0,1,13
-7.47,1.91,-2.45,0,0,1,13
-10.72,3.15,-5.46,0,0,1,13
-13.03,4.65,-7.87,0,0,1,13
-13.01,5.61,-7.96,0,0,1,13
-11.41,2.3,-5.33,0,0,1,13
-9.23,-0.93,-3.89,0,0,1,13
-7.56,-1.23,-3.67,0,0,1,13
-6.84,-1.37,-3.3,0,0,1,13
-6.87,-1.28,-3.27,0,0,1,13
-6.72,0.08,-4.06,0,0,1,13
-7.33,2.17,-5.08,0,0,1,13
-8.12,2.68,-4.7,0,0,1,13
-8.58,2.05,-4.29,0,0,1,13
-8.52,2.11,-4.65,0,0,1,13
-8.34,2.32,-5.25,0,0,1,13
-7.75,2.18,-5.55,0,0,1,13
-7.66,2.02,-5.82,0,0,1,13
-7.73,1.62,-6.12,0,0,1,13
-7.91,2.36,-7.07,0,0,1,14
-7.68,2.21,-6.92,0,0,1,14
-6.99,2.52,-6.09,0,0,1,14
-6.53,2.58,-6.33,0,0,1,14
-6.41,2.16,-6.62,0,0,1,14
-9.41,0.76,-5.23,0,0,1,14
-8.11,2.57,-2.13,0,0,1,14
-7.85,4.88,-0.92,0,0,1,14
-9.29,1.12,-4.12,0,0,1,14
-13.14,-2.59,-7.57,0,0,1,14
-13.93,-4.45,-8.83,0,0,1,14
-12.52,-5.05,-9.0,0,0,1,14
-9.73,-1.66,-5.85,0,0,1,14
-7.48,2.27,-1.68,0,0,1,14
-8.51,3.82,0.3,0,0,1,14
-10.36,3.49,-1.38,0,0,1,14
-11.54,2.98,-5.13,0,0,1,14
-11.28,1.83,-6.85,0,0,1,14
-9.36,0.74,-4.14,0,0,1,14
-7.07,0.6,-0.71,0,0,1,14
-6.26,1.84,-0.28,0,0,1,14
-7.35,2.77,-2.65,0,0,1,14
-7.83,2.64,-3.98,0,0,1,14
-7.57,1.76,-3.06,0,0,1,14
-7.53,0.92,-2.45,0,0,1,14
-7.69,0.79,-2.38,0,0,1,14
-8.16,1.44,-2.55,0,0,1,14
-8.32,2.91,-3.21,0,0,1,14
-7.4,3.52,-3.19,0,0,1,14
-7.48,3.73,-2.94,0,0,1,14
-6.92,3.05,-3.22,0,0,1,14
-6.11,2.02,-2.55,0,0,1,14
-7.47,1.91,-2.45,0,0,1,14
-10.72,3.15,-5.46,0,0,1,14
-13.03,4.65,-7.87,0,0,1,14
-13.01,5.61,-7.96,0,0,1,14
-11.41,2.3,-5.33,0,0,1,14
-9.23,-0.93,-3.89,0,0,1,14
-7.56,-1.23,-3.67,0,0,1,14
-6.84,-1.37,-3.3,0,0,1,14
-6.87,-1.28,-3.27,0,0,1,14
-6.72,0.08,-4.06,0,0,1,14
-7.33,2.17,-5.08,0,0,1,14
-8.12,2.68,-4.7,0,0,1,14
-8.58,2.05,-4.29,0,0,1,14
-8.52,2.11,-4.65,0,0,1,14
-8.34,2.32,-5.25,0,0,1,14
-7.75,2.18,-5.55,0,0,1,14
-7.66,2.02,-5.82,0,0,1,14
-7.73,1.62,-6.12,0,0,1,14
-7.83,1.6,-5.78,0,0,1,14
-7.88,1.91,-5.25,0,0,1,14
-7.86,2.44,-5.01,0,0,1,14
-8.18,2.64,-5.39,0,0,1,14
-8.26,3.52,-5.56,0,0,1,14
-8.27,4.33,-5.31,0,0,1,14
-7.97,4.27,-5.16,0,0,1,14
-7.82,3.65,-5.42,0,0,1,14
-7.72,3.06,-5.7,0,0,1,14
-7.55,2.68,-5.77,0,0,1,14
-7.57,2.83,-5.53,0,0,1,14
-6.98,3.63,-5.12,0,0,1,14
-6.85,4.2,-5.09,0,0,1,14
-7.19,3.78,-5.68,0,0,1,14
-7.41,3.49,-5.71,0,0,1,14
-6.86,3.68,-5.8,0,0,1,14
-7.16,3.34,-5.81,0,0,1,14
-7.55,2.41,-6.42,0,0,1,14
-10.49,1.31,-5.24,0,0,1,14
-6.85,1.94,-4.61,0,0,1,14
-6.17,2.16,-4.88,0,0,1,14
-8.0,1.66,-6.15,0,0,1,14
-8.33,2.46,-5.39,0,0,1,14
-8.03,3.94,-4.96,0,0,1,14
-9.58,3.87,-6.3,0,0,1,14
-11.0,2.61,-8.08,0,0,1,14
-10.58,2.29,-7.28,0,0,1,14
-9.08,2.3,-4.31,0,0,1,14
-8.66,1.4,-3.16,0,0,1,14
-8.27,-0.58,-2.98,0,0,1,14
-7.14,-1.92,-3.0,0,0,1,14
-7.15,-2.07,-2.69,0,0,1,14
-7.65,-1.6,-3.17,0,0,1,14
-7.98,0.4,-4.2,0,0,1,14
-9.72,3.95,-5.05,0,0,1,14
-11.47,6.52,-5.8,0,0,1,14
-10.74,6.16,-5.56,0,0,1,14
-9.59,4.13,-4.77,0,0,1,14
-8.71,2.39,-4.36,0,0,1,14
-8.34,1.73,-4.56,0,0,1,14
-8.15,2.53,-4.29,0,0,1,14
-7.98,3.26,-3.9,0,0,1,14
-7.1,3.6,-2.99,0,0,1,14
-6.3,3.44,-2.2,0,0,1,14
-5.87,3.1,-1.93,0,0,1,14
-6.08,2.56,-2.26,0,0,1,14
-5.99,2.05,-2.97,0,0,1,14
-6.39,1.31,-3.98,0,0,1,14
-7.15,1.65,-5.0,0,0,1,14
-7.81,3.08,-6.2,0,0,1,14
-7.83,1.6,-5.78,0,0,1,15
-7.88,1.91,-5.25,0,0,1,15
-7.86,2.44,-5.01,0,0,1,15
-8.18,2.64,-5.39,0,0,1,15
-8.26,3.52,-5.56,0,0,1,15
-8.27,4.33,-5.31,0,0,1,15
-7.97,4.27,-5.16,0,0,1,15
-7.82,3.65,-5.42,0,0,1,15
-7.72,3.06,-5.7,0,0,1,15
-7.55,2.68,-5.77,0,0,1,15
-7.57,2.83,-5.53,0,0,1,15
-6.98,3.63,-5.12,0,0,1,15
-6.85,4.2,-5.09,0,0,1,15
-7.19,3.78,-5.68,0,0,1,15
-7.41,3.49,-5.71,0,0,1,15
-6.86,3.68,-5.8,0,0,1,15
-7.16,3.34,-5.81,0,0,1,15
-7.55,2.41,-6.42,0,0,1,15
-10.49,1.31,-5.24,0,0,1,15
-6.85,1.94,-4.61,0,0,1,15
-6.17,2.16,-4.88,0,0,1,15
-8.0,1.66,-6.15,0,0,1,15
-8.33,2.46,-5.39,0,0,1,15
-8.03,3.94,-4.96,0,0,1,15
-9.58,3.87,-6.3,0,0,1,15
-11.0,2.61,-8.08,0,0,1,15
-10.58,2.29,-7.28,0,0,1,15
-9.08,2.3,-4.31,0,0,1,15
-8.66,1.4,-3.16,0,0,1,15
-8.27,-0.58,-2.98,0,0,1,15
-7.14,-1.92,-3.0,0,0,1,15
-7.15,-2.07,-2.69,0,0,1,15
-7.65,-1.6,-3.17,0,0,1,15
-7.98,0.4,-4.2,0,0,1,15
-9.72,3.95,-5.05,0,0,1,15
-11.47,6.52,-5.8,0,0,1,15
-10.74,6.16,-5.56,0,0,1,15
-9.59,4.13,-4.77,0,0,1,15
-8.71,2.39,-4.36,0,0,1,15
-8.34,1.73,-4.56,0,0,1,15
-8.15,2.53,-4.29,0,0,1,15
-7.98,3.26,-3.9,0,0,1,15
-7.1,3.6,-2.99,0,0,1,15
-6.3,3.44,-2.2,0,0,1,15
-5.87,3.1,-1.93,0,0,1,15
-6.08,2.56,-2.26,0,0,1,15
-5.99,2.05,-2.97,0,0,1,15
-6.39,1.31,-3.98,0,0,1,15
-7.15,1.65,-5.0,0,0,1,15
-7.81,3.08,-6.2,0,0,1,15
-9.01,4.82,-7.72,0,0,1,15
-10.68,5.98,-7.99,0,0,1,15
-14.57,4.38,-7.84,0,0,1,15
-12.16,1.67,-8.02,0,0,1,15
-7.9,-2.52,-6.18,0,0,1,15
-4.69,-2.35,-0.31,0,0,1,15
-6.1,-1.22,1.43,0,0,1,15
-10.74,0.11,-2.57,0,0,1,15
-11.37,0.63,-7.05,0,0,1,15
-10.11,-0.06,-7.78,0,0,1,15
-8.34,-0.73,-6.33,0,0,1,15
-6.24,-0.64,-4.86,0,0,1,15
-5.87,-0.7,-5.35,0,0,1,15
-7.7,-0.07,-5.79,0,0,1,15
-8.27,1.13,-5.62,0,0,1,15
-9.04,2.51,-4.87,0,0,1,15
-9.62,2.9,-5.19,0,0,1,15
-9.71,1.9,-6.84,0,0,1,15
-8.97,1.39,-8.19,0,0,1,15
-7.84,1.57,-7.2,0,0,1,15
-7.06,1.84,-5.96,0,0,1,15
-6.23,1.91,-5.27,0,0,1,15
-6.08,1.38,-5.63,0,0,1,15
-7.01,0.5,-7.05,0,0,1,15
-7.08,0.91,-7.52,0,0,1,15
-6.84,1.86,-7.57,0,0,1,15
-6.08,2.77,-7.17,0,0,1,15
-5.71,3.44,-5.94,0,0,1,15
-6.11,4.18,-5.13,0,0,1,15
-9.07,3.59,-5.17,0,0,1,15
-9.33,3.89,-3.99,0,0,1,15
-8.12,4.96,-2.78,0,0,1,15
-8.2,4.24,-3.52,0,0,1,15
-8.72,2.39,-6.42,0,0,1,15
-8.94,0.29,-7.03,0,0,1,15
-8.78,0.39,-5.83,0,0,1,15
-8.31,1.88,-4.18,0,0,1,15
-8.74,2.58,-2.96,0,0,1,15
-7.81,2.84,-3.02,0,0,1,15
-7.13,3.04,-3.75,0,0,1,15
-7.26,4.11,-4.61,0,0,1,15
-7.78,5.08,-5.6,0,0,1,15
-7.7,5.6,-5.33,0,0,1,15
-7.88,5.39,-3.39,0,0,1,15
-7.96,6.01,-2.74,0,0,1,15
-8.48,6.92,-4.18,0,0,1,15
-9.04,6.98,-5.3,0,0,1,15
-9.21,6.65,-5.63,0,0,1,15
-8.49,5.55,-4.85,0,0,1,15
-7.68,4.86,-3.48,0,0,1,15
-9.01,4.82,-7.72,0,0,1,16
-10.68,5.98,-7.99,0,0,1,16
-14.57,4.38,-7.84,0,0,1,16
-12.16,1.67,-8.02,0,0,1,16
-7.9,-2.52,-6.18,0,0,1,16
-4.69,-2.35,-0.31,0,0,1,16
-6.1,-1.22,1.43,0,0,1,16
-10.74,0.11,-2.57,0,0,1,16
-11.37,0.63,-7.05,0,0,1,16
-10.11,-0.06,-7.78,0,0,1,16
-8.34,-0.73,-6.33,0,0,1,16
-6.24,-0.64,-4.86,0,0,1,16
-5.87,-0.7,-5.35,0,0,1,16
-7.7,-0.07,-5.79,0,0,1,16
-8.27,1.13,-5.62,0,0,1,16
-9.04,2.51,-4.87,0,0,1,16
-9.62,2.9,-5.19,0,0,1,16
-9.71,1.9,-6.84,0,0,1,16
-8.97,1.39,-8.19,0,0,1,16
-7.84,1.57,-7.2,0,0,1,16
-7.06,1.84,-5.96,0,0,1,16
-6.23,1.91,-5.27,0,0,1,16
-6.08,1.38,-5.63,0,0,1,16
-7.01,0.5,-7.05,0,0,1,16
-7.08,0.91,-7.52,0,0,1,16
-6.84,1.86,-7.57,0,0,1,16
-6.08,2.77,-7.17,0,0,1,16
-5.71,3.44,-5.94,0,0,1,16
-6.11,4.18,-5.13,0,0,1,16
-9.07,3.59,-5.17,0,0,1,16
-9.33,3.89,-3.99,0,0,1,16
-8.12,4.96,-2.78,0,0,1,16
-8.2,4.24,-3.52,0,0,1,16
-8.72,2.39,-6.42,0,0,1,16
-8.94,0.29,-7.03,0,0,1,16
-8.78,0.39,-5.83,0,0,1,16
-8.31,1.88,-4.18,0,0,1,16
-8.74,2.58,-2.96,0,0,1,16
-7.81,2.84,-3.02,0,0,1,16
-7.13,3.04,-3.75,0,0,1,16
-7.26,4.11,-4.61,0,0,1,16
-7.78,5.08,-5.6,0,0,1,16
-7.7,5.6,-5.33,0,0,1,16
-7.88,5.39,-3.39,0,0,1,16
-7.96,6.01,-2.74,0,0,1,16
-8.48,6.92,-4.18,0,0,1,16
-9.04,6.98,-5.3,0,0,1,16
-9.21,6.65,-5.63,0,0,1,16
-8.49,5.55,-4.85,0,0,1,16
-7.68,4.86,-3.48,0,0,1,16
-7.28,4.67,-2.35,0,0,1,16
-7.02,4.98,-2.53,0,0,1,16
-7.23,4.86,-2.45,0,0,1,16
-7.48,4.24,-2.46,0,0,1,16
-7.58,3.11,-2.56,0,0,1,16
-7.75,2.05,-2.92,0,0,1,16
-7.95,1.71,-3.51,0,0,1,16
-8.04,2.16,-3.67,0,0,1,16
-8.18,3.25,-3.45,0,0,1,16
-8.24,3.98,-3.41,0,0,1,16
-8.17,4.4,-3.33,0,0,1,16
-7.83,4.39,-3.25,0,0,1,16
-7.48,4.28,-2.79,0,0,1,16
-7.87,3.95,-2.33,0,0,1,16
-10.51,3.26,-3.81,0,0,1,16
-13.73,1.95,-7.92,0,0,1,16
-11.04,1.26,-7.57,0,0,1,16
-7.95,0.43,-2.51,0,0,1,16
-6.5,0.64,-0.14,0,0,1,16
-6.79,1.98,-1.13,0,0,1,16
-7.98,2.22,-3.52,0,0,1,16
-9.17,0.26,-6.0,0,0,1,16
-9.24,-2.43,-7.12,0,0,1,16
-9.21,-3.62,-7.28,0,0,1,16
-7.87,-2.1,-5.79,0,0,1,16
-8.19,-0.07,-4.01,0,0,1,16
-7.94,1.3,-4.09,0,0,1,16
-7.07,0.8,-4.6,0,0,1,16
-7.55,-1.15,-4.87,0,0,1,16
-7.88,-2.16,-6.21,0,0,1,16
-8.18,-0.92,-7.13,0,0,1,16
-8.76,1.01,-7.36,0,0,1,16
-8.93,2.81,-7.47,0,0,1,16
-7.88,3.78,-5.84,0,0,1,16
-7.07,3.12,-3.74,0,0,1,16
-7.3,1.14,-3.52,0,0,1,16
-7.31,-1.23,-4.49,0,0,1,16
-6.61,-2.85,-5.32,0,0,1,16
-5.68,-2.93,-5.4,0,0,1,16
-6.44,-1.56,-4.94,0,0,1,16
-8.03,0.83,-3.76,0,0,1,16
-7.59,2.27,-3.41,0,0,1,16
-9.18,2.86,-2.97,0,0,1,16
-7.72,3.51,-2.81,0,0,1,16
-7.64,0.91,-4.04,0,0,1,16
-7.94,-0.95,-4.13,0,0,1,16
-8.29,-1.72,-4.08,0,0,1,16
-9.25,-1.85,-4.08,0,0,1,16
-9.08,-1.26,-2.66,0,0,1,16
-7.95,-1.31,-2.63,0,0,1,16
-7.28,4.67,-2.35,0,0,1,17
-7.02,4.98,-2.53,0,0,1,17
-7.23,4.86,-2.45,0,0,1,17
-7.48,4.24,-2.46,0,0,1,17
-7.58,3.11,-2.56,0,0,1,17
-7.75,2.05,-2.92,0,0,1,17
-7.95,1.71,-3.51,0,0,1,17
-8.04,2.16,-3.67,0,0,1,17
-8.18,3.25,-3.45,0,0,1,17
-8.24,3.98,-3.41,0,0,1,17
-8.17,4.4,-3.33,0,0,1,17
-7.83,4.39,-3.25,0,0,1,17
-7.48,4.28,-2.79,0,0,1,17
-7.87,3.95,-2.33,0,0,1,17
-10.51,3.26,-3.81,0,0,1,17
-13.73,1.95,-7.92,0,0,1,17
-11.04,1.26,-7.57,0,0,1,17
-7.95,0.43,-2.51,0,0,1,17
-6.5,0.64,-0.14,0,0,1,17
-6.79,1.98,-1.13,0,0,1,17
-7.98,2.22,-3.52,0,0,1,17
-9.17,0.26,-6.0,0,0,1,17
-9.24,-2.43,-7.12,0,0,1,17
-9.21,-3.62,-7.28,0,0,1,17
-7.87,-2.1,-5.79,0,0,1,17
-8.19,-0.07,-4.01,0,0,1,17
-7.94,1.3,-4.09,0,0,1,17
-7.07,0.8,-4.6,0,0,1,17
-7.55,-1.15,-4.87,0,0,1,17
-7.88,-2.16,-6.21,0,0,1,17
-8.18,-0.92,-7.13,0,0,1,17
-8.76,1.01,-7.36,0,0,1,17
-8.93,2.81,-7.47,0,0,1,17
-7.88,3.78,-5.84,0,0,1,17
-7.07,3.12,-3.74,0,0,1,17
-7.3,1.14,-3.52,0,0,1,17
-7.31,-1.23,-4.49,0,0,1,17
-6.61,-2.85,-5.32,0,0,1,17
-5.68,-2.93,-5.4,0,0,1,17
-6.44,-1.56,-4.94,0,0,1,17
-8.03,0.83,-3.76,0,0,1,17
-7.59,2.27,-3.41,0,0,1,17
-9.18,2.86,-2.97,0,0,1,17
-7.72,3.51,-2.81,0,0,1,17
-7.64,0.91,-4.04,0,0,1,17
-7.94,-0.95,-4.13,0,0,1,17
-8.29,-1.72,-4.08,0,0,1,17
-9.25,-1.85,-4.08,0,0,1,17
-9.08,-1.26,-2.66,0,0,1,17
-7.95,-1.31,-2.63,0,0,1,17
-8.99,-0.79,-3.66,0,0,1,17
-9.33,0.9,-4.46,0,0,1,17
-8.97,1.51,-3.83,0,0,1,17
-7.87,1.25,-2.27,0,0,1,17
-7.63,0.35,-1.34,0,0,1,17
-8.91,-0.25,-1.13,0,0,1,17
-9.63,-0.31,-2.04,0,0,1,17
-8.89,-0.24,-2.69,0,0,1,17
-8.63,0.06,-3.05,0,0,1,17
-9.06,0.11,-2.54,0,0,1,17
-8.84,0.55,-2.12,0,0,1,17
-9.55,0.48,-2.41,0,0,1,17
-10.08,0.13,-3.68,0,0,1,17
-10.07,0.11,-3.79,0,0,1,17
-10.08,0.51,-2.7,0,0,1,17
-9.85,0.91,-2.05,0,0,1,17
-9.29,0.63,-2.08,0,0,1,17
-8.95,0.04,-2.49,0,0,1,17
-9.42,-0.35,-2.97,0,0,1,17
-9.6,-0.02,-3.27,0,0,1,17
-9.66,0.28,-3.31,0,0,1,17
-9.55,1.11,-2.6,0,0,1,17
-9.47,1.04,-2.12,0,0,1,17
-9.39,0.49,-2.52,0,0,1,17
-9.7,-0.21,-3.14,0,0,1,17
-9.65,-0.0,-3.54,0,0,1,17
-10.2,0.51,-3.28,0,0,1,17
-10.18,1.01,-2.72,0,0,1,17
-9.96,0.9,-2.35,0,0,1,17
-9.56,0.48,-2.41,0,0,1,17
-9.23,-0.04,-2.91,0,0,1,17
-9.07,-0.27,-2.99,0,0,1,17
-9.3,0.44,-2.49,0,0,1,17
-9.93,0.97,-2.68,0,0,1,17
-10.44,0.86,-3.37,0,0,1,17
-10.51,0.2,-3.91,0,0,1,17
-9.98,0.54,-3.8,0,0,1,17
-10.11,1.61,-3.06,0,0,1,17
-10.22,1.74,-3.08,0,0,1,17
-10.56,0.84,-3.23,0,0,1,17
-10.64,0.18,-3.56,0,0,1,17
-10.86,0.51,-3.61,0,0,1,17
-10.91,1.32,-3.44,0,0,1,17
-10.84,1.55,-3.45,0,0,1,17
-10.81,1.35,-3.68,0,0,1,17
-10.77,1.11,-3.78,0,0,1,17
-10.34,0.48,-3.4,0,0,1,17
-9.6,0.29,-2.97,0,0,1,17
-9.08,0.59,-2.77,0,0,1,17
-8.98,1.16,-2.98,0,0,1,17
-8.99,-0.79,-3.66,0,0,1,18
-9.33,0.9,-4.46,0,0,1,18
-8.97,1.51,-3.83,0,0,1,18
-7.87,1.25,-2.27,0,0,1,18
-7.63,0.35,-1.34,0,0,1,18
-8.91,-0.25,-1.13,0,0,1,18
-9.63,-0.31,-2.04,0,0,1,18
-8.89,-0.24,-2.69,0,0,1,18
-8.63,0.06,-3.05,0,0,1,18
-9.06,0.11,-2.54,0,0,1,18
-8.84,0.55,-2.12,0,0,1,18
-9.55,0.48,-2.41,0,0,1,18
-10.08,0.13,-3.68,0,0,1,18
-10.07,0.11,-3.79,0,0,1,18
-10.08,0.51,-2.7,0,0,1,18
-9.85,0.91,-2.05,0,0,1,18
-9.29,0.63,-2.08,0,0,1,18
-8.95,0.04,-2.49,0,0,1,18
-9.42,-0.35,-2.97,0,0,1,18
-9.6,-0.02,-3.27,0,0,1,18
-9.66,0.28,-3.31,0,0,1,18
-9.55,1.11,-2.6,0,0,1,18
-9.47,1.04,-2.12,0,0,1,18
-9.39,0.49,-2.52,0,0,1,18
-9.7,-0.21,-3.14,0,0,1,18
-9.65,-0.0,-3.54,0,0,1,18
-10.2,0.51,-3.28,0,0,1,18
-10.18,1.01,-2.72,0,0,1,18
-9.96,0.9,-2.35,0,0,1,18
-9.56,0.48,-2.41,0,0,1,18
-9.23,-0.04,-2.91,0,0,1,18
-9.07,-0.27,-2.99,0,0,1,18
-9.3,0.44,-2.49,0,0,1,18
-9.93,0.97,-2.68,0,0,1,18
-10.44,0.86,-3.37,0,0,1,18
-10.51,0.2,-3.91,0,0,1,18
-9.98,0.54,-3.8,0,0,1,18
-10.11,1.61,-3.06,0,0,1,18
-10.22,1.74,-3.08,0,0,1,18
-10.56,0.84,-3.23,0,0,1,18
-10.64,0.18,-3.56,0,0,1,18
-10.86,0.51,-3.61,0,0,1,18
-10.91,1.32,-3.44,0,0,1,18
-10.84,1.55,-3.45,0,0,1,18
-10.81,1.35,-3.68,0,0,1,18
-10.77,1.11,-3.78,0,0,1,18
-10.34,0.48,-3.4,0,0,1,18
-9.6,0.29,-2.97,0,0,1,18
-9.08,0.59,-2.77,0,0,1,18
-8.98,1.16,-2.98,0,0,1,18
-9.06,1.34,-2.88,0,0,1,18
-8.58,1.25,-2.82,0,0,1,18
-8.09,1.09,-2.66,0,0,1,18
-7.99,0.91,-2.49,0,0,1,18
-8.22,1.0,-2.88,0,0,1,18
-8.46,1.08,-3.01,0,0,1,18
-8.51,0.94,-2.86,0,0,1,18
-8.49,0.86,-2.7,0,0,1,18
-8.69,0.84,-2.89,0,0,1,18
-9.17,1.04,-3.33,0,0,1,18
-9.42,1.09,-3.45,0,0,1,18
-9.59,1.06,-3.2,0,0,1,18
-9.78,1.06,-3.18,0,0,1,18
-9.94,0.91,-3.48,0,0,1,18
-10.16,0.8,-3.6,0,0,1,18
-10.44,0.89,-3.59,0,0,1,18
-11.11,1.11,-3.7,0,0,1,18
-12.21,1.35,-4.4,0,0,1,18
-13.75,1.37,-5.07,0,0,1,18
-13.99,1.57,-4.91,0,0,1,18
-14.17,0.82,-3.48,0,0,1,18
-13.52,-0.4,-3.5,0,0,1,18
-13.26,-0.9,-4.49,0,0,1,18
-13.09,-0.67,-5.08,0,0,1,18
-11.96,0.84,-4.2,0,0,1,18
-11.25,1.81,-2.64,0,0,1,18
-10.97,1.04,-2.7,0,0,1,18
-9.17,-0.96,-2.54,0,0,1,18
-10.03,-0.87,-2.42,0,0,1,18
-10.14,-1.02,-3.4,0,0,1,18
-8.4,-1.42,-2.64,0,0,1,18
-8.95,-1.03,-2.44,0,0,1,18
-9.66,-0.24,-2.75,0,0,1,18
-8.45,0.35,-1.68,0,0,1,18
-7.99,-0.63,-2.03,0,0,1,18
-8.76,-1.07,-2.85,0,0,1,18
-9.28,-1.09,-3.25,0,0,1,18
-8.79,-0.82,-2.69,0,0,1,18
-8.09,-0.86,-3.07,0,0,1,18
-7.27,-0.79,-3.39,0,0,1,18
-7.22,-0.85,-2.81,0,0,1,18
-7.07,-0.99,-2.78,0,0,1,18
-6.99,-0.96,-3.04,0,0,1,18
-7.2,-0.87,-3.34,0,0,1,18
-7.47,-0.88,-3.22,0,0,1,18
-7.57,-1.4,-3.53,0,0,1,18
-7.47,-1.73,-3.84,0,0,1,18
-7.69,-1.89,-4.12,0,0,1,18
-7.73,-1.2,-4.29,0,0,1,18
-7.61,-0.86,-4.12,0,0,1,18
-9.06,1.34,-2.88,0,0,1,19
-8.58,1.25,-2.82,0,0,1,19
-8.09,1.09,-2.66,0,0,1,19
-7.99,0.91,-2.49,0,0,1,19
-8.22,1.0,-2.88,0,0,1,19
-8.46,1.08,-3.01,0,0,1,19
-8.51,0.94,-2.86,0,0,1,19
-8.49,0.86,-2.7,0,0,1,19
-8.69,0.84,-2.89,0,0,1,19
-9.17,1.04,-3.33,0,0,1,19
-9.42,1.09,-3.45,0,0,1,19
-9.59,1.06,-3.2,0,0,1,19
-9.78,1.06,-3.18,0,0,1,19
-9.94,0.91,-3.48,0,0,1,19
-10.16,0.8,-3.6,0,0,1,19
-10.44,0.89,-3.59,0,0,1,19
-11.11,1.11,-3.7,0,0,1,19
-12.21,1.35,-4.4,0,0,1,19
-13.75,1.37,-5.07,0,0,1,19
-13.99,1.57,-4.91,0,0,1,19
-14.17,0.82,-3.48,0,0,1,19
-13.52,-0.4,-3.5,0,0,1,19
-13.26,-0.9,-4.49,0,0,1,19
-13.09,-0.67,-5.08,0,0,1,19
-11.96,0.84,-4.2,0,0,1,19
-11.25,1.81,-2.64,0,0,1,19
-10.97,1.04,-2.7,0,0,1,19
-9.17,-0.96,-2.54,0,0,1,19
-10.03,-0.87,-2.42,0,0,1,19
-10.14,-1.02,-3.4,0,0,1,19
-8.4,-1.42,-2.64,0,0,1,19
-8.95,-1.03,-2.44,0,0,1,19
-9.66,-0.24,-2.75,0,0,1,19
-8.45,0.35,-1.68,0,0,1,19
-7.99,-0.63,-2.03,0,0,1,19
-8.76,-1.07,-2.85,0,0,1,19
-9.28,-1.09,-3.25,0,0,1,19
-8.79,-0.82,-2.69,0,0,1,19
-8.09,-0.86,-3.07,0,0,1,19
-7.27,-0.79,-3.39,0,0,1,19
-7.22,-0.85,-2.81,0,0,1,19
-7.07,-0.99,-2.78,0,0,1,19
-6.99,-0.96,-3.04,0,0,1,19
-7.2,-0.87,-3.34,0,0,1,19
-7.47,-0.88,-3.22,0,0,1,19
-7.57,-1.4,-3.53,0,0,1,19
-7.47,-1.73,-3.84,0,0,1,19
-7.69,-1.89,-4.12,0,0,1,19
-7.73,-1.2,-4.29,0,0,1,19
-7.61,-0.86,-4.12,0,0,1,19
-7.0,-0.57,-3.54,0,0,1,19
-6.68,-0.83,-3.12,0,0,1,19
-6.56,-1.04,-3.53,0,0,1,19
-6.99,-0.95,-4.12,0,0,1,19
-6.71,-0.62,-4.45,0,0,1,19
-7.0,-0.76,-4.18,0,0,1,19
-7.06,-1.16,-4.28,0,0,1,19
-6.7,-1.77,-4.71,0,0,1,19
-6.35,-2.16,-4.58,0,0,1,19
-6.73,-2.22,-4.11,0,0,1,19
-7.04,-2.32,-4.36,0,0,1,19
-7.49,-2.32,-4.76,0,0,1,19
-8.67,-2.1,-5.77,0,0,1,19
-8.97,-1.43,-7.02,0,0,1,19
-8.86,-0.88,-6.6,0,0,1,19
-8.07,-0.21,-4.85,0,0,1,19
-7.36,0.04,-4.28,0,0,1,19
-7.35,0.17,-4.73,0,0,1,19
-7.75,0.38,-5.54,0,0,1,19
-8.13,0.36,-6.13,0,0,1,19
-8.17,0.22,-6.91,0,0,1,19
-7.82,0.6,-6.86,0,0,1,19
-7.86,1.16,-6.12,0,0,1,19
-7.84,1.54,-5.16,0,0,1,19
-7.68,1.35,-5.25,0,0,1,19
-7.75,0.95,-5.99,0,0,1,19
-7.9,0.95,-6.5,0,0,1,19
-7.99,1.77,-6.77,0,0,1,19
-8.12,2.59,-6.48,0,0,1,19
-7.74,3.11,-5.8,0,0,1,19
-7.43,2.96,-5.36,0,0,1,19
-7.18,2.62,-5.6,0,0,1,19
-7.48,2.57,-5.97,0,0,1,19
-7.53,2.75,-6.05,0,0,1,19
-7.45,2.87,-5.86,0,0,1,19
-7.48,2.88,-5.71,0,0,1,19
-7.88,2.63,-5.74,0,0,1,19
-7.94,2.1,-5.71,0,0,1,19
-7.88,1.68,-5.8,0,0,1,19
-7.77,1.52,-5.87,0,0,1,19
-7.53,1.76,-5.61,0,0,1,19
-7.85,2.08,-5.52,0,0,1,19
-7.67,2.14,-5.68,0,0,1,19
-7.47,1.66,-5.89,0,0,1,19
-7.21,1.36,-6.26,0,0,1,19
-7.41,1.6,-6.23,0,0,1,19
-7.57,1.8,-6.36,0,0,1,19
-8.81,2.57,-5.3,0,0,1,19
-8.01,2.99,-5.38,0,0,1,19
-8.71,2.22,-6.88,0,0,1,19
-7.0,-0.57,-3.54,0,0,1,20
-6.68,-0.83,-3.12,0,0,1,20
-6.56,-1.04,-3.53,0,0,1,20
-6.99,-0.95,-4.12,0,0,1,20
-6.71,-0.62,-4.45,0,0,1,20
-7.0,-0.76,-4.18,0,0,1,20
-7.06,-1.16,-4.28,0,0,1,20
-6.7,-1.77,-4.71,0,0,1,20
-6.35,-2.16,-4.58,0,0,1,20
-6.73,-2.22,-4.11,0,0,1,20
-7.04,-2.32,-4.36,0,0,1,20
-7.49,-2.32,-4.76,0,0,1,20
-8.67,-2.1,-5.77,0,0,1,20
-8.97,-1.43,-7.02,0,0,1,20
-8.86,-0.88,-6.6,0,0,1,20
-8.07,-0.21,-4.85,0,0,1,20
-7.36,0.04,-4.28,0,0,1,20
-7.35,0.17,-4.73,0,0,1,20
-7.75,0.38,-5.54,0,0,1,20
-8.13,0.36,-6.13,0,0,1,20
-8.17,0.22,-6.91,0,0,1,20
-7.82,0.6,-6.86,0,0,1,20
-7.86,1.16,-6.12,0,0,1,20
-7.84,1.54,-5.16,0,0,1,20
-7.68,1.35,-5.25,0,0,1,20
-7.75,0.95,-5.99,0,0,1,20
-7.9,0.95,-6.5,0,0,1,20
-7.99,1.77,-6.77,0,0,1,20
-8.12,2.59,-6.48,0,0,1,20
-7.74,3.11,-5.8,0,0,1,20
-7.43,2.96,-5.36,0,0,1,20
-7.18,2.62,-5.6,0,0,1,20
-7.48,2.57,-5.97,0,0,1,20
-7.53,2.75,-6.05,0,0,1,20
-7.45,2.87,-5.86,0,0,1,20
-7.48,2.88,-5.71,0,0,1,20
-7.88,2.63,-5.74,0,0,1,20
-7.94,2.1,-5.71,0,0,1,20
-7.88,1.68,-5.8,0,0,1,20
-7.77,1.52,-5.87,0,0,1,20
-7.53,1.76,-5.61,0,0,1,20
-7.85,2.08,-5.52,0,0,1,20
-7.67,2.14,-5.68,0,0,1,20
-7.47,1.66,-5.89,0,0,1,20
-7.21,1.36,-6.26,0,0,1,20
-7.41,1.6,-6.23,0,0,1,20
-7.57,1.8,-6.36,0,0,1,20
-8.81,2.57,-5.3,0,0,1,20
-8.01,2.99,-5.38,0,0,1,20
-8.71,2.22,-6.88,0,0,1,20
-10.55,2.0,-7.66,0,0,1,20
-9.85,1.86,-6.85,0,0,1,20
-9.06,1.71,-6.09,0,0,1,20
-8.54,1.82,-5.82,0,0,1,20
-8.47,1.66,-6.06,0,0,1,20
-8.77,1.23,-5.69,0,0,1,20
-8.57,0.84,-4.48,0,0,1,20
-8.08,0.58,-3.72,0,0,1,20
-7.65,-0.42,-3.51,0,0,1,20
-7.27,-1.27,-3.24,0,0,1,20
-6.85,-2.05,-1.99,0,0,1,20
-7.93,-1.81,-3.42,0,0,1,20
-9.45,0.08,-3.88,0,0,1,20
-10.74,2.95,-5.13,0,0,1,20
-11.77,4.31,-5.7,0,0,1,20
-10.46,4.33,-6.05,0,0,1,20
-9.32,2.79,-5.13,0,0,1,20
-7.98,0.86,-3.03,0,0,1,20
-7.07,0.04,-2.61,0,0,1,20
-7.0,0.68,-2.9,0,0,1,20
-7.76,1.38,-3.25,0,0,1,20
-8.11,1.83,-3.59,0,0,1,20
-7.75,2.1,-3.51,0,0,1,20
-7.29,2.24,-3.26,0,0,1,20
-6.84,2.98,-3.2,0,0,1,20
-6.78,3.59,-3.32,0,0,1,20
-7.28,3.64,-3.28,0,0,1,20
-8.21,2.84,-3.61,0,0,1,20
-7.54,2.14,-4.41,0,0,1,20
-7.17,1.45,-4.58,0,0,1,20
-10.54,0.74,-3.92,0,0,1,20
-13.62,2.07,-7.76,0,0,1,20
-13.01,3.35,-10.83,0,0,1,20
-9.31,3.17,-6.79,0,0,1,20
-7.66,1.87,-0.53,0,0,1,20
-7.85,0.75,-0.48,0,0,1,20
-8.16,-0.3,-2.88,0,0,1,20
-8.37,-1.51,-4.68,0,0,1,20
-8.4,-1.49,-5.67,0,0,1,20
-8.15,-0.26,-6.45,0,0,1,20
-8.04,1.66,-5.88,0,0,1,20
-7.73,2.2,-4.99,0,0,1,20
-7.56,1.18,-4.77,0,0,1,20
-7.59,-0.06,-4.95,0,0,1,20
-7.33,-0.21,-5.25,0,0,1,20
-8.04,1.13,-5.87,0,0,1,20
-8.41,2.01,-6.53,0,0,1,20
-9.15,1.88,-6.84,0,0,1,20
-8.65,1.68,-6.03,0,0,1,20
-7.87,1.46,-5.16,0,0,1,20
-10.55,2.0,-7.66,0,0,1,21
-9.85,1.86,-6.85,0,0,1,21
-9.06,1.71,-6.09,0,0,1,21
-8.54,1.82,-5.82,0,0,1,21
-8.47,1.66,-6.06,0,0,1,21
-8.77,1.23,-5.69,0,0,1,21
-8.57,0.84,-4.48,0,0,1,21
-8.08,0.58,-3.72,0,0,1,21
-7.65,-0.42,-3.51,0,0,1,21
-7.27,-1.27,-3.24,0,0,1,21
-6.85,-2.05,-1.99,0,0,1,21
-7.93,-1.81,-3.42,0,0,1,21
-9.45,0.08,-3.88,0,0,1,21
-10.74,2.95,-5.13,0,0,1,21
-11.77,4.31,-5.7,0,0,1,21
-10.46,4.33,-6.05,0,0,1,21
-9.32,2.79,-5.13,0,0,1,21
-7.98,0.86,-3.03,0,0,1,21
-7.07,0.04,-2.61,0,0,1,21
-7.0,0.68,-2.9,0,0,1,21
-7.76,1.38,-3.25,0,0,1,21
-8.11,1.83,-3.59,0,0,1,21
-7.75,2.1,-3.51,0,0,1,21
-7.29,2.24,-3.26,0,0,1,21
-6.84,2.98,-3.2,0,0,1,21
-6.78,3.59,-3.32,0,0,1,21
-7.28,3.64,-3.28,0,0,1,21
-8.21,2.84,-3.61,0,0,1,21
-7.54,2.14,-4.41,0,0,1,21
-7.17,1.45,-4.58,0,0,1,21
-10.54,0.74,-3.92,0,0,1,21
-13.62,2.07,-7.76,0,0,1,21
-13.01,3.35,-10.83,0,0,1,21
-9.31,3.17,-6.79,0,0,1,21
-7.66,1.87,-0.53,0,0,1,21
-7.85,0.75,-0.48,0,0,1,21
-8.16,-0.3,-2.88,0,0,1,21
-8.37,-1.51,-4.68,0,0,1,21
-8.4,-1.49,-5.67,0,0,1,21
-8.15,-0.26,-6.45,0,0,1,21
-8.04,1.66,-5.88,0,0,1,21
-7.73,2.2,-4.99,0,0,1,21
-7.56,1.18,-4.77,0,0,1,21
-7.59,-0.06,-4.95,0,0,1,21
-7.33,-0.21,-5.25,0,0,1,21
-8.04,1.13,-5.87,0,0,1,21
-8.41,2.01,-6.53,0,0,1,21
-9.15,1.88,-6.84,0,0,1,21
-8.65,1.68,-6.03,0,0,1,21
-7.87,1.46,-5.16,0,0,1,21
-7.11,1.18,-4.5,0,0,1,21
-7.37,1.05,-4.65,0,0,1,21
-7.55,1.14,-5.45,0,0,1,21
-7.7,1.37,-6.16,0,0,1,21
-7.85,2.06,-6.11,0,0,1,21
-7.76,2.7,-5.66,0,0,1,21
-7.53,2.74,-5.43,0,0,1,21
-7.51,2.44,-5.65,0,0,1,21
-7.75,2.4,-5.71,0,0,1,21
-7.56,2.32,-5.66,0,0,1,21
-7.24,2.15,-5.15,0,0,1,21
-7.26,2.27,-5.28,0,0,1,21
-7.7,2.29,-5.83,0,0,1,21
-7.92,1.96,-6.2,0,0,1,21
-7.81,1.62,-6.19,0,0,1,21
-7.55,1.6,-5.98,0,0,1,21
-7.3,1.9,-5.94,0,0,1,21
-7.07,2.4,-6.07,0,0,1,21
-6.57,2.36,-6.47,0,0,1,21
-10.3,2.68,-4.91,0,0,1,21
-10.29,4.75,-4.99,0,0,1,21
-10.88,5.2,-5.09,0,0,1,21
-10.67,3.57,-6.2,0,0,1,21
-9.88,0.14,-7.24,0,0,1,21
-10.14,-2.9,-6.5,0,0,1,21
-9.2,-3.57,-5.48,0,0,1,21
-7.35,-1.19,-3.44,0,0,1,21
-5.16,2.96,0.88,0,0,1,21
-6.45,5.58,-0.33,0,0,1,21
-10.44,5.25,-4.66,0,0,1,21
-12.41,3.31,-8.12,0,0,1,21
-11.35,1.25,-7.66,0,0,1,21
-8.79,-0.23,-3.74,0,0,1,21
-6.93,0.01,-1.58,0,0,1,21
-6.8,1.04,-2.09,0,0,1,21
-7.64,1.9,-3.99,0,0,1,21
-8.36,2.28,-4.9,0,0,1,21
-8.3,2.25,-4.32,0,0,1,21
-7.86,2.22,-3.78,0,0,1,21
-7.7,2.58,-3.61,0,0,1,21
-7.89,3.28,-3.75,0,0,1,21
-7.72,3.53,-3.74,0,0,1,21
-7.58,3.54,-3.41,0,0,1,21
-7.41,3.03,-3.22,0,0,1,21
-7.3,2.45,-3.42,0,0,1,21
-7.51,1.92,-3.73,0,0,1,21
-8.18,1.6,-4.14,0,0,1,21
-8.54,2.0,-4.41,0,0,1,21
-8.91,2.66,-3.99,0,0,1,21
-8.39,3.29,-3.73,0,0,1,21
-7.11,1.18,-4.5,0,0,1,22
-7.37,1.05,-4.65,0,0,1,22
-7.55,1.14,-5.45,0,0,1,22
-7.7,1.37,-6.16,0,0,1,22
-7.85,2.06,-6.11,0,0,1,22
-7.76,2.7,-5.66,0,0,1,22
-7.53,2.74,-5.43,0,0,1,22
-7.51,2.44,-5.65,0,0,1,22
-7.75,2.4,-5.71,0,0,1,22
-7.56,2.32,-5.66,0,0,1,22
-7.24,2.15,-5.15,0,0,1,22
-7.26,2.27,-5.28,0,0,1,22
-7.7,2.29,-5.83,0,0,1,22
-7.92,1.96,-6.2,0,0,1,22
-7.81,1.62,-6.19,0,0,1,22
-7.55,1.6,-5.98,0,0,1,22
-7.3,1.9,-5.94,0,0,1,22
-7.07,2.4,-6.07,0,0,1,22
-6.57,2.36,-6.47,0,0,1,22
-10.3,2.68,-4.91,0,0,1,22
-10.29,4.75,-4.99,0,0,1,22
-10.88,5.2,-5.09,0,0,1,22
-10.67,3.57,-6.2,0,0,1,22
-9.88,0.14,-7.24,0,0,1,22
-10.14,-2.9,-6.5,0,0,1,22
-9.2,-3.57,-5.48,0,0,1,22
-7.35,-1.19,-3.44,0,0,1,22
-5.16,2.96,0.88,0,0,1,22
-6.45,5.58,-0.33,0,0,1,22
-10.44,5.25,-4.66,0,0,1,22
-12.41,3.31,-8.12,0,0,1,22
-11.35,1.25,-7.66,0,0,1,22
-8.79,-0.23,-3.74,0,0,1,22
-6.93,0.01,-1.58,0,0,1,22
-6.8,1.04,-2.09,0,0,1,22
-7.64,1.9,-3.99,0,0,1,22
-8.36,2.28,-4.9,0,0,1,22
-8.3,2.25,-4.32,0,0,1,22
-7.86,2.22,-3.78,0,0,1,22
-7.7,2.58,-3.61,0,0,1,22
-7.89,3.28,-3.75,0,0,1,22
-7.72,3.53,-3.74,0,0,1,22
-7.58,3.54,-3.41,0,0,1,22
-7.41,3.03,-3.22,0,0,1,22
-7.3,2.45,-3.42,0,0,1,22
-7.51,1.92,-3.73,0,0,1,22
-8.18,1.6,-4.14,0,0,1,22
-8.54,2.0,-4.41,0,0,1,22
-8.91,2.66,-3.99,0,0,1,22
-8.39,3.29,-3.73,0,0,1,22
-8.44,3.89,-4.0,0,0,1,22
-8.57,4.24,-4.74,0,0,1,22
-8.59,3.62,-4.85,0,0,1,22
-11.16,1.78,-4.77,0,0,1,22
-12.04,1.8,-7.85,0,0,1,22
-11.12,0.56,-9.39,0,0,1,22
-9.39,0.48,-3.76,0,0,1,22
-7.18,1.41,-1.46,0,0,1,22
-7.19,1.59,-1.68,0,0,1,22
-8.31,1.51,-4.71,0,0,1,22
-9.24,0.22,-5.6,0,0,1,22
-9.18,-0.9,-5.2,0,0,1,22
-8.84,-1.32,-4.65,0,0,1,22
-8.06,-0.82,-4.96,0,0,1,22
-7.69,-0.28,-4.32,0,0,1,22
-7.25,0.19,-4.6,0,0,1,22
-7.48,-0.02,-5.52,0,0,1,22
-8.46,-0.4,-5.42,0,0,1,22
-8.52,-0.23,-5.4,0,0,1,22
-8.02,0.62,-5.4,0,0,1,22
-8.16,0.64,-5.75,0,0,1,22
-8.22,0.75,-5.71,0,0,1,22
-8.1,0.85,-5.41,0,0,1,22
-7.93,1.04,-5.2,0,0,1,22
-7.92,1.1,-5.13,0,0,1,22
-7.75,1.64,-5.2,0,0,1,22
-8.04,2.43,-5.47,0,0,1,22
-8.17,3.11,-6.08,0,0,1,22
-8.24,3.35,-5.99,0,0,1,22
-8.26,3.06,-5.43,0,0,1,22
-8.12,2.28,-4.88,0,0,1,22
-7.63,1.66,-4.44,0,0,1,22
-7.4,1.52,-4.68,0,0,1,22
-7.68,1.68,-5.41,0,0,1,22
-7.97,2.09,-5.71,0,0,1,22
-7.91,2.63,-5.34,0,0,1,22
-7.93,2.39,-4.75,0,0,1,22
-7.52,1.65,-4.92,0,0,1,22
-7.03,0.47,-5.65,0,0,1,22
-9.43,-0.47,-4.76,0,0,1,22
-8.53,0.89,-3.42,0,0,1,22
-9.8,1.58,-3.18,0,0,1,22
-11.51,2.3,-4.45,0,0,1,22
-12.18,0.85,-7.59,0,0,1,22
-12.04,-1.5,-9.98,0,0,1,22
-10.2,-1.87,-8.36,0,0,1,22
-7.44,-0.74,-4.73,0,0,1,22
-5.9,0.2,-0.59,0,0,1,22
-6.28,1.71,-0.03,0,0,1,22
-7.97,2.33,-1.33,0,0,1,22
-8.44,3.89,-4.0,0,0,1,23
-8.57,4.24,-4.74,0,0,1,23
-8.59,3.62,-4.85,0,0,1,23
-11.16,1.78,-4.77,0,0,1,23
-12.04,1.8,-7.85,0,0,1,23
-11.12,0.56,-9.39,0,0,1,23
-9.39,0.48,-3.76,0,0,1,23
-7.18,1.41,-1.46,0,0,1,23
-7.19,1.59,-1.68,0,0,1,23
-8.31,1.51,-4.71,0,0,1,23
-9.24,0.22,-5.6,0,0,1,23
-9.18,-0.9,-5.2,0,0,1,23
-8.84,-1.32,-4.65,0,0,1,23
-8.06,-0.82,-4.96,0,0,1,23
-7.69,-0.28,-4.32,0,0,1,23
-7.25,0.19,-4.6,0,0,1,23
-7.48,-0.02,-5.52,0,0,1,23
-8.46,-0.4,-5.42,0,0,1,23
-8.52,-0.23,-5.4,0,0,1,23
-8.02,0.62,-5.4,0,0,1,23
-8.16,0.64,-5.75,0,0,1,23
-8.22,0.75,-5.71,0,0,1,23
-8.1,0.85,-5.41,0,0,1,23
-7.93,1.04,-5.2,0,0,1,23
-7.92,1.1,-5.13,0,0,1,23
-7.75,1.64,-5.2,0,0,1,23
-8.04,2.43,-5.47,0,0,1,23
-8.17,3.11,-6.08,0,0,1,23
-8.24,3.35,-5.99,0,0,1,23
-8.26,3.06,-5.43,0,0,1,23
-8.12,2.28,-4.88,0,0,1,23
-7.63,1.66,-4.44,0,0,1,23
-7.4,1.52,-4.68,0,0,1,23
-7.68,1.68,-5.41,0,0,1,23
-7.97,2.09,-5.71,0,0,1,23
-7.91,2.63,-5.34,0,0,1,23
-7.93,2.39,-4.75,0,0,1,23
-7.52,1.65,-4.92,0,0,1,23
-7.03,0.47,-5.65,0,0,1,23
-9.43,-0.47,-4.76,0,0,1,23
-8.53,0.89,-3.42,0,0,1,23
-9.8,1.58,-3.18,0,0,1,23
-11.51,2.3,-4.45,0,0,1,23
-12.18,0.85,-7.59,0,0,1,23
-12.04,-1.5,-9.98,0,0,1,23
-10.2,-1.87,-8.36,0,0,1,23
-7.44,-0.74,-4.73,0,0,1,23
-5.9,0.2,-0.59,0,0,1,23
-6.28,1.71,-0.03,0,0,1,23
-7.97,2.33,-1.33,0,0,1,23
-9.64,2.2,-3.07,0,0,1,23
-10.56,2.28,-4.67,0,0,1,23
-10.68,1.78,-5.55,0,0,1,23
-10.24,0.65,-4.69,0,0,1,23
-8.38,0.42,-2.76,0,0,1,23
-6.99,0.76,-0.47,0,0,1,23
-7.27,1.09,-0.64,0,0,1,23
-8.85,0.94,-1.9,0,0,1,23
-8.95,1.15,-1.98,0,0,1,23
-8.35,0.94,-1.41,0,0,1,23
-7.82,0.48,-1.85,0,0,1,23
-8.19,0.04,-2.44,0,0,1,23
-9.32,-0.56,-2.05,0,0,1,23
-10.01,-1.02,-3.17,0,0,1,23
-11.9,-2.32,-5.22,0,0,1,23
-11.67,-2.43,-6.84,0,0,1,23
-9.25,-2.1,-5.39,0,0,1,23
-8.02,-2.49,-1.62,0,0,1,23
-7.68,-1.51,-0.93,0,0,1,23
-8.08,-0.25,-1.88,0,0,1,23
-7.89,-0.34,-2.11,0,0,1,23
-8.55,-2.49,-2.81,0,0,1,23
-9.58,-4.22,-4.37,0,0,1,23
-10.25,-4.28,-4.96,0,0,1,23
-9.32,-2.68,-3.91,0,0,1,23
-8.63,-1.83,-2.64,0,0,1,23
-8.18,-1.57,-1.91,0,0,1,23
-8.07,-2.0,-2.34,0,0,1,23
-8.85,-2.89,-2.84,0,0,1,23
-8.8,-3.14,-3.07,0,0,1,23
-8.42,-3.3,-2.82,0,0,1,23
-8.84,-3.08,-3.11,0,0,1,23
-9.22,-3.12,-3.14,0,0,1,23
-8.84,-3.54,-2.49,0,0,1,23
-8.27,-3.97,-2.4,0,0,1,23
-8.26,-3.84,-2.31,0,0,1,23
-8.53,-3.78,-2.62,0,0,1,23
-8.64,-3.85,-2.79,0,0,1,23
-8.63,-3.99,-2.51,0,0,1,23
-8.3,-4.01,-2.26,0,0,1,23
-8.02,-3.81,-2.29,0,0,1,23
-8.1,-4.01,-2.46,0,0,1,23
-8.2,-4.46,-2.57,0,0,1,23
-7.98,-4.75,-2.19,0,0,1,23
-8.28,-4.78,-1.65,0,0,1,23
-8.74,-4.88,-2.03,0,0,1,23
-8.9,-5.06,-2.54,0,0,1,23
-8.44,-5.17,-2.47,0,0,1,23
-7.59,-5.0,-1.86,0,0,1,23
-6.96,-4.57,-1.3,0,0,1,23
-9.64,2.2,-3.07,0,0,1,24
-10.56,2.28,-4.67,0,0,1,24
-10.68,1.78,-5.55,0,0,1,24
-10.24,0.65,-4.69,0,0,1,24
-8.38,0.42,-2.76,0,0,1,24
-6.99,0.76,-0.47,0,0,1,24
-7.27,1.09,-0.64,0,0,1,24
-8.85,0.94,-1.9,0,0,1,24
-8.95,1.15,-1.98,0,0,1,24
-8.35,0.94,-1.41,0,0,1,24
-7.82,0.48,-1.85,0,0,1,24
-8.19,0.04,-2.44,0,0,1,24
-9.32,-0.56,-2.05,0,0,1,24
-10.01,-1.02,-3.17,0,0,1,24
-11.9,-2.32,-5.22,0,0,1,24
-11.67,-2.43,-6.84,0,0,1,24
-9.25,-2.1,-5.39,0,0,1,24
-8.02,-2.49,-1.62,0,0,1,24
-7.68,-1.51,-0.93,0,0,1,24
-8.08,-0.25,-1.88,0,0,1,24
-7.89,-0.34,-2.11,0,0,1,24
-8.55,-2.49,-2.81,0,0,1,24
-9.58,-4.22,-4.37,0,0,1,24
-10.25,-4.28,-4.96,0,0,1,24
-9.32,-2.68,-3.91,0,0,1,24
-8.63,-1.83,-2.64,0,0,1,24
-8.18,-1.57,-1.91,0,0,1,24
-8.07,-2.0,-2.34,0,0,1,24
-8.85,-2.89,-2.84,0,0,1,24
-8.8,-3.14,-3.07,0,0,1,24
-8.42,-3.3,-2.82,0,0,1,24
-8.84,-3.08,-3.11,0,0,1,24
-9.22,-3.12,-3.14,0,0,1,24
-8.84,-3.54,-2.49,0,0,1,24
-8.27,-3.97,-2.4,0,0,1,24
-8.26,-3.84,-2.31,0,0,1,24
-8.53,-3.78,-2.62,0,0,1,24
-8.64,-3.85,-2.79,0,0,1,24
-8.63,-3.99,-2.51,0,0,1,24
-8.3,-4.01,-2.26,0,0,1,24
-8.02,-3.81,-2.29,0,0,1,24
-8.1,-4.01,-2.46,0,0,1,24
-8.2,-4.46,-2.57,0,0,1,24
-7.98,-4.75,-2.19,0,0,1,24
-8.28,-4.78,-1.65,0,0,1,24
-8.74,-4.88,-2.03,0,0,1,24
-8.9,-5.06,-2.54,0,0,1,24
-8.44,-5.17,-2.47,0,0,1,24
-7.59,-5.0,-1.86,0,0,1,24
-6.96,-4.57,-1.3,0,0,1,24
-7.25,-4.37,-1.32,0,0,1,24
-7.92,-4.57,-1.65,0,0,1,24
-8.12,-5.08,-2.18,0,0,1,24
-8.11,-5.8,-2.2,0,0,1,24
-7.96,-6.16,-2.28,0,0,1,24
-7.96,-5.73,-2.13,0,0,1,24
-7.83,-4.98,-1.9,0,0,1,24
-7.54,-4.87,-1.63,0,0,1,24
-7.83,-5.5,-1.5,0,0,1,24
-8.19,-5.78,-2.06,0,0,1,24
-8.35,-5.87,-2.34,0,0,1,24
-8.23,-6.0,-2.0,0,0,1,24
-8.12,-5.93,-1.7,0,0,1,24
-8.23,-5.64,-1.86,0,0,1,24
-8.25,-5.74,-2.05,0,0,1,24
-8.21,-5.98,-2.13,0,0,1,24
-7.94,-5.87,-1.98,0,0,1,24
-7.87,-5.52,-1.92,0,0,1,24
-7.73,-5.27,-1.89,0,0,1,24
-7.62,-4.99,-1.75,0,0,1,24
-8.2,-4.77,-2.26,0,0,1,24
-8.93,-4.7,-3.0,0,0,1,24
-9.0,-5.16,-2.78,0,0,1,24
-8.16,-5.65,-1.67,0,0,1,24
-7.7,-5.94,-1.81,0,0,1,24
-7.86,-5.9,-2.44,0,0,1,24
-8.36,-5.31,-2.86,0,0,1,24
-8.7,-4.58,-3.03,0,0,1,24
-8.56,-4.28,-2.85,0,0,1,24
-8.46,-4.09,-2.68,0,0,1,24
-8.56,-3.98,-2.77,0,0,1,24
-8.38,-3.62,-2.93,0,0,1,24
-8.56,-3.44,-2.87,0,0,1,24
-8.49,-3.2,-2.76,0,0,1,24
-8.28,-3.01,-2.61,0,0,1,24
-8.32,-2.88,-2.79,0,0,1,24
-8.5,-2.87,-3.23,0,0,1,24
-8.73,-3.15,-3.28,0,0,1,24
-8.23,-2.93,-2.96,0,0,1,24
-8.27,-2.6,-2.7,0,0,1,24
-8.41,-2.29,-3.12,0,0,1,24
-8.89,-2.14,-3.29,0,0,1,24
-8.76,-1.69,-3.45,0,0,1,24
-8.76,-1.34,-3.53,0,0,1,24
-8.96,-1.21,-3.65,0,0,1,24
-9.41,-1.36,-3.64,0,0,1,24
-9.29,-0.86,-3.61,0,0,1,24
-8.86,-0.71,-3.4,0,0,1,24
-8.57,-0.33,-2.98,0,0,1,24
-8.23,0.07,-2.8,0,0,1,24
-7.25,-4.37,-1.32,0,0,1,25
-7.92,-4.57,-1.65,0,0,1,25
-8.12,-5.08,-2.18,0,0,1,25
-8.11,-5.8,-2.2,0,0,1,25
-7.96,-6.16,-2.28,0,0,1,25
-7.96,-5.73,-2.13,0,0,1,25
-7.83,-4.98,-1.9,0,0,1,25
-7.54,-4.87,-1.63,0,0,1,25
-7.83,-5.5,-1.5,0,0,1,25
-8.19,-5.78,-2.06,0,0,1,25
-8.35,-5.87,-2.34,0,0,1,25
-8.23,-6.0,-2.0,0,0,1,25
-8.12,-5.93,-1.7,0,0,1,25
-8.23,-5.64,-1.86,0,0,1,25
-8.25,-5.74,-2.05,0,0,1,25
-8.21,-5.98,-2.13,0,0,1,25
-7.94,-5.87,-1.98,0,0,1,25
-7.87,-5.52,-1.92,0,0,1,25
-7.73,-5.27,-1.89,0,0,1,25
-7.62,-4.99,-1.75,0,0,1,25
-8.2,-4.77,-2.26,0,0,1,25
-8.93,-4.7,-3.0,0,0,1,25
-9.0,-5.16,-2.78,0,0,1,25
-8.16,-5.65,-1.67,0,0,1,25
-7.7,-5.94,-1.81,0,0,1,25
-7.86,-5.9,-2.44,0,0,1,25
-8.36,-5.31,-2.86,0,0,1,25
-8.7,-4.58,-3.03,0,0,1,25
-8.56,-4.28,-2.85,0,0,1,25
-8.46,-4.09,-2.68,0,0,1,25
-8.56,-3.98,-2.77,0,0,1,25
-8.38,-3.62,-2.93,0,0,1,25
-8.56,-3.44,-2.87,0,0,1,25
-8.49,-3.2,-2.76,0,0,1,25
-8.28,-3.01,-2.61,0,0,1,25
-8.32,-2.88,-2.79,0,0,1,25
-8.5,-2.87,-3.23,0,0,1,25
-8.73,-3.15,-3.28,0,0,1,25
-8.23,-2.93,-2.96,0,0,1,25
-8.27,-2.6,-2.7,0,0,1,25
-8.41,-2.29,-3.12,0,0,1,25
-8.89,-2.14,-3.29,0,0,1,25
-8.76,-1.69,-3.45,0,0,1,25
-8.76,-1.34,-3.53,0,0,1,25
-8.96,-1.21,-3.65,0,0,1,25
-9.41,-1.36,-3.64,0,0,1,25
-9.29,-0.86,-3.61,0,0,1,25
-8.86,-0.71,-3.4,0,0,1,25
-8.57,-0.33,-2.98,0,0,1,25
-8.23,0.07,-2.8,0,0,1,25
-8.95,0.18,-3.19,0,0,1,25
-8.63,0.86,-3.43,0,0,1,25
-8.67,0.81,-3.08,0,0,1,25
-8.55,0.78,-2.8,0,0,1,25
-8.2,1.08,-2.76,0,0,1,25
-8.34,1.25,-3.04,0,0,1,25
-9.22,1.6,-3.56,0,0,1,25
-9.73,1.88,-3.78,0,0,1,25
-9.53,1.59,-3.7,0,0,1,25
-9.05,1.09,-3.38,0,0,1,25
-8.64,0.69,-3.24,0,0,1,25
-8.38,0.58,-3.08,0,0,1,25
-8.64,0.86,-3.16,0,0,1,25
-8.72,1.38,-3.59,0,0,1,25
-8.77,1.52,-3.81,0,0,1,25
-8.65,1.61,-3.87,0,0,1,25
-8.17,1.91,-3.45,0,0,1,25
-7.97,1.9,-3.27,0,0,1,25
-8.2,1.96,-3.42,0,0,1,25
-8.5,2.39,-3.55,0,0,1,25
-8.47,2.92,-3.9,0,0,1,25
-8.73,3.21,-3.61,0,0,1,25
-8.29,3.74,-3.82,0,0,1,25
-7.92,3.92,-3.39,0,0,1,25
-11.62,2.18,-4.67,0,0,1,25
-14.04,1.43,-8.36,0,0,1,25
-10.95,0.16,-7.95,0,0,1,25
-9.16,0.02,-4.02,0,0,1,25
-7.98,1.47,-1.33,0,0,1,25
-8.42,3.45,-1.55,0,0,1,25
-8.84,3.09,-3.59,0,0,1,25
-8.91,0.32,-4.86,0,0,1,25
-8.6,-0.8,-5.24,0,0,1,25
-8.74,-0.48,-5.32,0,0,1,25
-7.99,0.46,-4.18,0,0,1,25
-7.16,0.46,-3.68,0,0,1,25
-7.01,-0.14,-4.03,0,0,1,25
-7.97,-0.15,-4.82,0,0,1,25
-8.67,0.27,-5.35,0,0,1,25
-8.45,0.68,-5.11,0,0,1,25
-8.16,1.55,-4.92,0,0,1,25
-8.7,2.08,-5.26,0,0,1,25
-8.48,2.46,-5.64,0,0,1,25
-8.5,2.34,-5.82,0,0,1,25
-8.08,1.87,-5.5,0,0,1,25
-7.92,1.59,-5.14,0,0,1,25
-7.51,1.74,-4.86,0,0,1,25
-7.67,2.14,-4.77,0,0,1,25
-7.7,2.44,-5.0,0,0,1,25
-7.74,2.45,-4.96,0,0,1,25
-8.95,0.18,-3.19,0,0,1,26
-8.63,0.86,-3.43,0,0,1,26
-8.67,0.81,-3.08,0,0,1,26
-8.55,0.78,-2.8,0,0,1,26
-8.2,1.08,-2.76,0,0,1,26
-8.34,1.25,-3.04,0,0,1,26
-9.22,1.6,-3.56,0,0,1,26
-9.73,1.88,-3.78,0,0,1,26
-9.53,1.59,-3.7,0,0,1,26
-9.05,1.09,-3.38,0,0,1,26
-8.64,0.69,-3.24,0,0,1,26
-8.38,0.58,-3.08,0,0,1,26
-8.64,0.86,-3.16,0,0,1,26
-8.72,1.38,-3.59,0,0,1,26
-8.77,1.52,-3.81,0,0,1,26
-8.65,1.61,-3.87,0,0,1,26
-8.17,1.91,-3.45,0,0,1,26
-7.97,1.9,-3.27,0,0,1,26
-8.2,1.96,-3.42,0,0,1,26
-8.5,2.39,-3.55,0,0,1,26
-8.47,2.92,-3.9,0,0,1,26
-8.73,3.21,-3.61,0,0,1,26
-8.29,3.74,-3.82,0,0,1,26
-7.92,3.92,-3.39,0,0,1,26
-11.62,2.18,-4.67,0,0,1,26
-14.04,1.43,-8.36,0,0,1,26
-10.95,0.16,-7.95,0,0,1,26
-9.16,0.02,-4.02,0,0,1,26
-7.98,1.47,-1.33,0,0,1,26
-8.42,3.45,-1.55,0,0,1,26
-8.84,3.09,-3.59,0,0,1,26
-8.91,0.32,-4.86,0,0,1,26
-8.6,-0.8,-5.24,0,0,1,26
-8.74,-0.48,-5.32,0,0,1,26
-7.99,0.46,-4.18,0,0,1,26
-7.16,0.46,-3.68,0,0,1,26
-7.01,-0.14,-4.03,0,0,1,26
-7.97,-0.15,-4.82,0,0,1,26
-8.67,0.27,-5.35,0,0,1,26
-8.45,0.68,-5.11,0,0,1,26
-8.16,1.55,-4.92,0,0,1,26
-8.7,2.08,-5.26,0,0,1,26
-8.48,2.46,-5.64,0,0,1,26
-8.5,2.34,-5.82,0,0,1,26
-8.08,1.87,-5.5,0,0,1,26
-7.92,1.59,-5.14,0,0,1,26
-7.51,1.74,-4.86,0,0,1,26
-7.67,2.14,-4.77,0,0,1,26
-7.7,2.44,-5.0,0,0,1,26
-7.74,2.45,-4.96,0,0,1,26
-7.2,2.25,-4.92,0,0,1,26
-7.11,1.94,-4.98,0,0,1,26
-7.3,1.68,-5.36,0,0,1,26
-7.98,1.42,-5.66,0,0,1,26
-7.95,1.61,-5.47,0,0,1,26
-8.31,1.89,-5.58,0,0,1,26
-7.65,2.67,-5.6,0,0,1,26
-7.02,2.82,-5.69,0,0,1,26
-9.37,2.27,-4.56,0,0,1,26
-8.53,3.08,-4.07,0,0,1,26
-9.06,3.54,-5.42,0,0,1,26
-10.22,3.96,-7.42,0,0,1,26
-10.4,3.38,-9.44,0,0,1,26
-11.01,2.09,-10.39,0,0,1,26
-10.14,1.92,-8.14,0,0,1,26
-7.91,1.74,-3.01,0,0,1,26
-5.31,-3.21,-1.42,0,0,1,26
-6.77,-3.03,-3.57,0,0,1,26
-7.2,0.8,-3.29,0,0,1,26
-7.47,1.1,-0.97,0,0,1,26
-7.52,-0.06,-1.9,0,0,1,26
-7.88,-1.97,-2.8,0,0,1,26
-9.87,-1.17,-5.38,0,0,1,26
-12.0,2.91,-6.74,0,0,1,26
-11.86,5.68,-6.77,0,0,1,26
-10.39,5.49,-5.75,0,0,1,26
-9.14,4.08,-4.58,0,0,1,26
-7.35,2.59,-3.06,0,0,1,26
-6.94,1.61,-2.4,0,0,1,26
-7.05,1.72,-2.93,0,0,1,26
-7.16,2.18,-3.59,0,0,1,26
-7.29,2.67,-3.88,0,0,1,26
-7.11,2.91,-3.8,0,0,1,26
-6.94,2.91,-3.91,0,0,1,26
-7.19,2.76,-4.14,0,0,1,26
-8.69,2.64,-4.13,0,0,1,26
-8.1,3.15,-4.47,0,0,1,26
-7.83,3.75,-4.42,0,0,1,26
-7.63,4.27,-4.39,0,0,1,26
-7.62,4.68,-4.32,0,0,1,26
-8.23,4.89,-4.33,0,0,1,26
-8.75,5.43,-4.69,0,0,1,26
-8.29,5.76,-4.8,0,0,1,26
-10.2,3.78,-4.22,0,0,1,26
-11.04,2.75,-6.34,0,0,1,26
-11.45,0.41,-8.05,0,0,1,26
-10.07,-1.94,-5.55,0,0,1,26
-8.49,-1.95,-3.04,0,0,1,26
-7.75,1.45,-1.96,0,0,1,26
-7.85,3.32,-2.9,0,0,1,26
-7.2,2.25,-4.92,0,0,1,27
-7.11,1.94,-4.98,0,0,1,27
-7.3,1.68,-5.36,0,0,1,27
-7.98,1.42,-5.66,0,0,1,27
-7.95,1.61,-5.47,0,0,1,27
-8.31,1.89,-5.58,0,0,1,27
-7.65,2.67,-5.6,0,0,1,27
-7.02,2.82,-5.69,0,0,1,27
-9.37,2.27,-4.56,0,0,1,27
-8.53,3.08,-4.07,0,0,1,27
-9.06,3.54,-5.42,0,0,1,27
-10.22,3.96,-7.42,0,0,1,27
-10.4,3.38,-9.44,0,0,1,27
-11.01,2.09,-10.39,0,0,1,27
-10.14,1.92,-8.14,0,0,1,27
-7.91,1.74,-3.01,0,0,1,27
-5.31,-3.21,-1.42,0,0,1,27
-6.77,-3.03,-3.57,0,0,1,27
-7.2,0.8,-3.29,0,0,1,27
-7.47,1.1,-0.97,0,0,1,27
-7.52,-0.06,-1.9,0,0,1,27
-7.88,-1.97,-2.8,0,0,1,27
-9.87,-1.17,-5.38,0,0,1,27
-12.0,2.91,-6.74,0,0,1,27
-11.86,5.68,-6.77,0,0,1,27
-10.39,5.49,-5.75,0,0,1,27
-9.14,4.08,-4.58,0,0,1,27
-7.35,2.59,-3.06,0,0,1,27
-6.94,1.61,-2.4,0,0,1,27
-7.05,1.72,-2.93,0,0,1,27
-7.16,2.18,-3.59,0,0,1,27
-7.29,2.67,-3.88,0,0,1,27
-7.11,2.91,-3.8,0,0,1,27
-6.94,2.91,-3.91,0,0,1,27
-7.19,2.76,-4.14,0,0,1,27
-8.69,2.64,-4.13,0,0,1,27
-8.1,3.15,-4.47,0,0,1,27
-7.83,3.75,-4.42,0,0,1,27
-7.63,4.27,-4.39,0,0,1,27
-7.62,4.68,-4.32,0,0,1,27
-8.23,4.89,-4.33,0,0,1,27
-8.75,5.43,-4.69,0,0,1,27
-8.29,5.76,-4.8,0,0,1,27
-10.2,3.78,-4.22,0,0,1,27
-11.04,2.75,-6.34,0,0,1,27
-11.45,0.41,-8.05,0,0,1,27
-10.07,-1.94,-5.55,0,0,1,27
-8.49,-1.95,-3.04,0,0,1,27
-7.75,1.45,-1.96,0,0,1,27
-7.85,3.32,-2.9,0,0,1,27
-8.19,1.4,-4.39,0,0,1,27
-9.05,-0.58,-5.33,0,0,1,27
-8.64,-0.9,-5.96,0,0,1,27
-8.01,-0.06,-4.39,0,0,1,27
-7.85,0.91,-3.15,0,0,1,27
-7.47,1.84,-4.05,0,0,1,27
-7.82,2.0,-5.17,0,0,1,27
-8.69,1.6,-5.44,0,0,1,27
-8.8,1.21,-4.81,0,0,1,27
-8.25,1.13,-4.3,0,0,1,27
-7.76,1.38,-4.67,0,0,1,27
-7.96,1.5,-5.26,0,0,1,27
-8.36,1.56,-5.35,0,0,1,27
-7.87,1.6,-5.51,0,0,1,27
-7.97,1.6,-5.43,0,0,1,27
-7.99,1.89,-5.19,0,0,1,27
-7.71,2.16,-5.08,0,0,1,27
-7.81,2.51,-5.16,0,0,1,27
-7.86,3.07,-5.27,0,0,1,27
-7.73,3.22,-5.25,0,0,1,27
-7.7,2.72,-4.77,0,0,1,27
-7.51,1.74,-4.65,0,0,1,27
-7.92,0.66,-4.45,0,0,1,27
-7.6,0.81,-4.53,0,0,1,27
-8.17,1.63,-4.82,0,0,1,27
-8.24,2.28,-5.08,0,0,1,27
-7.31,1.14,-6.32,0,0,1,27
-8.13,0.6,-4.34,0,0,1,27
-7.81,2.13,-4.31,0,0,1,27
-10.2,4.29,-5.06,0,0,1,27
-11.88,5.43,-6.96,0,0,1,27
-12.16,3.36,-9.64,0,0,1,27
-11.79,-0.21,-10.45,0,0,1,27
-10.04,-1.74,-7.62,0,0,1,27
-6.74,-2.52,-0.9,0,0,1,27
-4.14,-2.94,1.0,0,0,1,27
-4.63,-2.36,-0.63,0,0,1,27
-5.91,-0.87,-2.06,0,0,1,27
-7.83,1.53,-3.71,0,0,1,27
-10.57,3.89,-5.77,0,0,1,27
-12.21,5.03,-7.47,0,0,1,27
-11.77,4.44,-7.75,0,0,1,27
-9.35,3.65,-5.39,0,0,1,27
-7.68,3.37,-2.42,0,0,1,27
-7.2,2.76,-1.63,0,0,1,27
-8.23,2.11,-3.59,0,0,1,27
-8.63,1.83,-4.85,0,0,1,27
-8.66,1.9,-4.74,0,0,1,27
-7.97,1.67,-3.77,0,0,1,27
-6.25,1.6,-3.0,0,0,1,27
-8.19,1.4,-4.39,0,0,1,28
-9.05,-0.58,-5.33,0,0,1,28
-8.64,-0.9,-5.96,0,0,1,28
-8.01,-0.06,-4.39,0,0,1,28
-7.85,0.91,-3.15,0,0,1,28
-7.47,1.84,-4.05,0,0,1,28
-7.82,2.0,-5.17,0,0,1,28
-8.69,1.6,-5.44,0,0,1,28
-8.8,1.21,-4.81,0,0,1,28
-8.25,1.13,-4.3,0,0,1,28
-7.76,1.38,-4.67,0,0,1,28
-7.96,1.5,-5.26,0,0,1,28
-8.36,1.56,-5.35,0,0,1,28
-7.87,1.6,-5.51,0,0,1,28
-7.97,1.6,-5.43,0,0,1,28
-7.99,1.89,-5.19,0,0,1,28
-7.71,2.16,-5.08,0,0,1,28
-7.81,2.51,-5.16,0,0,1,28
-7.86,3.07,-5.27,0,0,1,28
-7.73,3.22,-5.25,0,0,1,28
-7.7,2.72,-4.77,0,0,1,28
-7.51,1.74,-4.65,0,0,1,28
-7.92,0.66,-4.45,0,0,1,28
-7.6,0.81,-4.53,0,0,1,28
-8.17,1.63,-4.82,0,0,1,28
-8.24,2.28,-5.08,0,0,1,28
-7.31,1.14,-6.32,0,0,1,28
-8.13,0.6,-4.34,0,0,1,28
-7.81,2.13,-4.31,0,0,1,28
-10.2,4.29,-5.06,0,0,1,28
-11.88,5.43,-6.96,0,0,1,28
-12.16,3.36,-9.64,0,0,1,28
-11.79,-0.21,-10.45,0,0,1,28
-10.04,-1.74,-7.62,0,0,1,28
-6.74,-2.52,-0.9,0,0,1,28
-4.14,-2.94,1.0,0,0,1,28
-4.63,-2.36,-0.63,0,0,1,28
-5.91,-0.87,-2.06,0,0,1,28
-7.83,1.53,-3.71,0,0,1,28
-10.57,3.89,-5.77,0,0,1,28
-12.21,5.03,-7.47,0,0,1,28
-11.77,4.44,-7.75,0,0,1,28
-9.35,3.65,-5.39,0,0,1,28
-7.68,3.37,-2.42,0,0,1,28
-7.2,2.76,-1.63,0,0,1,28
-8.23,2.11,-3.59,0,0,1,28
-8.63,1.83,-4.85,0,0,1,28
-8.66,1.9,-4.74,0,0,1,28
-7.97,1.67,-3.77,0,0,1,28
-6.25,1.6,-3.0,0,0,1,28
-6.72,1.09,-3.25,0,0,1,28
-6.68,1.78,-4.01,0,0,1,28
-7.51,2.38,-4.78,0,0,1,28
-8.01,2.81,-5.13,0,0,1,28
-8.28,2.94,-4.76,0,0,1,28
-8.38,2.71,-4.27,0,0,1,28
-8.05,2.8,-4.31,0,0,1,28
-8.05,2.99,-4.75,0,0,1,28
-8.47,3.52,-4.89,0,0,1,28
-8.29,4.11,-5.0,0,0,1,28
-7.61,4.19,-4.6,0,0,1,28
-10.67,2.01,-4.28,0,0,1,28
-10.56,1.73,-8.16,0,0,1,28
-12.36,-0.41,-8.56,0,0,1,28
-10.79,-0.76,-7.43,0,0,1,28
-7.87,0.37,-3.54,0,0,1,28
-6.75,2.13,-1.44,0,0,1,28
-6.48,3.82,-2.59,0,0,1,28
-7.05,2.46,-3.48,0,0,1,28
-9.22,-0.39,-5.34,0,0,1,28
-9.16,-2.09,-6.41,0,0,1,28
-8.12,-2.43,-5.94,0,0,1,28
-7.31,-2.17,-4.86,0,0,1,28
-7.53,-1.01,-3.99,0,0,1,28
-8.34,0.72,-4.51,0,0,1,28
-8.71,1.41,-5.37,0,0,1,28
-8.47,1.31,-6.0,0,0,1,28
-8.58,0.75,-6.3,0,0,1,28
-8.86,-0.02,-6.5,0,0,1,28
-8.28,-0.54,-6.29,0,0,1,28
-7.93,-0.51,-5.65,0,0,1,28
-7.87,0.08,-4.98,0,0,1,28
-7.77,0.8,-4.95,0,0,1,28
-7.77,1.15,-5.25,0,0,1,28
-7.58,1.33,-5.76,0,0,1,28
-7.76,1.67,-6.22,0,0,1,28
-7.85,1.95,-5.86,0,0,1,28
-7.37,1.92,-5.53,0,0,1,28
-9.13,1.12,-4.35,0,0,1,28
-8.63,1.47,-0.97,0,0,1,28
-7.68,1.89,-0.73,0,0,1,28
-9.06,0.43,-4.56,0,0,1,28
-10.22,-2.25,-7.7,0,0,1,28
-9.93,-3.41,-7.37,0,0,1,28
-9.87,-2.07,-6.26,0,0,1,28
-10.27,0.41,-5.4,0,0,1,28
-9.94,2.23,-3.9,0,0,1,28
-8.98,1.7,-3.07,0,0,1,28
-8.47,0.11,-3.35,0,0,1,28
-7.57,-0.59,-3.64,0,0,1,28
-6.72,1.09,-3.25,0,0,1,29
-6.68,1.78,-4.01,0,0,1,29
-7.51,2.38,-4.78,0,0,1,29
-8.01,2.81,-5.13,0,0,1,29
-8.28,2.94,-4.76,0,0,1,29
-8.38,2.71,-4.27,0,0,1,29
-8.05,2.8,-4.31,0,0,1,29
-8.05,2.99,-4.75,0,0,1,29
-8.47,3.52,-4.89,0,0,1,29
-8.29,4.11,-5.0,0,0,1,29
-7.61,4.19,-4.6,0,0,1,29
-10.67,2.01,-4.28,0,0,1,29
-10.56,1.73,-8.16,0,0,1,29
-12.36,-0.41,-8.56,0,0,1,29
-10.79,-0.76,-7.43,0,0,1,29
-7.87,0.37,-3.54,0,0,1,29
-6.75,2.13,-1.44,0,0,1,29
-6.48,3.82,-2.59,0,0,1,29
-7.05,2.46,-3.48,0,0,1,29
-9.22,-0.39,-5.34,0,0,1,29
-9.16,-2.09,-6.41,0,0,1,29
-8.12,-2.43,-5.94,0,0,1,29
-7.31,-2.17,-4.86,0,0,1,29
-7.53,-1.01,-3.99,0,0,1,29
-8.34,0.72,-4.51,0,0,1,29
-8.71,1.41,-5.37,0,0,1,29
-8.47,1.31,-6.0,0,0,1,29
-8.58,0.75,-6.3,0,0,1,29
-8.86,-0.02,-6.5,0,0,1,29
-8.28,-0.54,-6.29,0,0,1,29
-7.93,-0.51,-5.65,0,0,1,29
-7.87,0.08,-4.98,0,0,1,29
-7.77,0.8,-4.95,0,0,1,29
-7.77,1.15,-5.25,0,0,1,29
-7.58,1.33,-5.76,0,0,1,29
-7.76,1.67,-6.22,0,0,1,29
-7.85,1.95,-5.86,0,0,1,29
-7.37,1.92,-5.53,0,0,1,29
-9.13,1.12,-4.35,0,0,1,29
-8.63,1.47,-0.97,0,0,1,29
-7.68,1.89,-0.73,0,0,1,29
-9.06,0.43,-4.56,0,0,1,29
-10.22,-2.25,-7.7,0,0,1,29
-9.93,-3.41,-7.37,0,0,1,29
-9.87,-2.07,-6.26,0,0,1,29
-10.27,0.41,-5.4,0,0,1,29
-9.94,2.23,-3.9,0,0,1,29
-8.98,1.7,-3.07,0,0,1,29
-8.47,0.11,-3.35,0,0,1,29
-7.57,-0.59,-3.64,0,0,1,29
-6.77,-0.11,-3.57,0,0,1,29
-6.56,1.3,-3.38,0,0,1,29
-7.3,1.75,-3.2,0,0,1,29
-8.72,1.75,-4.03,0,0,1,29
-9.48,1.7,-5.2,0,0,1,29
-9.79,1.27,-5.53,0,0,1,29
-9.77,1.43,-5.05,0,0,1,29
-8.91,1.62,-4.6,0,0,1,29
-10.21,3.5,-5.31,0,0,1,29
-9.36,2.41,-5.75,0,0,1,29
-8.94,1.83,-5.31,0,0,1,29
-9.09,1.95,-5.08,0,0,1,29
-8.75,1.85,-4.7,0,0,1,29
-8.8,1.7,-4.61,0,0,1,29
-8.62,1.84,-4.62,0,0,1,29
-8.16,2.09,-4.19,0,0,1,29
-7.62,2.3,-3.57,0,0,1,29
-7.6,2.38,-3.3,0,0,1,29
-7.93,2.76,-3.51,0,0,1,29
-7.93,3.42,-3.83,0,0,1,29
-7.91,3.61,-3.8,0,0,1,29
-7.78,3.38,-3.16,0,0,1,29
-7.47,2.69,-2.66,0,0,1,29
-7.38,1.84,-2.96,0,0,1,29
-7.71,1.2,-3.83,0,0,1,29
-8.49,0.94,-4.3,0,0,1,29
-8.78,1.83,-5.01,0,0,1,29
-11.02,3.21,-5.91,0,0,1,29
-12.06,4.36,-7.76,0,0,1,29
-9.42,2.88,-6.26,0,0,1,29
-7.09,1.14,-2.47,0,0,1,29
-6.17,0.85,-1.46,0,0,1,29
-8.5,1.33,-3.43,0,0,1,29
-9.46,1.31,-4.61,0,0,1,29
-9.6,0.22,-4.32,0,0,1,29
-7.88,-0.23,-4.1,0,0,1,29
-7.21,1.31,-3.88,0,0,1,29
-7.76,3.42,-5.61,0,0,1,29
-8.31,3.81,-5.76,0,0,1,29
-8.2,3.34,-6.04,0,0,1,29
-7.75,2.37,-6.61,0,0,1,29
-8.06,1.33,-6.2,0,0,1,29
-7.95,0.54,-5.72,0,0,1,29
-7.72,0.82,-5.87,0,0,1,29
-7.85,1.26,-6.17,0,0,1,29
-8.11,1.97,-6.34,0,0,1,29
-8.09,2.65,-6.17,0,0,1,29
-7.5,2.98,-5.65,0,0,1,29
-7.29,3.29,-5.11,0,0,1,29
-7.35,4.04,-5.15,0,0,1,29
-6.77,-0.11,-3.57,0,0,1,30
-6.56,1.3,-3.38,0,0,1,30
-7.3,1.75,-3.2,0,0,1,30
-8.72,1.75,-4.03,0,0,1,30
-9.48,1.7,-5.2,0,0,1,30
-9.79,1.27,-5.53,0,0,1,30
-9.77,1.43,-5.05,0,0,1,30
-8.91,1.62,-4.6,0,0,1,30
-10.21,3.5,-5.31,0,0,1,30
-9.36,2.41,-5.75,0,0,1,30
-8.94,1.83,-5.31,0,0,1,30
-9.09,1.95,-5.08,0,0,1,30
-8.75,1.85,-4.7,0,0,1,30
-8.8,1.7,-4.61,0,0,1,30
-8.62,1.84,-4.62,0,0,1,30
-8.16,2.09,-4.19,0,0,1,30
-7.62,2.3,-3.57,0,0,1,30
-7.6,2.38,-3.3,0,0,1,30
-7.93,2.76,-3.51,0,0,1,30
-7.93,3.42,-3.83,0,0,1,30
-7.91,3.61,-3.8,0,0,1,30
-7.78,3.38,-3.16,0,0,1,30
-7.47,2.69,-2.66,0,0,1,30
-7.38,1.84,-2.96,0,0,1,30
-7.71,1.2,-3.83,0,0,1,30
-8.49,0.94,-4.3,0,0,1,30
-8.78,1.83,-5.01,0,0,1,30
-11.02,3.21,-5.91,0,0,1,30
-12.06,4.36,-7.76,0,0,1,30
-9.42,2.88,-6.26,0,0,1,30
-7.09,1.14,-2.47,0,0,1,30
-6.17,0.85,-1.46,0,0,1,30
-8.5,1.33,-3.43,0,0,1,30
-9.46,1.31,-4.61,0,0,1,30
-9.6,0.22,-4.32,0,0,1,30
-7.88,-0.23,-4.1,0,0,1,30
-7.21,1.31,-3.88,0,0,1,30
-7.76,3.42,-5.61,0,0,1,30
-8.31,3.81,-5.76,0,0,1,30
-8.2,3.34,-6.04,0,0,1,30
-7.75,2.37,-6.61,0,0,1,30
-8.06,1.33,-6.2,0,0,1,30
-7.95,0.54,-5.72,0,0,1,30
-7.72,0.82,-5.87,0,0,1,30
-7.85,1.26,-6.17,0,0,1,30
-8.11,1.97,-6.34,0,0,1,30
-8.09,2.65,-6.17,0,0,1,30
-7.5,2.98,-5.65,0,0,1,30
-7.29,3.29,-5.11,0,0,1,30
-7.35,4.04,-5.15,0,0,1,30
-7.65,4.56,-5.42,0,0,1,30
-7.98,4.72,-5.52,0,0,1,30
-8.27,4.47,-5.8,0,0,1,30
-8.06,4.11,-5.58,0,0,1,30
-8.04,3.34,-5.45,0,0,1,30
-8.02,2.64,-5.27,0,0,1,30
-7.63,2.29,-5.38,0,0,1,30
-7.31,2.54,-5.48,0,0,1,30
-7.42,3.01,-5.37,0,0,1,30
-7.51,3.61,-5.4,0,0,1,30
-7.52,4.05,-5.32,0,0,1,30
-7.85,4.15,-5.28,0,0,1,30
-7.72,4.15,-4.79,0,0,1,30
-7.66,3.84,-4.47,0,0,1,30
-7.77,3.91,-4.01,0,0,1,30
-7.69,3.71,-4.29,0,0,1,30
-7.48,3.86,-4.31,0,0,1,30
-7.41,4.27,-4.35,0,0,1,30
-7.36,4.65,-4.39,0,0,1,30
-7.36,4.16,-5.12,0,0,1,30
-9.7,2.82,-4.48,0,0,1,30
-8.77,2.76,-1.44,0,0,1,30
-8.38,3.85,-1.63,0,0,1,30
-9.47,2.68,-4.23,0,0,1,30
-10.36,0.3,-6.94,0,0,1,30
-10.25,-1.7,-8.1,0,0,1,30
-10.03,-1.18,-7.51,0,0,1,30
-9.4,-0.07,-5.51,0,0,1,30
-8.19,0.09,-3.33,0,0,1,30
-7.07,0.22,-3.15,0,0,1,30
-7.01,1.34,-3.3,0,0,1,30
-7.67,2.21,-3.36,0,0,1,30
-9.11,2.7,-4.03,0,0,1,30
-10.1,2.97,-4.96,0,0,1,30
-10.15,2.84,-5.35,0,0,1,30
-8.83,2.65,-4.5,0,0,1,30
-7.54,3.02,-3.26,0,0,1,30
-6.98,3.28,-2.69,0,0,1,30
-7.32,3.24,-2.84,0,0,1,30
-7.89,3.33,-3.39,0,0,1,30
-8.32,3.52,-3.44,0,0,1,30
-8.15,3.32,-3.38,0,0,1,30
-7.78,3.04,-3.22,0,0,1,30
-7.65,3.23,-3.3,0,0,1,30
-7.71,3.51,-3.67,0,0,1,30
-7.32,3.56,-3.96,0,0,1,30
-7.53,3.51,-3.88,0,0,1,30
-7.94,3.77,-3.96,0,0,1,30
-7.7,3.65,-4.31,0,0,1,30
-7.63,3.73,-3.65,0,0,1,30
-7.65,4.56,-5.42,0,0,1,31
-7.98,4.72,-5.52,0,0,1,31
-8.27,4.47,-5.8,0,0,1,31
-8.06,4.11,-5.58,0,0,1,31
-8.04,3.34,-5.45,0,0,1,31
-8.02,2.64,-5.27,0,0,1,31
-7.63,2.29,-5.38,0,0,1,31
-7.31,2.54,-5.48,0,0,1,31
-7.42,3.01,-5.37,0,0,1,31
-7.51,3.61,-5.4,0,0,1,31
-7.52,4.05,-5.32,0,0,1,31
-7.85,4.15,-5.28,0,0,1,31
-7.72,4.15,-4.79,0,0,1,31
-7.66,3.84,-4.47,0,0,1,31
-7.77,3.91,-4.01,0,0,1,31
-7.69,3.71,-4.29,0,0,1,31
-7.48,3.86,-4.31,0,0,1,31
-7.41,4.27,-4.35,0,0,1,31
-7.36,4.65,-4.39,0,0,1,31
-7.36,4.16,-5.12,0,0,1,31
-9.7,2.82,-4.48,0,0,1,31
-8.77,2.76,-1.44,0,0,1,31
-8.38,3.85,-1.63,0,0,1,31
-9.47,2.68,-4.23,0,0,1,31
-10.36,0.3,-6.94,0,0,1,31
-10.25,-1.7,-8.1,0,0,1,31
-10.03,-1.18,-7.51,0,0,1,31
-9.4,-0.07,-5.51,0,0,1,31
-8.19,0.09,-3.33,0,0,1,31
-7.07,0.22,-3.15,0,0,1,31
-7.01,1.34,-3.3,0,0,1,31
-7.67,2.21,-3.36,0,0,1,31
-9.11,2.7,-4.03,0,0,1,31
-10.1,2.97,-4.96,0,0,1,31
-10.15,2.84,-5.35,0,0,1,31
-8.83,2.65,-4.5,0,0,1,31
-7.54,3.02,-3.26,0,0,1,31
-6.98,3.28,-2.69,0,0,1,31
-7.32,3.24,-2.84,0,0,1,31
-7.89,3.33,-3.39,0,0,1,31
-8.32,3.52,-3.44,0,0,1,31
-8.15,3.32,-3.38,0,0,1,31
-7.78,3.04,-3.22,0,0,1,31
-7.65,3.23,-3.3,0,0,1,31
-7.71,3.51,-3.67,0,0,1,31
-7.32,3.56,-3.96,0,0,1,31
-7.53,3.51,-3.88,0,0,1,31
-7.94,3.77,-3.96,0,0,1,31
-7.7,3.65,-4.31,0,0,1,31
-7.63,3.73,-3.65,0,0,1,31
-7.85,4.06,-2.8,0,0,1,31
-12.43,2.6,-3.33,0,0,1,31
-13.62,1.86,-7.44,0,0,1,31
-11.4,1.61,-8.44,0,0,1,31
-8.83,0.65,-5.36,0,0,1,31
-7.94,0.3,-2.46,0,0,1,31
-8.49,2.15,-1.97,0,0,1,31
-9.28,3.37,-2.4,0,0,1,31
-9.85,2.0,-4.12,0,0,1,31
-8.76,0.15,-5.58,0,0,1,31
-8.16,-1.28,-6.03,0,0,1,31
-7.65,-1.1,-5.57,0,0,1,31
-7.25,-1.04,-4.93,0,0,1,31
-7.52,-1.23,-4.98,0,0,1,31
-7.63,-0.27,-4.62,0,0,1,31
-7.62,1.83,-4.51,0,0,1,31
-8.07,3.35,-5.45,0,0,1,31
-9.1,2.95,-6.57,0,0,1,31
-9.07,2.26,-6.58,0,0,1,31
-8.51,1.44,-5.38,0,0,1,31
-8.0,1.04,-4.46,0,0,1,31
-7.96,0.91,-4.28,0,0,1,31
-8.28,1.03,-4.72,0,0,1,31
-8.49,1.35,-5.24,0,0,1,31
-8.7,1.43,-5.43,0,0,1,31
-8.59,1.29,-5.34,0,0,1,31
-8.23,1.28,-4.72,0,0,1,31
-8.1,1.18,-4.45,0,0,1,31
-8.45,1.42,-4.83,0,0,1,31
-8.77,1.56,-5.17,0,0,1,31
-8.53,1.43,-5.01,0,0,1,31
-8.47,1.39,-4.63,0,0,1,31
-8.54,1.3,-4.36,0,0,1,31
-8.65,0.85,-4.55,0,0,1,31
-8.5,-0.06,-4.72,0,0,1,31
-8.35,-0.73,-4.72,0,0,1,31
-8.43,-0.85,-5.11,0,0,1,31
-8.75,-0.97,-5.07,0,0,1,31
-8.76,-0.92,-4.51,0,0,1,31
-8.39,-0.96,-4.35,0,0,1,31
-8.84,-1.27,-4.78,0,0,1,31
-9.41,-2.67,-5.65,0,0,1,31
-10.34,-3.53,-4.93,0,0,1,31
-8.65,-2.3,-2.8,0,0,1,31
-8.35,-0.56,-2.46,0,0,1,31
-8.55,-0.03,-3.73,0,0,1,31
-9.55,-1.7,-4.73,0,0,1,31
-9.02,-3.33,-4.19,0,0,1,31
-7.8,-2.84,-2.65,0,0,1,31
-8.81,-0.92,-1.87,0,0,1,31
-7.85,4.06,-2.8,0,0,1,32
-12.43,2.6,-3.33,0,0,1,32
-13.62,1.86,-7.44,0,0,1,32
-11.4,1.61,-8.44,0,0,1,32
-8.83,0.65,-5.36,0,0,1,32
-7.94,0.3,-2.46,0,0,1,32
-8.49,2.15,-1.97,0,0,1,32
-9.28,3.37,-2.4,0,0,1,32
-9.85,2.0,-4.12,0,0,1,32
-8.76,0.15,-5.58,0,0,1,32
-8.16,-1.28,-6.03,0,0,1,32
-7.65,-1.1,-5.57,0,0,1,32
-7.25,-1.04,-4.93,0,0,1,32
-7.52,-1.23,-4.98,0,0,1,32
-7.63,-0.27,-4.62,0,0,1,32
-7.62,1.83,-4.51,0,0,1,32
-8.07,3.35,-5.45,0,0,1,32
-9.1,2.95,-6.57,0,0,1,32
-9.07,2.26,-6.58,0,0,1,32
-8.51,1.44,-5.38,0,0,1,32
-8.0,1.04,-4.46,0,0,1,32
-7.96,0.91,-4.28,0,0,1,32
-8.28,1.03,-4.72,0,0,1,32
-8.49,1.35,-5.24,0,0,1,32
-8.7,1.43,-5.43,0,0,1,32
-8.59,1.29,-5.34,0,0,1,32
-8.23,1.28,-4.72,0,0,1,32
-8.1,1.18,-4.45,0,0,1,32
-8.45,1.42,-4.83,0,0,1,32
-8.77,1.56,-5.17,0,0,1,32
-8.53,1.43,-5.01,0,0,1,32
-8.47,1.39,-4.63,0,0,1,32
-8.54,1.3,-4.36,0,0,1,32
-8.65,0.85,-4.55,0,0,1,32
-8.5,-0.06,-4.72,0,0,1,32
-8.35,-0.73,-4.72,0,0,1,32
-8.43,-0.85,-5.11,0,0,1,32
-8.75,-0.97,-5.07,0,0,1,32
-8.76,-0.92,-4.51,0,0,1,32
-8.39,-0.96,-4.35,0,0,1,32
-8.84,-1.27,-4.78,0,0,1,32
-9.41,-2.67,-5.65,0,0,1,32
-10.34,-3.53,-4.93,0,0,1,32
-8.65,-2.3,-2.8,0,0,1,32
-8.35,-0.56,-2.46,0,0,1,32
-8.55,-0.03,-3.73,0,0,1,32
-9.55,-1.7,-4.73,0,0,1,32
-9.02,-3.33,-4.19,0,0,1,32
-7.8,-2.84,-2.65,0,0,1,32
-8.81,-0.92,-1.87,0,0,1,32
-9.56,1.05,-2.19,0,0,1,32
-9.6,0.81,-2.45,0,0,1,32
-9.17,-1.03,-1.96,0,0,1,32
-8.14,-2.71,-2.01,0,0,1,32
-9.27,-3.48,-2.56,0,0,1,32
-10.38,-3.28,-4.08,0,0,1,32
-10.11,-3.08,-3.73,0,0,1,32
-8.86,-3.04,-2.34,0,0,1,32
-8.33,-2.68,-1.65,0,0,1,32
-8.98,-2.78,-1.76,0,0,1,32
-9.47,-3.23,-2.38,0,0,1,32
-8.87,-4.39,-2.64,0,0,1,32
-8.32,-5.1,-2.49,0,0,1,32
-7.83,-5.09,-2.54,0,0,1,32
-7.24,-4.47,-0.81,0,0,1,32
-9.04,-3.54,-1.69,0,0,1,32
-9.29,-3.21,-1.17,0,0,1,32
-9.17,-3.68,-1.16,0,0,1,32
-8.68,-4.68,-1.09,0,0,1,32
-7.84,-4.55,-0.74,0,0,1,32
-8.03,-4.6,-0.59,0,0,1,32
-7.77,-4.58,-0.34,0,0,1,32
-7.63,-4.99,-0.52,0,0,1,32
-7.16,-5.22,-0.21,0,0,1,32
-7.36,-5.43,-0.1,0,0,1,32
-7.14,-5.65,-0.1,0,0,1,32
-6.77,-5.61,0.44,0,0,1,32
-6.97,-5.68,0.64,0,0,1,32
-6.93,-6.05,0.4,0,0,1,32
-6.68,-6.26,0.18,0,0,1,32
-6.68,-6.46,0.59,0,0,1,32
-6.76,-6.39,0.39,0,0,1,32
-6.24,-6.24,0.71,0,0,1,32
-5.91,-5.96,1.51,0,0,1,32
-5.93,-5.87,1.62,0,0,1,32
-6.11,-5.69,1.36,0,0,1,32
-6.71,-5.66,1.29,0,0,1,32
-6.79,-5.86,1.45,0,0,1,32
-6.83,-6.64,1.55,0,0,1,32
-6.35,-6.97,1.67,0,0,1,32
-6.21,-7.21,2.06,0,0,1,32
-6.2,-7.46,2.41,0,0,1,32
-6.47,-7.22,2.24,0,0,1,32
-6.84,-6.9,1.9,0,0,1,32
-6.87,-6.81,2.43,0,0,1,32
-6.14,-6.97,2.74,0,0,1,32
-6.16,-7.45,2.55,0,0,1,32
-6.59,-7.57,2.21,0,0,1,32
-6.92,-7.32,2.16,0,0,1,32
-6.85,-7.33,2.27,0,0,1,32
-9.56,1.05,-2.19,0,0,1,33
-9.6,0.81,-2.45,0,0,1,33
-9.17,-1.03,-1.96,0,0,1,33
-8.14,-2.71,-2.01,0,0,1,33
-9.27,-3.48,-2.56,0,0,1,33
-10.38,-3.28,-4.08,0,0,1,33
-10.11,-3.08,-3.73,0,0,1,33
-8.86,-3.04,-2.34,0,0,1,33
-8.33,-2.68,-1.65,0,0,1,33
-8.98,-2.78,-1.76,0,0,1,33
-9.47,-3.23,-2.38,0,0,1,33
-8.87,-4.39,-2.64,0,0,1,33
-8.32,-5.1,-2.49,0,0,1,33
-7.83,-5.09,-2.54,0,0,1,33
-7.24,-4.47,-0.81,0,0,1,33
-9.04,-3.54,-1.69,0,0,1,33
-9.29,-3.21,-1.17,0,0,1,33
-9.17,-3.68,-1.16,0,0,1,33
-8.68,-4.68,-1.09,0,0,1,33
-7.84,-4.55,-0.74,0,0,1,33
-8.03,-4.6,-0.59,0,0,1,33
-7.77,-4.58,-0.34,0,0,1,33
-7.63,-4.99,-0.52,0,0,1,33
-7.16,-5.22,-0.21,0,0,1,33
-7.36,-5.43,-0.1,0,0,1,33
-7.14,-5.65,-0.1,0,0,1,33
-6.77,-5.61,0.44,0,0,1,33
-6.97,-5.68,0.64,0,0,1,33
-6.93,-6.05,0.4,0,0,1,33
-6.68,-6.26,0.18,0,0,1,33
-6.68,-6.46,0.59,0,0,1,33
-6.76,-6.39,0.39,0,0,1,33
-6.24,-6.24,0.71,0,0,1,33
-5.91,-5.96,1.51,0,0,1,33
-5.93,-5.87,1.62,0,0,1,33
-6.11,-5.69,1.36,0,0,1,33
-6.71,-5.66,1.29,0,0,1,33
-6.79,-5.86,1.45,0,0,1,33
-6.83,-6.64,1.55,0,0,1,33
-6.35,-6.97,1.67,0,0,1,33
-6.21,-7.21,2.06,0,0,1,33
-6.2,-7.46,2.41,0,0,1,33
-6.47,-7.22,2.24,0,0,1,33
-6.84,-6.9,1.9,0,0,1,33
-6.87,-6.81,2.43,0,0,1,33
-6.14,-6.97,2.74,0,0,1,33
-6.16,-7.45,2.55,0,0,1,33
-6.59,-7.57,2.21,0,0,1,33
-6.92,-7.32,2.16,0,0,1,33
-6.85,-7.33,2.27,0,0,1,33
-6.3,-7.72,2.82,0,0,1,33
-6.4,-7.81,2.58,0,0,1,33
-6.67,-7.28,2.09,0,0,1,33
-6.79,-7.25,2.02,0,0,1,33
-6.52,-7.63,1.86,0,0,1,33
-6.26,-7.69,2.08,0,0,1,33
-6.39,-7.46,2.26,0,0,1,33
-6.76,-7.3,1.79,0,0,1,33
-6.72,-7.33,1.68,0,0,1,33
-6.41,-7.29,2.15,0,0,1,33
-6.46,-6.94,1.9,0,0,1,33
-6.66,-6.6,1.44,0,0,1,33
-6.75,-6.5,1.62,0,0,1,33
-6.56,-6.55,1.87,0,0,1,33
-6.85,-6.91,1.7,0,0,1,33
-6.84,-6.66,1.28,0,0,1,33
-6.86,-6.57,1.33,0,0,1,33
-6.77,-6.43,1.21,0,0,1,33
-6.98,-6.31,1.14,0,0,1,33
-6.99,-6.41,0.89,0,0,1,33
-7.21,-5.99,0.52,0,0,1,33
-6.97,-5.89,0.96,0,0,1,33
-6.73,-5.75,1.08,0,0,1,33
-7.0,-5.59,1.02,0,0,1,33
-6.96,-5.48,0.55,0,0,1,33
-7.55,-4.82,0.38,0,0,1,33
-8.0,-4.39,0.48,0,0,1,33
-8.2,-4.63,0.3,0,0,1,33
-7.9,-4.62,-0.45,0,0,1,33
-8.43,-4.46,-0.13,0,0,1,33
-8.4,-4.27,-0.2,0,0,1,33
-8.34,-3.95,-0.32,0,0,1,33
-8.72,-3.6,-0.17,0,0,1,33
-8.6,-3.26,-0.66,0,0,1,33
-8.54,-3.53,-0.41,0,0,1,33
-8.53,-3.46,-0.87,0,0,1,33
-8.67,-3.3,-0.9,0,0,1,33
-8.55,-2.54,-0.27,0,0,1,33
-8.7,-1.71,-0.3,0,0,1,33
-9.27,-0.97,-1.71,0,0,1,33
-9.76,-0.73,-2.01,0,0,1,33
-9.32,-0.69,-1.68,0,0,1,33
-8.71,-0.43,-1.18,0,0,1,33
-8.35,-0.23,-1.18,0,0,1,33
-8.69,0.19,-1.97,0,0,1,33
-9.38,0.81,-2.29,0,0,1,33
-9.27,1.09,-2.16,0,0,1,33
-9.23,1.66,-2.44,0,0,1,33
-9.2,1.55,-2.69,0,0,1,33
-9.41,1.32,-3.06,0,0,1,33
-6.3,-7.72,2.82,0,0,1,34
-6.4,-7.81,2.58,0,0,1,34
-6.67,-7.28,2.09,0,0,1,34
-6.79,-7.25,2.02,0,0,1,34
-6.52,-7.63,1.86,0,0,1,34
-6.26,-7.69,2.08,0,0,1,34
-6.39,-7.46,2.26,0,0,1,34
-6.76,-7.3,1.79,0,0,1,34
-6.72,-7.33,1.68,0,0,1,34
-6.41,-7.29,2.15,0,0,1,34
-6.46,-6.94,1.9,0,0,1,34
-6.66,-6.6,1.44,0,0,1,34
-6.75,-6.5,1.62,0,0,1,34
-6.56,-6.55,1.87,0,0,1,34
-6.85,-6.91,1.7,0,0,1,34
-6.84,-6.66,1.28,0,0,1,34
-6.86,-6.57,1.33,0,0,1,34
-6.77,-6.43,1.21,0,0,1,34
-6.98,-6.31,1.14,0,0,1,34
-6.99,-6.41,0.89,0,0,1,34
-7.21,-5.99,0.52,0,0,1,34
-6.97,-5.89,0.96,0,0,1,34
-6.73,-5.75,1.08,0,0,1,34
-7.0,-5.59,1.02,0,0,1,34
-6.96,-5.48,0.55,0,0,1,34
-7.55,-4.82,0.38,0,0,1,34
-8.0,-4.39,0.48,0,0,1,34
-8.2,-4.63,0.3,0,0,1,34
-7.9,-4.62,-0.45,0,0,1,34
-8.43,-4.46,-0.13,0,0,1,34
-8.4,-4.27,-0.2,0,0,1,34
-8.34,-3.95,-0.32,0,0,1,34
-8.72,-3.6,-0.17,0,0,1,34
-8.6,-3.26,-0.66,0,0,1,34
-8.54,-3.53,-0.41,0,0,1,34
-8.53,-3.46,-0.87,0,0,1,34
-8.67,-3.3,-0.9,0,0,1,34
-8.55,-2.54,-0.27,0,0,1,34
-8.7,-1.71,-0.3,0,0,1,34
-9.27,-0.97,-1.71,0,0,1,34
-9.76,-0.73,-2.01,0,0,1,34
-9.32,-0.69,-1.68,0,0,1,34
-8.71,-0.43,-1.18,0,0,1,34
-8.35,-0.23,-1.18,0,0,1,34
-8.69,0.19,-1.97,0,0,1,34
-9.38,0.81,-2.29,0,0,1,34
-9.27,1.09,-2.16,0,0,1,34
-9.23,1.66,-2.44,0,0,1,34
-9.2,1.55,-2.69,0,0,1,34
-9.41,1.32,-3.06,0,0,1,34
-9.47,1.9,-3.16,0,0,1,34
-9.51,2.38,-3.37,0,0,1,34
-9.22,2.28,-3.29,0,0,1,34
-9.23,2.07,-3.81,0,0,1,34
-9.38,1.49,-4.55,0,0,1,34
-8.44,1.28,-4.21,0,0,1,34
-7.49,1.62,-3.66,0,0,1,34
-13.16,-2.05,-7.27,0,0,1,34
-17.38,-2.27,-10.3,0,0,1,34
-12.84,-3.65,-8.82,0,0,1,34
-9.41,-3.6,-3.65,0,0,1,34
-8.33,-1.18,-3.07,0,0,1,34
-7.44,2.05,-2.66,0,0,1,34
-6.34,2.45,-1.0,0,0,1,34
-6.19,1.38,-1.22,0,0,1,34
-7.96,-0.42,-3.89,0,0,1,34
-9.44,-1.79,-6.93,0,0,1,34
-9.93,-1.83,-7.73,0,0,1,34
-9.27,-0.98,-5.87,0,0,1,34
-8.1,-0.17,-3.69,0,0,1,34
-7.49,0.57,-3.26,0,0,1,34
-7.41,0.08,-4.21,0,0,1,34
-8.06,-0.4,-5.63,0,0,1,34
-8.56,-0.9,-6.46,0,0,1,34
-8.28,-0.25,-6.02,0,0,1,34
-7.94,1.31,-4.97,0,0,1,34
-8.02,2.45,-4.05,0,0,1,34
-8.26,2.38,-4.28,0,0,1,34
-8.51,1.54,-5.31,0,0,1,34
-8.83,1.39,-5.71,0,0,1,34
-8.63,1.68,-5.39,0,0,1,34
-8.27,2.18,-4.95,0,0,1,34
-8.15,2.3,-5.04,0,0,1,34
-8.2,1.8,-5.14,0,0,1,34
-7.93,1.74,-5.29,0,0,1,34
-7.2,1.69,-5.19,0,0,1,34
-7.0,1.73,-4.73,0,0,1,34
-6.82,2.9,-4.59,0,0,1,34
-6.8,3.7,-5.08,0,0,1,34
-7.97,3.99,-5.71,0,0,1,34
-8.92,3.81,-5.37,0,0,1,34
-10.25,1.96,-2.71,0,0,1,34
-8.57,1.48,-1.02,0,0,1,34
-7.32,1.03,-2.98,0,0,1,34
-7.96,-0.51,-6.49,0,0,1,34
-9.02,-1.63,-7.45,0,0,1,34
-9.7,-0.78,-6.51,0,0,1,34
-10.41,2.0,-5.88,0,0,1,34
-11.48,3.64,-5.6,0,0,1,34
-11.41,2.32,-5.75,0,0,1,34
-9.47,1.9,-3.16,0,0,1,35
-9.51,2.38,-3.37,0,0,1,35
-9.22,2.28,-3.29,0,0,1,35
-9.23,2.07,-3.81,0,0,1,35
-9.38,1.49,-4.55,0,0,1,35
-8.44,1.28,-4.21,0,0,1,35
-7.49,1.62,-3.66,0,0,1,35
-13.16,-2.05,-7.27,0,0,1,35
-17.38,-2.27,-10.3,0,0,1,35
-12.84,-3.65,-8.82,0,0,1,35
-9.41,-3.6,-3.65,0,0,1,35
-8.33,-1.18,-3.07,0,0,1,35
-7.44,2.05,-2.66,0,0,1,35
-6.34,2.45,-1.0,0,0,1,35
-6.19,1.38,-1.22,0,0,1,35
-7.96,-0.42,-3.89,0,0,1,35
-9.44,-1.79,-6.93,0,0,1,35
-9.93,-1.83,-7.73,0,0,1,35
-9.27,-0.98,-5.87,0,0,1,35
-8.1,-0.17,-3.69,0,0,1,35
-7.49,0.57,-3.26,0,0,1,35
-7.41,0.08,-4.21,0,0,1,35
-8.06,-0.4,-5.63,0,0,1,35
-8.56,-0.9,-6.46,0,0,1,35
-8.28,-0.25,-6.02,0,0,1,35
-7.94,1.31,-4.97,0,0,1,35
-8.02,2.45,-4.05,0,0,1,35
-8.26,2.38,-4.28,0,0,1,35
-8.51,1.54,-5.31,0,0,1,35
-8.83,1.39,-5.71,0,0,1,35
-8.63,1.68,-5.39,0,0,1,35
-8.27,2.18,-4.95,0,0,1,35
-8.15,2.3,-5.04,0,0,1,35
-8.2,1.8,-5.14,0,0,1,35
-7.93,1.74,-5.29,0,0,1,35
-7.2,1.69,-5.19,0,0,1,35
-7.0,1.73,-4.73,0,0,1,35
-6.82,2.9,-4.59,0,0,1,35
-6.8,3.7,-5.08,0,0,1,35
-7.97,3.99,-5.71,0,0,1,35
-8.92,3.81,-5.37,0,0,1,35
-10.25,1.96,-2.71,0,0,1,35
-8.57,1.48,-1.02,0,0,1,35
-7.32,1.03,-2.98,0,0,1,35
-7.96,-0.51,-6.49,0,0,1,35
-9.02,-1.63,-7.45,0,0,1,35
-9.7,-0.78,-6.51,0,0,1,35
-10.41,2.0,-5.88,0,0,1,35
-11.48,3.64,-5.6,0,0,1,35
-11.41,2.32,-5.75,0,0,1,35
-9.96,0.01,-5.44,0,0,1,35
-9.0,0.03,-4.77,0,0,1,35
-7.61,1.02,-3.64,0,0,1,35
-6.75,1.47,-3.0,0,0,1,35
-6.57,1.61,-2.55,0,0,1,35
-7.29,1.06,-2.2,0,0,1,35
-8.25,0.74,-2.44,0,0,1,35
-8.94,1.2,-3.15,0,0,1,35
-9.32,2.77,-4.24,0,0,1,35
-10.05,3.9,-4.88,0,0,1,35
-10.41,4.85,-5.07,0,0,1,35
-9.81,4.57,-4.96,0,0,1,35
-8.6,3.33,-3.88,0,0,1,35
-7.57,2.32,-2.93,0,0,1,35
-7.12,1.91,-2.69,0,0,1,35
-7.07,2.24,-2.97,0,0,1,35
-7.76,2.7,-3.22,0,0,1,35
-7.61,3.04,-3.57,0,0,1,35
-7.34,3.08,-3.52,0,0,1,35
-7.73,3.33,-3.55,0,0,1,35
-7.19,3.51,-3.7,0,0,1,35
-7.4,3.94,-3.62,0,0,1,35
-7.72,3.85,-3.66,0,0,1,35
-8.43,3.38,-4.01,0,0,1,35
-9.13,3.68,-4.86,0,0,1,35
-11.16,3.6,-6.22,0,0,1,35
-11.98,3.87,-8.04,0,0,1,35
-11.63,3.4,-7.18,0,0,1,35
-9.24,2.76,-5.16,0,0,1,35
-8.41,2.34,-2.98,0,0,1,35
-6.97,1.0,-1.73,0,0,1,35
-6.7,-0.47,-1.77,0,0,1,35
-7.2,-1.49,-2.28,0,0,1,35
-8.57,-1.05,-3.48,0,0,1,35
-9.82,0.02,-4.95,0,0,1,35
-9.97,0.79,-6.17,0,0,1,35
-9.09,0.86,-6.06,0,0,1,35
-8.08,0.78,-4.73,0,0,1,35
-7.64,0.3,-3.86,0,0,1,35
-7.4,-0.07,-3.96,0,0,1,35
-8.02,0.23,-5.03,0,0,1,35
-8.82,1.23,-5.83,0,0,1,35
-8.83,2.21,-5.68,0,0,1,35
-8.15,2.63,-5.24,0,0,1,35
-8.01,2.04,-4.96,0,0,1,35
-8.03,1.56,-5.08,0,0,1,35
-7.9,1.25,-5.25,0,0,1,35
-7.98,1.31,-5.25,0,0,1,35
-8.14,1.48,-5.25,0,0,1,35
-8.03,1.95,-5.22,0,0,1,35
-9.96,0.01,-5.44,0,0,1,36
-9.0,0.03,-4.77,0,0,1,36
-7.61,1.02,-3.64,0,0,1,36
-6.75,1.47,-3.0,0,0,1,36
-6.57,1.61,-2.55,0,0,1,36
-7.29,1.06,-2.2,0,0,1,36
-8.25,0.74,-2.44,0,0,1,36
-8.94,1.2,-3.15,0,0,1,36
-9.32,2.77,-4.24,0,0,1,36
-10.05,3.9,-4.88,0,0,1,36
-10.41,4.85,-5.07,0,0,1,36
-9.81,4.57,-4.96,0,0,1,36
-8.6,3.33,-3.88,0,0,1,36
-7.57,2.32,-2.93,0,0,1,36
-7.12,1.91,-2.69,0,0,1,36
-7.07,2.24,-2.97,0,0,1,36
-7.76,2.7,-3.22,0,0,1,36
-7.61,3.04,-3.57,0,0,1,36
-7.34,3.08,-3.52,0,0,1,36
-7.73,3.33,-3.55,0,0,1,36
-7.19,3.51,-3.7,0,0,1,36
-7.4,3.94,-3.62,0,0,1,36
-7.72,3.85,-3.66,0,0,1,36
-8.43,3.38,-4.01,0,0,1,36
-9.13,3.68,-4.86,0,0,1,36
-11.16,3.6,-6.22,0,0,1,36
-11.98,3.87,-8.04,0,0,1,36
-11.63,3.4,-7.18,0,0,1,36
-9.24,2.76,-5.16,0,0,1,36
-8.41,2.34,-2.98,0,0,1,36
-6.97,1.0,-1.73,0,0,1,36
-6.7,-0.47,-1.77,0,0,1,36
-7.2,-1.49,-2.28,0,0,1,36
-8.57,-1.05,-3.48,0,0,1,36
-9.82,0.02,-4.95,0,0,1,36
-9.97,0.79,-6.17,0,0,1,36
-9.09,0.86,-6.06,0,0,1,36
-8.08,0.78,-4.73,0,0,1,36
-7.64,0.3,-3.86,0,0,1,36
-7.4,-0.07,-3.96,0,0,1,36
-8.02,0.23,-5.03,0,0,1,36
-8.82,1.23,-5.83,0,0,1,36
-8.83,2.21,-5.68,0,0,1,36
-8.15,2.63,-5.24,0,0,1,36
-8.01,2.04,-4.96,0,0,1,36
-8.03,1.56,-5.08,0,0,1,36
-7.9,1.25,-5.25,0,0,1,36
-7.98,1.31,-5.25,0,0,1,36
-8.14,1.48,-5.25,0,0,1,36
-8.03,1.95,-5.22,0,0,1,36
-8.01,2.09,-5.56,0,0,1,36
-8.09,2.32,-5.73,0,0,1,36
-8.24,2.54,-5.65,0,0,1,36
-8.12,2.6,-5.14,0,0,1,36
-7.63,2.2,-5.12,0,0,1,36
-7.63,1.77,-5.25,0,0,1,36
-7.8,1.31,-5.67,0,0,1,36
-8.01,1.16,-5.95,0,0,1,36
-7.91,1.35,-5.74,0,0,1,36
-7.67,1.51,-5.33,0,0,1,36
-7.69,1.72,-5.16,0,0,1,36
-7.59,2.11,-5.13,0,0,1,36
-7.55,2.28,-5.49,0,0,1,36
-7.65,1.87,-6.12,0,0,1,36
-7.49,1.18,-6.99,0,0,1,36
-7.67,0.9,-7.16,0,0,1,36
-8.51,0.99,-5.56,0,0,1,36
-9.09,2.27,-3.52,0,0,1,36
-9.63,3.94,-3.8,0,0,1,36
-10.5,2.56,-6.84,0,0,1,36
-10.66,0.08,-8.26,0,0,1,36
-9.92,-1.25,-8.4,0,0,1,36
-9.08,-1.08,-6.35,0,0,1,36
-6.82,0.7,-3.7,0,0,1,36
-5.6,1.89,-2.06,0,0,1,36
-5.76,1.87,-1.41,0,0,1,36
-6.96,0.01,-1.84,0,0,1,36
-8.26,-2.16,-3.13,0,0,1,36
-8.87,-2.72,-4.1,0,0,1,36
-9.92,-0.79,-4.89,0,0,1,36
-10.88,3.33,-5.45,0,0,1,36
-11.33,5.95,-5.86,0,0,1,36
-10.42,6.13,-5.85,0,0,1,36
-8.81,4.18,-5.07,0,0,1,36
-7.72,1.8,-3.71,0,0,1,36
-7.75,0.76,-3.48,0,0,1,36
-8.4,1.2,-4.41,0,0,1,36
-8.31,1.57,-4.99,0,0,1,36
-8.28,0.91,-4.56,0,0,1,36
-7.77,0.08,-3.94,0,0,1,36
-6.57,0.18,-4.26,0,0,1,36
-8.49,0.34,-4.99,0,0,1,36
-7.71,2.56,-4.44,0,0,1,36
-7.86,2.83,-3.88,0,0,1,36
-7.7,3.07,-4.09,0,0,1,36
-8.0,3.41,-4.61,0,0,1,36
-7.66,3.55,-3.81,0,0,1,36
-7.08,3.0,-3.32,0,0,1,36
-7.39,2.47,-3.64,0,0,1,36
-8.02,3.28,-4.11,0,0,1,36
-8.01,2.09,-5.56,0,0,1,37
-8.09,2.32,-5.73,0,0,1,37
-8.24,2.54,-5.65,0,0,1,37
-8.12,2.6,-5.14,0,0,1,37
-7.63,2.2,-5.12,0,0,1,37
-7.63,1.77,-5.25,0,0,1,37
-7.8,1.31,-5.67,0,0,1,37
-8.01,1.16,-5.95,0,0,1,37
-7.91,1.35,-5.74,0,0,1,37
-7.67,1.51,-5.33,0,0,1,37
-7.69,1.72,-5.16,0,0,1,37
-7.59,2.11,-5.13,0,0,1,37
-7.55,2.28,-5.49,0,0,1,37
-7.65,1.87,-6.12,0,0,1,37
-7.49,1.18,-6.99,0,0,1,37
-7.67,0.9,-7.16,0,0,1,37
-8.51,0.99,-5.56,0,0,1,37
-9.09,2.27,-3.52,0,0,1,37
-9.63,3.94,-3.8,0,0,1,37
-10.5,2.56,-6.84,0,0,1,37
-10.66,0.08,-8.26,0,0,1,37
-9.92,-1.25,-8.4,0,0,1,37
-9.08,-1.08,-6.35,0,0,1,37
-6.82,0.7,-3.7,0,0,1,37
-5.6,1.89,-2.06,0,0,1,37
-5.76,1.87,-1.41,0,0,1,37
-6.96,0.01,-1.84,0,0,1,37
-8.26,-2.16,-3.13,0,0,1,37
-8.87,-2.72,-4.1,0,0,1,37
-9.92,-0.79,-4.89,0,0,1,37
-10.88,3.33,-5.45,0,0,1,37
-11.33,5.95,-5.86,0,0,1,37
-10.42,6.13,-5.85,0,0,1,37
-8.81,4.18,-5.07,0,0,1,37
-7.72,1.8,-3.71,0,0,1,37
-7.75,0.76,-3.48,0,0,1,37
-8.4,1.2,-4.41,0,0,1,37
-8.31,1.57,-4.99,0,0,1,37
-8.28,0.91,-4.56,0,0,1,37
-7.77,0.08,-3.94,0,0,1,37
-6.57,0.18,-4.26,0,0,1,37
-8.49,0.34,-4.99,0,0,1,37
-7.71,2.56,-4.44,0,0,1,37
-7.86,2.83,-3.88,0,0,1,37
-7.7,3.07,-4.09,0,0,1,37
-8.0,3.41,-4.61,0,0,1,37
-7.66,3.55,-3.81,0,0,1,37
-7.08,3.0,-3.32,0,0,1,37
-7.39,2.47,-3.64,0,0,1,37
-8.02,3.28,-4.11,0,0,1,37
-7.88,4.33,-4.82,0,0,1,37
-7.37,4.29,-4.61,0,0,1,37
-9.1,2.61,-4.42,0,0,1,37
-10.77,2.93,-7.51,0,0,1,37
-13.8,0.27,-9.22,0,0,1,37
-11.93,0.12,-10.17,0,0,1,37
-7.26,0.43,-5.25,0,0,1,37
-5.29,2.4,-0.11,0,0,1,37
-6.69,3.51,0.45,0,0,1,37
-8.35,2.02,-2.91,0,0,1,37
-9.38,-0.97,-5.79,0,0,1,37
-8.81,-2.22,-5.55,0,0,1,37
-7.66,-1.09,-4.75,0,0,1,37
-7.67,0.73,-5.01,0,0,1,37
-8.33,1.65,-5.74,0,0,1,37
-8.49,1.39,-5.69,0,0,1,37
-8.41,1.03,-5.16,0,0,1,37
-8.32,0.09,-5.24,0,0,1,37
-8.17,-0.5,-5.13,0,0,1,37
-8.42,-0.16,-5.07,0,0,1,37
-8.52,0.63,-5.17,0,0,1,37
-8.25,1.12,-5.1,0,0,1,37
-8.39,0.82,-5.04,0,0,1,37
-8.41,0.11,-5.38,0,0,1,37
-8.43,-0.78,-5.6,0,0,1,37
-8.85,-1.58,-5.32,0,0,1,37
-8.51,-1.55,-4.76,0,0,1,37
-7.99,-0.61,-4.16,0,0,1,37
-8.04,0.17,-4.74,0,0,1,37
-8.44,0.38,-6.18,0,0,1,37
-8.67,-0.01,-6.73,0,0,1,37
-8.07,-0.1,-6.06,0,0,1,37
-7.84,0.17,-5.3,0,0,1,37
-7.61,0.6,-5.29,0,0,1,37
-7.57,1.05,-5.65,0,0,1,37
-7.73,1.01,-5.72,0,0,1,37
-7.73,0.58,-5.84,0,0,1,37
-7.9,0.0,-5.91,0,0,1,37
-7.99,-0.19,-5.92,0,0,1,37
-8.15,0.34,-5.92,0,0,1,37
-8.3,1.24,-5.72,0,0,1,37
-8.0,1.89,-5.67,0,0,1,37
-8.59,1.9,-5.81,0,0,1,37
-8.25,1.63,-6.01,0,0,1,37
-7.73,1.39,-5.82,0,0,1,37
-7.96,1.39,-5.5,0,0,1,37
-8.18,1.62,-5.58,0,0,1,37
-8.2,1.78,-5.46,0,0,1,37
-8.38,1.74,-4.99,0,0,1,37
-8.26,1.68,-4.58,0,0,1,37
-7.88,4.33,-4.82,0,0,1,38
-7.37,4.29,-4.61,0,0,1,38
-9.1,2.61,-4.42,0,0,1,38
-10.77,2.93,-7.51,0,0,1,38
-13.8,0.27,-9.22,0,0,1,38
-11.93,0.12,-10.17,0,0,1,38
-7.26,0.43,-5.25,0,0,1,38
-5.29,2.4,-0.11,0,0,1,38
-6.69,3.51,0.45,0,0,1,38
-8.35,2.02,-2.91,0,0,1,38
-9.38,-0.97,-5.79,0,0,1,38
-8.81,-2.22,-5.55,0,0,1,38
-7.66,-1.09,-4.75,0,0,1,38
-7.67,0.73,-5.01,0,0,1,38
-8.33,1.65,-5.74,0,0,1,38
-8.49,1.39,-5.69,0,0,1,38
-8.41,1.03,-5.16,0,0,1,38
-8.32,0.09,-5.24,0,0,1,38
-8.17,-0.5,-5.13,0,0,1,38
-8.42,-0.16,-5.07,0,0,1,38
-8.52,0.63,-5.17,0,0,1,38
-8.25,1.12,-5.1,0,0,1,38
-8.39,0.82,-5.04,0,0,1,38
-8.41,0.11,-5.38,0,0,1,38
-8.43,-0.78,-5.6,0,0,1,38
-8.85,-1.58,-5.32,0,0,1,38
-8.51,-1.55,-4.76,0,0,1,38
-7.99,-0.61,-4.16,0,0,1,38
-8.04,0.17,-4.74,0,0,1,38
-8.44,0.38,-6.18,0,0,1,38
-8.67,-0.01,-6.73,0,0,1,38
-8.07,-0.1,-6.06,0,0,1,38
-7.84,0.17,-5.3,0,0,1,38
-7.61,0.6,-5.29,0,0,1,38
-7.57,1.05,-5.65,0,0,1,38
-7.73,1.01,-5.72,0,0,1,38
-7.73,0.58,-5.84,0,0,1,38
-7.9,0.0,-5.91,0,0,1,38
-7.99,-0.19,-5.92,0,0,1,38
-8.15,0.34,-5.92,0,0,1,38
-8.3,1.24,-5.72,0,0,1,38
-8.0,1.89,-5.67,0,0,1,38
-8.59,1.9,-5.81,0,0,1,38
-8.25,1.63,-6.01,0,0,1,38
-7.73,1.39,-5.82,0,0,1,38
-7.96,1.39,-5.5,0,0,1,38
-8.18,1.62,-5.58,0,0,1,38
-8.2,1.78,-5.46,0,0,1,38
-8.38,1.74,-4.99,0,0,1,38
-8.26,1.68,-4.58,0,0,1,38
-8.24,1.63,-4.63,0,0,1,38
-8.62,1.54,-5.17,0,0,1,38
-8.81,0.99,-4.85,0,0,1,38
-8.13,1.17,-4.48,0,0,1,38
-8.34,1.74,-3.84,0,0,1,38
-9.26,0.73,-4.51,0,0,1,38
-9.38,-1.96,-5.65,0,0,1,38
-9.41,-4.25,-5.42,0,0,1,38
-7.87,-5.03,-4.26,0,0,1,38
-6.33,-3.38,-3.17,0,0,1,38
-7.39,-0.25,-3.2,0,0,1,38
-9.77,2.87,-4.53,0,0,1,38
-10.79,5.09,-5.64,0,0,1,38
-10.3,4.91,-6.02,0,0,1,38
-9.88,3.01,-4.63,0,0,1,38
-9.64,1.68,-3.53,0,0,1,38
-9.52,1.89,-3.94,0,0,1,38
-8.87,2.16,-4.65,0,0,1,38
-7.48,2.66,-3.94,0,0,1,38
-7.06,2.36,-2.63,0,0,1,38
-6.54,2.66,-2.42,0,0,1,38
-7.12,2.76,-2.85,0,0,1,38
-7.8,2.77,-2.63,0,0,1,38
-7.43,3.31,-2.33,0,0,1,38
-7.7,2.9,-2.63,0,0,1,38
-12.67,-0.28,-3.92,0,0,1,38
-12.47,-0.86,-9.79,0,0,1,38
-12.78,0.36,-12.33,0,0,1,38
-8.31,1.94,-7.44,0,0,1,38
-6.73,1.84,-2.08,0,0,1,38
-4.61,0.45,2.82,0,0,1,38
-7.37,-1.18,-0.96,0,0,1,38
-8.85,-3.02,-7.06,0,0,1,38
-9.12,-3.82,-10.54,0,0,1,38
-9.02,-1.72,-8.49,0,0,1,38
-7.83,2.55,-4.35,0,0,1,38
-7.27,4.68,-2.12,0,0,1,38
-7.85,3.93,-3.31,0,0,1,38
-8.77,1.81,-5.39,0,0,1,38
-9.05,0.53,-5.63,0,0,1,38
-8.75,-0.22,-4.57,0,0,1,38
-8.19,0.18,-3.43,0,0,1,38
-8.07,0.86,-3.31,0,0,1,38
-8.57,1.48,-4.32,0,0,1,38
-8.75,1.74,-4.67,0,0,1,38
-8.5,1.84,-4.53,0,0,1,38
-8.26,1.69,-4.35,0,0,1,38
-8.49,1.67,-4.46,0,0,1,38
-8.94,1.32,-4.79,0,0,1,38
-8.94,0.74,-4.9,0,0,1,38
-8.24,1.63,-4.63,0,0,1,39
-8.62,1.54,-5.17,0,0,1,39
-8.81,0.99,-4.85,0,0,1,39
-8.13,1.17,-4.48,0,0,1,39
-8.34,1.74,-3.84,0,0,1,39
-9.26,0.73,-4.51,0,0,1,39
-9.38,-1.96,-5.65,0,0,1,39
-9.41,-4.25,-5.42,0,0,1,39
-7.87,-5.03,-4.26,0,0,1,39
-6.33,-3.38,-3.17,0,0,1,39
-7.39,-0.25,-3.2,0,0,1,39
-9.77,2.87,-4.53,0,0,1,39
-10.79,5.09,-5.64,0,0,1,39
-10.3,4.91,-6.02,0,0,1,39
-9.88,3.01,-4.63,0,0,1,39
-9.64,1.68,-3.53,0,0,1,39
-9.52,1.89,-3.94,0,0,1,39
-8.87,2.16,-4.65,0,0,1,39
-7.48,2.66,-3.94,0,0,1,39
-7.06,2.36,-2.63,0,0,1,39
-6.54,2.66,-2.42,0,0,1,39
-7.12,2.76,-2.85,0,0,1,39
-7.8,2.77,-2.63,0,0,1,39
-7.43,3.31,-2.33,0,0,1,39
-7.7,2.9,-2.63,0,0,1,39
-12.67,-0.28,-3.92,0,0,1,39
-12.47,-0.86,-9.79,0,0,1,39
-12.78,0.36,-12.33,0,0,1,39
-8.31,1.94,-7.44,0,0,1,39
-6.73,1.84,-2.08,0,0,1,39
-4.61,0.45,2.82,0,0,1,39
-7.37,-1.18,-0.96,0,0,1,39
-8.85,-3.02,-7.06,0,0,1,39
-9.12,-3.82,-10.54,0,0,1,39
-9.02,-1.72,-8.49,0,0,1,39
-7.83,2.55,-4.35,0,0,1,39
-7.27,4.68,-2.12,0,0,1,39
-7.85,3.93,-3.31,0,0,1,39
-8.77,1.81,-5.39,0,0,1,39
-9.05,0.53,-5.63,0,0,1,39
-8.75,-0.22,-4.57,0,0,1,39
-8.19,0.18,-3.43,0,0,1,39
-8.07,0.86,-3.31,0,0,1,39
-8.57,1.48,-4.32,0,0,1,39
-8.75,1.74,-4.67,0,0,1,39
-8.5,1.84,-4.53,0,0,1,39
-8.26,1.69,-4.35,0,0,1,39
-8.49,1.67,-4.46,0,0,1,39
-8.94,1.32,-4.79,0,0,1,39
-8.94,0.74,-4.9,0,0,1,39
-8.7,0.08,-4.9,0,0,1,39
-8.34,-0.44,-4.84,0,0,1,39
-8.02,-0.76,-4.89,0,0,1,39
-7.76,-0.52,-5.14,0,0,1,39
-7.87,0.3,-5.24,0,0,1,39
-8.15,0.57,-4.96,0,0,1,39
-7.79,0.62,-5.07,0,0,1,39
-6.96,-0.94,-5.54,0,0,1,39
-6.47,-4.65,-4.79,0,0,1,39
-8.38,-2.21,5.56,0,0,1,39
-8.98,1.44,3.58,0,0,1,39
-13.26,-1.25,-3.12,0,0,1,39
-12.82,-2.93,-11.27,0,0,1,39
-14.43,-1.7,-10.5,0,0,1,39
-9.71,3.1,-4.95,0,0,1,39
-8.39,6.11,-1.06,0,0,1,39
-8.16,5.45,-0.74,0,0,1,39
-7.52,1.46,-2.88,0,0,1,39
-6.61,-2.05,-3.27,0,0,1,39
-4.23,-2.56,0.21,0,0,1,39
-3.57,-1.68,0.57,0,0,1,39
-4.9,0.09,0.25,0,0,1,39
-6.74,1.84,-0.52,0,0,1,39
-7.63,2.5,-1.94,0,0,1,39
-7.48,1.84,-3.36,0,0,1,39
-10.44,-4.54,-1.39,0,0,1,39
-8.31,-1.9,-3.84,0,0,1,39
-9.76,0.2,-3.99,0,0,1,39
-10.32,1.11,-1.29,0,0,1,39
-8.87,3.46,-0.91,0,0,1,39
-6.25,3.86,-0.58,0,0,1,39
-5.91,0.29,0.65,0,0,1,39
-8.96,-2.29,-0.83,0,0,1,39
-9.52,-1.05,-2.97,0,0,1,39
-8.38,0.34,-3.13,0,0,1,39
-7.69,0.97,-1.88,0,0,1,39
-7.7,1.78,-0.75,0,0,1,39
-8.19,1.79,-0.79,0,0,1,39
-8.6,0.64,-0.98,0,0,1,39
-8.38,0.15,0.36,0,0,1,39
-9.07,1.14,0.07,0,0,1,39
-10.83,4.1,-1.2,0,0,1,39
-15.7,7.32,-2.31,0,0,1,39
-16.62,9.33,-3.19,0,0,1,39
-15.13,7.6,-3.67,0,0,1,39
-14.39,6.39,-3.97,0,0,1,39
-13.58,3.76,-4.3,0,0,1,39
-14.02,3.88,-4.72,0,0,1,39
-12.65,4.19,-5.44,0,0,1,39
-10.37,2.7,-4.11,0,0,1,39
-8.7,0.08,-4.9,0,0,1,40
-8.34,-0.44,-4.84,0,0,1,40
-8.02,-0.76,-4.89,0,0,1,40
-7.76,-0.52,-5.14,0,0,1,40
-7.87,0.3,-5.24,0,0,1,40
-8.15,0.57,-4.96,0,0,1,40
-7.79,0.62,-5.07,0,0,1,40
-6.96,-0.94,-5.54,0,0,1,40
-6.47,-4.65,-4.79,0,0,1,40
-8.38,-2.21,5.56,0,0,1,40
-8.98,1.44,3.58,0,0,1,40
-13.26,-1.25,-3.12,0,0,1,40
-12.82,-2.93,-11.27,0,0,1,40
-14.43,-1.7,-10.5,0,0,1,40
-9.71,3.1,-4.95,0,0,1,40
-8.39,6.11,-1.06,0,0,1,40
-8.16,5.45,-0.74,0,0,1,40
-7.52,1.46,-2.88,0,0,1,40
-6.61,-2.05,-3.27,0,0,1,40
-4.23,-2.56,0.21,0,0,1,40
-3.57,-1.68,0.57,0,0,1,40
-4.9,0.09,0.25,0,0,1,40
-6.74,1.84,-0.52,0,0,1,40
-7.63,2.5,-1.94,0,0,1,40
-7.48,1.84,-3.36,0,0,1,40
-10.44,-4.54,-1.39,0,0,1,40
-8.31,-1.9,-3.84,0,0,1,40
-9.76,0.2,-3.99,0,0,1,40
-10.32,1.11,-1.29,0,0,1,40
-8.87,3.46,-0.91,0,0,1,40
-6.25,3.86,-0.58,0,0,1,40
-5.91,0.29,0.65,0,0,1,40
-8.96,-2.29,-0.83,0,0,1,40
-9.52,-1.05,-2.97,0,0,1,40
-8.38,0.34,-3.13,0,0,1,40
-7.69,0.97,-1.88,0,0,1,40
-7.7,1.78,-0.75,0,0,1,40
-8.19,1.79,-0.79,0,0,1,40
-8.6,0.64,-0.98,0,0,1,40
-8.38,0.15,0.36,0,0,1,40
-9.07,1.14,0.07,0,0,1,40
-10.83,4.1,-1.2,0,0,1,40
-15.7,7.32,-2.31,0,0,1,40
-16.62,9.33,-3.19,0,0,1,40
-15.13,7.6,-3.67,0,0,1,40
-14.39,6.39,-3.97,0,0,1,40
-13.58,3.76,-4.3,0,0,1,40
-14.02,3.88,-4.72,0,0,1,40
-12.65,4.19,-5.44,0,0,1,40
-10.37,2.7,-4.11,0,0,1,40
-8.59,0.64,-1.37,0,0,1,40
-6.27,1.35,-1.67,0,0,1,40
-6.49,2.93,-1.73,0,0,1,40
-6.32,3.21,-2.64,0,0,1,40
-6.89,3.12,-3.09,0,0,1,40
-8.33,3.08,-5.2,0,0,1,40
-8.53,3.73,-4.25,0,0,1,40
-7.98,2.81,-2.03,0,0,1,40
-8.24,2.34,-2.13,0,0,1,40
-8.38,2.48,-2.89,0,0,1,40
-9.53,3.28,-3.37,0,0,1,40
-9.78,4.06,-3.25,0,0,1,40
-10.23,3.79,-3.65,0,0,1,40
-9.61,3.8,-3.61,0,0,1,40
-9.13,3.95,-3.64,0,0,1,40
-8.71,3.91,-3.63,0,0,1,40
-8.44,3.7,-3.35,0,0,1,40
-8.22,3.46,-3.35,0,0,1,40
-8.48,3.15,-3.53,0,0,1,40
-8.37,3.15,-3.27,0,0,1,40
-8.31,3.47,-3.5,0,0,1,40
-8.48,3.41,-3.28,0,0,1,40
-8.43,3.35,-3.19,0,0,1,40
-8.26,3.25,-2.89,0,0,1,40
-8.69,3.23,-3.25,0,0,1,40
-8.82,3.45,-3.49,0,0,1,40
-8.82,3.56,-3.53,0,0,1,40
-8.56,3.33,-3.09,0,0,1,40
-8.69,3.21,-3.33,0,0,1,40
-8.69,3.15,-3.42,0,0,1,40
-8.63,3.1,-3.45,0,0,1,40
-8.68,3.16,-3.46,0,0,1,40
-8.56,3.29,-3.31,0,0,1,40
-8.49,3.32,-3.26,0,0,1,40
-8.61,3.56,-3.34,0,0,1,40
-8.6,3.54,-3.25,0,0,1,40
-8.62,3.78,-3.31,0,0,1,40
-8.7,3.83,-3.34,0,0,1,40
-8.79,3.3,-3.42,0,0,1,40
-8.88,3.2,-3.43,0,0,1,40
-9.02,2.75,-3.3,0,0,1,40
-8.92,3.13,-3.28,0,0,1,40
-8.84,3.25,-3.09,0,0,1,40
-8.76,3.13,-3.01,0,0,1,40
-6.91,1.24,-4.07,0,0,1,40
-8.75,2.94,-2.8,0,0,1,40
-9.09,2.51,-4.01,0,0,1,40
-9.14,3.3,-3.43,0,0,1,40
-8.75,3.48,-2.79,0,0,1,40
-8.65,3.48,-3.32,0,0,1,40
-8.59,0.64,-1.37,0,0,1,41
-6.27,1.35,-1.67,0,0,1,41
-6.49,2.93,-1.73,0,0,1,41
-6.32,3.21,-2.64,0,0,1,41
-6.89,3.12,-3.09,0,0,1,41
-8.33,3.08,-5.2,0,0,1,41
-8.53,3.73,-4.25,0,0,1,41
-7.98,2.81,-2.03,0,0,1,41
-8.24,2.34,-2.13,0,0,1,41
-8.38,2.48,-2.89,0,0,1,41
-9.53,3.28,-3.37,0,0,1,41
-9.78,4.06,-3.25,0,0,1,41
-10.23,3.79,-3.65,0,0,1,41
-9.61,3.8,-3.61,0,0,1,41
-9.13,3.95,-3.64,0,0,1,41
-8.71,3.91,-3.63,0,0,1,41
-8.44,3.7,-3.35,0,0,1,41
-8.22,3.46,-3.35,0,0,1,41
-8.48,3.15,-3.53,0,0,1,41
-8.37,3.15,-3.27,0,0,1,41
-8.31,3.47,-3.5,0,0,1,41
-8.48,3.41,-3.28,0,0,1,41
-8.43,3.35,-3.19,0,0,1,41
-8.26,3.25,-2.89,0,0,1,41
-8.69,3.23,-3.25,0,0,1,41
-8.82,3.45,-3.49,0,0,1,41
-8.82,3.56,-3.53,0,0,1,41
-8.56,3.33,-3.09,0,0,1,41
-8.69,3.21,-3.33,0,0,1,41
-8.69,3.15,-3.42,0,0,1,41
-8.63,3.1,-3.45,0,0,1,41
-8.68,3.16,-3.46,0,0,1,41
-8.56,3.29,-3.31,0,0,1,41
-8.49,3.32,-3.26,0,0,1,41
-8.61,3.56,-3.34,0,0,1,41
-8.6,3.54,-3.25,0,0,1,41
-8.62,3.78,-3.31,0,0,1,41
-8.7,3.83,-3.34,0,0,1,41
-8.79,3.3,-3.42,0,0,1,41
-8.88,3.2,-3.43,0,0,1,41
-9.02,2.75,-3.3,0,0,1,41
-8.92,3.13,-3.28,0,0,1,41
-8.84,3.25,-3.09,0,0,1,41
-8.76,3.13,-3.01,0,0,1,41
-6.91,1.24,-4.07,0,0,1,41
-8.75,2.94,-2.8,0,0,1,41
-9.09,2.51,-4.01,0,0,1,41
-9.14,3.3,-3.43,0,0,1,41
-8.75,3.48,-2.79,0,0,1,41
-8.65,3.48,-3.32,0,0,1,41
-8.71,3.11,-3.06,0,0,1,41
-8.94,3.37,-2.54,0,0,1,41
-9.13,3.41,-2.56,0,0,1,41
-9.3,3.24,-2.23,0,0,1,41
-9.68,2.8,-2.51,0,0,1,41
-9.08,2.99,-2.4,0,0,1,41
-9.21,2.72,-1.33,0,0,1,41
-9.25,2.31,-1.64,0,0,1,41
-10.17,1.84,-2.56,0,0,1,41
-10.49,1.67,-2.77,0,0,1,41
-10.69,1.5,-2.36,0,0,1,41
-10.22,1.12,-1.95,0,0,1,41
-10.44,0.78,-2.24,0,0,1,41
-12.45,1.79,-3.61,0,0,1,41
-10.44,1.37,-2.77,0,0,1,41
-9.3,0.3,-1.29,0,0,1,41
-9.65,-0.2,-1.36,0,0,1,41
-12.52,0.77,-3.66,0,0,1,41
-12.34,0.56,-4.39,0,0,1,41
-11.07,0.3,-3.01,0,0,1,41
-10.05,-0.34,-2.19,0,0,1,41
-9.57,-1.11,-1.92,0,0,1,41
-10.2,-1.4,-2.42,0,0,1,41
-10.82,-0.7,-3.66,0,0,1,41
-10.2,-0.68,-3.11,0,0,1,41
-9.81,-0.35,-2.39,0,0,1,41
-9.67,-0.38,-2.41,0,0,1,41
-9.66,-0.52,-2.94,0,0,1,41
-9.35,-1.23,-3.58,0,0,1,41
-9.44,-1.21,-3.37,0,0,1,41
-8.53,-1.32,-2.81,0,0,1,41
-7.8,-1.09,-2.42,0,0,1,41
-7.02,-0.73,-2.02,0,0,1,41
-6.79,-0.66,-1.95,0,0,1,41
-6.61,-0.58,-1.98,0,0,1,41
-6.76,-0.8,-2.48,0,0,1,41
-7.22,-0.66,-2.68,0,0,1,41
-7.97,-0.76,-3.02,0,0,1,41
-8.49,-0.44,-3.63,0,0,1,41
-9.01,-0.04,-3.88,0,0,1,41
-8.94,0.12,-4.19,0,0,1,41
-8.82,0.01,-4.49,0,0,1,41
-8.58,-0.29,-4.71,0,0,1,41
-7.7,-0.71,-4.36,0,0,1,41
-6.8,-1.05,-3.94,0,0,1,41
-6.23,-0.91,-3.33,0,0,1,41
-6.04,-0.57,-2.84,0,0,1,41
-6.17,-0.33,-2.62,0,0,1,41
-6.78,-0.25,-2.57,0,0,1,41
-7.56,-0.91,-3.09,0,0,1,41
-8.71,3.11,-3.06,0,0,1,42
-8.94,3.37,-2.54,0,0,1,42
-9.13,3.41,-2.56,0,0,1,42
-9.3,3.24,-2.23,0,0,1,42
-9.68,2.8,-2.51,0,0,1,42
-9.08,2.99,-2.4,0,0,1,42
-9.21,2.72,-1.33,0,0,1,42
-9.25,2.31,-1.64,0,0,1,42
-10.17,1.84,-2.56,0,0,1,42
-10.49,1.67,-2.77,0,0,1,42
-10.69,1.5,-2.36,0,0,1,42
-10.22,1.12,-1.95,0,0,1,42
-10.44,0.78,-2.24,0,0,1,42
-12.45,1.79,-3.61,0,0,1,42
-10.44,1.37,-2.77,0,0,1,42
-9.3,0.3,-1.29,0,0,1,42
-9.65,-0.2,-1.36,0,0,1,42
-12.52,0.77,-3.66,0,0,1,42
-12.34,0.56,-4.39,0,0,1,42
-11.07,0.3,-3.01,0,0,1,42
-10.05,-0.34,-2.19,0,0,1,42
-9.57,-1.11,-1.92,0,0,1,42
-10.2,-1.4,-2.42,0,0,1,42
-10.82,-0.7,-3.66,0,0,1,42
-10.2,-0.68,-3.11,0,0,1,42
-9.81,-0.35,-2.39,0,0,1,42
-9.67,-0.38,-2.41,0,0,1,42
-9.66,-0.52,-2.94,0,0,1,42
-9.35,-1.23,-3.58,0,0,1,42
-9.44,-1.21,-3.37,0,0,1,42
-8.53,-1.32,-2.81,0,0,1,42
-7.8,-1.09,-2.42,0,0,1,42
-7.02,-0.73,-2.02,0,0,1,42
-6.79,-0.66,-1.95,0,0,1,42
-6.61,-0.58,-1.98,0,0,1,42
-6.76,-0.8,-2.48,0,0,1,42
-7.22,-0.66,-2.68,0,0,1,42
-7.97,-0.76,-3.02,0,0,1,42
-8.49,-0.44,-3.63,0,0,1,42
-9.01,-0.04,-3.88,0,0,1,42
-8.94,0.12,-4.19,0,0,1,42
-8.82,0.01,-4.49,0,0,1,42
-8.58,-0.29,-4.71,0,0,1,42
-7.7,-0.71,-4.36,0,0,1,42
-6.8,-1.05,-3.94,0,0,1,42
-6.23,-0.91,-3.33,0,0,1,42
-6.04,-0.57,-2.84,0,0,1,42
-6.17,-0.33,-2.62,0,0,1,42
-6.78,-0.25,-2.57,0,0,1,42
-7.56,-0.91,-3.09,0,0,1,42
-8.69,-1.14,-3.81,0,0,1,42
-9.2,-0.59,-4.95,0,0,1,42
-9.26,-0.33,-5.45,0,0,1,42
-9.12,0.37,-5.98,0,0,1,42
-9.29,1.21,-6.36,0,0,1,42
-9.28,1.57,-6.64,0,0,1,42
-9.57,1.21,-6.45,0,0,1,42
-9.2,0.86,-6.1,0,0,1,42
-8.13,0.49,-5.59,0,0,1,42
-7.71,0.3,-5.04,0,0,1,42
-7.13,0.2,-5.06,0,0,1,42
-7.41,-0.15,-5.25,0,0,1,42
-7.91,-0.16,-5.94,0,0,1,42
-7.9,0.12,-6.14,0,0,1,42
-7.8,0.53,-5.85,0,0,1,42
-7.79,1.27,-6.0,0,0,1,42
-7.9,1.94,-6.45,0,0,1,42
-7.91,2.22,-6.53,0,0,1,42
-7.88,2.24,-6.16,0,0,1,42
-8.05,2.15,-5.86,0,0,1,42
-8.62,1.04,-4.73,0,0,1,42
-8.67,0.93,-3.73,0,0,1,42
-8.2,1.56,-2.99,0,0,1,42
-8.27,1.35,-3.79,0,0,1,42
-8.94,0.34,-4.5,0,0,1,42
-8.97,-1.0,-4.77,0,0,1,42
-9.1,-0.38,-5.65,0,0,1,42
-9.93,1.2,-5.54,0,0,1,42
-10.13,2.65,-3.91,0,0,1,42
-9.82,2.74,-2.54,0,0,1,42
-10.08,2.2,-2.62,0,0,1,42
-9.81,2.19,-3.75,0,0,1,42
-9.03,2.34,-4.08,0,0,1,42
-8.18,2.49,-3.19,0,0,1,42
-7.61,2.52,-2.16,0,0,1,42
-7.81,2.15,-1.41,0,0,1,42
-7.91,2.19,-1.91,0,0,1,42
-8.26,2.33,-2.76,0,0,1,42
-8.5,2.54,-3.19,0,0,1,42
-8.55,2.7,-3.15,0,0,1,42
-8.91,2.72,-2.92,0,0,1,42
-9.24,2.89,-2.91,0,0,1,42
-9.2,2.66,-2.91,0,0,1,42
-8.78,2.29,-2.78,0,0,1,42
-8.52,1.9,-2.15,0,0,1,42
-8.29,1.84,-1.63,0,0,1,42
-8.28,2.1,-1.77,0,0,1,42
-8.43,2.38,-2.31,0,0,1,42
-8.38,2.5,-2.42,0,0,1,42
-8.3,2.54,-2.24,0,0,1,42
-8.69,-1.14,-3.81,0,0,1,43
-9.2,-0.59,-4.95,0,0,1,43
-9.26,-0.33,-5.45,0,0,1,43
-9.12,0.37,-5.98,0,0,1,43
-9.29,1.21,-6.36,0,0,1,43
-9.28,1.57,-6.64,0,0,1,43
-9.57,1.21,-6.45,0,0,1,43
-9.2,0.86,-6.1,0,0,1,43
-8.13,0.49,-5.59,0,0,1,43
-7.71,0.3,-5.04,0,0,1,43
-7.13,0.2,-5.06,0,0,1,43
-7.41,-0.15,-5.25,0,0,1,43
-7.91,-0.16,-5.94,0,0,1,43
-7.9,0.12,-6.14,0,0,1,43
-7.8,0.53,-5.85,0,0,1,43
-7.79,1.27,-6.0,0,0,1,43
-7.9,1.94,-6.45,0,0,1,43
-7.91,2.22,-6.53,0,0,1,43
-7.88,2.24,-6.16,0,0,1,43
-8.05,2.15,-5.86,0,0,1,43
-8.62,1.04,-4.73,0,0,1,43
-8.67,0.93,-3.73,0,0,1,43
-8.2,1.56,-2.99,0,0,1,43
-8.27,1.35,-3.79,0,0,1,43
-8.94,0.34,-4.5,0,0,1,43
-8.97,-1.0,-4.77,0,0,1,43
-9.1,-0.38,-5.65,0,0,1,43
-9.93,1.2,-5.54,0,0,1,43
-10.13,2.65,-3.91,0,0,1,43
-9.82,2.74,-2.54,0,0,1,43
-10.08,2.2,-2.62,0,0,1,43
-9.81,2.19,-3.75,0,0,1,43
-9.03,2.34,-4.08,0,0,1,43
-8.18,2.49,-3.19,0,0,1,43
-7.61,2.52,-2.16,0,0,1,43
-7.81,2.15,-1.41,0,0,1,43
-7.91,2.19,-1.91,0,0,1,43
-8.26,2.33,-2.76,0,0,1,43
-8.5,2.54,-3.19,0,0,1,43
-8.55,2.7,-3.15,0,0,1,43
-8.91,2.72,-2.92,0,0,1,43
-9.24,2.89,-2.91,0,0,1,43
-9.2,2.66,-2.91,0,0,1,43
-8.78,2.29,-2.78,0,0,1,43
-8.52,1.9,-2.15,0,0,1,43
-8.29,1.84,-1.63,0,0,1,43
-8.28,2.1,-1.77,0,0,1,43
-8.43,2.38,-2.31,0,0,1,43
-8.38,2.5,-2.42,0,0,1,43
-8.3,2.54,-2.24,0,0,1,43
-8.42,2.58,-2.15,0,0,1,43
-8.35,2.58,-2.48,0,0,1,43
-8.48,2.51,-2.19,0,0,1,43
-8.7,2.39,-2.27,0,0,1,43
-9.22,1.68,-2.74,0,0,1,43
-9.16,0.61,-3.38,0,0,1,43
-9.2,0.34,-3.31,0,0,1,43
-9.55,0.63,-4.11,0,0,1,43
-10.55,0.62,-5.81,0,0,1,43
-13.23,1.4,-7.83,0,0,1,43
-11.82,3.24,-7.17,0,0,1,43
-7.69,2.94,-1.85,0,0,1,43
-5.98,1.89,0.5,0,0,1,43
-7.18,1.2,-2.31,0,0,1,43
-8.7,0.88,-5.21,0,0,1,43
-9.09,0.99,-6.11,0,0,1,43
-9.28,2.07,-5.33,0,0,1,43
-8.26,2.82,-4.97,0,0,1,43
-7.78,3.15,-4.8,0,0,1,43
-7.84,3.2,-4.52,0,0,1,43
-7.81,3.26,-4.71,0,0,1,43
-7.74,2.42,-5.12,0,0,1,43
-7.89,1.75,-5.78,0,0,1,43
-8.23,0.34,-6.0,0,0,1,43
-8.21,0.06,-5.42,0,0,1,43
-7.59,0.7,-5.02,0,0,1,43
-7.96,1.88,-5.01,0,0,1,43
-7.89,1.95,-5.89,0,0,1,43
-8.2,1.85,-6.03,0,0,1,43
-8.26,2.4,-5.8,0,0,1,43
-8.15,2.56,-5.28,0,0,1,43
-8.04,2.17,-5.35,0,0,1,43
-7.97,2.08,-5.45,0,0,1,43
-7.99,2.33,-5.51,0,0,1,43
-8.03,2.94,-5.51,0,0,1,43
-8.07,2.84,-5.37,0,0,1,43
-8.02,2.4,-5.45,0,0,1,43
-7.85,2.17,-5.73,0,0,1,43
-7.7,1.97,-6.08,0,0,1,43
-7.85,1.94,-5.59,0,0,1,43
-7.88,2.38,-4.91,0,0,1,43
-8.31,2.56,-4.39,0,0,1,43
-8.4,2.67,-4.13,0,0,1,43
-8.38,2.31,-4.44,0,0,1,43
-8.26,1.96,-5.45,0,0,1,43
-8.46,1.94,-6.03,0,0,1,43
-8.03,2.05,-5.8,0,0,1,43
-7.62,2.52,-5.07,0,0,1,43
-7.65,3.06,-4.77,0,0,1,43
-8.08,2.95,-5.32,0,0,1,43
-8.42,2.58,-2.15,0,0,1,44
-8.35,2.58,-2.48,0,0,1,44
-8.48,2.51,-2.19,0,0,1,44
-8.7,2.39,-2.27,0,0,1,44
-9.22,1.68,-2.74,0,0,1,44
-9.16,0.61,-3.38,0,0,1,44
-9.2,0.34,-3.31,0,0,1,44
-9.55,0.63,-4.11,0,0,1,44
-10.55,0.62,-5.81,0,0,1,44
-13.23,1.4,-7.83,0,0,1,44
-11.82,3.24,-7.17,0,0,1,44
-7.69,2.94,-1.85,0,0,1,44
-5.98,1.89,0.5,0,0,1,44
-7.18,1.2,-2.31,0,0,1,44
-8.7,0.88,-5.21,0,0,1,44
-9.09,0.99,-6.11,0,0,1,44
-9.28,2.07,-5.33,0,0,1,44
-8.26,2.82,-4.97,0,0,1,44
-7.78,3.15,-4.8,0,0,1,44
-7.84,3.2,-4.52,0,0,1,44
-7.81,3.26,-4.71,0,0,1,44
-7.74,2.42,-5.12,0,0,1,44
-7.89,1.75,-5.78,0,0,1,44
-8.23,0.34,-6.0,0,0,1,44
-8.21,0.06,-5.42,0,0,1,44
-7.59,0.7,-5.02,0,0,1,44
-7.96,1.88,-5.01,0,0,1,44
-7.89,1.95,-5.89,0,0,1,44
-8.2,1.85,-6.03,0,0,1,44
-8.26,2.4,-5.8,0,0,1,44
-8.15,2.56,-5.28,0,0,1,44
-8.04,2.17,-5.35,0,0,1,44
-7.97,2.08,-5.45,0,0,1,44
-7.99,2.33,-5.51,0,0,1,44
-8.03,2.94,-5.51,0,0,1,44
-8.07,2.84,-5.37,0,0,1,44
-8.02,2.4,-5.45,0,0,1,44
-7.85,2.17,-5.73,0,0,1,44
-7.7,1.97,-6.08,0,0,1,44
-7.85,1.94,-5.59,0,0,1,44
-7.88,2.38,-4.91,0,0,1,44
-8.31,2.56,-4.39,0,0,1,44
-8.4,2.67,-4.13,0,0,1,44
-8.38,2.31,-4.44,0,0,1,44
-8.26,1.96,-5.45,0,0,1,44
-8.46,1.94,-6.03,0,0,1,44
-8.03,2.05,-5.8,0,0,1,44
-7.62,2.52,-5.07,0,0,1,44
-7.65,3.06,-4.77,0,0,1,44
-8.08,2.95,-5.32,0,0,1,44
-8.59,2.32,-5.74,0,0,1,44
-8.45,1.79,-5.53,0,0,1,44
-8.34,1.47,-5.18,0,0,1,44
-8.03,1.4,-4.86,0,0,1,44
-7.89,1.48,-4.99,0,0,1,44
-7.77,2.02,-5.22,0,0,1,44
-7.81,2.7,-5.28,0,0,1,44
-8.08,2.85,-5.52,0,0,1,44
-7.93,2.51,-5.38,0,0,1,44
-7.95,2.2,-5.17,0,0,1,44
-7.84,1.9,-5.05,0,0,1,44
-7.87,1.9,-5.16,0,0,1,44
-8.04,1.99,-5.39,0,0,1,44
-8.16,2.14,-5.39,0,0,1,44
-8.05,2.17,-5.48,0,0,1,44
-8.13,2.0,-5.47,0,0,1,44
-8.21,1.73,-5.48,0,0,1,44
-8.28,1.57,-5.61,0,0,1,44
-8.3,1.41,-5.52,0,0,1,44
-8.34,1.44,-5.46,0,0,1,44
-8.43,1.42,-5.23,0,0,1,44
-8.33,1.54,-5.25,0,0,1,44
-8.19,1.46,-5.15,0,0,1,44
-8.16,1.51,-5.1,0,0,1,44
-8.27,1.65,-5.13,0,0,1,44
-8.07,1.72,-5.11,0,0,1,44
-8.19,1.76,-5.05,0,0,1,44
-8.24,1.88,-5.07,0,0,1,44
-8.27,1.95,-5.03,0,0,1,44
-8.23,1.93,-5.04,0,0,1,44
-8.19,1.85,-5.11,0,0,1,44
-8.16,1.82,-5.09,0,0,1,44
-8.19,1.82,-5.09,0,0,1,44
-8.13,1.78,-5.06,0,0,1,44
-8.1,1.69,-5.0,0,0,1,44
-8.2,1.65,-4.86,0,0,1,44
-8.23,1.64,-4.82,0,0,1,44
-8.19,1.62,-4.82,0,0,1,44
-8.36,1.6,-5.05,0,0,1,44
-8.43,1.76,-5.35,0,0,1,44
-8.34,1.78,-5.23,0,0,1,44
-8.33,1.58,-4.98,0,0,1,44
-8.02,1.66,-4.91,0,0,1,44
-8.2,1.91,-4.95,0,0,1,44
-8.24,2.05,-4.95,0,0,1,44
-8.25,2.02,-4.95,0,0,1,44
-8.3,1.87,-4.95,0,0,1,44
-8.26,1.79,-5.08,0,0,1,44
-8.36,1.73,-5.09,0,0,1,44
-8.31,1.68,-5.08,0,0,1,44
-8.59,2.32,-5.74,0,0,1,45
-8.45,1.79,-5.53,0,0,1,45
-8.34,1.47,-5.18,0,0,1,45
-8.03,1.4,-4.86,0,0,1,45
-7.89,1.48,-4.99,0,0,1,45
-7.77,2.02,-5.22,0,0,1,45
-7.81,2.7,-5.28,0,0,1,45
-8.08,2.85,-5.52,0,0,1,45
-7.93,2.51,-5.38,0,0,1,45
-7.95,2.2,-5.17,0,0,1,45
-7.84,1.9,-5.05,0,0,1,45
-7.87,1.9,-5.16,0,0,1,45
-8.04,1.99,-5.39,0,0,1,45
-8.16,2.14,-5.39,0,0,1,45
-8.05,2.17,-5.48,0,0,1,45
-8.13,2.0,-5.47,0,0,1,45
-8.21,1.73,-5.48,0,0,1,45
-8.28,1.57,-5.61,0,0,1,45
-8.3,1.41,-5.52,0,0,1,45
-8.34,1.44,-5.46,0,0,1,45
-8.43,1.42,-5.23,0,0,1,45
-8.33,1.54,-5.25,0,0,1,45
-8.19,1.46,-5.15,0,0,1,45
-8.16,1.51,-5.1,0,0,1,45
-8.27,1.65,-5.13,0,0,1,45
-8.07,1.72,-5.11,0,0,1,45
-8.19,1.76,-5.05,0,0,1,45
-8.24,1.88,-5.07,0,0,1,45
-8.27,1.95,-5.03,0,0,1,45
-8.23,1.93,-5.04,0,0,1,45
-8.19,1.85,-5.11,0,0,1,45
-8.16,1.82,-5.09,0,0,1,45
-8.19,1.82,-5.09,0,0,1,45
-8.13,1.78,-5.06,0,0,1,45
-8.1,1.69,-5.0,0,0,1,45
-8.2,1.65,-4.86,0,0,1,45
-8.23,1.64,-4.82,0,0,1,45
-8.19,1.62,-4.82,0,0,1,45
-8.36,1.6,-5.05,0,0,1,45
-8.43,1.76,-5.35,0,0,1,45
-8.34,1.78,-5.23,0,0,1,45
-8.33,1.58,-4.98,0,0,1,45
-8.02,1.66,-4.91,0,0,1,45
-8.2,1.91,-4.95,0,0,1,45
-8.24,2.05,-4.95,0,0,1,45
-8.25,2.02,-4.95,0,0,1,45
-8.3,1.87,-4.95,0,0,1,45
-8.26,1.79,-5.08,0,0,1,45
-8.36,1.73,-5.09,0,0,1,45
-8.31,1.68,-5.08,0,0,1,45
-8.26,1.66,-5.05,0,0,1,45
-8.25,1.72,-5.09,0,0,1,45
-8.34,1.68,-5.09,0,0,1,45
-8.27,1.7,-5.15,0,0,1,45
-8.24,1.81,-5.05,0,0,1,45
-8.27,1.94,-5.05,0,0,1,45
-8.22,1.91,-5.13,0,0,1,45
-8.26,1.77,-5.06,0,0,1,45
-8.22,1.66,-5.1,0,0,1,45
-8.24,1.76,-5.15,0,0,1,45
-8.28,1.82,-5.05,0,0,1,45
-8.24,1.73,-5.02,0,0,1,45
-8.23,1.7,-4.96,0,0,1,45
-8.24,1.68,-5.02,0,0,1,45
-8.3,1.71,-5.08,0,0,1,45
-8.24,1.68,-5.05,0,0,1,45
-8.33,1.65,-5.0,0,0,1,45
-8.32,1.64,-5.1,0,0,1,45
-8.26,1.57,-5.13,0,0,1,45
-8.25,1.76,-4.93,0,0,1,45
-8.24,1.87,-4.96,0,0,1,45
-8.25,1.79,-4.95,0,0,1,45
-8.31,1.68,-5.01,0,0,1,45
-8.25,1.67,-5.04,0,0,1,45
-8.32,1.88,-5.06,0,0,1,45
-8.33,1.84,-4.99,0,0,1,45
-8.23,1.71,-4.92,0,0,1,45
-8.21,1.73,-4.89,0,0,1,45
-8.26,1.77,-4.93,0,0,1,45
-8.35,1.79,-4.97,0,0,1,45
-8.36,1.73,-5.02,0,0,1,45
-8.26,1.68,-4.96,0,0,1,45
-8.26,1.77,-4.86,0,0,1,45
-8.25,1.72,-4.92,0,0,1,45
-8.26,1.62,-4.91,0,0,1,45
-8.33,1.57,-4.93,0,0,1,45
-8.23,1.63,-4.91,0,0,1,45
-8.3,1.7,-4.88,0,0,1,45
-8.33,1.66,-4.91,0,0,1,45
-8.38,1.62,-5.0,0,0,1,45
-8.31,1.56,-5.06,0,0,1,45
-8.36,1.6,-4.93,0,0,1,45
-8.32,1.66,-4.84,0,0,1,45
-8.37,1.67,-4.91,0,0,1,45
-8.35,1.67,-5.09,0,0,1,45
-8.36,1.66,-4.89,0,0,1,45
-8.35,1.82,-4.84,0,0,1,45
-8.32,1.74,-5.01,0,0,1,45
-8.36,1.58,-5.1,0,0,1,45
-8.34,1.6,-4.94,0,0,1,45
-8.26,1.66,-5.05,0,0,1,46
-8.25,1.72,-5.09,0,0,1,46
-8.34,1.68,-5.09,0,0,1,46
-8.27,1.7,-5.15,0,0,1,46
-8.24,1.81,-5.05,0,0,1,46
-8.27,1.94,-5.05,0,0,1,46
-8.22,1.91,-5.13,0,0,1,46
-8.26,1.77,-5.06,0,0,1,46
-8.22,1.66,-5.1,0,0,1,46
-8.24,1.76,-5.15,0,0,1,46
-8.28,1.82,-5.05,0,0,1,46
-8.24,1.73,-5.02,0,0,1,46
-8.23,1.7,-4.96,0,0,1,46
-8.24,1.68,-5.02,0,0,1,46
-8.3,1.71,-5.08,0,0,1,46
-8.24,1.68,-5.05,0,0,1,46
-8.33,1.65,-5.0,0,0,1,46
-8.32,1.64,-5.1,0,0,1,46
-8.26,1.57,-5.13,0,0,1,46
-8.25,1.76,-4.93,0,0,1,46
-8.24,1.87,-4.96,0,0,1,46
-8.25,1.79,-4.95,0,0,1,46
-8.31,1.68,-5.01,0,0,1,46
-8.25,1.67,-5.04,0,0,1,46
-8.32,1.88,-5.06,0,0,1,46
-8.33,1.84,-4.99,0,0,1,46
-8.23,1.71,-4.92,0,0,1,46
-8.21,1.73,-4.89,0,0,1,46
-8.26,1.77,-4.93,0,0,1,46
-8.35,1.79,-4.97,0,0,1,46
-8.36,1.73,-5.02,0,0,1,46
-8.26,1.68,-4.96,0,0,1,46
-8.26,1.77,-4.86,0,0,1,46
-8.25,1.72,-4.92,0,0,1,46
-8.26,1.62,-4.91,0,0,1,46
-8.33,1.57,-4.93,0,0,1,46
-8.23,1.63,-4.91,0,0,1,46
-8.3,1.7,-4.88,0,0,1,46
-8.33,1.66,-4.91,0,0,1,46
-8.38,1.62,-5.0,0,0,1,46
-8.31,1.56,-5.06,0,0,1,46
-8.36,1.6,-4.93,0,0,1,46
-8.32,1.66,-4.84,0,0,1,46
-8.37,1.67,-4.91,0,0,1,46
-8.35,1.67,-5.09,0,0,1,46
-8.36,1.66,-4.89,0,0,1,46
-8.35,1.82,-4.84,0,0,1,46
-8.32,1.74,-5.01,0,0,1,46
-8.36,1.58,-5.1,0,0,1,46
-8.34,1.6,-4.94,0,0,1,46
-8.28,1.72,-4.85,0,0,1,46
-8.18,1.66,-4.9,0,0,1,46
-8.21,1.56,-5.02,0,0,1,46
-8.25,1.65,-5.15,0,0,1,46
-8.28,1.77,-5.23,0,0,1,46
-8.2,1.69,-5.05,0,0,1,46
-8.07,1.56,-4.92,0,0,1,46
-8.11,1.57,-4.96,0,0,1,46
-8.25,1.53,-5.07,0,0,1,46
-8.15,1.61,-5.14,0,0,1,46
-8.26,1.84,-5.09,0,0,1,46
-8.24,1.89,-4.85,0,0,1,46
-8.22,1.96,-5.03,0,0,1,46
-8.38,1.93,-5.1,0,0,1,46
-8.37,1.64,-5.11,0,0,1,46
-8.38,1.33,-5.32,0,0,1,46
-8.29,1.2,-5.11,0,0,1,46
-8.23,1.34,-4.92,0,0,1,46
-8.38,1.59,-4.97,0,0,1,46
-8.35,1.49,-5.06,0,0,1,46
-8.22,1.6,-4.94,0,0,1,46
-8.32,1.63,-4.91,0,0,1,46
-8.45,1.68,-5.01,0,0,1,46
-8.43,1.49,-5.21,0,0,1,46
-8.37,1.42,-5.23,0,0,1,46
-8.25,1.43,-4.96,0,0,1,46
-8.28,1.49,-4.91,0,0,1,46
-8.39,1.43,-5.03,0,0,1,46
-8.38,1.14,-5.23,0,0,1,46
-8.35,0.93,-5.2,0,0,1,46
-8.36,0.84,-5.13,0,0,1,46
-8.35,0.85,-4.87,0,0,1,46
-8.37,0.86,-4.97,0,0,1,46
-8.36,0.73,-5.13,0,0,1,46
-8.38,0.8,-5.03,0,0,1,46
-8.3,0.92,-5.0,0,0,1,46
-8.36,1.15,-4.91,0,0,1,46
-8.46,1.14,-4.85,0,0,1,46
-8.49,1.19,-4.75,0,0,1,46
-8.54,1.23,-4.78,0,0,1,46
-8.57,1.47,-4.9,0,0,1,46
-8.76,1.72,-4.96,0,0,1,46
-8.97,1.85,-4.79,0,0,1,46
-9.03,1.7,-4.62,0,0,1,46
-8.91,1.44,-4.7,0,0,1,46
-8.93,1.01,-4.71,0,0,1,46
-8.57,0.92,-4.49,0,0,1,46
-8.64,0.88,-4.21,0,0,1,46
-8.68,1.03,-4.25,0,0,1,46
-8.78,1.14,-4.27,0,0,1,46
-8.28,1.72,-4.85,0,0,1,47
-8.18,1.66,-4.9,0,0,1,47
-8.21,1.56,-5.02,0,0,1,47
-8.25,1.65,-5.15,0,0,1,47
-8.28,1.77,-5.23,0,0,1,47
-8.2,1.69,-5.05,0,0,1,47
-8.07,1.56,-4.92,0,0,1,47
-8.11,1.57,-4.96,0,0,1,47
-8.25,1.53,-5.07,0,0,1,47
-8.15,1.61,-5.14,0,0,1,47
-8.26,1.84,-5.09,0,0,1,47
-8.24,1.89,-4.85,0,0,1,47
-8.22,1.96,-5.03,0,0,1,47
-8.38,1.93,-5.1,0,0,1,47
-8.37,1.64,-5.11,0,0,1,47
-8.38,1.33,-5.32,0,0,1,47
-8.29,1.2,-5.11,0,0,1,47
-8.23,1.34,-4.92,0,0,1,47
-8.38,1.59,-4.97,0,0,1,47
-8.35,1.49,-5.06,0,0,1,47
-8.22,1.6,-4.94,0,0,1,47
-8.32,1.63,-4.91,0,0,1,47
-8.45,1.68,-5.01,0,0,1,47
-8.43,1.49,-5.21,0,0,1,47
-8.37,1.42,-5.23,0,0,1,47
-8.25,1.43,-4.96,0,0,1,47
-8.28,1.49,-4.91,0,0,1,47
-8.39,1.43,-5.03,0,0,1,47
-8.38,1.14,-5.23,0,0,1,47
-8.35,0.93,-5.2,0,0,1,47
-8.36,0.84,-5.13,0,0,1,47
-8.35,0.85,-4.87,0,0,1,47
-8.37,0.86,-4.97,0,0,1,47
-8.36,0.73,-5.13,0,0,1,47
-8.38,0.8,-5.03,0,0,1,47
-8.3,0.92,-5.0,0,0,1,47
-8.36,1.15,-4.91,0,0,1,47
-8.46,1.14,-4.85,0,0,1,47
-8.49,1.19,-4.75,0,0,1,47
-8.54,1.23,-4.78,0,0,1,47
-8.57,1.47,-4.9,0,0,1,47
-8.76,1.72,-4.96,0,0,1,47
-8.97,1.85,-4.79,0,0,1,47
-9.03,1.7,-4.62,0,0,1,47
-8.91,1.44,-4.7,0,0,1,47
-8.93,1.01,-4.71,0,0,1,47
-8.57,0.92,-4.49,0,0,1,47
-8.64,0.88,-4.21,0,0,1,47
-8.68,1.03,-4.25,0,0,1,47
-8.78,1.14,-4.27,0,0,1,47
-8.71,1.09,-4.13,0,0,1,47
-8.65,1.35,-4.05,0,0,1,47
-8.57,1.41,-4.28,0,0,1,47
-8.77,1.45,-4.32,0,0,1,47
-8.7,1.53,-4.09,0,0,1,47
-8.47,1.8,-3.82,0,0,1,47
-8.65,2.05,-3.89,0,0,1,47
-8.92,2.28,-4.23,0,0,1,47
-9.22,2.33,-4.45,0,0,1,47
-9.4,2.17,-4.57,0,0,1,47
-9.07,2.17,-4.5,0,0,1,47
-8.81,2.05,-4.37,0,0,1,47
-8.75,2.06,-3.94,0,0,1,47
-8.54,2.45,-3.8,0,0,1,47
-8.55,2.66,-3.73,0,0,1,47
-8.64,2.63,-3.73,0,0,1,47
-8.5,2.38,-3.6,0,0,1,47
-8.33,2.37,-3.35,0,0,1,47
-8.55,2.48,-3.34,0,0,1,47
-8.45,2.43,-3.46,0,0,1,47
-8.56,2.35,-3.37,0,0,1,47
-8.6,2.3,-3.35,0,0,1,47
-8.42,2.39,-3.44,0,0,1,47
-8.23,2.4,-3.07,0,0,1,47
-8.16,2.53,-2.59,0,0,1,47
-8.29,2.84,-2.6,0,0,1,47
-8.36,3.23,-2.8,0,0,1,47
-8.49,3.52,-2.66,0,0,1,47
-8.7,3.65,-2.65,0,0,1,47
-8.77,3.72,-2.91,0,0,1,47
-8.83,3.34,-2.91,0,0,1,47
-8.68,2.86,-2.91,0,0,1,47
-8.77,2.38,-2.9,0,0,1,47
-8.49,1.84,-2.6,0,0,1,47
-8.46,1.81,-2.65,0,0,1,47
-8.54,1.96,-2.69,0,0,1,47
-8.65,1.94,-3.11,0,0,1,47
-8.73,1.85,-3.25,0,0,1,47
-8.7,1.93,-3.06,0,0,1,47
-8.71,2.32,-2.85,0,0,1,47
-8.83,2.56,-2.83,0,0,1,47
-8.45,2.93,-2.77,0,0,1,47
-8.61,2.8,-2.83,0,0,1,47
-8.78,2.83,-3.19,0,0,1,47
-9.03,3.1,-3.55,0,0,1,47
-9.3,2.92,-3.43,0,0,1,47
-9.19,2.04,-3.4,0,0,1,47
-8.88,1.55,-3.2,0,0,1,47
-8.9,1.33,-3.39,0,0,1,47
-10.4,1.72,-3.82,0,0,1,47
-8.71,1.09,-4.13,0,0,1,48
-8.65,1.35,-4.05,0,0,1,48
-8.57,1.41,-4.28,0,0,1,48
-8.77,1.45,-4.32,0,0,1,48
-8.7,1.53,-4.09,0,0,1,48
-8.47,1.8,-3.82,0,0,1,48
-8.65,2.05,-3.89,0,0,1,48
-8.92,2.28,-4.23,0,0,1,48
-9.22,2.33,-4.45,0,0,1,48
-9.4,2.17,-4.57,0,0,1,48
-9.07,2.17,-4.5,0,0,1,48
-8.81,2.05,-4.37,0,0,1,48
-8.75,2.06,-3.94,0,0,1,48
-8.54,2.45,-3.8,0,0,1,48
-8.55,2.66,-3.73,0,0,1,48
-8.64,2.63,-3.73,0,0,1,48
-8.5,2.38,-3.6,0,0,1,48
-8.33,2.37,-3.35,0,0,1,48
-8.55,2.48,-3.34,0,0,1,48
-8.45,2.43,-3.46,0,0,1,48
-8.56,2.35,-3.37,0,0,1,48
-8.6,2.3,-3.35,0,0,1,48
-8.42,2.39,-3.44,0,0,1,48
-8.23,2.4,-3.07,0,0,1,48
-8.16,2.53,-2.59,0,0,1,48
-8.29,2.84,-2.6,0,0,1,48
-8.36,3.23,-2.8,0,0,1,48
-8.49,3.52,-2.66,0,0,1,48
-8.7,3.65,-2.65,0,0,1,48
-8.77,3.72,-2.91,0,0,1,48
-8.83,3.34,-2.91,0,0,1,48
-8.68,2.86,-2.91,0,0,1,48
-8.77,2.38,-2.9,0,0,1,48
-8.49,1.84,-2.6,0,0,1,48
-8.46,1.81,-2.65,0,0,1,48
-8.54,1.96,-2.69,0,0,1,48
-8.65,1.94,-3.11,0,0,1,48
-8.73,1.85,-3.25,0,0,1,48
-8.7,1.93,-3.06,0,0,1,48
-8.71,2.32,-2.85,0,0,1,48
-8.83,2.56,-2.83,0,0,1,48
-8.45,2.93,-2.77,0,0,1,48
-8.61,2.8,-2.83,0,0,1,48
-8.78,2.83,-3.19,0,0,1,48
-9.03,3.1,-3.55,0,0,1,48
-9.3,2.92,-3.43,0,0,1,48
-9.19,2.04,-3.4,0,0,1,48
-8.88,1.55,-3.2,0,0,1,48
-8.9,1.33,-3.39,0,0,1,48
-10.4,1.72,-3.82,0,0,1,48
-11.8,1.76,-5.73,0,0,1,48
-11.45,1.07,-6.58,0,0,1,48
-9.68,0.32,-4.07,0,0,1,48
-7.84,0.56,-1.76,0,0,1,48
-7.49,1.37,-1.08,0,0,1,48
-8.36,1.38,-2.95,0,0,1,48
-8.46,0.52,-4.93,0,0,1,48
-9.16,-0.56,-5.34,0,0,1,48
-8.67,-0.9,-4.45,0,0,1,48
-8.27,-0.4,-4.19,0,0,1,48
-8.48,-0.01,-4.1,0,0,1,48
-8.54,-0.24,-4.68,0,0,1,48
-8.07,-1.0,-5.54,0,0,1,48
-7.76,-1.43,-6.22,0,0,1,48
-7.99,-1.26,-6.48,0,0,1,48
-7.97,-0.54,-5.81,0,0,1,48
-8.26,0.45,-5.65,0,0,1,48
-8.07,1.17,-5.74,0,0,1,48
-8.18,1.53,-5.9,0,0,1,48
-8.46,1.5,-5.68,0,0,1,48
-8.43,1.44,-5.34,0,0,1,48
-8.19,2.07,-5.17,0,0,1,48
-8.2,2.51,-5.04,0,0,1,48
-8.28,2.15,-5.0,0,0,1,48
-8.04,2.05,-5.19,0,0,1,48
-8.44,1.88,-5.43,0,0,1,48
-8.49,2.02,-5.51,0,0,1,48
-8.27,2.07,-5.36,0,0,1,48
-8.26,2.28,-5.09,0,0,1,48
-8.16,2.39,-5.01,0,0,1,48
-8.16,2.24,-5.08,0,0,1,48
-7.68,2.22,-5.37,0,0,1,48
-7.39,2.22,-5.58,0,0,1,48
-7.25,2.43,-5.48,0,0,1,48
-7.19,2.88,-5.17,0,0,1,48
-7.23,3.4,-4.77,0,0,1,48
-6.98,3.89,-5.1,0,0,1,48
-6.89,4.6,-5.54,0,0,1,48
-7.19,5.25,-5.23,0,0,1,48
-7.45,4.91,-4.82,0,0,1,48
-9.64,2.62,-2.44,0,0,1,48
-8.02,2.28,0.47,0,0,1,48
-7.88,1.36,-0.57,0,0,1,48
-9.14,-2.0,-5.98,0,0,1,48
-12.1,-4.18,-12.06,0,0,1,48
-14.79,-1.9,-11.19,0,0,1,48
-12.51,1.77,-7.91,0,0,1,48
-9.92,2.62,-4.84,0,0,1,48
-8.43,2.26,-2.76,0,0,1,48
-7.16,0.02,-0.22,0,0,1,48
-11.8,1.76,-5.73,0,0,1,49
-11.45,1.07,-6.58,0,0,1,49
-9.68,0.32,-4.07,0,0,1,49
-7.84,0.56,-1.76,0,0,1,49
-7.49,1.37,-1.08,0,0,1,49
-8.36,1.38,-2.95,0,0,1,49
-8.46,0.52,-4.93,0,0,1,49
-9.16,-0.56,-5.34,0,0,1,49
-8.67,-0.9,-4.45,0,0,1,49
-8.27,-0.4,-4.19,0,0,1,49
-8.48,-0.01,-4.1,0,0,1,49
-8.54,-0.24,-4.68,0,0,1,49
-8.07,-1.0,-5.54,0,0,1,49
-7.76,-1.43,-6.22,0,0,1,49
-7.99,-1.26,-6.48,0,0,1,49
-7.97,-0.54,-5.81,0,0,1,49
-8.26,0.45,-5.65,0,0,1,49
-8.07,1.17,-5.74,0,0,1,49
-8.18,1.53,-5.9,0,0,1,49
-8.46,1.5,-5.68,0,0,1,49
-8.43,1.44,-5.34,0,0,1,49
-8.19,2.07,-5.17,0,0,1,49
-8.2,2.51,-5.04,0,0,1,49
-8.28,2.15,-5.0,0,0,1,49
-8.04,2.05,-5.19,0,0,1,49
-8.44,1.88,-5.43,0,0,1,49
-8.49,2.02,-5.51,0,0,1,49
-8.27,2.07,-5.36,0,0,1,49
-8.26,2.28,-5.09,0,0,1,49
-8.16,2.39,-5.01,0,0,1,49
-8.16,2.24,-5.08,0,0,1,49
-7.68,2.22,-5.37,0,0,1,49
-7.39,2.22,-5.58,0,0,1,49
-7.25,2.43,-5.48,0,0,1,49
-7.19,2.88,-5.17,0,0,1,49
-7.23,3.4,-4.77,0,0,1,49
-6.98,3.89,-5.1,0,0,1,49
-6.89,4.6,-5.54,0,0,1,49
-7.19,5.25,-5.23,0,0,1,49
-7.45,4.91,-4.82,0,0,1,49
-9.64,2.62,-2.44,0,0,1,49
-8.02,2.28,0.47,0,0,1,49
-7.88,1.36,-0.57,0,0,1,49
-9.14,-2.0,-5.98,0,0,1,49
-12.1,-4.18,-12.06,0,0,1,49
-14.79,-1.9,-11.19,0,0,1,49
-12.51,1.77,-7.91,0,0,1,49
-9.92,2.62,-4.84,0,0,1,49
-8.43,2.26,-2.76,0,0,1,49
-7.16,0.02,-0.22,0,0,1,49
-5.87,-1.26,-0.17,0,0,1,49
-7.16,0.12,-2.13,0,0,1,49
-9.13,1.85,-4.01,0,0,1,49
-9.76,3.09,-4.44,0,0,1,49
-9.75,2.44,-4.06,0,0,1,49
-9.42,0.89,-3.98,0,0,1,49
-8.82,0.0,-3.28,0,0,1,49
-8.0,-0.1,-2.68,0,0,1,49
-7.75,0.75,-3.02,0,0,1,49
-8.09,1.91,-3.76,0,0,1,49
-8.58,2.84,-4.18,0,0,1,49
-8.6,3.06,-4.01,0,0,1,49
-8.27,2.81,-3.43,0,0,1,49
-7.94,2.55,-3.13,0,0,1,49
-7.9,2.43,-3.21,0,0,1,49
-8.21,2.39,-3.57,0,0,1,49
-8.05,2.57,-3.68,0,0,1,49
-7.6,2.84,-3.38,0,0,1,49
-7.07,2.97,-3.06,0,0,1,49
-7.31,2.81,-2.83,0,0,1,49
-8.12,2.64,-3.03,0,0,1,49
-8.1,2.45,-4.02,0,0,1,49
-8.26,2.22,-4.06,0,0,1,49
-8.86,3.03,-4.02,0,0,1,49
-8.8,4.46,-4.37,0,0,1,49
-12.78,2.94,-4.43,0,0,1,49
-15.19,2.32,-8.98,0,0,1,49
-12.21,1.32,-10.16,0,0,1,49
-9.71,-0.67,-5.29,0,0,1,49
-8.78,-1.31,-1.27,0,0,1,49
-7.42,0.35,-0.14,0,0,1,49
-7.6,2.5,-1.19,0,0,1,49
-8.54,1.21,-3.89,0,0,1,49
-8.8,-1.18,-6.58,0,0,1,49
-8.38,-2.16,-7.39,0,0,1,49
-7.69,-1.27,-6.0,0,0,1,49
-7.59,-0.73,-4.27,0,0,1,49
-7.75,-0.5,-3.71,0,0,1,49
-7.58,0.4,-3.81,0,0,1,49
-7.73,1.79,-5.0,0,0,1,49
-8.47,2.49,-6.0,0,0,1,49
-8.78,2.56,-6.23,0,0,1,49
-8.62,1.98,-6.01,0,0,1,49
-8.13,1.37,-5.28,0,0,1,49
-7.54,1.09,-4.43,0,0,1,49
-7.39,1.14,-4.32,0,0,1,49
-7.6,1.84,-4.76,0,0,1,49
-7.81,2.64,-5.33,0,0,1,49
-7.82,3.14,-5.53,0,0,1,49
-7.62,3.25,-5.25,0,0,1,49
-5.87,-1.26,-0.17,0,0,1,50
-7.16,0.12,-2.13,0,0,1,50
-9.13,1.85,-4.01,0,0,1,50
-9.76,3.09,-4.44,0,0,1,50
-9.75,2.44,-4.06,0,0,1,50
-9.42,0.89,-3.98,0,0,1,50
-8.82,0.0,-3.28,0,0,1,50
-8.0,-0.1,-2.68,0,0,1,50
-7.75,0.75,-3.02,0,0,1,50
-8.09,1.91,-3.76,0,0,1,50
-8.58,2.84,-4.18,0,0,1,50
-8.6,3.06,-4.01,0,0,1,50
-8.27,2.81,-3.43,0,0,1,50
-7.94,2.55,-3.13,0,0,1,50
-7.9,2.43,-3.21,0,0,1,50
-8.21,2.39,-3.57,0,0,1,50
-8.05,2.57,-3.68,0,0,1,50
-7.6,2.84,-3.38,0,0,1,50
-7.07,2.97,-3.06,0,0,1,50
-7.31,2.81,-2.83,0,0,1,50
-8.12,2.64,-3.03,0,0,1,50
-8.1,2.45,-4.02,0,0,1,50
-8.26,2.22,-4.06,0,0,1,50
-8.86,3.03,-4.02,0,0,1,50
-8.8,4.46,-4.37,0,0,1,50
-12.78,2.94,-4.43,0,0,1,50
-15.19,2.32,-8.98,0,0,1,50
-12.21,1.32,-10.16,0,0,1,50
-9.71,-0.67,-5.29,0,0,1,50
-8.78,-1.31,-1.27,0,0,1,50
-7.42,0.35,-0.14,0,0,1,50
-7.6,2.5,-1.19,0,0,1,50
-8.54,1.21,-3.89,0,0,1,50
-8.8,-1.18,-6.58,0,0,1,50
-8.38,-2.16,-7.39,0,0,1,50
-7.69,-1.27,-6.0,0,0,1,50
-7.59,-0.73,-4.27,0,0,1,50
-7.75,-0.5,-3.71,0,0,1,50
-7.58,0.4,-3.81,0,0,1,50
-7.73,1.79,-5.0,0,0,1,50
-8.47,2.49,-6.0,0,0,1,50
-8.78,2.56,-6.23,0,0,1,50
-8.62,1.98,-6.01,0,0,1,50
-8.13,1.37,-5.28,0,0,1,50
-7.54,1.09,-4.43,0,0,1,50
-7.39,1.14,-4.32,0,0,1,50
-7.6,1.84,-4.76,0,0,1,50
-7.81,2.64,-5.33,0,0,1,50
-7.82,3.14,-5.53,0,0,1,50
-7.62,3.25,-5.25,0,0,1,50
-7.55,3.14,-4.83,0,0,1,50
-7.41,2.92,-4.61,0,0,1,50
-7.72,2.1,-5.1,0,0,1,50
-8.35,1.27,-5.75,0,0,1,50
-8.74,0.7,-6.08,0,0,1,50
-8.67,0.9,-5.61,0,0,1,50
-8.47,1.79,-5.1,0,0,1,50
-8.09,2.57,-4.88,0,0,1,50
-7.57,2.53,-5.13,0,0,1,50
-8.46,1.73,-4.71,0,0,1,50
-7.21,1.16,-4.71,0,0,1,50
-6.98,1.09,-4.78,0,0,1,50
-8.71,3.24,-4.58,0,0,1,50
-10.53,6.25,-4.56,0,0,1,50
-11.19,5.85,-7.61,0,0,1,50
-12.17,2.31,-10.73,0,0,1,50
-11.51,-0.33,-10.85,0,0,1,50
-9.15,-0.89,-5.93,0,0,1,50
-6.06,-1.37,-1.02,0,0,1,50
-4.98,-1.61,0.14,0,0,1,50
-5.65,-2.08,-0.59,0,0,1,50
-6.56,-1.78,-1.93,0,0,1,50
-7.41,-0.41,-3.44,0,0,1,50
-9.48,1.7,-4.82,0,0,1,50
-11.43,4.07,-5.82,0,0,1,50
-11.27,5.08,-6.26,0,0,1,50
-10.34,4.59,-4.99,0,0,1,50
-8.92,3.44,-3.58,0,0,1,50
-8.05,2.22,-3.08,0,0,1,50
-7.96,1.87,-3.63,0,0,1,50
-8.55,1.96,-4.26,0,0,1,50
-8.57,2.16,-4.44,0,0,1,50
-7.37,2.37,-3.62,0,0,1,50
-6.42,1.87,-2.5,0,0,1,50
-6.44,1.87,-2.49,0,0,1,50
-6.8,2.08,-3.71,0,0,1,50
-7.34,2.72,-4.79,0,0,1,50
-8.16,2.92,-4.63,0,0,1,50
-8.36,3.19,-4.03,0,0,1,50
-7.39,3.6,-4.71,0,0,1,50
-6.82,3.78,-4.49,0,0,1,50
-7.52,4.72,-4.35,0,0,1,50
-8.43,6.28,-4.06,0,0,1,50
-12.65,4.88,-4.81,0,0,1,50
-13.16,3.36,-8.62,0,0,1,50
-10.21,1.26,-8.29,0,0,1,50
-9.04,-1.29,-3.9,0,0,1,50
-9.79,-2.0,-3.36,0,0,1,50
-8.81,-0.4,-4.41,0,0,1,50
-8.13,1.38,-3.14,0,0,1,50
-7.55,3.14,-4.83,0,0,1,51
-7.41,2.92,-4.61,0,0,1,51
-7.72,2.1,-5.1,0,0,1,51
-8.35,1.27,-5.75,0,0,1,51
-8.74,0.7,-6.08,0,0,1,51
-8.67,0.9,-5.61,0,0,1,51
-8.47,1.79,-5.1,0,0,1,51
-8.09,2.57,-4.88,0,0,1,51
-7.57,2.53,-5.13,0,0,1,51
-8.46,1.73,-4.71,0,0,1,51
-7.21,1.16,-4.71,0,0,1,51
-6.98,1.09,-4.78,0,0,1,51
-8.71,3.24,-4.58,0,0,1,51
-10.53,6.25,-4.56,0,0,1,51
-11.19,5.85,-7.61,0,0,1,51
-12.17,2.31,-10.73,0,0,1,51
-11.51,-0.33,-10.85,0,0,1,51
-9.15,-0.89,-5.93,0,0,1,51
-6.06,-1.37,-1.02,0,0,1,51
-4.98,-1.61,0.14,0,0,1,51
-5.65,-2.08,-0.59,0,0,1,51
-6.56,-1.78,-1.93,0,0,1,51
-7.41,-0.41,-3.44,0,0,1,51
-9.48,1.7,-4.82,0,0,1,51
-11.43,4.07,-5.82,0,0,1,51
-11.27,5.08,-6.26,0,0,1,51
-10.34,4.59,-4.99,0,0,1,51
-8.92,3.44,-3.58,0,0,1,51
-8.05,2.22,-3.08,0,0,1,51
-7.96,1.87,-3.63,0,0,1,51
-8.55,1.96,-4.26,0,0,1,51
-8.57,2.16,-4.44,0,0,1,51
-7.37,2.37,-3.62,0,0,1,51
-6.42,1.87,-2.5,0,0,1,51
-6.44,1.87,-2.49,0,0,1,51
-6.8,2.08,-3.71,0,0,1,51
-7.34,2.72,-4.79,0,0,1,51
-8.16,2.92,-4.63,0,0,1,51
-8.36,3.19,-4.03,0,0,1,51
-7.39,3.6,-4.71,0,0,1,51
-6.82,3.78,-4.49,0,0,1,51
-7.52,4.72,-4.35,0,0,1,51
-8.43,6.28,-4.06,0,0,1,51
-12.65,4.88,-4.81,0,0,1,51
-13.16,3.36,-8.62,0,0,1,51
-10.21,1.26,-8.29,0,0,1,51
-9.04,-1.29,-3.9,0,0,1,51
-9.79,-2.0,-3.36,0,0,1,51
-8.81,-0.4,-4.41,0,0,1,51
-8.13,1.38,-3.14,0,0,1,51
-8.04,1.04,-2.79,0,0,1,51
-7.76,-0.33,-3.38,0,0,1,51
-8.72,-1.24,-4.86,0,0,1,51
-8.84,-0.47,-5.34,0,0,1,51
-8.0,0.56,-4.61,0,0,1,51
-7.81,0.88,-4.59,0,0,1,51
-8.37,1.12,-4.8,0,0,1,51
-8.63,0.98,-4.97,0,0,1,51
-8.56,0.81,-4.8,0,0,1,51
-8.5,0.72,-4.92,0,0,1,51
-8.34,0.3,-5.19,0,0,1,51
-8.05,-0.08,-5.68,0,0,1,51
-8.4,-0.04,-6.03,0,0,1,51
-8.54,-0.36,-5.73,0,0,1,51
-7.94,-0.01,-5.64,0,0,1,51
-8.37,0.22,-5.85,0,0,1,51
-8.54,0.89,-5.75,0,0,1,51
-8.49,0.88,-5.65,0,0,1,51
-8.34,0.73,-5.38,0,0,1,51
-8.22,0.83,-5.19,0,0,1,51
-7.64,1.52,-4.93,0,0,1,51
-7.85,1.98,-5.9,0,0,1,51
-8.44,2.2,-6.15,0,0,1,51
-8.16,1.78,-5.76,0,0,1,51
-8.0,1.49,-5.06,0,0,1,51
-9.73,0.42,-4.46,0,0,1,51
-8.42,0.74,-2.44,0,0,1,51
-8.19,1.86,-1.29,0,0,1,51
-8.86,2.17,-3.07,0,0,1,51
-10.4,0.29,-5.72,0,0,1,51
-11.05,-1.99,-7.75,0,0,1,51
-10.65,-3.15,-8.01,0,0,1,51
-9.04,-2.21,-6.44,0,0,1,51
-7.68,-0.49,-3.2,0,0,1,51
-6.9,0.54,-1.72,0,0,1,51
-6.75,1.3,-2.05,0,0,1,51
-7.16,1.81,-3.71,0,0,1,51
-7.7,2.13,-5.08,0,0,1,51
-8.11,2.52,-4.72,0,0,1,51
-8.27,3.39,-3.47,0,0,1,51
-8.3,3.83,-2.44,0,0,1,51
-8.24,3.95,-2.38,0,0,1,51
-8.81,3.41,-2.68,0,0,1,51
-9.09,2.61,-3.25,0,0,1,51
-9.75,2.24,-3.49,0,0,1,51
-9.69,2.59,-3.73,0,0,1,51
-9.65,2.77,-3.37,0,0,1,51
-9.16,2.45,-2.82,0,0,1,51
-8.55,1.88,-2.51,0,0,1,51
-8.24,1.32,-2.47,0,0,1,51
-8.04,1.04,-2.79,0,0,1,52
-7.76,-0.33,-3.38,0,0,1,52
-8.72,-1.24,-4.86,0,0,1,52
-8.84,-0.47,-5.34,0,0,1,52
-8.0,0.56,-4.61,0,0,1,52
-7.81,0.88,-4.59,0,0,1,52
-8.37,1.12,-4.8,0,0,1,52
-8.63,0.98,-4.97,0,0,1,52
-8.56,0.81,-4.8,0,0,1,52
-8.5,0.72,-4.92,0,0,1,52
-8.34,0.3,-5.19,0,0,1,52
-8.05,-0.08,-5.68,0,0,1,52
-8.4,-0.04,-6.03,0,0,1,52
-8.54,-0.36,-5.73,0,0,1,52
-7.94,-0.01,-5.64,0,0,1,52
-8.37,0.22,-5.85,0,0,1,52
-8.54,0.89,-5.75,0,0,1,52
-8.49,0.88,-5.65,0,0,1,52
-8.34,0.73,-5.38,0,0,1,52
-8.22,0.83,-5.19,0,0,1,52
-7.64,1.52,-4.93,0,0,1,52
-7.85,1.98,-5.9,0,0,1,52
-8.44,2.2,-6.15,0,0,1,52
-8.16,1.78,-5.76,0,0,1,52
-8.0,1.49,-5.06,0,0,1,52
-9.73,0.42,-4.46,0,0,1,52
-8.42,0.74,-2.44,0,0,1,52
-8.19,1.86,-1.29,0,0,1,52
-8.86,2.17,-3.07,0,0,1,52
-10.4,0.29,-5.72,0,0,1,52
-11.05,-1.99,-7.75,0,0,1,52
-10.65,-3.15,-8.01,0,0,1,52
-9.04,-2.21,-6.44,0,0,1,52
-7.68,-0.49,-3.2,0,0,1,52
-6.9,0.54,-1.72,0,0,1,52
-6.75,1.3,-2.05,0,0,1,52
-7.16,1.81,-3.71,0,0,1,52
-7.7,2.13,-5.08,0,0,1,52
-8.11,2.52,-4.72,0,0,1,52
-8.27,3.39,-3.47,0,0,1,52
-8.3,3.83,-2.44,0,0,1,52
-8.24,3.95,-2.38,0,0,1,52
-8.81,3.41,-2.68,0,0,1,52
-9.09,2.61,-3.25,0,0,1,52
-9.75,2.24,-3.49,0,0,1,52
-9.69,2.59,-3.73,0,0,1,52
-9.65,2.77,-3.37,0,0,1,52
-9.16,2.45,-2.82,0,0,1,52
-8.55,1.88,-2.51,0,0,1,52
-8.24,1.32,-2.47,0,0,1,52
-8.44,0.69,-2.61,0,0,1,52
-8.92,0.28,-3.24,0,0,1,52
-8.94,0.07,-4.48,0,0,1,52
-9.27,-0.13,-4.98,0,0,1,52
-8.99,0.33,-4.6,0,0,1,52
-8.56,0.92,-4.05,0,0,1,52
-11.58,1.28,-5.08,0,0,1,52
-12.4,3.65,-8.02,0,0,1,52
-9.01,3.81,-6.1,0,0,1,52
-6.46,2.84,-1.07,0,0,1,52
-6.46,1.74,0.56,0,0,1,52
-8.84,1.18,-2.12,0,0,1,52
-9.59,-0.24,-5.13,0,0,1,52
-9.8,-1.58,-6.1,0,0,1,52
-9.56,-0.9,-4.68,0,0,1,52
-8.29,0.98,-3.75,0,0,1,52
-8.0,2.22,-3.29,0,0,1,52
-8.32,2.33,-3.7,0,0,1,52
-8.35,0.46,-5.05,0,0,1,52
-8.06,-1.77,-5.96,0,0,1,52
-7.62,-2.87,-6.43,0,0,1,52
-7.84,-2.41,-5.46,0,0,1,52
-7.59,-0.23,-5.45,0,0,1,52
-8.44,1.51,-5.8,0,0,1,52
-9.0,1.49,-6.51,0,0,1,52
-8.77,0.64,-6.31,0,0,1,52
-8.89,-0.59,-5.53,0,0,1,52
-8.38,-1.35,-4.96,0,0,1,52
-8.21,-1.91,-5.3,0,0,1,52
-7.88,-1.83,-5.97,0,0,1,52
-7.47,-2.07,-6.04,0,0,1,52
-7.7,-2.79,-7.02,0,0,1,52
-11.57,-1.68,-6.04,0,0,1,52
-9.23,2.15,-3.28,0,0,1,52
-8.08,4.26,-0.53,0,0,1,52
-7.82,2.65,-1.91,0,0,1,52
-7.78,-0.42,-4.37,0,0,1,52
-8.88,-2.9,-5.44,0,0,1,52
-8.9,-1.63,-3.96,0,0,1,52
-7.61,0.03,-0.68,0,0,1,52
-8.15,0.58,-0.11,0,0,1,52
-10.8,-1.93,-1.28,0,0,1,52
-10.84,-2.09,-3.41,0,0,1,52
-9.92,-0.35,-3.65,0,0,1,52
-9.39,-0.01,-1.71,0,0,1,52
-8.34,-0.39,-0.46,0,0,1,52
-8.11,-1.75,-1.05,0,0,1,52
-9.01,-2.16,-2.45,0,0,1,52
-9.32,-1.77,-1.95,0,0,1,52
-9.01,-2.03,-1.8,0,0,1,52
-8.44,0.69,-2.61,0,0,1,53
-8.92,0.28,-3.24,0,0,1,53
-8.94,0.07,-4.48,0,0,1,53
-9.27,-0.13,-4.98,0,0,1,53
-8.99,0.33,-4.6,0,0,1,53
-8.56,0.92,-4.05,0,0,1,53
-11.58,1.28,-5.08,0,0,1,53
-12.4,3.65,-8.02,0,0,1,53
-9.01,3.81,-6.1,0,0,1,53
-6.46,2.84,-1.07,0,0,1,53
-6.46,1.74,0.56,0,0,1,53
-8.84,1.18,-2.12,0,0,1,53
-9.59,-0.24,-5.13,0,0,1,53
-9.8,-1.58,-6.1,0,0,1,53
-9.56,-0.9,-4.68,0,0,1,53
-8.29,0.98,-3.75,0,0,1,53
-8.0,2.22,-3.29,0,0,1,53
-8.32,2.33,-3.7,0,0,1,53
-8.35,0.46,-5.05,0,0,1,53
-8.06,-1.77,-5.96,0,0,1,53
-7.62,-2.87,-6.43,0,0,1,53
-7.84,-2.41,-5.46,0,0,1,53
-7.59,-0.23,-5.45,0,0,1,53
-8.44,1.51,-5.8,0,0,1,53
-9.0,1.49,-6.51,0,0,1,53
-8.77,0.64,-6.31,0,0,1,53
-8.89,-0.59,-5.53,0,0,1,53
-8.38,-1.35,-4.96,0,0,1,53
-8.21,-1.91,-5.3,0,0,1,53
-7.88,-1.83,-5.97,0,0,1,53
-7.47,-2.07,-6.04,0,0,1,53
-7.7,-2.79,-7.02,0,0,1,53
-11.57,-1.68,-6.04,0,0,1,53
-9.23,2.15,-3.28,0,0,1,53
-8.08,4.26,-0.53,0,0,1,53
-7.82,2.65,-1.91,0,0,1,53
-7.78,-0.42,-4.37,0,0,1,53
-8.88,-2.9,-5.44,0,0,1,53
-8.9,-1.63,-3.96,0,0,1,53
-7.61,0.03,-0.68,0,0,1,53
-8.15,0.58,-0.11,0,0,1,53
-10.8,-1.93,-1.28,0,0,1,53
-10.84,-2.09,-3.41,0,0,1,53
-9.92,-0.35,-3.65,0,0,1,53
-9.39,-0.01,-1.71,0,0,1,53
-8.34,-0.39,-0.46,0,0,1,53
-8.11,-1.75,-1.05,0,0,1,53
-9.01,-2.16,-2.45,0,0,1,53
-9.32,-1.77,-1.95,0,0,1,53
-9.01,-2.03,-1.8,0,0,1,53
-8.98,-3.04,-1.79,0,0,1,53
-9.19,-3.88,-1.51,0,0,1,53
-8.64,-3.31,-0.87,0,0,1,53
-8.5,-2.58,-0.6,0,0,1,53
-8.85,-2.56,-1.1,0,0,1,53
-9.64,-3.61,-2.74,0,0,1,53
-9.98,-4.45,-3.56,0,0,1,53
-9.22,-4.62,-2.52,0,0,1,53
-8.32,-4.45,-0.8,0,0,1,53
-8.32,-4.04,-0.39,0,0,1,53
-8.9,-3.8,-1.57,0,0,1,53
-9.79,-3.88,-2.58,0,0,1,53
-9.55,-3.85,-2.93,0,0,1,53
-8.56,-4.68,-2.31,0,0,1,53
-7.47,-4.88,-1.67,0,0,1,53
-7.2,-5.32,-1.49,0,0,1,53
-7.47,-5.39,-1.74,0,0,1,53
-8.13,-5.4,-2.25,0,0,1,53
-8.73,-5.0,-2.31,0,0,1,53
-9.12,-4.49,-2.03,0,0,1,53
-9.31,-3.83,-1.97,0,0,1,53
-9.76,-3.83,-1.84,0,0,1,53
-9.58,-4.41,-1.83,0,0,1,53
-9.01,-4.8,-1.78,0,0,1,53
-8.54,-4.76,-1.62,0,0,1,53
-8.25,-4.51,-1.5,0,0,1,53
-8.19,-4.21,-1.6,0,0,1,53
-8.2,-4.22,-1.65,0,0,1,53
-8.14,-4.51,-1.77,0,0,1,53
-8.16,-4.86,-1.97,0,0,1,53
-8.17,-5.02,-2.0,0,0,1,53
-8.3,-4.89,-1.81,0,0,1,53
-8.2,-4.52,-1.84,0,0,1,53
-8.18,-4.53,-1.88,0,0,1,53
-8.26,-4.54,-1.94,0,0,1,53
-8.28,-4.45,-1.86,0,0,1,53
-8.26,-4.24,-1.71,0,0,1,53
-8.23,-4.25,-1.62,0,0,1,53
-8.16,-4.44,-1.75,0,0,1,53
-8.39,-4.4,-1.67,0,0,1,53
-8.66,-4.25,-1.77,0,0,1,53
-8.92,-4.14,-2.11,0,0,1,53
-8.94,-4.32,-2.39,0,0,1,53
-8.58,-4.49,-2.22,0,0,1,53
-8.25,-4.36,-1.86,0,0,1,53
-8.18,-4.24,-1.69,0,0,1,53
-8.28,-4.08,-1.9,0,0,1,53
-8.3,-4.06,-1.99,0,0,1,53
-8.26,-4.11,-1.94,0,0,1,53
-8.3,-4.01,-1.68,0,0,1,53
-8.98,-3.04,-1.79,0,0,1,54
-9.19,-3.88,-1.51,0,0,1,54
-8.64,-3.31,-0.87,0,0,1,54
-8.5,-2.58,-0.6,0,0,1,54
-8.85,-2.56,-1.1,0,0,1,54
-9.64,-3.61,-2.74,0,0,1,54
-9.98,-4.45,-3.56,0,0,1,54
-9.22,-4.62,-2.52,0,0,1,54
-8.32,-4.45,-0.8,0,0,1,54
-8.32,-4.04,-0.39,0,0,1,54
-8.9,-3.8,-1.57,0,0,1,54
-9.79,-3.88,-2.58,0,0,1,54
-9.55,-3.85,-2.93,0,0,1,54
-8.56,-4.68,-2.31,0,0,1,54
-7.47,-4.88,-1.67,0,0,1,54
-7.2,-5.32,-1.49,0,0,1,54
-7.47,-5.39,-1.74,0,0,1,54
-8.13,-5.4,-2.25,0,0,1,54
-8.73,-5.0,-2.31,0,0,1,54
-9.12,-4.49,-2.03,0,0,1,54
-9.31,-3.83,-1.97,0,0,1,54
-9.76,-3.83,-1.84,0,0,1,54
-9.58,-4.41,-1.83,0,0,1,54
-9.01,-4.8,-1.78,0,0,1,54
-8.54,-4.76,-1.62,0,0,1,54
-8.25,-4.51,-1.5,0,0,1,54
-8.19,-4.21,-1.6,0,0,1,54
-8.2,-4.22,-1.65,0,0,1,54
-8.14,-4.51,-1.77,0,0,1,54
-8.16,-4.86,-1.97,0,0,1,54
-8.17,-5.02,-2.0,0,0,1,54
-8.3,-4.89,-1.81,0,0,1,54
-8.2,-4.52,-1.84,0,0,1,54
-8.18,-4.53,-1.88,0,0,1,54
-8.26,-4.54,-1.94,0,0,1,54
-8.28,-4.45,-1.86,0,0,1,54
-8.26,-4.24,-1.71,0,0,1,54
-8.23,-4.25,-1.62,0,0,1,54
-8.16,-4.44,-1.75,0,0,1,54
-8.39,-4.4,-1.67,0,0,1,54
-8.66,-4.25,-1.77,0,0,1,54
-8.92,-4.14,-2.11,0,0,1,54
-8.94,-4.32,-2.39,0,0,1,54
-8.58,-4.49,-2.22,0,0,1,54
-8.25,-4.36,-1.86,0,0,1,54
-8.18,-4.24,-1.69,0,0,1,54
-8.28,-4.08,-1.9,0,0,1,54
-8.3,-4.06,-1.99,0,0,1,54
-8.26,-4.11,-1.94,0,0,1,54
-8.3,-4.01,-1.68,0,0,1,54
-8.32,-3.77,-1.66,0,0,1,54
-8.44,-3.56,-1.61,0,0,1,54
-8.54,-3.54,-1.72,0,0,1,54
-8.61,-3.73,-1.71,0,0,1,54
-9.03,-3.92,-1.63,0,0,1,54
-9.19,-3.96,-1.94,0,0,1,54
-9.27,-4.22,-2.08,0,0,1,54
-9.27,-4.28,-1.98,0,0,1,54
-8.66,-3.99,-2.04,0,0,1,54
-7.92,-4.16,-2.54,0,0,1,54
-7.32,-4.57,-2.81,0,0,1,54
-7.01,-4.43,-2.89,0,0,1,54
-6.75,-4.39,-3.01,0,0,1,54
-6.97,-4.56,-3.2,0,0,1,54
-7.81,-4.33,-3.04,0,0,1,54
-8.94,-3.76,-2.96,0,0,1,54
-8.9,-3.17,-3.63,0,0,1,54
-8.69,-3.21,-3.46,0,0,1,54
-8.0,-2.67,-2.52,0,0,1,54
-7.43,-2.43,-1.37,0,0,1,54
-7.46,-3.18,-1.25,0,0,1,54
-7.3,-4.23,-1.86,0,0,1,54
-7.25,-4.19,-1.93,0,0,1,54
-7.78,-3.47,-1.78,0,0,1,54
-8.25,-2.49,-1.66,0,0,1,54
-8.15,-2.77,-1.89,0,0,1,54
-7.47,-3.08,-1.55,0,0,1,54
-7.04,-3.43,-1.0,0,0,1,54
-7.15,-3.56,-0.68,0,0,1,54
-7.41,-3.84,-1.36,0,0,1,54
-8.09,-4.41,-1.79,0,0,1,54
-8.21,-4.52,-1.6,0,0,1,54
-8.8,-4.22,-1.58,0,0,1,54
-8.56,-3.69,-1.86,0,0,1,54
-8.56,-3.29,-1.92,0,0,1,54
-8.42,-3.76,-1.73,0,0,1,54
-8.89,-3.63,-1.09,0,0,1,54
-9.12,-2.57,-1.4,0,0,1,54
-9.13,-2.51,-1.74,0,0,1,54
-9.06,-2.39,-2.1,0,0,1,54
-8.96,-2.19,-1.74,0,0,1,54
-8.94,-1.71,-1.07,0,0,1,54
-9.31,-1.43,-1.31,0,0,1,54
-9.73,-1.73,-2.25,0,0,1,54
-9.78,-1.72,-2.36,0,0,1,54
-9.61,-1.52,-1.66,0,0,1,54
-9.63,-1.32,-1.06,0,0,1,54
-9.75,-1.13,-0.92,0,0,1,54
-10.24,-0.84,-1.04,0,0,1,54
-10.82,-0.28,-1.25,0,0,1,54
-8.32,-3.77,-1.66,0,0,1,55
-8.44,-3.56,-1.61,0,0,1,55
-8.54,-3.54,-1.72,0,0,1,55
-8.61,-3.73,-1.71,0,0,1,55
-9.03,-3.92,-1.63,0,0,1,55
-9.19,-3.96,-1.94,0,0,1,55
-9.27,-4.22,-2.08,0,0,1,55
-9.27,-4.28,-1.98,0,0,1,55
-8.66,-3.99,-2.04,0,0,1,55
-7.92,-4.16,-2.54,0,0,1,55
-7.32,-4.57,-2.81,0,0,1,55
-7.01,-4.43,-2.89,0,0,1,55
-6.75,-4.39,-3.01,0,0,1,55
-6.97,-4.56,-3.2,0,0,1,55
-7.81,-4.33,-3.04,0,0,1,55
-8.94,-3.76,-2.96,0,0,1,55
-8.9,-3.17,-3.63,0,0,1,55
-8.69,-3.21,-3.46,0,0,1,55
-8.0,-2.67,-2.52,0,0,1,55
-7.43,-2.43,-1.37,0,0,1,55
-7.46,-3.18,-1.25,0,0,1,55
-7.3,-4.23,-1.86,0,0,1,55
-7.25,-4.19,-1.93,0,0,1,55
-7.78,-3.47,-1.78,0,0,1,55
-8.25,-2.49,-1.66,0,0,1,55
-8.15,-2.77,-1.89,0,0,1,55
-7.47,-3.08,-1.55,0,0,1,55
-7.04,-3.43,-1.0,0,0,1,55
-7.15,-3.56,-0.68,0,0,1,55
-7.41,-3.84,-1.36,0,0,1,55
-8.09,-4.41,-1.79,0,0,1,55
-8.21,-4.52,-1.6,0,0,1,55
-8.8,-4.22,-1.58,0,0,1,55
-8.56,-3.69,-1.86,0,0,1,55
-8.56,-3.29,-1.92,0,0,1,55
-8.42,-3.76,-1.73,0,0,1,55
-8.89,-3.63,-1.09,0,0,1,55
-9.12,-2.57,-1.4,0,0,1,55
-9.13,-2.51,-1.74,0,0,1,55
-9.06,-2.39,-2.1,0,0,1,55
-8.96,-2.19,-1.74,0,0,1,55
-8.94,-1.71,-1.07,0,0,1,55
-9.31,-1.43,-1.31,0,0,1,55
-9.73,-1.73,-2.25,0,0,1,55
-9.78,-1.72,-2.36,0,0,1,55
-9.61,-1.52,-1.66,0,0,1,55
-9.63,-1.32,-1.06,0,0,1,55
-9.75,-1.13,-0.92,0,0,1,55
-10.24,-0.84,-1.04,0,0,1,55
-10.82,-0.28,-1.25,0,0,1,55
-10.56,0.24,-0.97,0,0,1,55
-10.54,0.09,-0.26,0,0,1,55
-10.34,-0.26,-0.32,0,0,1,55
-10.68,-0.54,-0.91,0,0,1,55
-10.82,-0.5,-1.08,0,0,1,55
-10.36,-0.48,-0.53,0,0,1,55
-10.01,-0.52,0.04,0,0,1,55
-9.84,-0.48,-0.07,0,0,1,55
-10.2,-0.32,-0.32,0,0,1,55
-10.31,-0.01,-0.8,0,0,1,55
-10.15,-0.34,-0.57,0,0,1,55
-9.97,-0.86,0.01,0,0,1,55
-10.16,-1.26,-0.45,0,0,1,55
-10.67,-0.89,-1.29,0,0,1,55
-10.25,-0.09,-0.85,0,0,1,55
-9.53,0.15,0.09,0,0,1,55
-9.26,-0.17,0.46,0,0,1,55
-9.56,-0.32,-0.32,0,0,1,55
-10.23,-0.0,-0.95,0,0,1,55
-10.03,0.57,-0.81,0,0,1,55
-10.84,-0.41,0.56,0,0,1,55
-12.06,-0.04,0.31,0,0,1,55
-11.97,0.9,-0.59,0,0,1,55
-10.38,1.01,-1.43,0,0,1,55
-8.61,0.15,-0.51,0,0,1,55
-8.17,0.05,-0.21,0,0,1,55
-8.97,0.65,0.02,0,0,1,55
-9.39,0.53,0.06,0,0,1,55
-9.94,-0.21,-0.3,0,0,1,55
-10.52,-0.93,-1.34,0,0,1,55
-9.9,-0.41,-1.5,0,0,1,55
-9.82,0.51,-0.11,0,0,1,55
-10.01,0.61,-0.0,0,0,1,55
-10.29,-0.22,-0.55,0,0,1,55
-9.63,-1.2,-0.21,0,0,1,55
-8.66,-2.24,0.15,0,0,1,55
-8.36,-3.0,0.87,0,0,1,55
-8.3,-2.73,0.64,0,0,1,55
-8.71,-1.07,0.21,0,0,1,55
-9.36,0.8,0.1,0,0,1,55
-10.12,1.4,0.36,0,0,1,55
-10.32,0.86,0.34,0,0,1,55
-10.15,-0.19,-0.04,0,0,1,55
-9.41,-0.62,0.3,0,0,1,55
-8.62,-0.44,1.03,0,0,1,55
-8.62,-0.34,1.11,0,0,1,55
-9.19,-0.39,0.37,0,0,1,55
-9.67,-0.46,-0.1,0,0,1,55
-9.89,-0.32,-0.25,0,0,1,55
-9.93,0.04,-0.12,0,0,1,55
-10.56,0.24,-0.97,0,0,1,56
-10.54,0.09,-0.26,0,0,1,56
-10.34,-0.26,-0.32,0,0,1,56
-10.68,-0.54,-0.91,0,0,1,56
-10.82,-0.5,-1.08,0,0,1,56
-10.36,-0.48,-0.53,0,0,1,56
-10.01,-0.52,0.04,0,0,1,56
-9.84,-0.48,-0.07,0,0,1,56
-10.2,-0.32,-0.32,0,0,1,56
-10.31,-0.01,-0.8,0,0,1,56
-10.15,-0.34,-0.57,0,0,1,56
-9.97,-0.86,0.01,0,0,1,56
-10.16,-1.26,-0.45,0,0,1,56
-10.67,-0.89,-1.29,0,0,1,56
-10.25,-0.09,-0.85,0,0,1,56
-9.53,0.15,0.09,0,0,1,56
-9.26,-0.17,0.46,0,0,1,56
-9.56,-0.32,-0.32,0,0,1,56
-10.23,-0.0,-0.95,0,0,1,56
-10.03,0.57,-0.81,0,0,1,56
-10.84,-0.41,0.56,0,0,1,56
-12.06,-0.04,0.31,0,0,1,56
-11.97,0.9,-0.59,0,0,1,56
-10.38,1.01,-1.43,0,0,1,56
-8.61,0.15,-0.51,0,0,1,56
-8.17,0.05,-0.21,0,0,1,56
-8.97,0.65,0.02,0,0,1,56
-9.39,0.53,0.06,0,0,1,56
-9.94,-0.21,-0.3,0,0,1,56
-10.52,-0.93,-1.34,0,0,1,56
-9.9,-0.41,-1.5,0,0,1,56
-9.82,0.51,-0.11,0,0,1,56
-10.01,0.61,-0.0,0,0,1,56
-10.29,-0.22,-0.55,0,0,1,56
-9.63,-1.2,-0.21,0,0,1,56
-8.66,-2.24,0.15,0,0,1,56
-8.36,-3.0,0.87,0,0,1,56
-8.3,-2.73,0.64,0,0,1,56
-8.71,-1.07,0.21,0,0,1,56
-9.36,0.8,0.1,0,0,1,56
-10.12,1.4,0.36,0,0,1,56
-10.32,0.86,0.34,0,0,1,56
-10.15,-0.19,-0.04,0,0,1,56
-9.41,-0.62,0.3,0,0,1,56
-8.62,-0.44,1.03,0,0,1,56
-8.62,-0.34,1.11,0,0,1,56
-9.19,-0.39,0.37,0,0,1,56
-9.67,-0.46,-0.1,0,0,1,56
-9.89,-0.32,-0.25,0,0,1,56
-9.93,0.04,-0.12,0,0,1,56
-9.88,0.15,0.21,0,0,1,56
-9.85,-0.16,0.11,0,0,1,56
-9.88,-0.18,-0.2,0,0,1,56
-9.55,0.18,0.09,0,0,1,56
-9.3,0.41,0.45,0,0,1,56
-9.43,0.41,0.11,0,0,1,56
-9.63,0.17,-0.32,0,0,1,56
-9.73,-0.09,-0.2,0,0,1,56
-9.58,-0.31,0.0,0,0,1,56
-9.78,-0.34,-0.23,0,0,1,56
-9.89,-0.19,-0.53,0,0,1,56
-9.63,-0.13,-0.2,0,0,1,56
-9.27,-0.24,0.22,0,0,1,56
-9.32,-0.34,0.17,0,0,1,56
-9.46,-0.35,-0.12,0,0,1,56
-9.6,-0.4,-0.29,0,0,1,56
-9.43,-0.6,-0.17,0,0,1,56
-9.48,-0.85,-0.11,0,0,1,56
-9.61,-0.74,-0.31,0,0,1,56
-9.77,-0.55,-0.37,0,0,1,56
-9.73,-0.39,-0.32,0,0,1,56
-9.55,-0.42,-0.21,0,0,1,56
-9.47,-0.56,-0.16,0,0,1,56
-9.51,-0.78,-0.27,0,0,1,56
-9.5,-0.77,-0.29,0,0,1,56
-9.53,-0.59,-0.27,0,0,1,56
-9.48,-0.45,-0.17,0,0,1,56
-9.58,-0.47,-0.25,0,0,1,56
-9.69,-0.42,-0.37,0,0,1,56
-9.65,-0.35,-0.26,0,0,1,56
-9.6,-0.31,-0.14,0,0,1,56
-9.62,-0.3,-0.28,0,0,1,56
-9.57,-0.37,-0.33,0,0,1,56
-9.53,-0.45,-0.21,0,0,1,56
-9.4,-0.45,-0.13,0,0,1,56
-9.5,-0.38,-0.3,0,0,1,56
-9.63,-0.36,-0.39,0,0,1,56
-9.55,-0.38,-0.45,0,0,1,56
-9.57,-0.44,-0.26,0,0,1,56
-9.59,-0.38,-0.28,0,0,1,56
-9.65,-0.29,-0.34,0,0,1,56
-9.62,-0.38,-0.29,0,0,1,56
-9.53,-0.56,-0.14,0,0,1,56
-9.53,-0.55,-0.26,0,0,1,56
-9.66,-0.46,-0.37,0,0,1,56
-9.68,-0.49,-0.3,0,0,1,56
-9.52,-0.43,-0.25,0,0,1,56
-9.6,-0.34,-0.3,0,0,1,56
-9.67,-0.23,-0.4,0,0,1,56
-9.61,-0.36,-0.29,0,0,1,56
-9.88,0.15,0.21,0,0,1,57
-9.85,-0.16,0.11,0,0,1,57
-9.88,-0.18,-0.2,0,0,1,57
-9.55,0.18,0.09,0,0,1,57
-9.3,0.41,0.45,0,0,1,57
-9.43,0.41,0.11,0,0,1,57
-9.63,0.17,-0.32,0,0,1,57
-9.73,-0.09,-0.2,0,0,1,57
-9.58,-0.31,0.0,0,0,1,57
-9.78,-0.34,-0.23,0,0,1,57
-9.89,-0.19,-0.53,0,0,1,57
-9.63,-0.13,-0.2,0,0,1,57
-9.27,-0.24,0.22,0,0,1,57
-9.32,-0.34,0.17,0,0,1,57
-9.46,-0.35,-0.12,0,0,1,57
-9.6,-0.4,-0.29,0,0,1,57
-9.43,-0.6,-0.17,0,0,1,57
-9.48,-0.85,-0.11,0,0,1,57
-9.61,-0.74,-0.31,0,0,1,57
-9.77,-0.55,-0.37,0,0,1,57
-9.73,-0.39,-0.32,0,0,1,57
-9.55,-0.42,-0.21,0,0,1,57
-9.47,-0.56,-0.16,0,0,1,57
-9.51,-0.78,-0.27,0,0,1,57
-9.5,-0.77,-0.29,0,0,1,57
-9.53,-0.59,-0.27,0,0,1,57
-9.48,-0.45,-0.17,0,0,1,57
-9.58,-0.47,-0.25,0,0,1,57
-9.69,-0.42,-0.37,0,0,1,57
-9.65,-0.35,-0.26,0,0,1,57
-9.6,-0.31,-0.14,0,0,1,57
-9.62,-0.3,-0.28,0,0,1,57
-9.57,-0.37,-0.33,0,0,1,57
-9.53,-0.45,-0.21,0,0,1,57
-9.4,-0.45,-0.13,0,0,1,57
-9.5,-0.38,-0.3,0,0,1,57
-9.63,-0.36,-0.39,0,0,1,57
-9.55,-0.38,-0.45,0,0,1,57
-9.57,-0.44,-0.26,0,0,1,57
-9.59,-0.38,-0.28,0,0,1,57
-9.65,-0.29,-0.34,0,0,1,57
-9.62,-0.38,-0.29,0,0,1,57
-9.53,-0.56,-0.14,0,0,1,57
-9.53,-0.55,-0.26,0,0,1,57
-9.66,-0.46,-0.37,0,0,1,57
-9.68,-0.49,-0.3,0,0,1,57
-9.52,-0.43,-0.25,0,0,1,57
-9.6,-0.34,-0.3,0,0,1,57
-9.67,-0.23,-0.4,0,0,1,57
-9.61,-0.36,-0.29,0,0,1,57
-9.48,-0.55,-0.12,0,0,1,57
-9.58,-0.5,-0.13,0,0,1,57
-9.65,-0.33,-0.27,0,0,1,57
-9.63,-0.33,-0.29,0,0,1,57
-9.61,-0.34,-0.27,0,0,1,57
-9.7,-0.26,-0.29,0,0,1,57
-9.77,-0.06,-0.44,0,0,1,57
-10.23,-0.16,-0.38,0,0,1,57
-10.33,0.0,-0.27,0,0,1,57
-11.01,-0.04,0.01,0,0,1,57
-10.46,0.4,0.12,0,0,1,57
-10.29,0.38,0.55,0,0,1,57
-9.88,-0.02,0.9,0,0,1,57
-10.52,-0.34,0.91,0,0,1,57
-11.13,-1.01,-0.03,0,0,1,57
-10.38,-1.84,-0.5,0,0,1,57
-8.88,-1.83,0.05,0,0,1,57
-8.79,-2.22,0.56,0,0,1,57
-10.57,-2.1,-0.27,0,0,1,57
-12.05,0.13,-0.39,0,0,1,57
-11.52,1.13,0.27,0,0,1,57
-11.2,-0.02,0.86,0,0,1,57
-11.27,-0.85,0.09,0,0,1,57
-11.59,-0.99,-0.26,0,0,1,57
-11.35,-0.57,0.36,0,0,1,57
-10.74,-0.43,1.0,0,0,1,57
-10.8,-0.87,1.0,0,0,1,57
-10.88,-1.12,0.46,0,0,1,57
-10.85,-1.32,0.44,0,0,1,57
-10.26,-1.42,0.36,0,0,1,57
-9.82,-1.76,0.32,0,0,1,57
-9.49,-2.17,0.2,0,0,1,57
-9.1,-2.45,0.33,0,0,1,57
-9.02,-2.6,0.34,0,0,1,57
-8.9,-2.82,0.24,0,0,1,57
-8.23,-2.78,-0.15,0,0,1,57
-7.99,-3.14,-0.24,0,0,1,57
-7.59,-3.96,-0.54,0,0,1,57
-6.82,-4.84,-0.58,0,0,1,57
-6.25,-4.92,-0.34,0,0,1,57
-6.16,-4.61,-0.17,0,0,1,57
-6.03,-4.39,-0.05,0,0,1,57
-6.31,-4.14,-0.33,0,0,1,57
-6.67,-3.99,-0.92,0,0,1,57
-6.35,-4.45,-0.93,0,0,1,57
-6.17,-5.4,-0.69,0,0,1,57
-6.27,-6.04,-0.98,0,0,1,57
-6.49,-5.94,-1.19,0,0,1,57
-6.57,-5.59,-1.71,0,0,1,57
-7.04,-5.09,-2.55,0,0,1,57
-9.48,-0.55,-0.12,0,0,1,58
-9.58,-0.5,-0.13,0,0,1,58
-9.65,-0.33,-0.27,0,0,1,58
-9.63,-0.33,-0.29,0,0,1,58
-9.61,-0.34,-0.27,0,0,1,58
-9.7,-0.26,-0.29,0,0,1,58
-9.77,-0.06,-0.44,0,0,1,58
-10.23,-0.16,-0.38,0,0,1,58
-10.33,0.0,-0.27,0,0,1,58
-11.01,-0.04,0.01,0,0,1,58
-10.46,0.4,0.12,0,0,1,58
-10.29,0.38,0.55,0,0,1,58
-9.88,-0.02,0.9,0,0,1,58
-10.52,-0.34,0.91,0,0,1,58
-11.13,-1.01,-0.03,0,0,1,58
-10.38,-1.84,-0.5,0,0,1,58
-8.88,-1.83,0.05,0,0,1,58
-8.79,-2.22,0.56,0,0,1,58
-10.57,-2.1,-0.27,0,0,1,58
-12.05,0.13,-0.39,0,0,1,58
-11.52,1.13,0.27,0,0,1,58
-11.2,-0.02,0.86,0,0,1,58
-11.27,-0.85,0.09,0,0,1,58
-11.59,-0.99,-0.26,0,0,1,58
-11.35,-0.57,0.36,0,0,1,58
-10.74,-0.43,1.0,0,0,1,58
-10.8,-0.87,1.0,0,0,1,58
-10.88,-1.12,0.46,0,0,1,58
-10.85,-1.32,0.44,0,0,1,58
-10.26,-1.42,0.36,0,0,1,58
-9.82,-1.76,0.32,0,0,1,58
-9.49,-2.17,0.2,0,0,1,58
-9.1,-2.45,0.33,0,0,1,58
-9.02,-2.6,0.34,0,0,1,58
-8.9,-2.82,0.24,0,0,1,58
-8.23,-2.78,-0.15,0,0,1,58
-7.99,-3.14,-0.24,0,0,1,58
-7.59,-3.96,-0.54,0,0,1,58
-6.82,-4.84,-0.58,0,0,1,58
-6.25,-4.92,-0.34,0,0,1,58
-6.16,-4.61,-0.17,0,0,1,58
-6.03,-4.39,-0.05,0,0,1,58
-6.31,-4.14,-0.33,0,0,1,58
-6.67,-3.99,-0.92,0,0,1,58
-6.35,-4.45,-0.93,0,0,1,58
-6.17,-5.4,-0.69,0,0,1,58
-6.27,-6.04,-0.98,0,0,1,58
-6.49,-5.94,-1.19,0,0,1,58
-6.57,-5.59,-1.71,0,0,1,58
-7.04,-5.09,-2.55,0,0,1,58
-6.95,-5.18,-2.63,0,0,1,58
-6.45,-5.89,-1.63,0,0,1,58
-6.22,-6.21,-1.31,0,0,1,58
-6.81,-6.5,-2.44,0,0,1,58
-7.86,-6.75,-3.58,0,0,1,58
-7.94,-6.5,-3.63,0,0,1,58
-7.44,-5.76,-2.9,0,0,1,58
-7.61,-5.14,-2.73,0,0,1,58
-8.03,-5.05,-3.46,0,0,1,58
-8.07,-4.91,-3.81,0,0,1,58
-8.2,-4.36,-3.59,0,0,1,58
-8.14,-3.91,-3.57,0,0,1,58
-8.17,-3.59,-3.64,0,0,1,58
-8.3,-3.61,-3.97,0,0,1,58
-8.44,-3.43,-3.82,0,0,1,58
-8.46,-3.39,-3.77,0,0,1,58
-8.78,-2.95,-4.25,0,0,1,58
-8.91,-2.77,-4.54,0,0,1,58
-10.7,-4.99,-4.31,0,0,1,58
-10.12,0.35,-1.75,0,0,1,58
-8.0,2.94,-0.05,0,0,1,58
-8.21,-0.16,-2.04,0,0,1,58
-7.81,-5.28,-2.36,0,0,1,58
-7.14,-6.97,-2.38,0,0,1,58
-9.1,-4.22,-3.36,0,0,1,58
-10.51,-0.58,-4.0,0,0,1,58
-9.91,0.32,-3.28,0,0,1,58
-8.69,-1.63,-2.19,0,0,1,58
-8.22,-3.5,-2.04,0,0,1,58
-8.71,-3.54,-2.52,0,0,1,58
-8.88,-2.62,-2.65,0,0,1,58
-8.96,-1.79,-2.4,0,0,1,58
-8.69,-0.96,-2.16,0,0,1,58
-8.7,-0.78,-2.36,0,0,1,58
-8.68,-1.3,-2.7,0,0,1,58
-9.03,-1.76,-2.84,0,0,1,58
-9.41,-2.08,-3.07,0,0,1,58
-9.72,-1.9,-3.27,0,0,1,58
-9.33,-1.55,-3.54,0,0,1,58
-8.68,-1.18,-3.33,0,0,1,58
-8.28,-0.82,-2.82,0,0,1,58
-8.28,-0.08,-2.65,0,0,1,58
-8.39,0.42,-2.11,0,0,1,58
-7.92,1.04,-2.05,0,0,1,58
-8.11,1.53,-1.88,0,0,1,58
-8.71,1.54,-2.45,0,0,1,58
-9.84,1.07,-3.06,0,0,1,58
-9.87,0.74,-3.24,0,0,1,58
-9.58,0.53,-3.33,0,0,1,58
-9.02,0.58,-3.08,0,0,1,58
-6.95,-5.18,-2.63,0,0,1,59
-6.45,-5.89,-1.63,0,0,1,59
-6.22,-6.21,-1.31,0,0,1,59
-6.81,-6.5,-2.44,0,0,1,59
-7.86,-6.75,-3.58,0,0,1,59
-7.94,-6.5,-3.63,0,0,1,59
-7.44,-5.76,-2.9,0,0,1,59
-7.61,-5.14,-2.73,0,0,1,59
-8.03,-5.05,-3.46,0,0,1,59
-8.07,-4.91,-3.81,0,0,1,59
-8.2,-4.36,-3.59,0,0,1,59
-8.14,-3.91,-3.57,0,0,1,59
-8.17,-3.59,-3.64,0,0,1,59
-8.3,-3.61,-3.97,0,0,1,59
-8.44,-3.43,-3.82,0,0,1,59
-8.46,-3.39,-3.77,0,0,1,59
-8.78,-2.95,-4.25,0,0,1,59
-8.91,-2.77,-4.54,0,0,1,59
-10.7,-4.99,-4.31,0,0,1,59
-10.12,0.35,-1.75,0,0,1,59
-8.0,2.94,-0.05,0,0,1,59
-8.21,-0.16,-2.04,0,0,1,59
-7.81,-5.28,-2.36,0,0,1,59
-7.14,-6.97,-2.38,0,0,1,59
-9.1,-4.22,-3.36,0,0,1,59
-10.51,-0.58,-4.0,0,0,1,59
-9.91,0.32,-3.28,0,0,1,59
-8.69,-1.63,-2.19,0,0,1,59
-8.22,-3.5,-2.04,0,0,1,59
-8.71,-3.54,-2.52,0,0,1,59
-8.88,-2.62,-2.65,0,0,1,59
-8.96,-1.79,-2.4,0,0,1,59
-8.69,-0.96,-2.16,0,0,1,59
-8.7,-0.78,-2.36,0,0,1,59
-8.68,-1.3,-2.7,0,0,1,59
-9.03,-1.76,-2.84,0,0,1,59
-9.41,-2.08,-3.07,0,0,1,59
-9.72,-1.9,-3.27,0,0,1,59
-9.33,-1.55,-3.54,0,0,1,59
-8.68,-1.18,-3.33,0,0,1,59
-8.28,-0.82,-2.82,0,0,1,59
-8.28,-0.08,-2.65,0,0,1,59
-8.39,0.42,-2.11,0,0,1,59
-7.92,1.04,-2.05,0,0,1,59
-8.11,1.53,-1.88,0,0,1,59
-8.71,1.54,-2.45,0,0,1,59
-9.84,1.07,-3.06,0,0,1,59
-9.87,0.74,-3.24,0,0,1,59
-9.58,0.53,-3.33,0,0,1,59
-9.02,0.58,-3.08,0,0,1,59
-8.72,0.73,-2.79,0,0,1,59
-7.73,1.21,-2.41,0,0,1,59
-7.43,1.79,-1.91,0,0,1,59
-8.56,3.62,-1.86,0,0,1,59
-8.34,5.06,-2.65,0,0,1,59
-8.83,5.21,-3.24,0,0,1,59
-9.08,4.51,-3.7,0,0,1,59
-8.86,3.22,-4.18,0,0,1,59
-8.56,1.35,-4.21,0,0,1,59
-8.49,0.27,-3.9,0,0,1,59
-9.29,-0.01,-3.68,0,0,1,59
-10.91,0.81,-6.08,0,0,1,59
-12.88,1.2,-7.77,0,0,1,59
-11.55,1.31,-6.39,0,0,1,59
-9.49,1.51,-3.56,0,0,1,59
-7.25,1.83,-1.68,0,0,1,59
-7.99,1.36,-1.77,0,0,1,59
-9.07,0.75,-3.79,0,0,1,59
-9.13,-0.53,-4.49,0,0,1,59
-9.07,-0.88,-4.32,0,0,1,59
-8.86,-0.6,-5.02,0,0,1,59
-8.44,-0.65,-5.48,0,0,1,59
-8.24,-0.0,-5.29,0,0,1,59
-7.95,0.58,-4.88,0,0,1,59
-7.97,0.74,-4.37,0,0,1,59
-7.7,0.87,-4.46,0,0,1,59
-7.59,1.11,-4.97,0,0,1,59
-8.13,1.17,-5.74,0,0,1,59
-8.33,1.25,-6.19,0,0,1,59
-8.08,1.03,-5.67,0,0,1,59
-7.63,0.98,-4.97,0,0,1,59
-7.5,0.8,-5.12,0,0,1,59
-7.69,1.06,-5.69,0,0,1,59
-8.02,1.37,-6.1,0,0,1,59
-8.36,1.32,-6.38,0,0,1,59
-8.59,1.35,-6.11,0,0,1,59
-8.23,1.52,-5.65,0,0,1,59
-7.98,2.06,-5.3,0,0,1,59
-8.03,2.4,-5.45,0,0,1,59
-8.03,2.58,-5.79,0,0,1,59
-7.81,2.84,-5.88,0,0,1,59
-7.97,2.85,-5.75,0,0,1,59
-7.9,2.79,-5.68,0,0,1,59
-7.55,2.67,-5.62,0,0,1,59
-7.35,2.72,-5.48,0,0,1,59
-7.26,2.86,-5.38,0,0,1,59
-7.15,2.84,-5.48,0,0,1,59
-7.11,3.09,-5.57,0,0,1,59
-7.42,3.14,-5.83,0,0,1,59
-7.75,3.26,-6.09,0,0,1,59
-8.72,0.73,-2.79,0,0,1,60
-7.73,1.21,-2.41,0,0,1,60
-7.43,1.79,-1.91,0,0,1,60
-8.56,3.62,-1.86,0,0,1,60
-8.34,5.06,-2.65,0,0,1,60
-8.83,5.21,-3.24,0,0,1,60
-9.08,4.51,-3.7,0,0,1,60
-8.86,3.22,-4.18,0,0,1,60
-8.56,1.35,-4.21,0,0,1,60
-8.49,0.27,-3.9,0,0,1,60
-9.29,-0.01,-3.68,0,0,1,60
-10.91,0.81,-6.08,0,0,1,60
-12.88,1.2,-7.77,0,0,1,60
-11.55,1.31,-6.39,0,0,1,60
-9.49,1.51,-3.56,0,0,1,60
-7.25,1.83,-1.68,0,0,1,60
-7.99,1.36,-1.77,0,0,1,60
-9.07,0.75,-3.79,0,0,1,60
-9.13,-0.53,-4.49,0,0,1,60
-9.07,-0.88,-4.32,0,0,1,60
-8.86,-0.6,-5.02,0,0,1,60
-8.44,-0.65,-5.48,0,0,1,60
-8.24,-0.0,-5.29,0,0,1,60
-7.95,0.58,-4.88,0,0,1,60
-7.97,0.74,-4.37,0,0,1,60
-7.7,0.87,-4.46,0,0,1,60
-7.59,1.11,-4.97,0,0,1,60
-8.13,1.17,-5.74,0,0,1,60
-8.33,1.25,-6.19,0,0,1,60
-8.08,1.03,-5.67,0,0,1,60
-7.63,0.98,-4.97,0,0,1,60
-7.5,0.8,-5.12,0,0,1,60
-7.69,1.06,-5.69,0,0,1,60
-8.02,1.37,-6.1,0,0,1,60
-8.36,1.32,-6.38,0,0,1,60
-8.59,1.35,-6.11,0,0,1,60
-8.23,1.52,-5.65,0,0,1,60
-7.98,2.06,-5.3,0,0,1,60
-8.03,2.4,-5.45,0,0,1,60
-8.03,2.58,-5.79,0,0,1,60
-7.81,2.84,-5.88,0,0,1,60
-7.97,2.85,-5.75,0,0,1,60
-7.9,2.79,-5.68,0,0,1,60
-7.55,2.67,-5.62,0,0,1,60
-7.35,2.72,-5.48,0,0,1,60
-7.26,2.86,-5.38,0,0,1,60
-7.15,2.84,-5.48,0,0,1,60
-7.11,3.09,-5.57,0,0,1,60
-7.42,3.14,-5.83,0,0,1,60
-7.75,3.26,-6.09,0,0,1,60
-7.8,3.13,-5.95,0,0,1,60
-7.57,2.99,-5.62,0,0,1,60
-6.93,2.33,-5.75,0,0,1,60
-8.33,1.25,-4.78,0,0,1,60
-8.79,1.95,-2.74,0,0,1,60
-8.73,3.07,-4.35,0,0,1,60
-9.93,2.51,-6.86,0,0,1,60
-10.83,2.4,-8.91,0,0,1,60
-11.07,2.08,-9.14,0,0,1,60
-10.04,1.86,-7.35,0,0,1,60
-8.0,1.35,-3.99,0,0,1,60
-6.72,-0.02,-2.62,0,0,1,60
-6.42,-1.37,-2.69,0,0,1,60
-6.62,-2.12,-2.41,0,0,1,60
-7.15,-2.15,-2.97,0,0,1,60
-8.38,-1.16,-4.06,0,0,1,60
-9.75,1.65,-5.22,0,0,1,60
-11.05,3.68,-5.92,0,0,1,60
-11.1,3.6,-6.18,0,0,1,60
-9.53,2.82,-5.25,0,0,1,60
-7.85,2.23,-3.69,0,0,1,60
-7.1,2.25,-3.06,0,0,1,60
-7.28,2.32,-3.46,0,0,1,60
-8.06,2.57,-4.48,0,0,1,60
-8.39,2.31,-4.73,0,0,1,60
-7.7,2.22,-4.26,0,0,1,60
-7.5,2.12,-3.48,0,0,1,60
-6.47,2.51,-3.71,0,0,1,60
-6.38,2.62,-4.01,0,0,1,60
-7.02,2.82,-3.93,0,0,1,60
-7.5,3.43,-4.36,0,0,1,60
-7.6,3.98,-4.91,0,0,1,60
-7.46,4.51,-4.76,0,0,1,60
-7.81,5.39,-4.67,0,0,1,60
-8.11,5.94,-4.48,0,0,1,60
-12.1,3.75,-5.82,0,0,1,60
-13.68,2.4,-10.32,0,0,1,60
-10.54,0.89,-9.38,0,0,1,60
-7.98,0.25,-4.2,0,0,1,60
-7.42,-0.31,-1.54,0,0,1,60
-8.21,-0.53,-2.91,0,0,1,60
-8.74,-0.75,-4.61,0,0,1,60
-8.39,-1.04,-4.17,0,0,1,60
-8.42,0.11,-3.36,0,0,1,60
-8.98,0.57,-4.29,0,0,1,60
-8.77,0.61,-5.51,0,0,1,60
-8.47,0.78,-5.55,0,0,1,60
-8.29,1.02,-5.07,0,0,1,60
-8.13,0.99,-4.78,0,0,1,60
-7.52,0.65,-4.78,0,0,1,60
-7.8,3.13,-5.95,0,0,1,61
-7.57,2.99,-5.62,0,0,1,61
-6.93,2.33,-5.75,0,0,1,61
-8.33,1.25,-4.78,0,0,1,61
-8.79,1.95,-2.74,0,0,1,61
-8.73,3.07,-4.35,0,0,1,61
-9.93,2.51,-6.86,0,0,1,61
-10.83,2.4,-8.91,0,0,1,61
-11.07,2.08,-9.14,0,0,1,61
-10.04,1.86,-7.35,0,0,1,61
-8.0,1.35,-3.99,0,0,1,61
-6.72,-0.02,-2.62,0,0,1,61
-6.42,-1.37,-2.69,0,0,1,61
-6.62,-2.12,-2.41,0,0,1,61
-7.15,-2.15,-2.97,0,0,1,61
-8.38,-1.16,-4.06,0,0,1,61
-9.75,1.65,-5.22,0,0,1,61
-11.05,3.68,-5.92,0,0,1,61
-11.1,3.6,-6.18,0,0,1,61
-9.53,2.82,-5.25,0,0,1,61
-7.85,2.23,-3.69,0,0,1,61
-7.1,2.25,-3.06,0,0,1,61
-7.28,2.32,-3.46,0,0,1,61
-8.06,2.57,-4.48,0,0,1,61
-8.39,2.31,-4.73,0,0,1,61
-7.7,2.22,-4.26,0,0,1,61
-7.5,2.12,-3.48,0,0,1,61
-6.47,2.51,-3.71,0,0,1,61
-6.38,2.62,-4.01,0,0,1,61
-7.02,2.82,-3.93,0,0,1,61
-7.5,3.43,-4.36,0,0,1,61
-7.6,3.98,-4.91,0,0,1,61
-7.46,4.51,-4.76,0,0,1,61
-7.81,5.39,-4.67,0,0,1,61
-8.11,5.94,-4.48,0,0,1,61
-12.1,3.75,-5.82,0,0,1,61
-13.68,2.4,-10.32,0,0,1,61
-10.54,0.89,-9.38,0,0,1,61
-7.98,0.25,-4.2,0,0,1,61
-7.42,-0.31,-1.54,0,0,1,61
-8.21,-0.53,-2.91,0,0,1,61
-8.74,-0.75,-4.61,0,0,1,61
-8.39,-1.04,-4.17,0,0,1,61
-8.42,0.11,-3.36,0,0,1,61
-8.98,0.57,-4.29,0,0,1,61
-8.77,0.61,-5.51,0,0,1,61
-8.47,0.78,-5.55,0,0,1,61
-8.29,1.02,-5.07,0,0,1,61
-8.13,0.99,-4.78,0,0,1,61
-7.52,0.65,-4.78,0,0,1,61
-7.86,0.53,-5.25,0,0,1,61
-8.4,0.97,-5.62,0,0,1,61
-8.26,1.32,-5.48,0,0,1,61
-7.84,1.18,-5.29,0,0,1,61
-7.76,0.81,-5.47,0,0,1,61
-7.89,0.64,-5.68,0,0,1,61
-7.81,0.66,-5.78,0,0,1,61
-8.03,0.58,-5.7,0,0,1,61
-8.08,1.17,-5.63,0,0,1,61
-7.97,1.53,-5.62,0,0,1,61
-8.18,1.89,-5.68,0,0,1,61
-8.43,2.17,-5.4,0,0,1,61
-8.21,2.54,-5.01,0,0,1,61
-8.01,3.04,-4.8,0,0,1,61
-8.2,2.73,-5.02,0,0,1,61
-7.91,1.78,-5.14,0,0,1,61
-7.51,1.19,-4.86,0,0,1,61
-7.27,1.18,-4.99,0,0,1,61
-7.56,1.8,-5.4,0,0,1,61
-7.71,2.23,-5.95,0,0,1,61
-7.5,2.17,-6.47,0,0,1,61
-8.4,1.57,-5.41,0,0,1,61
-8.75,2.6,-2.11,0,0,1,61
-7.93,2.54,-2.9,0,0,1,61
-8.96,0.34,-5.69,0,0,1,61
-9.46,-1.16,-7.22,0,0,1,61
-9.22,-0.49,-6.61,0,0,1,61
-9.04,1.74,-5.53,0,0,1,61
-9.32,3.6,-4.78,0,0,1,61
-9.37,3.77,-5.04,0,0,1,61
-9.56,2.56,-5.49,0,0,1,61
-9.66,1.17,-5.5,0,0,1,61
-8.8,0.45,-4.5,0,0,1,61
-7.8,0.5,-3.6,0,0,1,61
-7.54,0.81,-4.04,0,0,1,61
-8.0,0.97,-4.49,0,0,1,61
-8.56,0.45,-4.72,0,0,1,61
-8.6,0.05,-4.93,0,0,1,61
-8.25,0.36,-4.6,0,0,1,61
-8.07,1.08,-4.32,0,0,1,61
-8.13,1.94,-4.56,0,0,1,61
-8.33,2.25,-4.51,0,0,1,61
-8.31,2.3,-4.48,0,0,1,61
-8.34,2.2,-4.36,0,0,1,61
-8.24,2.18,-4.3,0,0,1,61
-8.35,2.26,-4.36,0,0,1,61
-8.36,2.55,-4.56,0,0,1,61
-8.37,2.65,-4.58,0,0,1,61
-8.41,2.43,-4.4,0,0,1,61
-8.74,2.19,-4.35,0,0,1,61
-7.86,0.53,-5.25,0,0,1,62
-8.4,0.97,-5.62,0,0,1,62
-8.26,1.32,-5.48,0,0,1,62
-7.84,1.18,-5.29,0,0,1,62
-7.76,0.81,-5.47,0,0,1,62
-7.89,0.64,-5.68,0,0,1,62
-7.81,0.66,-5.78,0,0,1,62
-8.03,0.58,-5.7,0,0,1,62
-8.08,1.17,-5.63,0,0,1,62
-7.97,1.53,-5.62,0,0,1,62
-8.18,1.89,-5.68,0,0,1,62
-8.43,2.17,-5.4,0,0,1,62
-8.21,2.54,-5.01,0,0,1,62
-8.01,3.04,-4.8,0,0,1,62
-8.2,2.73,-5.02,0,0,1,62
-7.91,1.78,-5.14,0,0,1,62
-7.51,1.19,-4.86,0,0,1,62
-7.27,1.18,-4.99,0,0,1,62
-7.56,1.8,-5.4,0,0,1,62
-7.71,2.23,-5.95,0,0,1,62
-7.5,2.17,-6.47,0,0,1,62
-8.4,1.57,-5.41,0,0,1,62
-8.75,2.6,-2.11,0,0,1,62
-7.93,2.54,-2.9,0,0,1,62
-8.96,0.34,-5.69,0,0,1,62
-9.46,-1.16,-7.22,0,0,1,62
-9.22,-0.49,-6.61,0,0,1,62
-9.04,1.74,-5.53,0,0,1,62
-9.32,3.6,-4.78,0,0,1,62
-9.37,3.77,-5.04,0,0,1,62
-9.56,2.56,-5.49,0,0,1,62
-9.66,1.17,-5.5,0,0,1,62
-8.8,0.45,-4.5,0,0,1,62
-7.8,0.5,-3.6,0,0,1,62
-7.54,0.81,-4.04,0,0,1,62
-8.0,0.97,-4.49,0,0,1,62
-8.56,0.45,-4.72,0,0,1,62
-8.6,0.05,-4.93,0,0,1,62
-8.25,0.36,-4.6,0,0,1,62
-8.07,1.08,-4.32,0,0,1,62
-8.13,1.94,-4.56,0,0,1,62
-8.33,2.25,-4.51,0,0,1,62
-8.31,2.3,-4.48,0,0,1,62
-8.34,2.2,-4.36,0,0,1,62
-8.24,2.18,-4.3,0,0,1,62
-8.35,2.26,-4.36,0,0,1,62
-8.36,2.55,-4.56,0,0,1,62
-8.37,2.65,-4.58,0,0,1,62
-8.41,2.43,-4.4,0,0,1,62
-8.74,2.19,-4.35,0,0,1,62
-8.83,1.85,-4.86,0,0,1,62
-8.97,1.4,-4.92,0,0,1,62
-9.13,0.88,-4.56,0,0,1,62
-9.06,0.36,-4.6,0,0,1,62
-9.13,-0.07,-4.78,0,0,1,62
-8.78,-0.37,-4.46,0,0,1,62
-8.35,-0.1,-4.23,0,0,1,62
-8.48,0.22,-3.74,0,0,1,62
-8.49,1.01,-3.84,0,0,1,62
-8.26,1.43,-3.99,0,0,1,62
-8.05,1.83,-3.9,0,0,1,62
-7.79,2.38,-3.66,0,0,1,62
-8.41,3.12,-3.46,0,0,1,62
-9.04,3.73,-4.25,0,0,1,62
-9.38,3.66,-4.76,0,0,1,62
-8.9,3.31,-4.33,0,0,1,62
-7.89,3.13,-3.13,0,0,1,62
-7.4,2.96,-2.38,0,0,1,62
-7.7,3.02,-2.72,0,0,1,62
-8.88,2.25,-3.53,0,0,1,62
-10.8,0.5,-5.4,0,0,1,62
-10.19,-0.51,-7.97,0,0,1,62
-13.35,1.22,-8.96,0,0,1,62
-9.92,3.04,-6.39,0,0,1,62
-7.2,1.44,-2.3,0,0,1,62
-6.2,0.43,-1.29,0,0,1,62
-6.36,-0.3,-2.34,0,0,1,62
-7.46,0.04,-4.08,0,0,1,62
-9.24,-0.34,-5.3,0,0,1,62
-9.28,-1.39,-6.57,0,0,1,62
-8.67,-1.94,-7.91,0,0,1,62
-8.15,-1.91,-7.99,0,0,1,62
-7.6,-0.71,-6.05,0,0,1,62
-7.36,0.8,-4.63,0,0,1,62
-7.78,1.79,-5.19,0,0,1,62
-8.17,1.7,-6.69,0,0,1,62
-8.68,0.8,-7.95,0,0,1,62
-8.44,-0.2,-8.09,0,0,1,62
-7.45,-0.41,-7.29,0,0,1,62
-6.95,-0.3,-6.06,0,0,1,62
-6.62,-0.17,-5.84,0,0,1,62
-6.93,-0.19,-6.55,0,0,1,62
-7.43,-0.06,-7.36,0,0,1,62
-7.57,0.83,-7.81,0,0,1,62
-7.86,1.39,-7.35,0,0,1,62
-7.89,1.86,-6.57,0,0,1,62
-7.44,2.26,-5.49,0,0,1,62
-7.25,2.77,-4.88,0,0,1,62
-7.38,3.47,-5.05,0,0,1,62
-8.21,3.75,-5.02,0,0,1,62
-8.83,1.85,-4.86,0,0,1,63
-8.97,1.4,-4.92,0,0,1,63
-9.13,0.88,-4.56,0,0,1,63
-9.06,0.36,-4.6,0,0,1,63
-9.13,-0.07,-4.78,0,0,1,63
-8.78,-0.37,-4.46,0,0,1,63
-8.35,-0.1,-4.23,0,0,1,63
-8.48,0.22,-3.74,0,0,1,63
-8.49,1.01,-3.84,0,0,1,63
-8.26,1.43,-3.99,0,0,1,63
-8.05,1.83,-3.9,0,0,1,63
-7.79,2.38,-3.66,0,0,1,63
-8.41,3.12,-3.46,0,0,1,63
-9.04,3.73,-4.25,0,0,1,63
-9.38,3.66,-4.76,0,0,1,63
-8.9,3.31,-4.33,0,0,1,63
-7.89,3.13,-3.13,0,0,1,63
-7.4,2.96,-2.38,0,0,1,63
-7.7,3.02,-2.72,0,0,1,63
-8.88,2.25,-3.53,0,0,1,63
-10.8,0.5,-5.4,0,0,1,63
-10.19,-0.51,-7.97,0,0,1,63
-13.35,1.22,-8.96,0,0,1,63
-9.92,3.04,-6.39,0,0,1,63
-7.2,1.44,-2.3,0,0,1,63
-6.2,0.43,-1.29,0,0,1,63
-6.36,-0.3,-2.34,0,0,1,63
-7.46,0.04,-4.08,0,0,1,63
-9.24,-0.34,-5.3,0,0,1,63
-9.28,-1.39,-6.57,0,0,1,63
-8.67,-1.94,-7.91,0,0,1,63
-8.15,-1.91,-7.99,0,0,1,63
-7.6,-0.71,-6.05,0,0,1,63
-7.36,0.8,-4.63,0,0,1,63
-7.78,1.79,-5.19,0,0,1,63
-8.17,1.7,-6.69,0,0,1,63
-8.68,0.8,-7.95,0,0,1,63
-8.44,-0.2,-8.09,0,0,1,63
-7.45,-0.41,-7.29,0,0,1,63
-6.95,-0.3,-6.06,0,0,1,63
-6.62,-0.17,-5.84,0,0,1,63
-6.93,-0.19,-6.55,0,0,1,63
-7.43,-0.06,-7.36,0,0,1,63
-7.57,0.83,-7.81,0,0,1,63
-7.86,1.39,-7.35,0,0,1,63
-7.89,1.86,-6.57,0,0,1,63
-7.44,2.26,-5.49,0,0,1,63
-7.25,2.77,-4.88,0,0,1,63
-7.38,3.47,-5.05,0,0,1,63
-8.21,3.75,-5.02,0,0,1,63
-9.24,2.88,-3.82,0,0,1,63
-9.28,1.52,-0.75,0,0,1,63
-8.02,0.06,-0.95,0,0,1,63
-8.53,-0.59,-5.09,0,0,1,63
-8.57,-0.11,-7.97,0,0,1,63
-8.68,3.57,-8.79,0,0,1,63
-10.27,7.39,-7.69,0,0,1,63
-11.2,7.98,-6.1,0,0,1,63
-10.18,5.41,-5.03,0,0,1,63
-6.63,3.14,-5.12,0,0,1,63
-5.64,3.09,-3.78,0,0,1,63
-6.59,5.09,-2.22,0,0,1,63
-7.36,6.2,-2.15,0,0,1,63
-7.91,6.17,-2.98,0,0,1,63
-8.12,4.63,-4.15,0,0,1,63
-8.18,2.98,-4.29,0,0,1,63
-7.89,2.45,-3.65,0,0,1,63
-7.62,2.81,-2.55,0,0,1,63
-7.99,3.18,-2.39,0,0,1,63
-8.2,3.16,-3.04,0,0,1,63
-8.1,2.86,-3.43,0,0,1,63
-7.88,2.41,-3.68,0,0,1,63
-7.91,2.2,-3.29,0,0,1,63
-7.63,2.61,-3.13,0,0,1,63
-7.56,3.56,-3.36,0,0,1,63
-7.25,4.45,-3.56,0,0,1,63
-7.12,5.59,-3.1,0,0,1,63
-7.44,6.64,-2.67,0,0,1,63
-7.85,7.1,-2.38,0,0,1,63
-8.15,6.25,-2.78,0,0,1,63
-8.79,4.76,-3.98,0,0,1,63
-9.33,3.35,-4.75,0,0,1,63
-8.23,3.01,-4.68,0,0,1,63
-7.69,2.69,-3.78,0,0,1,63
-7.8,2.35,-3.04,0,0,1,63
-8.24,1.67,-2.84,0,0,1,63
-8.43,1.32,-3.37,0,0,1,63
-8.8,1.63,-3.43,0,0,1,63
-19.62,-7.11,-4.15,0,0,1,63
-19.62,-7.22,-10.26,0,0,1,63
-17.75,-9.16,-15.72,0,0,1,63
-7.1,-4.34,-6.33,0,0,1,63
-5.4,2.28,2.99,0,0,1,63
-7.82,10.11,1.36,0,0,1,63
-8.93,10.27,-4.48,0,0,1,63
-8.01,3.58,-9.72,0,0,1,63
-9.0,-4.44,-9.32,0,0,1,63
-8.23,-8.82,-6.98,0,0,1,63
-4.77,-8.43,-3.41,0,0,1,63
-3.68,-5.5,-1.54,0,0,1,63
-9.24,2.88,-3.82,0,0,1,64
-9.28,1.52,-0.75,0,0,1,64
-8.02,0.06,-0.95,0,0,1,64
-8.53,-0.59,-5.09,0,0,1,64
-8.57,-0.11,-7.97,0,0,1,64
-8.68,3.57,-8.79,0,0,1,64
-10.27,7.39,-7.69,0,0,1,64
-11.2,7.98,-6.1,0,0,1,64
-10.18,5.41,-5.03,0,0,1,64
-6.63,3.14,-5.12,0,0,1,64
-5.64,3.09,-3.78,0,0,1,64
-6.59,5.09,-2.22,0,0,1,64
-7.36,6.2,-2.15,0,0,1,64
-7.91,6.17,-2.98,0,0,1,64
-8.12,4.63,-4.15,0,0,1,64
-8.18,2.98,-4.29,0,0,1,64
-7.89,2.45,-3.65,0,0,1,64
-7.62,2.81,-2.55,0,0,1,64
-7.99,3.18,-2.39,0,0,1,64
-8.2,3.16,-3.04,0,0,1,64
-8.1,2.86,-3.43,0,0,1,64
-7.88,2.41,-3.68,0,0,1,64
-7.91,2.2,-3.29,0,0,1,64
-7.63,2.61,-3.13,0,0,1,64
-7.56,3.56,-3.36,0,0,1,64
-7.25,4.45,-3.56,0,0,1,64
-7.12,5.59,-3.1,0,0,1,64
-7.44,6.64,-2.67,0,0,1,64
-7.85,7.1,-2.38,0,0,1,64
-8.15,6.25,-2.78,0,0,1,64
-8.79,4.76,-3.98,0,0,1,64
-9.33,3.35,-4.75,0,0,1,64
-8.23,3.01,-4.68,0,0,1,64
-7.69,2.69,-3.78,0,0,1,64
-7.8,2.35,-3.04,0,0,1,64
-8.24,1.67,-2.84,0,0,1,64
-8.43,1.32,-3.37,0,0,1,64
-8.8,1.63,-3.43,0,0,1,64
-19.62,-7.11,-4.15,0,0,1,64
-19.62,-7.22,-10.26,0,0,1,64
-17.75,-9.16,-15.72,0,0,1,64
-7.1,-4.34,-6.33,0,0,1,64
-5.4,2.28,2.99,0,0,1,64
-7.82,10.11,1.36,0,0,1,64
-8.93,10.27,-4.48,0,0,1,64
-8.01,3.58,-9.72,0,0,1,64
-9.0,-4.44,-9.32,0,0,1,64
-8.23,-8.82,-6.98,0,0,1,64
-4.77,-8.43,-3.41,0,0,1,64
-3.68,-5.5,-1.54,0,0,1,64
-5.4,-1.57,-3.59,0,0,1,64
-8.3,1.61,-7.06,0,0,1,64
-10.45,2.28,-9.51,0,0,1,64
-9.21,2.94,-9.81,0,0,1,64
-7.85,2.25,-6.65,0,0,1,64
-6.6,1.9,-3.8,0,0,1,64
-6.1,1.8,-3.38,0,0,1,64
-7.24,1.56,-4.65,0,0,1,64
-7.79,1.88,-6.13,0,0,1,64
-8.33,2.59,-6.6,0,0,1,64
-7.75,2.86,-6.22,0,0,1,64
-7.25,2.75,-5.15,0,0,1,64
-7.19,2.15,-4.29,0,0,1,64
-7.14,1.53,-4.21,0,0,1,64
-7.19,1.25,-4.98,0,0,1,64
-7.97,1.08,-5.41,0,0,1,64
-7.57,1.54,-6.03,0,0,1,64
-7.53,1.82,-5.83,0,0,1,64
-7.4,2.42,-5.21,0,0,1,64
-6.87,2.63,-4.95,0,0,1,64
-7.97,1.41,-5.23,0,0,1,64
-8.41,0.7,-5.29,0,0,1,64
-7.81,1.84,-5.38,0,0,1,64
-6.9,1.86,-5.95,0,0,1,64
-9.63,3.27,-3.83,0,0,1,64
-9.62,5.5,-4.55,0,0,1,64
-11.06,6.22,-7.52,0,0,1,64
-13.7,4.01,-9.35,0,0,1,64
-11.37,1.16,-10.14,0,0,1,64
-9.85,-2.18,-9.75,0,0,1,64
-7.94,-3.96,-5.87,0,0,1,64
-3.55,-4.9,0.68,0,0,1,64
-0.28,-5.48,4.66,0,0,1,64
-4.45,-2.4,0.95,0,0,1,64
-12.06,2.91,-3.87,0,0,1,64
-14.05,6.04,-8.3,0,0,1,64
-13.68,5.71,-11.84,0,0,1,64
-11.96,3.82,-10.98,0,0,1,64
-7.96,2.17,-6.02,0,0,1,64
-5.75,0.76,-0.89,0,0,1,64
-4.69,-0.26,1.29,0,0,1,64
-6.53,1.13,-2.5,0,0,1,64
-7.65,2.28,-5.06,0,0,1,64
-6.05,3.05,-5.33,0,0,1,64
-4.98,2.93,-2.72,0,0,1,64
-5.54,2.35,-1.38,0,0,1,64
-6.27,1.93,-3.23,0,0,1,64
-8.04,1.61,-5.91,0,0,1,64
-8.44,2.96,-6.1,0,0,1,64
-8.1,3.32,-5.11,0,0,1,64
-5.4,-1.57,-3.59,0,0,1,65
-8.3,1.61,-7.06,0,0,1,65
-10.45,2.28,-9.51,0,0,1,65
-9.21,2.94,-9.81,0,0,1,65
-7.85,2.25,-6.65,0,0,1,65
-6.6,1.9,-3.8,0,0,1,65
-6.1,1.8,-3.38,0,0,1,65
-7.24,1.56,-4.65,0,0,1,65
-7.79,1.88,-6.13,0,0,1,65
-8.33,2.59,-6.6,0,0,1,65
-7.75,2.86,-6.22,0,0,1,65
-7.25,2.75,-5.15,0,0,1,65
-7.19,2.15,-4.29,0,0,1,65
-7.14,1.53,-4.21,0,0,1,65
-7.19,1.25,-4.98,0,0,1,65
-7.97,1.08,-5.41,0,0,1,65
-7.57,1.54,-6.03,0,0,1,65
-7.53,1.82,-5.83,0,0,1,65
-7.4,2.42,-5.21,0,0,1,65
-6.87,2.63,-4.95,0,0,1,65
-7.97,1.41,-5.23,0,0,1,65
-8.41,0.7,-5.29,0,0,1,65
-7.81,1.84,-5.38,0,0,1,65
-6.9,1.86,-5.95,0,0,1,65
-9.63,3.27,-3.83,0,0,1,65
-9.62,5.5,-4.55,0,0,1,65
-11.06,6.22,-7.52,0,0,1,65
-13.7,4.01,-9.35,0,0,1,65
-11.37,1.16,-10.14,0,0,1,65
-9.85,-2.18,-9.75,0,0,1,65
-7.94,-3.96,-5.87,0,0,1,65
-3.55,-4.9,0.68,0,0,1,65
-0.28,-5.48,4.66,0,0,1,65
-4.45,-2.4,0.95,0,0,1,65
-12.06,2.91,-3.87,0,0,1,65
-14.05,6.04,-8.3,0,0,1,65
-13.68,5.71,-11.84,0,0,1,65
-11.96,3.82,-10.98,0,0,1,65
-7.96,2.17,-6.02,0,0,1,65
-5.75,0.76,-0.89,0,0,1,65
-4.69,-0.26,1.29,0,0,1,65
-6.53,1.13,-2.5,0,0,1,65
-7.65,2.28,-5.06,0,0,1,65
-6.05,3.05,-5.33,0,0,1,65
-4.98,2.93,-2.72,0,0,1,65
-5.54,2.35,-1.38,0,0,1,65
-6.27,1.93,-3.23,0,0,1,65
-8.04,1.61,-5.91,0,0,1,65
-8.44,2.96,-6.1,0,0,1,65
-8.1,3.32,-5.11,0,0,1,65
-11.69,0.29,-4.28,0,0,1,65
-9.26,1.18,-8.67,0,0,1,65
-12.19,2.61,-6.49,0,0,1,65
-11.59,4.69,-1.11,0,0,1,65
-10.24,5.91,-2.59,0,0,1,65
-10.99,3.68,-8.13,0,0,1,65
-10.35,-1.64,-9.72,0,0,1,65
-8.04,-3.61,-6.09,0,0,1,65
-6.6,-0.57,-2.56,0,0,1,65
-7.51,2.63,-4.09,0,0,1,65
-7.97,3.48,-6.39,0,0,1,65
-7.55,2.5,-7.04,0,0,1,65
-6.34,2.0,-6.13,0,0,1,65
-6.32,1.72,-5.08,0,0,1,65
-5.21,0.96,-4.84,0,0,1,65
-4.28,-0.7,-4.83,0,0,1,65
-5.16,-1.97,-4.01,0,0,1,65
-4.73,0.32,-3.67,0,0,1,65
-5.82,3.98,-4.15,0,0,1,65
-6.48,7.78,-5.48,0,0,1,65
-9.2,9.26,-5.09,0,0,1,65
-10.57,8.07,-5.58,0,0,1,65
-11.85,2.01,-8.31,0,0,1,65
-16.36,-1.08,-5.74,0,0,1,65
-12.99,0.02,-5.69,0,0,1,65
-11.83,-1.09,-8.75,0,0,1,65
-10.26,-2.22,-8.95,0,0,1,65
-8.88,-2.4,-6.47,0,0,1,65
-7.18,-0.17,-1.75,0,0,1,65
-6.62,3.79,0.89,0,0,1,65
-8.24,6.09,-0.64,0,0,1,65
-10.17,4.25,-3.58,0,0,1,65
-9.47,1.12,-5.3,0,0,1,65
-7.35,-0.67,-4.18,0,0,1,65
-5.23,0.39,-1.82,0,0,1,65
-4.31,2.64,-0.23,0,0,1,65
-6.01,4.56,-0.37,0,0,1,65
-6.9,4.83,-1.6,0,0,1,65
-4.79,3.42,-2.39,0,0,1,65
-5.55,0.65,-1.69,0,0,1,65
-13.24,-5.32,-5.92,0,0,1,65
-11.9,-2.52,-11.62,0,0,1,65
-10.21,4.53,-4.14,0,0,1,65
-7.02,9.63,1.59,0,0,1,65
-8.49,9.39,-1.8,0,0,1,65
-11.2,4.06,-10.25,0,0,1,65
-11.69,-0.74,-12.58,0,0,1,65
-8.84,-0.98,-7.51,0,0,1,65
-7.69,2.44,-3.31,0,0,1,65
-7.94,5.81,-3.87,0,0,1,65
-11.69,0.29,-4.28,0,0,1,66
-9.26,1.18,-8.67,0,0,1,66
-12.19,2.61,-6.49,0,0,1,66
-11.59,4.69,-1.11,0,0,1,66
-10.24,5.91,-2.59,0,0,1,66
-10.99,3.68,-8.13,0,0,1,66
-10.35,-1.64,-9.72,0,0,1,66
-8.04,-3.61,-6.09,0,0,1,66
-6.6,-0.57,-2.56,0,0,1,66
-7.51,2.63,-4.09,0,0,1,66
-7.97,3.48,-6.39,0,0,1,66
-7.55,2.5,-7.04,0,0,1,66
-6.34,2.0,-6.13,0,0,1,66
-6.32,1.72,-5.08,0,0,1,66
-5.21,0.96,-4.84,0,0,1,66
-4.28,-0.7,-4.83,0,0,1,66
-5.16,-1.97,-4.01,0,0,1,66
-4.73,0.32,-3.67,0,0,1,66
-5.82,3.98,-4.15,0,0,1,66
-6.48,7.78,-5.48,0,0,1,66
-9.2,9.26,-5.09,0,0,1,66
-10.57,8.07,-5.58,0,0,1,66
-11.85,2.01,-8.31,0,0,1,66
-16.36,-1.08,-5.74,0,0,1,66
-12.99,0.02,-5.69,0,0,1,66
-11.83,-1.09,-8.75,0,0,1,66
-10.26,-2.22,-8.95,0,0,1,66
-8.88,-2.4,-6.47,0,0,1,66
-7.18,-0.17,-1.75,0,0,1,66
-6.62,3.79,0.89,0,0,1,66
-8.24,6.09,-0.64,0,0,1,66
-10.17,4.25,-3.58,0,0,1,66
-9.47,1.12,-5.3,0,0,1,66
-7.35,-0.67,-4.18,0,0,1,66
-5.23,0.39,-1.82,0,0,1,66
-4.31,2.64,-0.23,0,0,1,66
-6.01,4.56,-0.37,0,0,1,66
-6.9,4.83,-1.6,0,0,1,66
-4.79,3.42,-2.39,0,0,1,66
-5.55,0.65,-1.69,0,0,1,66
-13.24,-5.32,-5.92,0,0,1,66
-11.9,-2.52,-11.62,0,0,1,66
-10.21,4.53,-4.14,0,0,1,66
-7.02,9.63,1.59,0,0,1,66
-8.49,9.39,-1.8,0,0,1,66
-11.2,4.06,-10.25,0,0,1,66
-11.69,-0.74,-12.58,0,0,1,66
-8.84,-0.98,-7.51,0,0,1,66
-7.69,2.44,-3.31,0,0,1,66
-7.94,5.81,-3.87,0,0,1,66
-7.66,6.2,-5.39,0,0,1,66
-7.67,3.88,-6.2,0,0,1,66
-6.7,1.64,-6.17,0,0,1,66
-5.92,0.46,-6.04,0,0,1,66
-5.16,0.49,-5.83,0,0,1,66
-5.42,1.4,-5.13,0,0,1,66
-5.76,2.95,-4.86,0,0,1,66
-6.96,4.5,-5.93,0,0,1,66
-7.9,4.83,-6.88,0,0,1,66
-7.48,3.67,-6.28,0,0,1,66
-6.96,1.73,-5.14,0,0,1,66
-6.88,0.49,-4.36,0,0,1,66
-7.15,0.02,-4.85,0,0,1,66
-7.63,-0.39,-6.36,0,0,1,66
-7.85,-0.45,-7.32,0,0,1,66
-9.89,-0.21,-6.6,0,0,1,66
-6.89,1.94,-4.85,0,0,1,66
-7.28,2.71,-5.17,0,0,1,66
-10.67,3.04,-6.68,0,0,1,66
-11.25,4.35,-8.08,0,0,1,66
-10.31,3.09,-8.98,0,0,1,66
-10.56,-0.41,-9.17,0,0,1,66
-9.47,-2.34,-7.45,0,0,1,66
-7.85,-2.29,-2.36,0,0,1,66
-5.71,0.28,-0.37,0,0,1,66
-5.2,2.51,-1.08,0,0,1,66
-6.62,1.98,-1.54,0,0,1,66
-7.53,0.81,-4.13,0,0,1,66
-11.09,1.18,-7.19,0,0,1,66
-13.57,3.05,-7.69,0,0,1,66
-11.86,3.98,-5.89,0,0,1,66
-9.6,3.22,-4.6,0,0,1,66
-8.78,2.16,-4.77,0,0,1,66
-8.9,1.33,-5.09,0,0,1,66
-8.6,1.57,-5.04,0,0,1,66
-7.7,2.6,-4.32,0,0,1,66
-6.43,3.29,-3.35,0,0,1,66
-5.18,3.01,-2.32,0,0,1,66
-4.8,1.98,-1.84,0,0,1,66
-4.69,0.75,-3.0,0,0,1,66
-5.35,0.51,-4.38,0,0,1,66
-7.91,0.5,-5.52,0,0,1,66
-9.0,0.95,-6.19,0,0,1,66
-8.55,0.93,-6.38,0,0,1,66
-8.17,0.88,-5.72,0,0,1,66
-8.47,1.0,-5.44,0,0,1,66
-8.1,1.91,-5.17,0,0,1,66
-7.78,3.35,-4.6,0,0,1,66
-10.89,2.87,-4.08,0,0,1,66
-10.12,3.46,-9.29,0,0,1,66
-7.66,6.2,-5.39,0,0,1,67
-7.67,3.88,-6.2,0,0,1,67
-6.7,1.64,-6.17,0,0,1,67
-5.92,0.46,-6.04,0,0,1,67
-5.16,0.49,-5.83,0,0,1,67
-5.42,1.4,-5.13,0,0,1,67
-5.76,2.95,-4.86,0,0,1,67
-6.96,4.5,-5.93,0,0,1,67
-7.9,4.83,-6.88,0,0,1,67
-7.48,3.67,-6.28,0,0,1,67
-6.96,1.73,-5.14,0,0,1,67
-6.88,0.49,-4.36,0,0,1,67
-7.15,0.02,-4.85,0,0,1,67
-7.63,-0.39,-6.36,0,0,1,67
-7.85,-0.45,-7.32,0,0,1,67
-9.89,-0.21,-6.6,0,0,1,67
-6.89,1.94,-4.85,0,0,1,67
-7.28,2.71,-5.17,0,0,1,67
-10.67,3.04,-6.68,0,0,1,67
-11.25,4.35,-8.08,0,0,1,67
-10.31,3.09,-8.98,0,0,1,67
-10.56,-0.41,-9.17,0,0,1,67
-9.47,-2.34,-7.45,0,0,1,67
-7.85,-2.29,-2.36,0,0,1,67
-5.71,0.28,-0.37,0,0,1,67
-5.2,2.51,-1.08,0,0,1,67
-6.62,1.98,-1.54,0,0,1,67
-7.53,0.81,-4.13,0,0,1,67
-11.09,1.18,-7.19,0,0,1,67
-13.57,3.05,-7.69,0,0,1,67
-11.86,3.98,-5.89,0,0,1,67
-9.6,3.22,-4.6,0,0,1,67
-8.78,2.16,-4.77,0,0,1,67
-8.9,1.33,-5.09,0,0,1,67
-8.6,1.57,-5.04,0,0,1,67
-7.7,2.6,-4.32,0,0,1,67
-6.43,3.29,-3.35,0,0,1,67
-5.18,3.01,-2.32,0,0,1,67
-4.8,1.98,-1.84,0,0,1,67
-4.69,0.75,-3.0,0,0,1,67
-5.35,0.51,-4.38,0,0,1,67
-7.91,0.5,-5.52,0,0,1,67
-9.0,0.95,-6.19,0,0,1,67
-8.55,0.93,-6.38,0,0,1,67
-8.17,0.88,-5.72,0,0,1,67
-8.47,1.0,-5.44,0,0,1,67
-8.1,1.91,-5.17,0,0,1,67
-7.78,3.35,-4.6,0,0,1,67
-10.89,2.87,-4.08,0,0,1,67
-10.12,3.46,-9.29,0,0,1,67
-13.15,-0.81,-10.9,0,0,1,67
-9.72,-1.03,-7.74,0,0,1,67
-5.96,0.98,-0.59,0,0,1,67
-7.54,4.29,-0.13,0,0,1,67
-9.87,5.34,-4.11,0,0,1,67
-9.99,3.04,-6.25,0,0,1,67
-7.85,-0.31,-6.57,0,0,1,67
-5.86,-3.43,-5.65,0,0,1,67
-5.46,-4.11,-4.15,0,0,1,67
-6.31,-1.32,-2.7,0,0,1,67
-7.79,1.47,-3.93,0,0,1,67
-11.19,1.89,-6.38,0,0,1,67
-11.23,0.95,-9.31,0,0,1,67
-10.03,-0.41,-9.67,0,0,1,67
-8.54,-0.55,-7.68,0,0,1,67
-7.29,0.12,-5.46,0,0,1,67
-6.72,-0.29,-4.34,0,0,1,67
-6.37,-1.35,-4.21,0,0,1,67
-6.65,-3.36,-4.75,0,0,1,67
-7.45,-5.22,-5.2,0,0,1,67
-6.55,-5.2,-5.44,0,0,1,67
-7.5,-3.17,-6.3,0,0,1,67
-6.81,-0.89,-7.63,0,0,1,67
-7.7,-0.31,-7.63,0,0,1,67
-13.47,0.94,-0.6,0,0,1,67
-12.81,3.66,0.27,0,0,1,67
-11.65,0.61,-4.77,0,0,1,67
-10.46,-3.74,-10.36,0,0,1,67
-7.49,-3.46,-7.84,0,0,1,67
-4.55,-2.21,-2.3,0,0,1,67
-5.56,0.05,-1.81,0,0,1,67
-8.14,1.62,-2.2,0,0,1,67
-9.92,1.59,-3.53,0,0,1,67
-9.95,-1.05,-5.5,0,0,1,67
-9.83,-3.84,-5.78,0,0,1,67
-8.25,-4.54,-5.07,0,0,1,67
-7.86,-3.03,-4.91,0,0,1,67
-8.54,0.6,-4.0,0,0,1,67
-10.5,3.3,-4.81,0,0,1,67
-10.34,4.22,-5.17,0,0,1,67
-9.24,3.6,-4.97,0,0,1,67
-8.21,2.23,-4.19,0,0,1,67
-6.8,1.24,-2.62,0,0,1,67
-6.91,1.89,-2.81,0,0,1,67
-7.27,3.47,-3.56,0,0,1,67
-7.55,4.26,-3.2,0,0,1,67
-7.41,4.01,-1.41,0,0,1,67
-7.6,2.81,-0.79,0,0,1,67
-7.89,1.08,-0.86,0,0,1,67
-7.75,0.57,-1.73,0,0,1,67
-13.15,-0.81,-10.9,0,0,1,68
-9.72,-1.03,-7.74,0,0,1,68
-5.96,0.98,-0.59,0,0,1,68
-7.54,4.29,-0.13,0,0,1,68
-9.87,5.34,-4.11,0,0,1,68
-9.99,3.04,-6.25,0,0,1,68
-7.85,-0.31,-6.57,0,0,1,68
-5.86,-3.43,-5.65,0,0,1,68
-5.46,-4.11,-4.15,0,0,1,68
-6.31,-1.32,-2.7,0,0,1,68
-7.79,1.47,-3.93,0,0,1,68
-11.19,1.89,-6.38,0,0,1,68
-11.23,0.95,-9.31,0,0,1,68
-10.03,-0.41,-9.67,0,0,1,68
-8.54,-0.55,-7.68,0,0,1,68
-7.29,0.12,-5.46,0,0,1,68
-6.72,-0.29,-4.34,0,0,1,68
-6.37,-1.35,-4.21,0,0,1,68
-6.65,-3.36,-4.75,0,0,1,68
-7.45,-5.22,-5.2,0,0,1,68
-6.55,-5.2,-5.44,0,0,1,68
-7.5,-3.17,-6.3,0,0,1,68
-6.81,-0.89,-7.63,0,0,1,68
-7.7,-0.31,-7.63,0,0,1,68
-13.47,0.94,-0.6,0,0,1,68
-12.81,3.66,0.27,0,0,1,68
-11.65,0.61,-4.77,0,0,1,68
-10.46,-3.74,-10.36,0,0,1,68
-7.49,-3.46,-7.84,0,0,1,68
-4.55,-2.21,-2.3,0,0,1,68
-5.56,0.05,-1.81,0,0,1,68
-8.14,1.62,-2.2,0,0,1,68
-9.92,1.59,-3.53,0,0,1,68
-9.95,-1.05,-5.5,0,0,1,68
-9.83,-3.84,-5.78,0,0,1,68
-8.25,-4.54,-5.07,0,0,1,68
-7.86,-3.03,-4.91,0,0,1,68
-8.54,0.6,-4.0,0,0,1,68
-10.5,3.3,-4.81,0,0,1,68
-10.34,4.22,-5.17,0,0,1,68
-9.24,3.6,-4.97,0,0,1,68
-8.21,2.23,-4.19,0,0,1,68
-6.8,1.24,-2.62,0,0,1,68
-6.91,1.89,-2.81,0,0,1,68
-7.27,3.47,-3.56,0,0,1,68
-7.55,4.26,-3.2,0,0,1,68
-7.41,4.01,-1.41,0,0,1,68
-7.6,2.81,-0.79,0,0,1,68
-7.89,1.08,-0.86,0,0,1,68
-7.75,0.57,-1.73,0,0,1,68
-9.01,-0.54,-1.62,0,0,1,68
-16.11,-0.32,-8.63,0,0,1,68
-13.23,-2.32,-15.61,0,0,1,68
-5.65,2.72,-4.93,0,0,1,68
-2.63,7.0,1.47,0,0,1,68
-4.09,9.77,-0.33,0,0,1,68
-7.47,5.84,-6.42,0,0,1,68
-10.89,-1.31,-11.02,0,0,1,68
-8.86,-4.0,-10.01,0,0,1,68
-6.7,-3.62,-7.24,0,0,1,68
-5.57,-1.03,-6.25,0,0,1,68
-6.16,2.23,-6.16,0,0,1,68
-7.53,4.95,-6.74,0,0,1,68
-7.65,6.35,-6.44,0,0,1,68
-7.88,5.73,-5.65,0,0,1,68
-7.89,4.91,-5.28,0,0,1,68
-8.12,3.82,-5.41,0,0,1,68
-7.87,3.81,-5.65,0,0,1,68
-7.76,4.1,-5.87,0,0,1,68
-7.93,3.9,-5.53,0,0,1,68
-7.7,3.27,-5.4,0,0,1,68
-7.71,2.68,-5.61,0,0,1,68
-7.51,2.58,-6.01,0,0,1,68
-7.37,2.44,-5.47,0,0,1,68
-6.35,2.42,-4.99,0,0,1,68
-6.59,3.0,-4.99,0,0,1,68
-7.26,4.09,-4.58,0,0,1,68
-8.1,5.28,-4.07,0,0,1,68
-8.36,4.78,-3.83,0,0,1,68
-7.52,4.06,-3.97,0,0,1,68
-7.52,3.89,-4.29,0,0,1,68
-7.64,3.49,-4.83,0,0,1,68
-8.69,2.21,-6.51,0,0,1,68
-9.91,2.77,-2.96,0,0,1,68
-11.78,5.0,-2.17,0,0,1,68
-12.68,3.93,-4.74,0,0,1,68
-12.32,-0.74,-9.44,0,0,1,68
-10.78,-3.58,-10.22,0,0,1,68
-7.36,-3.23,-6.18,0,0,1,68
-4.05,-1.8,-1.49,0,0,1,68
-4.03,0.94,0.12,0,0,1,68
-6.18,2.74,-1.41,0,0,1,68
-8.08,2.74,-3.8,0,0,1,68
-10.46,1.65,-7.38,0,0,1,68
-11.82,1.12,-8.18,0,0,1,68
-10.21,1.26,-4.61,0,0,1,68
-8.0,2.03,-2.0,0,0,1,68
-8.34,4.26,-3.52,0,0,1,68
-8.86,4.73,-4.39,0,0,1,68
-8.24,4.03,-4.0,0,0,1,68
-9.01,-0.54,-1.62,0,0,1,69
-16.11,-0.32,-8.63,0,0,1,69
-13.23,-2.32,-15.61,0,0,1,69
-5.65,2.72,-4.93,0,0,1,69
-2.63,7.0,1.47,0,0,1,69
-4.09,9.77,-0.33,0,0,1,69
-7.47,5.84,-6.42,0,0,1,69
-10.89,-1.31,-11.02,0,0,1,69
-8.86,-4.0,-10.01,0,0,1,69
-6.7,-3.62,-7.24,0,0,1,69
-5.57,-1.03,-6.25,0,0,1,69
-6.16,2.23,-6.16,0,0,1,69
-7.53,4.95,-6.74,0,0,1,69
-7.65,6.35,-6.44,0,0,1,69
-7.88,5.73,-5.65,0,0,1,69
-7.89,4.91,-5.28,0,0,1,69
-8.12,3.82,-5.41,0,0,1,69
-7.87,3.81,-5.65,0,0,1,69
-7.76,4.1,-5.87,0,0,1,69
-7.93,3.9,-5.53,0,0,1,69
-7.7,3.27,-5.4,0,0,1,69
-7.71,2.68,-5.61,0,0,1,69
-7.51,2.58,-6.01,0,0,1,69
-7.37,2.44,-5.47,0,0,1,69
-6.35,2.42,-4.99,0,0,1,69
-6.59,3.0,-4.99,0,0,1,69
-7.26,4.09,-4.58,0,0,1,69
-8.1,5.28,-4.07,0,0,1,69
-8.36,4.78,-3.83,0,0,1,69
-7.52,4.06,-3.97,0,0,1,69
-7.52,3.89,-4.29,0,0,1,69
-7.64,3.49,-4.83,0,0,1,69
-8.69,2.21,-6.51,0,0,1,69
-9.91,2.77,-2.96,0,0,1,69
-11.78,5.0,-2.17,0,0,1,69
-12.68,3.93,-4.74,0,0,1,69
-12.32,-0.74,-9.44,0,0,1,69
-10.78,-3.58,-10.22,0,0,1,69
-7.36,-3.23,-6.18,0,0,1,69
-4.05,-1.8,-1.49,0,0,1,69
-4.03,0.94,0.12,0,0,1,69
-6.18,2.74,-1.41,0,0,1,69
-8.08,2.74,-3.8,0,0,1,69
-10.46,1.65,-7.38,0,0,1,69
-11.82,1.12,-8.18,0,0,1,69
-10.21,1.26,-4.61,0,0,1,69
-8.0,2.03,-2.0,0,0,1,69
-8.34,4.26,-3.52,0,0,1,69
-8.86,4.73,-4.39,0,0,1,69
-8.24,4.03,-4.0,0,0,1,69
-7.08,2.52,-2.84,0,0,1,69
-6.27,2.14,-2.09,0,0,1,69
-5.85,2.71,-1.65,0,0,1,69
-6.08,3.43,-1.58,0,0,1,69
-6.58,3.63,-1.99,0,0,1,69
-6.96,3.18,-2.64,0,0,1,69
-7.81,2.58,-2.62,0,0,1,69
-7.87,3.02,-3.38,0,0,1,69
-8.45,3.37,-4.31,0,0,1,69
-9.44,4.39,-4.11,0,0,1,69
-14.51,3.72,-3.75,0,0,1,69
-16.64,3.64,-9.07,0,0,1,69
-12.59,4.28,-11.49,0,0,1,69
-10.51,3.68,-2.87,0,0,1,69
-6.95,4.07,2.09,0,0,1,69
-7.91,3.77,-0.44,0,0,1,69
-9.64,1.76,-5.33,0,0,1,69
-8.99,-1.32,-8.42,0,0,1,69
-7.32,-2.88,-7.19,0,0,1,69
-5.92,-2.78,-4.44,0,0,1,69
-6.03,-1.28,-2.66,0,0,1,69
-6.46,-0.6,-3.25,0,0,1,69
-7.17,-0.96,-3.15,0,0,1,69
-8.04,0.98,-4.8,0,0,1,69
-9.22,2.92,-7.25,0,0,1,69
-9.74,4.09,-8.21,0,0,1,69
-9.34,3.81,-7.04,0,0,1,69
-8.28,2.36,-5.13,0,0,1,69
-7.04,1.08,-3.83,0,0,1,69
-6.71,0.3,-3.57,0,0,1,69
-7.05,0.24,-3.94,0,0,1,69
-7.59,1.43,-4.84,0,0,1,69
-7.81,2.39,-5.73,0,0,1,69
-7.64,2.55,-5.87,0,0,1,69
-7.49,2.75,-4.99,0,0,1,69
-7.07,2.99,-4.33,0,0,1,69
-6.63,2.74,-4.11,0,0,1,69
-7.12,2.47,-4.52,0,0,1,69
-7.91,2.48,-5.16,0,0,1,69
-8.21,2.98,-4.99,0,0,1,69
-7.25,3.77,-5.15,0,0,1,69
-7.59,4.24,-4.94,0,0,1,69
-7.98,3.82,-5.59,0,0,1,69
-10.77,1.69,-6.72,0,0,1,69
-10.16,2.01,-5.35,0,0,1,69
-11.22,4.56,-5.93,0,0,1,69
-13.43,4.2,-6.84,0,0,1,69
-12.19,1.64,-8.61,0,0,1,69
-10.67,-2.36,-8.96,0,0,1,69
-8.98,-5.03,-4.41,0,0,1,69
-7.08,2.52,-2.84,0,0,1,70
-6.27,2.14,-2.09,0,0,1,70
-5.85,2.71,-1.65,0,0,1,70
-6.08,3.43,-1.58,0,0,1,70
-6.58,3.63,-1.99,0,0,1,70
-6.96,3.18,-2.64,0,0,1,70
-7.81,2.58,-2.62,0,0,1,70
-7.87,3.02,-3.38,0,0,1,70
-8.45,3.37,-4.31,0,0,1,70
-9.44,4.39,-4.11,0,0,1,70
-14.51,3.72,-3.75,0,0,1,70
-16.64,3.64,-9.07,0,0,1,70
-12.59,4.28,-11.49,0,0,1,70
-10.51,3.68,-2.87,0,0,1,70
-6.95,4.07,2.09,0,0,1,70
-7.91,3.77,-0.44,0,0,1,70
-9.64,1.76,-5.33,0,0,1,70
-8.99,-1.32,-8.42,0,0,1,70
-7.32,-2.88,-7.19,0,0,1,70
-5.92,-2.78,-4.44,0,0,1,70
-6.03,-1.28,-2.66,0,0,1,70
-6.46,-0.6,-3.25,0,0,1,70
-7.17,-0.96,-3.15,0,0,1,70
-8.04,0.98,-4.8,0,0,1,70
-9.22,2.92,-7.25,0,0,1,70
-9.74,4.09,-8.21,0,0,1,70
-9.34,3.81,-7.04,0,0,1,70
-8.28,2.36,-5.13,0,0,1,70
-7.04,1.08,-3.83,0,0,1,70
-6.71,0.3,-3.57,0,0,1,70
-7.05,0.24,-3.94,0,0,1,70
-7.59,1.43,-4.84,0,0,1,70
-7.81,2.39,-5.73,0,0,1,70
-7.64,2.55,-5.87,0,0,1,70
-7.49,2.75,-4.99,0,0,1,70
-7.07,2.99,-4.33,0,0,1,70
-6.63,2.74,-4.11,0,0,1,70
-7.12,2.47,-4.52,0,0,1,70
-7.91,2.48,-5.16,0,0,1,70
-8.21,2.98,-4.99,0,0,1,70
-7.25,3.77,-5.15,0,0,1,70
-7.59,4.24,-4.94,0,0,1,70
-7.98,3.82,-5.59,0,0,1,70
-10.77,1.69,-6.72,0,0,1,70
-10.16,2.01,-5.35,0,0,1,70
-11.22,4.56,-5.93,0,0,1,70
-13.43,4.2,-6.84,0,0,1,70
-12.19,1.64,-8.61,0,0,1,70
-10.67,-2.36,-8.96,0,0,1,70
-8.98,-5.03,-4.41,0,0,1,70
-4.1,-5.92,1.44,0,0,1,70
-2.82,-2.22,1.53,0,0,1,70
-7.21,2.85,-1.31,0,0,1,70
-12.3,4.92,-4.18,0,0,1,70
-12.72,4.69,-7.93,0,0,1,70
-11.4,4.21,-9.35,0,0,1,70
-9.58,3.62,-6.17,0,0,1,70
-6.64,1.49,-0.14,0,0,1,70
-5.0,0.56,-0.3,0,0,1,70
-6.34,0.38,-2.6,0,0,1,70
-7.38,1.48,-4.42,0,0,1,70
-7.7,2.86,-4.26,0,0,1,70
-7.89,3.4,-2.88,0,0,1,70
-5.81,3.95,-1.63,0,0,1,70
-5.52,3.22,-1.91,0,0,1,70
-6.84,3.45,-3.59,0,0,1,70
-8.5,3.4,-4.46,0,0,1,70
-8.92,3.91,-4.49,0,0,1,70
-8.25,4.78,-4.5,0,0,1,70
-7.68,6.06,-4.36,0,0,1,70
-7.59,6.8,-3.03,0,0,1,70
-15.91,3.43,-1.67,0,0,1,70
-17.87,2.3,-10.47,0,0,1,70
-15.95,-0.28,-15.54,0,0,1,70
-9.59,-0.11,-4.91,0,0,1,70
-5.79,0.9,1.99,0,0,1,70
-7.29,2.93,-0.12,0,0,1,70
-7.85,2.22,-4.59,0,0,1,70
-7.08,0.1,-7.17,0,0,1,70
-6.96,-2.43,-6.35,0,0,1,70
-7.75,-3.33,-3.92,0,0,1,70
-6.68,-1.22,-3.08,0,0,1,70
-7.38,1.16,-2.68,0,0,1,70
-7.69,2.44,-4.21,0,0,1,70
-8.52,2.58,-6.62,0,0,1,70
-9.56,2.64,-8.33,0,0,1,70
-8.6,2.35,-7.38,0,0,1,70
-7.59,1.36,-5.14,0,0,1,70
-6.85,0.65,-3.64,0,0,1,70
-6.42,0.74,-3.22,0,0,1,70
-6.89,0.99,-4.29,0,0,1,70
-7.76,1.47,-5.71,0,0,1,70
-7.99,2.46,-5.8,0,0,1,70
-7.73,3.35,-5.14,0,0,1,70
-7.26,3.64,-4.6,0,0,1,70
-8.34,2.74,-4.51,0,0,1,70
-8.18,2.09,-4.39,0,0,1,70
-7.66,1.62,-5.1,0,0,1,70
-8.14,1.67,-5.3,0,0,1,70
-8.28,2.6,-5.64,0,0,1,70
-4.1,-5.92,1.44,0,0,1,71
-2.82,-2.22,1.53,0,0,1,71
-7.21,2.85,-1.31,0,0,1,71
-12.3,4.92,-4.18,0,0,1,71
-12.72,4.69,-7.93,0,0,1,71
-11.4,4.21,-9.35,0,0,1,71
-9.58,3.62,-6.17,0,0,1,71
-6.64,1.49,-0.14,0,0,1,71
-5.0,0.56,-0.3,0,0,1,71
-6.34,0.38,-2.6,0,0,1,71
-7.38,1.48,-4.42,0,0,1,71
-7.7,2.86,-4.26,0,0,1,71
-7.89,3.4,-2.88,0,0,1,71
-5.81,3.95,-1.63,0,0,1,71
-5.52,3.22,-1.91,0,0,1,71
-6.84,3.45,-3.59,0,0,1,71
-8.5,3.4,-4.46,0,0,1,71
-8.92,3.91,-4.49,0,0,1,71
-8.25,4.78,-4.5,0,0,1,71
-7.68,6.06,-4.36,0,0,1,71
-7.59,6.8,-3.03,0,0,1,71
-15.91,3.43,-1.67,0,0,1,71
-17.87,2.3,-10.47,0,0,1,71
-15.95,-0.28,-15.54,0,0,1,71
-9.59,-0.11,-4.91,0,0,1,71
-5.79,0.9,1.99,0,0,1,71
-7.29,2.93,-0.12,0,0,1,71
-7.85,2.22,-4.59,0,0,1,71
-7.08,0.1,-7.17,0,0,1,71
-6.96,-2.43,-6.35,0,0,1,71
-7.75,-3.33,-3.92,0,0,1,71
-6.68,-1.22,-3.08,0,0,1,71
-7.38,1.16,-2.68,0,0,1,71
-7.69,2.44,-4.21,0,0,1,71
-8.52,2.58,-6.62,0,0,1,71
-9.56,2.64,-8.33,0,0,1,71
-8.6,2.35,-7.38,0,0,1,71
-7.59,1.36,-5.14,0,0,1,71
-6.85,0.65,-3.64,0,0,1,71
-6.42,0.74,-3.22,0,0,1,71
-6.89,0.99,-4.29,0,0,1,71
-7.76,1.47,-5.71,0,0,1,71
-7.99,2.46,-5.8,0,0,1,71
-7.73,3.35,-5.14,0,0,1,71
-7.26,3.64,-4.6,0,0,1,71
-8.34,2.74,-4.51,0,0,1,71
-8.18,2.09,-4.39,0,0,1,71
-7.66,1.62,-5.1,0,0,1,71
-8.14,1.67,-5.3,0,0,1,71
-8.28,2.6,-5.64,0,0,1,71
-8.65,2.92,-6.55,0,0,1,71
-8.01,1.33,-7.71,0,0,1,71
-12.11,1.04,-5.29,0,0,1,71
-9.82,3.35,-3.92,0,0,1,71
-11.24,3.79,-4.69,0,0,1,71
-11.18,2.63,-6.71,0,0,1,71
-10.05,0.45,-7.08,0,0,1,71
-8.8,-3.25,-5.38,0,0,1,71
-6.37,-6.99,-1.3,0,0,1,71
-3.25,-6.55,-0.07,0,0,1,71
-5.85,-1.57,-1.66,0,0,1,71
-10.48,6.39,-3.56,0,0,1,71
-14.22,10.18,-5.09,0,0,1,71
-13.26,8.06,-10.22,0,0,1,71
-11.62,4.56,-10.5,0,0,1,71
-8.21,1.98,-6.12,0,0,1,71
-5.57,-0.73,0.85,0,0,1,71
-4.2,-1.07,0.24,0,0,1,71
-6.07,1.4,-1.86,0,0,1,71
-6.52,3.62,-4.14,0,0,1,71
-6.47,4.39,-4.25,0,0,1,71
-5.9,4.01,-3.16,0,0,1,71
-6.32,3.06,-2.25,0,0,1,71
-7.57,1.18,-3.74,0,0,1,71
-6.7,-0.19,-5.46,0,0,1,71
-7.32,0.24,-5.13,0,0,1,71
-9.68,1.48,-4.5,0,0,1,71
-9.47,3.55,-7.64,0,0,1,71
-15.95,2.31,-10.06,0,0,1,71
-14.34,2.32,-12.17,0,0,1,71
-9.52,1.78,-4.62,0,0,1,71
-6.41,2.82,1.42,0,0,1,71
-6.66,3.25,-0.59,0,0,1,71
-7.29,0.57,-5.0,0,0,1,71
-7.51,-3.43,-7.24,0,0,1,71
-7.77,-5.53,-6.73,0,0,1,71
-7.41,-3.11,-5.36,0,0,1,71
-7.13,1.7,-4.63,0,0,1,71
-7.4,4.33,-4.57,0,0,1,71
-8.0,4.79,-5.56,0,0,1,71
-9.0,2.94,-7.1,0,0,1,71
-8.53,1.2,-7.23,0,0,1,71
-7.71,1.04,-5.48,0,0,1,71
-7.56,2.25,-4.31,0,0,1,71
-8.05,3.18,-4.46,0,0,1,71
-8.36,2.77,-5.41,0,0,1,71
-8.24,1.59,-5.89,0,0,1,71
-8.21,0.58,-5.62,0,0,1,71
-8.31,-0.1,-5.53,0,0,1,71
-8.77,-0.39,-5.58,0,0,1,71
-8.65,2.92,-6.55,0,0,1,72
-8.01,1.33,-7.71,0,0,1,72
-12.11,1.04,-5.29,0,0,1,72
-9.82,3.35,-3.92,0,0,1,72
-11.24,3.79,-4.69,0,0,1,72
-11.18,2.63,-6.71,0,0,1,72
-10.05,0.45,-7.08,0,0,1,72
-8.8,-3.25,-5.38,0,0,1,72
-6.37,-6.99,-1.3,0,0,1,72
-3.25,-6.55,-0.07,0,0,1,72
-5.85,-1.57,-1.66,0,0,1,72
-10.48,6.39,-3.56,0,0,1,72
-14.22,10.18,-5.09,0,0,1,72
-13.26,8.06,-10.22,0,0,1,72
-11.62,4.56,-10.5,0,0,1,72
-8.21,1.98,-6.12,0,0,1,72
-5.57,-0.73,0.85,0,0,1,72
-4.2,-1.07,0.24,0,0,1,72
-6.07,1.4,-1.86,0,0,1,72
-6.52,3.62,-4.14,0,0,1,72
-6.47,4.39,-4.25,0,0,1,72
-5.9,4.01,-3.16,0,0,1,72
-6.32,3.06,-2.25,0,0,1,72
-7.57,1.18,-3.74,0,0,1,72
-6.7,-0.19,-5.46,0,0,1,72
-7.32,0.24,-5.13,0,0,1,72
-9.68,1.48,-4.5,0,0,1,72
-9.47,3.55,-7.64,0,0,1,72
-15.95,2.31,-10.06,0,0,1,72
-14.34,2.32,-12.17,0,0,1,72
-9.52,1.78,-4.62,0,0,1,72
-6.41,2.82,1.42,0,0,1,72
-6.66,3.25,-0.59,0,0,1,72
-7.29,0.57,-5.0,0,0,1,72
-7.51,-3.43,-7.24,0,0,1,72
-7.77,-5.53,-6.73,0,0,1,72
-7.41,-3.11,-5.36,0,0,1,72
-7.13,1.7,-4.63,0,0,1,72
-7.4,4.33,-4.57,0,0,1,72
-8.0,4.79,-5.56,0,0,1,72
-9.0,2.94,-7.1,0,0,1,72
-8.53,1.2,-7.23,0,0,1,72
-7.71,1.04,-5.48,0,0,1,72
-7.56,2.25,-4.31,0,0,1,72
-8.05,3.18,-4.46,0,0,1,72
-8.36,2.77,-5.41,0,0,1,72
-8.24,1.59,-5.89,0,0,1,72
-8.21,0.58,-5.62,0,0,1,72
-8.31,-0.1,-5.53,0,0,1,72
-8.77,-0.39,-5.58,0,0,1,72
-9.13,-0.23,-5.85,0,0,1,72
-9.63,0.45,-6.46,0,0,1,72
-10.03,1.13,-6.75,0,0,1,72
-10.03,0.92,-6.6,0,0,1,72
-9.42,0.1,-6.05,0,0,1,72
-9.03,-0.62,-5.69,0,0,1,72
-8.28,-1.03,-5.01,0,0,1,72
-7.55,-1.07,-3.74,0,0,1,72
-5.87,-1.29,-3.04,0,0,1,72
-4.47,-1.96,-1.85,0,0,1,72
-2.96,-1.72,-0.35,0,0,1,72
-3.2,0.41,-1.0,0,0,1,72
-6.26,3.79,-3.2,0,0,1,72
-9.48,5.33,-4.44,0,0,1,72
-11.43,5.09,-5.42,0,0,1,72
-12.89,3.38,-6.5,0,0,1,72
-14.01,1.9,-6.84,0,0,1,72
-15.67,2.34,-5.68,0,0,1,72
-15.49,3.14,-5.87,0,0,1,72
-13.7,2.51,-6.2,0,0,1,72
-10.91,2.1,-4.72,0,0,1,72
-8.31,2.06,-3.45,0,0,1,72
-6.4,1.87,-2.25,0,0,1,72
-4.42,1.53,-1.35,0,0,1,72
-2.89,1.33,-0.51,0,0,1,72
-1.34,1.56,-0.08,0,0,1,72
-0.19,1.13,-0.08,0,0,1,72
0.39,-0.23,-1.33,0,0,1,72
-3.22,-5.24,-4.45,0,0,1,72
-10.89,-9.52,-5.52,0,0,1,72
-11.09,-5.62,-8.35,0,0,1,72
-12.55,3.87,-9.32,0,0,1,72
-12.11,9.19,-7.78,0,0,1,72
-12.78,7.51,-9.35,0,0,1,72
-13.23,3.5,-9.86,0,0,1,72
-12.67,-0.18,-9.53,0,0,1,72
-12.4,-1.15,-8.41,0,0,1,72
-11.06,0.04,-6.7,0,0,1,72
-10.02,1.08,-5.35,0,0,1,72
-8.38,1.29,-4.76,0,0,1,72
-6.87,0.6,-3.72,0,0,1,72
-4.47,-0.41,-2.95,0,0,1,72
-2.74,-1.24,-2.37,0,0,1,72
-2.27,-1.27,-2.36,0,0,1,72
-2.87,-1.25,-1.84,0,0,1,72
-1.73,-0.42,0.45,0,0,1,72
-2.54,4.03,0.62,0,0,1,72
-9.12,5.38,0.11,0,0,1,72
-12.42,9.13,-4.86,0,0,1,72
-14.39,8.67,-9.4,0,0,1,72
-9.13,-0.23,-5.85,0,0,1,73
-9.63,0.45,-6.46,0,0,1,73
-10.03,1.13,-6.75,0,0,1,73
-10.03,0.92,-6.6,0,0,1,73
-9.42,0.1,-6.05,0,0,1,73
-9.03,-0.62,-5.69,0,0,1,73
-8.28,-1.03,-5.01,0,0,1,73
-7.55,-1.07,-3.74,0,0,1,73
-5.87,-1.29,-3.04,0,0,1,73
-4.47,-1.96,-1.85,0,0,1,73
-2.96,-1.72,-0.35,0,0,1,73
-3.2,0.41,-1.0,0,0,1,73
-6.26,3.79,-3.2,0,0,1,73
-9.48,5.33,-4.44,0,0,1,73
-11.43,5.09,-5.42,0,0,1,73
-12.89,3.38,-6.5,0,0,1,73
-14.01,1.9,-6.84,0,0,1,73
-15.67,2.34,-5.68,0,0,1,73
-15.49,3.14,-5.87,0,0,1,73
-13.7,2.51,-6.2,0,0,1,73
-10.91,2.1,-4.72,0,0,1,73
-8.31,2.06,-3.45,0,0,1,73
-6.4,1.87,-2.25,0,0,1,73
-4.42,1.53,-1.35,0,0,1,73
-2.89,1.33,-0.51,0,0,1,73
-1.34,1.56,-0.08,0,0,1,73
-0.19,1.13,-0.08,0,0,1,73
0.39,-0.23,-1.33,0,0,1,73
-3.22,-5.24,-4.45,0,0,1,73
-10.89,-9.52,-5.52,0,0,1,73
-11.09,-5.62,-8.35,0,0,1,73
-12.55,3.87,-9.32,0,0,1,73
-12.11,9.19,-7.78,0,0,1,73
-12.78,7.51,-9.35,0,0,1,73
-13.23,3.5,-9.86,0,0,1,73
-12.67,-0.18,-9.53,0,0,1,73
-12.4,-1.15,-8.41,0,0,1,73
-11.06,0.04,-6.7,0,0,1,73
-10.02,1.08,-5.35,0,0,1,73
-8.38,1.29,-4.76,0,0,1,73
-6.87,0.6,-3.72,0,0,1,73
-4.47,-0.41,-2.95,0,0,1,73
-2.74,-1.24,-2.37,0,0,1,73
-2.27,-1.27,-2.36,0,0,1,73
-2.87,-1.25,-1.84,0,0,1,73
-1.73,-0.42,0.45,0,0,1,73
-2.54,4.03,0.62,0,0,1,73
-9.12,5.38,0.11,0,0,1,73
-12.42,9.13,-4.86,0,0,1,73
-14.39,8.67,-9.4,0,0,1,73
-15.66,3.17,-14.35,0,0,1,73
-13.21,0.72,-8.16,0,0,1,73
-11.18,1.66,-0.74,0,0,1,73
-12.85,5.08,-2.8,0,0,1,73
-12.58,6.05,-6.41,0,0,1,73
-10.64,3.76,-6.95,0,0,1,73
-8.95,1.19,-5.36,0,0,1,73
-5.84,0.2,-3.12,0,0,1,73
-3.11,0.14,-1.62,0,0,1,73
-2.59,0.38,-0.83,0,0,1,73
-4.44,0.11,-0.37,0,0,1,73
-4.64,-0.8,-1.79,0,0,1,73
-3.42,-2.6,-5.47,0,0,1,73
-4.11,-4.12,-6.84,0,0,1,73
-9.56,-5.62,-2.2,0,0,1,73
-8.08,-1.97,-2.57,0,0,1,73
-11.2,4.12,-5.96,0,0,1,73
-11.09,7.85,-8.44,0,0,1,73
-10.78,5.93,-8.72,0,0,1,73
-11.98,2.49,-9.23,0,0,1,73
-13.16,0.25,-10.41,0,0,1,73
-13.02,-1.41,-9.95,0,0,1,73
-10.86,-0.33,-6.69,0,0,1,73
-9.45,1.47,-4.58,0,0,1,73
-8.59,2.3,-4.9,0,0,1,73
-6.95,1.13,-3.84,0,0,1,73
-5.93,0.67,-4.02,0,0,1,73
-5.35,0.33,-3.74,0,0,1,73
-4.42,-0.6,-3.3,0,0,1,73
-3.86,-0.09,-3.4,0,0,1,73
-3.67,0.59,-2.21,0,0,1,73
-3.54,1.28,-0.71,0,0,1,73
-4.87,1.8,-0.46,0,0,1,73
-8.17,1.28,-4.63,0,0,1,73
-13.18,2.5,-9.38,0,0,1,73
-16.06,5.11,-10.03,0,0,1,73
-16.36,3.6,-11.24,0,0,1,73
-16.26,0.05,-11.0,0,0,1,73
-13.15,-1.92,-7.22,0,0,1,73
-9.75,-1.63,-3.82,0,0,1,73
-7.6,0.37,-2.03,0,0,1,73
-6.05,2.36,-2.05,0,0,1,73
-5.12,3.09,-3.28,0,0,1,73
-4.52,2.69,-3.84,0,0,1,73
-3.68,1.68,-3.77,0,0,1,73
-3.34,0.47,-2.22,0,0,1,73
-3.38,-0.17,-0.23,0,0,1,73
-3.86,-0.39,-0.81,0,0,1,73
-4.78,0.38,-2.45,0,0,1,73
-6.91,1.26,-2.92,0,0,1,73
-15.66,3.17,-14.35,0,0,1,74
-13.21,0.72,-8.16,0,0,1,74
-11.18,1.66,-0.74,0,0,1,74
-12.85,5.08,-2.8,0,0,1,74
-12.58,6.05,-6.41,0,0,1,74
-10.64,3.76,-6.95,0,0,1,74
-8.95,1.19,-5.36,0,0,1,74
-5.84,0.2,-3.12,0,0,1,74
-3.11,0.14,-1.62,0,0,1,74
-2.59,0.38,-0.83,0,0,1,74
-4.44,0.11,-0.37,0,0,1,74
-4.64,-0.8,-1.79,0,0,1,74
-3.42,-2.6,-5.47,0,0,1,74
-4.11,-4.12,-6.84,0,0,1,74
-9.56,-5.62,-2.2,0,0,1,74
-8.08,-1.97,-2.57,0,0,1,74
-11.2,4.12,-5.96,0,0,1,74
-11.09,7.85,-8.44,0,0,1,74
-10.78,5.93,-8.72,0,0,1,74
-11.98,2.49,-9.23,0,0,1,74
-13.16,0.25,-10.41,0,0,1,74
-13.02,-1.41,-9.95,0,0,1,74
-10.86,-0.33,-6.69,0,0,1,74
-9.45,1.47,-4.58,0,0,1,74
-8.59,2.3,-4.9,0,0,1,74
-6.95,1.13,-3.84,0,0,1,74
-5.93,0.67,-4.02,0,0,1,74
-5.35,0.33,-3.74,0,0,1,74
-4.42,-0.6,-3.3,0,0,1,74
-3.86,-0.09,-3.4,0,0,1,74
-3.67,0.59,-2.21,0,0,1,74
-3.54,1.28,-0.71,0,0,1,74
-4.87,1.8,-0.46,0,0,1,74
-8.17,1.28,-4.63,0,0,1,74
-13.18,2.5,-9.38,0,0,1,74
-16.06,5.11,-10.03,0,0,1,74
-16.36,3.6,-11.24,0,0,1,74
-16.26,0.05,-11.0,0,0,1,74
-13.15,-1.92,-7.22,0,0,1,74
-9.75,-1.63,-3.82,0,0,1,74
-7.6,0.37,-2.03,0,0,1,74
-6.05,2.36,-2.05,0,0,1,74
-5.12,3.09,-3.28,0,0,1,74
-4.52,2.69,-3.84,0,0,1,74
-3.68,1.68,-3.77,0,0,1,74
-3.34,0.47,-2.22,0,0,1,74
-3.38,-0.17,-0.23,0,0,1,74
-3.86,-0.39,-0.81,0,0,1,74
-4.78,0.38,-2.45,0,0,1,74
-6.91,1.26,-2.92,0,0,1,74
-10.55,1.86,-5.23,0,0,1,74
-13.97,2.79,-7.91,0,0,1,74
-16.79,3.18,-10.51,0,0,1,74
-16.0,1.67,-11.69,0,0,1,74
-13.52,0.78,-8.54,0,0,1,74
-10.96,1.24,-5.65,0,0,1,74
-9.08,1.67,-4.49,0,0,1,74
-7.34,1.6,-3.86,0,0,1,74
-5.47,0.96,-2.99,0,0,1,74
-4.38,0.34,-2.12,0,0,1,74
-3.84,-0.04,-1.92,0,0,1,74
-3.77,-0.11,-1.99,0,0,1,74
-2.82,0.13,-2.04,0,0,1,74
-3.07,0.8,-1.41,0,0,1,74
-4.01,1.79,-1.13,0,0,1,74
-7.36,2.42,-1.98,0,0,1,74
-11.24,2.34,-4.91,0,0,1,74
-15.27,2.51,-8.88,0,0,1,74
-18.01,2.81,-12.15,0,0,1,74
-17.19,1.75,-12.53,0,0,1,74
-14.51,1.5,-8.5,0,0,1,74
-12.13,1.73,-5.92,0,0,1,74
-9.69,1.38,-4.78,0,0,1,74
-6.63,1.25,-3.68,0,0,1,74
-4.26,0.95,-2.95,0,0,1,74
-3.45,1.12,-2.04,0,0,1,74
-2.57,1.4,-1.42,0,0,1,74
-1.67,1.57,-1.45,0,0,1,74
-2.38,0.97,-1.79,0,0,1,74
-4.17,0.27,-1.78,0,0,1,74
-5.87,-0.86,-2.05,0,0,1,74
-7.81,-0.37,-4.51,0,0,1,74
-11.27,0.76,-6.42,0,0,1,74
-12.36,2.23,-7.85,0,0,1,74
-13.13,2.87,-7.79,0,0,1,74
-11.95,2.19,-6.9,0,0,1,74
-11.43,1.13,-5.56,0,0,1,74
-11.52,0.53,-6.78,0,0,1,74
-9.8,-0.48,-7.1,0,0,1,74
-7.2,-1.31,-4.4,0,0,1,74
-6.32,-0.79,-1.84,0,0,1,74
-6.94,1.36,-2.68,0,0,1,74
-8.58,2.98,-5.33,0,0,1,74
-9.61,3.65,-6.62,0,0,1,74
-9.49,3.44,-6.46,0,0,1,74
-8.73,2.35,-5.62,0,0,1,74
-7.94,1.09,-4.9,0,0,1,74
-7.54,0.15,-3.98,0,0,1,74
-7.54,0.22,-3.85,0,0,1,74
-8.12,1.12,-4.57,0,0,1,74
-10.55,1.86,-5.23,0,0,1,75
-13.97,2.79,-7.91,0,0,1,75
-16.79,3.18,-10.51,0,0,1,75
-16.0,1.67,-11.69,0,0,1,75
-13.52,0.78,-8.54,0,0,1,75
-10.96,1.24,-5.65,0,0,1,75
-9.08,1.67,-4.49,0,0,1,75
-7.34,1.6,-3.86,0,0,1,75
-5.47,0.96,-2.99,0,0,1,75
-4.38,0.34,-2.12,0,0,1,75
-3.84,-0.04,-1.92,0,0,1,75
-3.77,-0.11,-1.99,0,0,1,75
-2.82,0.13,-2.04,0,0,1,75
-3.07,0.8,-1.41,0,0,1,75
-4.01,1.79,-1.13,0,0,1,75
-7.36,2.42,-1.98,0,0,1,75
-11.24,2.34,-4.91,0,0,1,75
-15.27,2.51,-8.88,0,0,1,75
-18.01,2.81,-12.15,0,0,1,75
-17.19,1.75,-12.53,0,0,1,75
-14.51,1.5,-8.5,0,0,1,75
-12.13,1.73,-5.92,0,0,1,75
-9.69,1.38,-4.78,0,0,1,75
-6.63,1.25,-3.68,0,0,1,75
-4.26,0.95,-2.95,0,0,1,75
-3.45,1.12,-2.04,0,0,1,75
-2.57,1.4,-1.42,0,0,1,75
-1.67,1.57,-1.45,0,0,1,75
-2.38,0.97,-1.79,0,0,1,75
-4.17,0.27,-1.78,0,0,1,75
-5.87,-0.86,-2.05,0,0,1,75
-7.81,-0.37,-4.51,0,0,1,75
-11.27,0.76,-6.42,0,0,1,75
-12.36,2.23,-7.85,0,0,1,75
-13.13,2.87,-7.79,0,0,1,75
-11.95,2.19,-6.9,0,0,1,75
-11.43,1.13,-5.56,0,0,1,75
-11.52,0.53,-6.78,0,0,1,75
-9.8,-0.48,-7.1,0,0,1,75
-7.2,-1.31,-4.4,0,0,1,75
-6.32,-0.79,-1.84,0,0,1,75
-6.94,1.36,-2.68,0,0,1,75
-8.58,2.98,-5.33,0,0,1,75
-9.61,3.65,-6.62,0,0,1,75
-9.49,3.44,-6.46,0,0,1,75
-8.73,2.35,-5.62,0,0,1,75
-7.94,1.09,-4.9,0,0,1,75
-7.54,0.15,-3.98,0,0,1,75
-7.54,0.22,-3.85,0,0,1,75
-8.12,1.12,-4.57,0,0,1,75
-8.83,1.67,-5.41,0,0,1,75
-9.06,1.68,-5.66,0,0,1,75
-8.56,1.52,-5.32,0,0,1,75
-8.16,1.31,-4.87,0,0,1,75
-7.9,1.61,-4.44,0,0,1,75
-8.12,2.22,-4.73,0,0,1,75
-8.36,2.57,-5.06,0,0,1,75
-8.08,2.41,-5.35,0,0,1,75
-8.06,2.02,-5.34,0,0,1,75
-7.96,1.51,-5.27,0,0,1,75
-7.89,1.04,-5.4,0,0,1,75
-7.93,0.91,-5.7,0,0,1,75
-8.1,0.84,-5.94,0,0,1,75
-8.06,0.77,-5.8,0,0,1,75
-8.01,0.47,-5.79,0,0,1,75
-8.1,0.03,-5.88,0,0,1,75
-7.91,-0.24,-5.88,0,0,1,75
-8.01,-0.45,-5.74,0,0,1,75
-8.03,-0.72,-5.68,0,0,1,75
-8.12,-0.8,-5.63,0,0,1,75
-8.33,-0.83,-5.53,0,0,1,75
-8.09,-0.83,-5.46,0,0,1,75
-8.25,-1.03,-5.51,0,0,1,75
-8.21,-1.59,-5.64,0,0,1,75
-8.38,-2.03,-5.75,0,0,1,75
-8.59,-2.34,-5.5,0,0,1,75
-8.77,-2.34,-5.46,0,0,1,75
-8.86,-2.02,-5.05,0,0,1,75
-8.45,-1.64,-5.01,0,0,1,75
-8.59,-1.71,-4.77,0,0,1,75
-8.57,-1.57,-5.07,0,0,1,75
-8.59,-1.16,-4.97,0,0,1,75
-8.48,-0.7,-4.97,0,0,1,75
-8.53,-0.58,-5.07,0,0,1,75
-8.55,-0.4,-5.19,0,0,1,75
-8.32,-0.4,-5.37,0,0,1,75
-8.27,-0.65,-5.13,0,0,1,75
-8.13,-0.88,-5.07,0,0,1,75
-7.99,-1.01,-5.26,0,0,1,75
-7.94,-1.21,-5.51,0,0,1,75
-7.86,-1.26,-5.53,0,0,1,75
-7.68,-1.1,-5.71,0,0,1,75
-7.73,-0.87,-5.91,0,0,1,75
-7.73,-0.66,-6.2,0,0,1,75
-8.03,-0.74,-6.83,0,0,1,75
-8.31,-1.3,-7.4,0,0,1,75
-8.42,-1.47,-8.04,0,0,1,75
-8.33,-0.45,-8.38,0,0,1,75
-6.97,0.75,-8.41,0,0,1,75
-7.07,2.02,-7.32,0,0,1,75
-8.83,1.67,-5.41,0,0,1,76
-9.06,1.68,-5.66,0,0,1,76
-8.56,1.52,-5.32,0,0,1,76
-8.16,1.31,-4.87,0,0,1,76
-7.9,1.61,-4.44,0,0,1,76
-8.12,2.22,-4.73,0,0,1,76
-8.36,2.57,-5.06,0,0,1,76
-8.08,2.41,-5.35,0,0,1,76
-8.06,2.02,-5.34,0,0,1,76
-7.96,1.51,-5.27,0,0,1,76
-7.89,1.04,-5.4,0,0,1,76
-7.93,0.91,-5.7,0,0,1,76
-8.1,0.84,-5.94,0,0,1,76
-8.06,0.77,-5.8,0,0,1,76
-8.01,0.47,-5.79,0,0,1,76
-8.1,0.03,-5.88,0,0,1,76
-7.91,-0.24,-5.88,0,0,1,76
-8.01,-0.45,-5.74,0,0,1,76
-8.03,-0.72,-5.68,0,0,1,76
-8.12,-0.8,-5.63,0,0,1,76
-8.33,-0.83,-5.53,0,0,1,76
-8.09,-0.83,-5.46,0,0,1,76
-8.25,-1.03,-5.51,0,0,1,76
-8.21,-1.59,-5.64,0,0,1,76
-8.38,-2.03,-5.75,0,0,1,76
-8.59,-2.34,-5.5,0,0,1,76
-8.77,-2.34,-5.46,0,0,1,76
-8.86,-2.02,-5.05,0,0,1,76
-8.45,-1.64,-5.01,0,0,1,76
-8.59,-1.71,-4.77,0,0,1,76
-8.57,-1.57,-5.07,0,0,1,76
-8.59,-1.16,-4.97,0,0,1,76
-8.48,-0.7,-4.97,0,0,1,76
-8.53,-0.58,-5.07,0,0,1,76
-8.55,-0.4,-5.19,0,0,1,76
-8.32,-0.4,-5.37,0,0,1,76
-8.27,-0.65,-5.13,0,0,1,76
-8.13,-0.88,-5.07,0,0,1,76
-7.99,-1.01,-5.26,0,0,1,76
-7.94,-1.21,-5.51,0,0,1,76
-7.86,-1.26,-5.53,0,0,1,76
-7.68,-1.1,-5.71,0,0,1,76
-7.73,-0.87,-5.91,0,0,1,76
-7.73,-0.66,-6.2,0,0,1,76
-8.03,-0.74,-6.83,0,0,1,76
-8.31,-1.3,-7.4,0,0,1,76
-8.42,-1.47,-8.04,0,0,1,76
-8.33,-0.45,-8.38,0,0,1,76
-6.97,0.75,-8.41,0,0,1,76
-7.07,2.02,-7.32,0,0,1,76
-7.0,3.52,-6.83,0,0,1,76
-6.74,4.87,-6.11,0,0,1,76
-6.63,5.27,-5.44,0,0,1,76
-6.88,4.2,-5.15,0,0,1,76
-7.51,4.05,-5.73,0,0,1,76
-8.08,4.31,-6.22,0,0,1,76
-7.95,4.8,-5.61,0,0,1,76
-7.86,5.03,-4.88,0,0,1,76
-7.65,5.15,-4.39,0,0,1,76
-7.71,4.58,-4.26,0,0,1,76
-7.74,4.32,-4.4,0,0,1,76
-7.91,4.19,-4.73,0,0,1,76
-8.04,4.51,-4.7,0,0,1,76
-8.13,4.72,-4.64,0,0,1,76
-8.0,4.73,-4.47,0,0,1,76
-7.9,4.9,-4.3,0,0,1,76
-7.73,4.79,-4.11,0,0,1,76
-7.43,4.8,-4.31,0,0,1,76
-7.39,4.92,-4.78,0,0,1,76
-7.01,5.08,-5.41,0,0,1,76
-6.85,5.27,-5.78,0,0,1,76
-6.62,5.72,-6.16,0,0,1,76
-6.39,5.79,-6.97,0,0,1,76
-6.29,5.21,-8.02,0,0,1,76
-6.12,4.13,-8.89,0,0,1,76
-5.74,2.9,-9.35,0,0,1,76
-5.94,1.32,-9.13,0,0,1,76
-6.57,-0.15,-9.01,0,0,1,76
-7.05,-1.46,-8.36,0,0,1,76
-7.3,-2.79,-7.61,0,0,1,76
-7.4,-3.33,-7.09,0,0,1,76
-7.17,-3.0,-6.68,0,0,1,76
-7.23,-2.24,-6.3,0,0,1,76
-7.53,-1.35,-6.03,0,0,1,76
-7.81,-0.47,-6.15,0,0,1,76
-8.41,-0.19,-6.45,0,0,1,76
-8.78,-0.6,-6.78,0,0,1,76
-8.79,-1.26,-7.2,0,0,1,76
-9.2,-1.9,-6.66,0,0,1,76
-9.18,-1.91,-5.57,0,0,1,76
-8.87,-1.66,-5.11,0,0,1,76
-8.91,-1.53,-5.42,0,0,1,76
-8.97,-1.36,-6.24,0,0,1,76
-8.64,-1.16,-6.28,0,0,1,76
-8.58,-0.98,-5.45,0,0,1,76
-8.54,-0.81,-4.96,0,0,1,76
-8.42,-1.23,-4.88,0,0,1,76
-8.31,-1.51,-5.36,0,0,1,76
-8.37,-1.37,-5.64,0,0,1,76
-8.47,-0.94,-5.72,0,0,1,76
-7.0,3.52,-6.83,0,0,1,77
-6.74,4.87,-6.11,0,0,1,77
-6.63,5.27,-5.44,0,0,1,77
-6.88,4.2,-5.15,0,0,1,77
-7.51,4.05,-5.73,0,0,1,77
-8.08,4.31,-6.22,0,0,1,77
-7.95,4.8,-5.61,0,0,1,77
-7.86,5.03,-4.88,0,0,1,77
-7.65,5.15,-4.39,0,0,1,77
-7.71,4.58,-4.26,0,0,1,77
-7.74,4.32,-4.4,0,0,1,77
-7.91,4.19,-4.73,0,0,1,77
-8.04,4.51,-4.7,0,0,1,77
-8.13,4.72,-4.64,0,0,1,77
-8.0,4.73,-4.47,0,0,1,77
-7.9,4.9,-4.3,0,0,1,77
-7.73,4.79,-4.11,0,0,1,77
-7.43,4.8,-4.31,0,0,1,77
-7.39,4.92,-4.78,0,0,1,77
-7.01,5.08,-5.41,0,0,1,77
-6.85,5.27,-5.78,0,0,1,77
-6.62,5.72,-6.16,0,0,1,77
-6.39,5.79,-6.97,0,0,1,77
-6.29,5.21,-8.02,0,0,1,77
-6.12,4.13,-8.89,0,0,1,77
-5.74,2.9,-9.35,0,0,1,77
-5.94,1.32,-9.13,0,0,1,77
-6.57,-0.15,-9.01,0,0,1,77
-7.05,-1.46,-8.36,0,0,1,77
-7.3,-2.79,-7.61,0,0,1,77
-7.4,-3.33,-7.09,0,0,1,77
-7.17,-3.0,-6.68,0,0,1,77
-7.23,-2.24,-6.3,0,0,1,77
-7.53,-1.35,-6.03,0,0,1,77
-7.81,-0.47,-6.15,0,0,1,77
-8.41,-0.19,-6.45,0,0,1,77
-8.78,-0.6,-6.78,0,0,1,77
-8.79,-1.26,-7.2,0,0,1,77
-9.2,-1.9,-6.66,0,0,1,77
-9.18,-1.91,-5.57,0,0,1,77
-8.87,-1.66,-5.11,0,0,1,77
-8.91,-1.53,-5.42,0,0,1,77
-8.97,-1.36,-6.24,0,0,1,77
-8.64,-1.16,-6.28,0,0,1,77
-8.58,-0.98,-5.45,0,0,1,77
-8.54,-0.81,-4.96,0,0,1,77
-8.42,-1.23,-4.88,0,0,1,77
-8.31,-1.51,-5.36,0,0,1,77
-8.37,-1.37,-5.64,0,0,1,77
-8.47,-0.94,-5.72,0,0,1,77
-8.39,-0.59,-5.96,0,0,1,77
-8.39,-0.46,-6.16,0,0,1,77
-8.3,-0.51,-6.31,0,0,1,77
-8.09,-0.84,-6.55,0,0,1,77
-7.73,-1.16,-6.47,0,0,1,77
-7.51,-1.22,-6.34,0,0,1,77
-7.25,-0.83,-6.1,0,0,1,77
-7.0,-0.08,-6.49,0,0,1,77
-7.09,0.5,-7.2,0,0,1,77
-7.2,1.07,-7.79,0,0,1,77
-7.45,1.41,-7.95,0,0,1,77
-7.5,1.51,-7.75,0,0,1,77
-7.66,1.77,-7.18,0,0,1,77
-7.02,2.37,-6.75,0,0,1,77
-6.98,2.37,-6.38,0,0,1,77
-7.12,3.22,-6.39,0,0,1,77
-7.47,3.64,-6.51,0,0,1,77
-7.55,3.59,-6.19,0,0,1,77
-7.63,3.31,-5.63,0,0,1,77
-7.86,3.29,-5.48,0,0,1,77
-7.98,3.63,-5.66,0,0,1,77
-7.98,4.15,-5.2,0,0,1,77
-7.32,4.55,-4.65,0,0,1,77
-7.29,4.85,-4.27,0,0,1,77
-7.47,4.73,-4.53,0,0,1,77
-7.57,4.91,-3.85,0,0,1,77
-7.29,4.66,-3.71,0,0,1,77
-7.67,4.63,-4.16,0,0,1,77
-7.98,4.68,-4.68,0,0,1,77
-8.06,4.26,-4.75,0,0,1,77
-7.89,3.98,-4.36,0,0,1,77
-7.89,3.9,-4.16,0,0,1,77
-7.74,3.94,-4.26,0,0,1,77
-7.7,3.99,-4.58,0,0,1,77
-7.89,3.87,-4.79,0,0,1,77
-7.86,3.69,-4.89,0,0,1,77
-7.89,3.42,-5.13,0,0,1,77
-7.97,3.07,-5.29,0,0,1,77
-7.93,2.62,-5.36,0,0,1,77
-7.88,2.48,-5.24,0,0,1,77
-7.85,2.63,-5.34,0,0,1,77
-7.92,2.81,-5.64,0,0,1,77
-8.03,2.77,-5.84,0,0,1,77
-8.15,2.39,-5.87,0,0,1,77
-8.11,1.68,-6.11,0,0,1,77
-8.52,1.06,-5.79,0,0,1,77
-8.46,0.56,-4.8,0,0,1,77
-8.32,0.14,-4.5,0,0,1,77
-8.16,-0.06,-4.16,0,0,1,77
-7.9,-0.11,-3.78,0,0,1,77
-8.39,-0.59,-5.96,0,0,1,78
-8.39,-0.46,-6.16,0,0,1,78
-8.3,-0.51,-6.31,0,0,1,78
-8.09,-0.84,-6.55,0,0,1,78
-7.73,-1.16,-6.47,0,0,1,78
-7.51,-1.22,-6.34,0,0,1,78
-7.25,-0.83,-6.1,0,0,1,78
-7.0,-0.08,-6.49,0,0,1,78
-7.09,0.5,-7.2,0,0,1,78
-7.2,1.07,-7.79,0,0,1,78
-7.45,1.41,-7.95,0,0,1,78
-7.5,1.51,-7.75,0,0,1,78
-7.66,1.77,-7.18,0,0,1,78
-7.02,2.37,-6.75,0,0,1,78
-6.98,2.37,-6.38,0,0,1,78
-7.12,3.22,-6.39,0,0,1,78
-7.47,3.64,-6.51,0,0,1,78
-7.55,3.59,-6.19,0,0,1,78
-7.63,3.31,-5.63,0,0,1,78
-7.86,3.29,-5.48,0,0,1,78
-7.98,3.63,-5.66,0,0,1,78
-7.98,4.15,-5.2,0,0,1,78
-7.32,4.55,-4.65,0,0,1,78
-7.29,4.85,-4.27,0,0,1,78
-7.47,4.73,-4.53,0,0,1,78
-7.57,4.91,-3.85,0,0,1,78
-7.29,4.66,-3.71,0,0,1,78
-7.67,4.63,-4.16,0,0,1,78
-7.98,4.68,-4.68,0,0,1,78
-8.06,4.26,-4.75,0,0,1,78
-7.89,3.98,-4.36,0,0,1,78
-7.89,3.9,-4.16,0,0,1,78
-7.74,3.94,-4.26,0,0,1,78
-7.7,3.99,-4.58,0,0,1,78
-7.89,3.87,-4.79,0,0,1,78
-7.86,3.69,-4.89,0,0,1,78
-7.89,3.42,-5.13,0,0,1,78
-7.97,3.07,-5.29,0,0,1,78
-7.93,2.62,-5.36,0,0,1,78
-7.88,2.48,-5.24,0,0,1,78
-7.85,2.63,-5.34,0,0,1,78
-7.92,2.81,-5.64,0,0,1,78
-8.03,2.77,-5.84,0,0,1,78
-8.15,2.39,-5.87,0,0,1,78
-8.11,1.68,-6.11,0,0,1,78
-8.52,1.06,-5.79,0,0,1,78
-8.46,0.56,-4.8,0,0,1,78
-8.32,0.14,-4.5,0,0,1,78
-8.16,-0.06,-4.16,0,0,1,78
-7.9,-0.11,-3.78,0,0,1,78
-7.92,0.03,-4.05,0,0,1,78
-8.2,0.1,-4.43,0,0,1,78
-9.01,-0.27,-4.87,0,0,1,78
-9.47,-0.61,-5.76,0,0,1,78
-9.28,-0.36,-6.01,0,0,1,78
-9.15,0.23,-5.52,0,0,1,78
-9.25,1.34,-5.02,0,0,1,78
-9.2,2.21,-4.7,0,0,1,78
-8.88,2.47,-4.35,0,0,1,78
-8.19,2.46,-3.95,0,0,1,78
-8.1,2.43,-3.91,0,0,1,78
-8.02,2.78,-3.68,0,0,1,78
-8.16,3.07,-3.73,0,0,1,78
-8.39,3.39,-3.83,0,0,1,78
-7.96,3.81,-3.75,0,0,1,78
-8.13,3.99,-3.74,0,0,1,78
-8.42,4.41,-4.28,0,0,1,78
-8.95,3.97,-4.71,0,0,1,78
-8.64,3.4,-4.46,0,0,1,78
-7.9,2.82,-3.57,0,0,1,78
-7.4,2.16,-3.06,0,0,1,78
-7.45,1.86,-3.22,0,0,1,78
-7.98,1.94,-3.56,0,0,1,78
-8.25,2.22,-3.93,0,0,1,78
-8.38,2.6,-3.89,0,0,1,78
-8.64,2.98,-3.62,0,0,1,78
-8.3,3.29,-3.42,0,0,1,78
-7.89,3.39,-3.64,0,0,1,78
-8.01,3.4,-4.07,0,0,1,78
-8.36,3.32,-4.32,0,0,1,78
-8.64,3.06,-4.66,0,0,1,78
-9.05,2.66,-4.77,0,0,1,78
-9.17,3.5,-6.53,0,0,1,78
-9.56,2.69,-5.67,0,0,1,78
-8.41,2.86,-3.42,0,0,1,78
-8.24,2.71,-3.56,0,0,1,78
-8.38,2.66,-3.84,0,0,1,78
-9.75,2.37,-4.77,0,0,1,78
-9.09,2.27,-5.27,0,0,1,78
-7.9,1.79,-4.42,0,0,1,78
-8.13,1.16,-4.11,0,0,1,78
-9.13,0.89,-4.71,0,0,1,78
-8.99,0.42,-5.04,0,0,1,78
-8.71,-0.58,-4.62,0,0,1,78
-8.9,-0.63,-3.6,0,0,1,78
-8.73,0.54,-2.97,0,0,1,78
-8.68,1.69,-3.12,0,0,1,78
-8.21,1.49,-4.01,0,0,1,78
-7.99,0.81,-4.89,0,0,1,78
-8.29,0.39,-5.55,0,0,1,78
-7.92,0.03,-4.05,0,0,1,79
-8.2,0.1,-4.43,0,0,1,79
-9.01,-0.27,-4.87,0,0,1,79
-9.47,-0.61,-5.76,0,0,1,79
-9.28,-0.36,-6.01,0,0,1,79
-9.15,0.23,-5.52,0,0,1,79
-9.25,1.34,-5.02,0,0,1,79
-9.2,2.21,-4.7,0,0,1,79
-8.88,2.47,-4.35,0,0,1,79
-8.19,2.46,-3.95,0,0,1,79
-8.1,2.43,-3.91,0,0,1,79
-8.02,2.78,-3.68,0,0,1,79
-8.16,3.07,-3.73,0,0,1,79
-8.39,3.39,-3.83,0,0,1,79
-7.96,3.81,-3.75,0,0,1,79
-8.13,3.99,-3.74,0,0,1,79
-8.42,4.41,-4.28,0,0,1,79
-8.95,3.97,-4.71,0,0,1,79
-8.64,3.4,-4.46,0,0,1,79
-7.9,2.82,-3.57,0,0,1,79
-7.4,2.16,-3.06,0,0,1,79
-7.45,1.86,-3.22,0,0,1,79
-7.98,1.94,-3.56,0,0,1,79
-8.25,2.22,-3.93,0,0,1,79
-8.38,2.6,-3.89,0,0,1,79
-8.64,2.98,-3.62,0,0,1,79
-8.3,3.29,-3.42,0,0,1,79
-7.89,3.39,-3.64,0,0,1,79
-8.01,3.4,-4.07,0,0,1,79
-8.36,3.32,-4.32,0,0,1,79
-8.64,3.06,-4.66,0,0,1,79
-9.05,2.66,-4.77,0,0,1,79
-9.17,3.5,-6.53,0,0,1,79
-9.56,2.69,-5.67,0,0,1,79
-8.41,2.86,-3.42,0,0,1,79
-8.24,2.71,-3.56,0,0,1,79
-8.38,2.66,-3.84,0,0,1,79
-9.75,2.37,-4.77,0,0,1,79
-9.09,2.27,-5.27,0,0,1,79
-7.9,1.79,-4.42,0,0,1,79
-8.13,1.16,-4.11,0,0,1,79
-9.13,0.89,-4.71,0,0,1,79
-8.99,0.42,-5.04,0,0,1,79
-8.71,-0.58,-4.62,0,0,1,79
-8.9,-0.63,-3.6,0,0,1,79
-8.73,0.54,-2.97,0,0,1,79
-8.68,1.69,-3.12,0,0,1,79
-8.21,1.49,-4.01,0,0,1,79
-7.99,0.81,-4.89,0,0,1,79
-8.29,0.39,-5.55,0,0,1,79
-8.74,0.17,-5.75,0,0,1,79
-7.92,0.25,-5.66,0,0,1,79
-7.31,0.79,-5.42,0,0,1,79
-7.88,1.41,-4.86,0,0,1,79
-7.89,2.4,-4.6,0,0,1,79
-8.2,2.31,-5.2,0,0,1,79
-8.67,1.42,-6.16,0,0,1,79
-8.65,1.22,-6.18,0,0,1,79
-8.54,1.87,-5.56,0,0,1,79
-7.95,3.04,-4.46,0,0,1,79
-7.54,4.02,-3.89,0,0,1,79
-7.95,4.78,-3.88,0,0,1,79
-8.33,4.65,-4.62,0,0,1,79
-8.36,3.21,-5.7,0,0,1,79
-8.37,2.01,-6.08,0,0,1,79
-8.16,1.67,-5.29,0,0,1,79
-7.79,1.95,-4.28,0,0,1,79
-7.47,2.32,-4.01,0,0,1,79
-7.63,2.68,-4.59,0,0,1,79
-7.87,2.94,-5.46,0,0,1,79
-8.22,2.98,-5.99,0,0,1,79
-8.0,2.8,-6.24,0,0,1,79
-7.97,2.94,-5.68,0,0,1,79
-7.77,3.31,-5.22,0,0,1,79
-7.63,3.2,-5.25,0,0,1,79
-7.36,2.99,-5.37,0,0,1,79
-7.17,3.09,-5.42,0,0,1,79
-7.07,3.37,-5.46,0,0,1,79
-7.02,3.34,-5.82,0,0,1,79
-7.05,2.7,-6.19,0,0,1,79
-10.45,0.36,-3.3,0,0,1,79
-10.15,2.81,1.33,0,0,1,79
-8.64,6.33,0.18,0,0,1,79
-9.32,2.08,-4.92,0,0,1,79
-11.01,-3.38,-8.31,0,0,1,79
-11.69,-5.24,-9.35,0,0,1,79
-11.08,-2.83,-7.81,0,0,1,79
-9.81,2.1,-4.19,0,0,1,79
-9.79,4.41,-2.52,0,0,1,79
-9.59,2.28,-2.77,0,0,1,79
-8.94,-0.95,-3.75,0,0,1,79
-8.45,-2.39,-4.04,0,0,1,79
-7.84,-1.68,-3.29,0,0,1,79
-7.26,0.19,-2.41,0,0,1,79
-7.81,1.65,-2.23,0,0,1,79
-8.76,2.61,-2.78,0,0,1,79
-9.51,3.05,-3.48,0,0,1,79
-9.82,2.43,-3.95,0,0,1,79
-9.69,1.3,-4.04,0,0,1,79
-9.3,0.9,-4.14,0,0,1,79
-8.74,0.17,-5.75,0,0,1,80
-7.92,0.25,-5.66,0,0,1,80
-7.31,0.79,-5.42,0,0,1,80
-7.88,1.41,-4.86,0,0,1,80
-7.89,2.4,-4.6,0,0,1,80
-8.2,2.31,-5.2,0,0,1,80
-8.67,1.42,-6.16,0,0,1,80
-8.65,1.22,-6.18,0,0,1,80
-8.54,1.87,-5.56,0,0,1,80
-7.95,3.04,-4.46,0,0,1,80
-7.54,4.02,-3.89,0,0,1,80
-7.95,4.78,-3.88,0,0,1,80
-8.33,4.65,-4.62,0,0,1,80
-8.36,3.21,-5.7,0,0,1,80
-8.37,2.01,-6.08,0,0,1,80
-8.16,1.67,-5.29,0,0,1,80
-7.79,1.95,-4.28,0,0,1,80
-7.47,2.32,-4.01,0,0,1,80
-7.63,2.68,-4.59,0,0,1,80
-7.87,2.94,-5.46,0,0,1,80
-8.22,2.98,-5.99,0,0,1,80
-8.0,2.8,-6.24,0,0,1,80
-7.97,2.94,-5.68,0,0,1,80
-7.77,3.31,-5.22,0,0,1,80
-7.63,3.2,-5.25,0,0,1,80
-7.36,2.99,-5.37,0,0,1,80
-7.17,3.09,-5.42,0,0,1,80
-7.07,3.37,-5.46,0,0,1,80
-7.02,3.34,-5.82,0,0,1,80
-7.05,2.7,-6.19,0,0,1,80
-10.45,0.36,-3.3,0,0,1,80
-10.15,2.81,1.33,0,0,1,80
-8.64,6.33,0.18,0,0,1,80
-9.32,2.08,-4.92,0,0,1,80
-11.01,-3.38,-8.31,0,0,1,80
-11.69,-5.24,-9.35,0,0,1,80
-11.08,-2.83,-7.81,0,0,1,80
-9.81,2.1,-4.19,0,0,1,80
-9.79,4.41,-2.52,0,0,1,80
-9.59,2.28,-2.77,0,0,1,80
-8.94,-0.95,-3.75,0,0,1,80
-8.45,-2.39,-4.04,0,0,1,80
-7.84,-1.68,-3.29,0,0,1,80
-7.26,0.19,-2.41,0,0,1,80
-7.81,1.65,-2.23,0,0,1,80
-8.76,2.61,-2.78,0,0,1,80
-9.51,3.05,-3.48,0,0,1,80
-9.82,2.43,-3.95,0,0,1,80
-9.69,1.3,-4.04,0,0,1,80
-9.3,0.9,-4.14,0,0,1,80
-8.5,0.97,-2.8,0,0,1,80
-8.53,1.39,-2.4,0,0,1,80
-8.02,1.75,-2.61,0,0,1,80
-8.13,1.43,-2.56,0,0,1,80
-8.55,1.24,-2.78,0,0,1,80
-8.12,0.94,-3.28,0,0,1,80
-8.29,-0.72,-4.03,0,0,1,80
-8.42,-1.91,-3.28,0,0,1,80
-8.83,-1.3,-2.2,0,0,1,80
-9.91,1.08,-2.05,0,0,1,80
-11.13,3.05,-3.34,0,0,1,80
-11.44,2.53,-5.41,0,0,1,80
-10.35,1.03,-5.09,0,0,1,80
-8.81,0.39,-3.6,0,0,1,80
-7.78,0.67,-2.31,0,0,1,80
-7.45,0.74,-1.79,0,0,1,80
-7.7,0.33,-1.83,0,0,1,80
-8.04,-0.36,-2.16,0,0,1,80
-8.03,-0.77,-2.72,0,0,1,80
-8.21,-1.02,-3.15,0,0,1,80
-8.63,-1.28,-3.13,0,0,1,80
-8.78,-1.07,-3.05,0,0,1,80
-10.07,-0.88,-2.88,0,0,1,80
-10.67,-0.55,-3.71,0,0,1,80
-10.55,-0.33,-4.78,0,0,1,80
-9.8,-0.04,-4.76,0,0,1,80
-8.2,0.28,-3.78,0,0,1,80
-7.28,0.68,-2.57,0,0,1,80
-7.32,1.07,-2.02,0,0,1,80
-8.84,1.05,-3.25,0,0,1,80
-10.45,1.48,-6.08,0,0,1,80
-12.82,2.08,-8.99,0,0,1,80
-11.21,1.88,-7.46,0,0,1,80
-8.46,1.26,-2.82,0,0,1,80
-7.3,0.93,0.07,0,0,1,80
-8.27,0.17,-2.24,0,0,1,80
-8.14,-0.17,-4.24,0,0,1,80
-8.96,-0.03,-4.71,0,0,1,80
-8.28,0.98,-4.91,0,0,1,80
-6.89,2.83,-5.68,0,0,1,80
-7.16,3.71,-5.77,0,0,1,80
-7.98,3.87,-5.39,0,0,1,80
-8.39,4.11,-4.65,0,0,1,80
-7.87,4.77,-4.57,0,0,1,80
-7.88,4.32,-5.04,0,0,1,80
-8.06,3.64,-5.8,0,0,1,80
-8.36,2.49,-6.18,0,0,1,80
-8.27,1.17,-6.03,0,0,1,80
-8.03,0.06,-5.87,0,0,1,80
-8.02,0.22,-5.59,0,0,1,80
-8.5,0.97,-2.8,0,0,1,81
-8.53,1.39,-2.4,0,0,1,81
-8.02,1.75,-2.61,0,0,1,81
-8.13,1.43,-2.56,0,0,1,81
-8.55,1.24,-2.78,0,0,1,81
-8.12,0.94,-3.28,0,0,1,81
-8.29,-0.72,-4.03,0,0,1,81
-8.42,-1.91,-3.28,0,0,1,81
-8.83,-1.3,-2.2,0,0,1,81
-9.91,1.08,-2.05,0,0,1,81
-11.13,3.05,-3.34,0,0,1,81
-11.44,2.53,-5.41,0,0,1,81
-10.35,1.03,-5.09,0,0,1,81
-8.81,0.39,-3.6,0,0,1,81
-7.78,0.67,-2.31,0,0,1,81
-7.45,0.74,-1.79,0,0,1,81
-7.7,0.33,-1.83,0,0,1,81
-8.04,-0.36,-2.16,0,0,1,81
-8.03,-0.77,-2.72,0,0,1,81
-8.21,-1.02,-3.15,0,0,1,81
-8.63,-1.28,-3.13,0,0,1,81
-8.78,-1.07,-3.05,0,0,1,81
-10.07,-0.88,-2.88,0,0,1,81
-10.67,-0.55,-3.71,0,0,1,81
-10.55,-0.33,-4.78,0,0,1,81
-9.8,-0.04,-4.76,0,0,1,81
-8.2,0.28,-3.78,0,0,1,81
-7.28,0.68,-2.57,0,0,1,81
-7.32,1.07,-2.02,0,0,1,81
-8.84,1.05,-3.25,0,0,1,81
-10.45,1.48,-6.08,0,0,1,81
-12.82,2.08,-8.99,0,0,1,81
-11.21,1.88,-7.46,0,0,1,81
-8.46,1.26,-2.82,0,0,1,81
-7.3,0.93,0.07,0,0,1,81
-8.27,0.17,-2.24,0,0,1,81
-8.14,-0.17,-4.24,0,0,1,81
-8.96,-0.03,-4.71,0,0,1,81
-8.28,0.98,-4.91,0,0,1,81
-6.89,2.83,-5.68,0,0,1,81
-7.16,3.71,-5.77,0,0,1,81
-7.98,3.87,-5.39,0,0,1,81
-8.39,4.11,-4.65,0,0,1,81
-7.87,4.77,-4.57,0,0,1,81
-7.88,4.32,-5.04,0,0,1,81
-8.06,3.64,-5.8,0,0,1,81
-8.36,2.49,-6.18,0,0,1,81
-8.27,1.17,-6.03,0,0,1,81
-8.03,0.06,-5.87,0,0,1,81
-8.02,0.22,-5.59,0,0,1,81
-7.97,1.1,-5.3,0,0,1,81
-7.4,2.16,-5.2,0,0,1,81
-7.87,3.15,-5.16,0,0,1,81
-8.23,3.65,-5.34,0,0,1,81
-8.32,3.38,-5.4,0,0,1,81
-8.31,2.73,-5.77,0,0,1,81
-8.26,2.27,-5.59,0,0,1,81
-8.58,2.26,-5.74,0,0,1,81
-8.48,2.33,-5.98,0,0,1,81
-8.11,2.01,-6.13,0,0,1,81
-7.53,2.04,-5.23,0,0,1,81
-7.41,2.19,-4.52,0,0,1,81
-7.5,2.69,-4.3,0,0,1,81
-7.89,2.88,-4.8,0,0,1,81
-8.56,2.28,-5.28,0,0,1,81
-8.78,1.8,-6.15,0,0,1,81
-8.76,-0.85,-7.53,0,0,1,81
-10.13,2.35,-2.1,0,0,1,81
-7.92,5.03,0.11,0,0,1,81
-8.11,1.83,-2.44,0,0,1,81
-9.04,-2.71,-6.82,0,0,1,81
-7.87,-5.76,-8.79,0,0,1,81
-7.97,-1.92,-7.11,0,0,1,81
-9.17,3.07,-5.27,0,0,1,81
-9.12,4.55,-3.19,0,0,1,81
-7.67,3.09,-2.46,0,0,1,81
-7.36,0.57,-3.34,0,0,1,81
-7.29,-0.73,-4.67,0,0,1,81
-6.84,0.04,-4.59,0,0,1,81
-7.35,2.24,-4.04,0,0,1,81
-8.45,4.37,-3.71,0,0,1,81
-9.29,5.63,-3.4,0,0,1,81
-9.65,5.15,-3.59,0,0,1,81
-9.45,3.4,-2.79,0,0,1,81
-8.98,1.61,-3.28,0,0,1,81
-9.25,1.96,-3.6,0,0,1,81
-8.88,2.85,-2.88,0,0,1,81
-8.42,3.17,-2.41,0,0,1,81
-8.32,2.79,-2.71,0,0,1,81
-7.93,2.2,-2.9,0,0,1,81
-7.87,2.28,-2.78,0,0,1,81
-7.62,2.81,-2.41,0,0,1,81
-7.23,2.95,-2.24,0,0,1,81
-7.42,3.61,-2.53,0,0,1,81
-7.65,4.1,-2.55,0,0,1,81
-8.54,4.4,-2.67,0,0,1,81
-11.94,3.91,-5.35,0,0,1,81
-13.55,3.01,-7.77,0,0,1,81
-12.84,1.93,-8.7,0,0,1,81
-8.93,2.21,-4.91,0,0,1,81
-7.97,1.1,-5.3,0,0,1,82
-7.4,2.16,-5.2,0,0,1,82
-7.87,3.15,-5.16,0,0,1,82
-8.23,3.65,-5.34,0,0,1,82
-8.32,3.38,-5.4,0,0,1,82
-8.31,2.73,-5.77,0,0,1,82
-8.26,2.27,-5.59,0,0,1,82
-8.58,2.26,-5.74,0,0,1,82
-8.48,2.33,-5.98,0,0,1,82
-8.11,2.01,-6.13,0,0,1,82
-7.53,2.04,-5.23,0,0,1,82
-7.41,2.19,-4.52,0,0,1,82
-7.5,2.69,-4.3,0,0,1,82
-7.89,2.88,-4.8,0,0,1,82
-8.56,2.28,-5.28,0,0,1,82
-8.78,1.8,-6.15,0,0,1,82
-8.76,-0.85,-7.53,0,0,1,82
-10.13,2.35,-2.1,0,0,1,82
-7.92,5.03,0.11,0,0,1,82
-8.11,1.83,-2.44,0,0,1,82
-9.04,-2.71,-6.82,0,0,1,82
-7.87,-5.76,-8.79,0,0,1,82
-7.97,-1.92,-7.11,0,0,1,82
-9.17,3.07,-5.27,0,0,1,82
-9.12,4.55,-3.19,0,0,1,82
-7.67,3.09,-2.46,0,0,1,82
-7.36,0.57,-3.34,0,0,1,82
-7.29,-0.73,-4.67,0,0,1,82
-6.84,0.04,-4.59,0,0,1,82
-7.35,2.24,-4.04,0,0,1,82
-8.45,4.37,-3.71,0,0,1,82
-9.29,5.63,-3.4,0,0,1,82
-9.65,5.15,-3.59,0,0,1,82
-9.45,3.4,-2.79,0,0,1,82
-8.98,1.61,-3.28,0,0,1,82
-9.25,1.96,-3.6,0,0,1,82
-8.88,2.85,-2.88,0,0,1,82
-8.42,3.17,-2.41,0,0,1,82
-8.32,2.79,-2.71,0,0,1,82
-7.93,2.2,-2.9,0,0,1,82
-7.87,2.28,-2.78,0,0,1,82
-7.62,2.81,-2.41,0,0,1,82
-7.23,2.95,-2.24,0,0,1,82
-7.42,3.61,-2.53,0,0,1,82
-7.65,4.1,-2.55,0,0,1,82
-8.54,4.4,-2.67,0,0,1,82
-11.94,3.91,-5.35,0,0,1,82
-13.55,3.01,-7.77,0,0,1,82
-12.84,1.93,-8.7,0,0,1,82
-8.93,2.21,-4.91,0,0,1,82
-6.29,3.89,-0.23,0,0,1,82
-5.96,5.09,0.69,0,0,1,82
-7.69,3.75,-2.55,0,0,1,82
-8.67,1.06,-5.51,0,0,1,82
-9.26,-1.53,-7.22,0,0,1,82
-8.91,-1.3,-7.06,0,0,1,82
-7.98,1.0,-5.5,0,0,1,82
-6.93,2.69,-4.53,0,0,1,82
-7.4,2.59,-4.62,0,0,1,82
-7.84,1.93,-5.44,0,0,1,82
-8.1,1.12,-5.88,0,0,1,82
-7.97,1.22,-5.74,0,0,1,82
-7.76,2.29,-4.95,0,0,1,82
-7.86,3.19,-5.14,0,0,1,82
-7.85,3.48,-5.51,0,0,1,82
-7.77,3.01,-5.93,0,0,1,82
-7.53,2.28,-6.53,0,0,1,82
-7.52,1.65,-6.96,0,0,1,82
-7.53,1.31,-7.19,0,0,1,82
-7.54,1.22,-7.34,0,0,1,82
-7.47,0.98,-7.64,0,0,1,82
-7.35,0.34,-7.87,0,0,1,82
-7.06,-0.45,-8.11,0,0,1,82
-6.79,-0.59,-7.88,0,0,1,82
-7.14,-0.64,-7.69,0,0,1,82
-7.6,-0.29,-7.68,0,0,1,82
-7.5,0.36,-7.61,0,0,1,82
-7.19,1.03,-7.36,0,0,1,82
-6.74,1.23,-7.13,0,0,1,82
-6.61,0.97,-7.22,0,0,1,82
-6.55,0.23,-7.38,0,0,1,82
-6.7,-0.38,-7.56,0,0,1,82
-7.15,-0.74,-7.68,0,0,1,82
-7.55,-1.09,-7.58,0,0,1,82
-7.81,-1.23,-7.24,0,0,1,82
-8.06,-0.74,-6.96,0,0,1,82
-8.29,-0.52,-6.86,0,0,1,82
-8.19,-1.26,-5.61,0,0,1,82
-8.54,0.34,-3.37,0,0,1,82
-7.1,1.64,-2.62,0,0,1,82
-7.46,1.18,-6.09,0,0,1,82
-8.6,-0.4,-8.04,0,0,1,82
-8.0,-0.37,-6.43,0,0,1,82
-6.94,1.79,-3.97,0,0,1,82
-7.48,3.67,-2.34,0,0,1,82
-8.9,4.14,-2.82,0,0,1,82
-10.33,3.28,-4.85,0,0,1,82
-10.87,3.71,-6.43,0,0,1,82
-10.3,3.73,-5.71,0,0,1,82
-9.86,3.73,-4.09,0,0,1,82
-6.29,3.89,-0.23,0,0,1,83
-5.96,5.09,0.69,0,0,1,83
-7.69,3.75,-2.55,0,0,1,83
-8.67,1.06,-5.51,0,0,1,83
-9.26,-1.53,-7.22,0,0,1,83
-8.91,-1.3,-7.06,0,0,1,83
-7.98,1.0,-5.5,0,0,1,83
-6.93,2.69,-4.53,0,0,1,83
-7.4,2.59,-4.62,0,0,1,83
-7.84,1.93,-5.44,0,0,1,83
-8.1,1.12,-5.88,0,0,1,83
-7.97,1.22,-5.74,0,0,1,83
-7.76,2.29,-4.95,0,0,1,83
-7.86,3.19,-5.14,0,0,1,83
-7.85,3.48,-5.51,0,0,1,83
-7.77,3.01,-5.93,0,0,1,83
-7.53,2.28,-6.53,0,0,1,83
-7.52,1.65,-6.96,0,0,1,83
-7.53,1.31,-7.19,0,0,1,83
-7.54,1.22,-7.34,0,0,1,83
-7.47,0.98,-7.64,0,0,1,83
-7.35,0.34,-7.87,0,0,1,83
-7.06,-0.45,-8.11,0,0,1,83
-6.79,-0.59,-7.88,0,0,1,83
-7.14,-0.64,-7.69,0,0,1,83
-7.6,-0.29,-7.68,0,0,1,83
-7.5,0.36,-7.61,0,0,1,83
-7.19,1.03,-7.36,0,0,1,83
-6.74,1.23,-7.13,0,0,1,83
-6.61,0.97,-7.22,0,0,1,83
-6.55,0.23,-7.38,0,0,1,83
-6.7,-0.38,-7.56,0,0,1,83
-7.15,-0.74,-7.68,0,0,1,83
-7.55,-1.09,-7.58,0,0,1,83
-7.81,-1.23,-7.24,0,0,1,83
-8.06,-0.74,-6.96,0,0,1,83
-8.29,-0.52,-6.86,0,0,1,83
-8.19,-1.26,-5.61,0,0,1,83
-8.54,0.34,-3.37,0,0,1,83
-7.1,1.64,-2.62,0,0,1,83
-7.46,1.18,-6.09,0,0,1,83
-8.6,-0.4,-8.04,0,0,1,83
-8.0,-0.37,-6.43,0,0,1,83
-6.94,1.79,-3.97,0,0,1,83
-7.48,3.67,-2.34,0,0,1,83
-8.9,4.14,-2.82,0,0,1,83
-10.33,3.28,-4.85,0,0,1,83
-10.87,3.71,-6.43,0,0,1,83
-10.3,3.73,-5.71,0,0,1,83
-9.86,3.73,-4.09,0,0,1,83
-7.55,4.61,-3.31,0,0,1,83
-7.2,4.72,-3.04,0,0,1,83
-7.34,3.29,-3.73,0,0,1,83
-7.19,1.44,-4.91,0,0,1,83
-8.5,-0.2,-5.84,0,0,1,83
-8.53,-0.68,-5.49,0,0,1,83
-8.75,-1.03,-4.62,0,0,1,83
-9.43,-0.48,-4.24,0,0,1,83
-9.77,0.24,-4.26,0,0,1,83
-8.72,1.73,-3.88,0,0,1,83
-8.12,2.31,-3.37,0,0,1,83
-8.78,2.66,-3.77,0,0,1,83
-8.72,2.78,-4.23,0,0,1,83
-8.44,2.3,-4.25,0,0,1,83
-8.16,1.26,-3.53,0,0,1,83
-8.27,0.54,-3.31,0,0,1,83
-8.44,0.23,-3.6,0,0,1,83
-8.45,0.64,-4.0,0,0,1,83
-8.48,1.26,-3.64,0,0,1,83
-8.55,1.69,-3.38,0,0,1,83
-8.44,2.17,-3.75,0,0,1,83
-8.57,2.28,-3.98,0,0,1,83
-8.59,2.37,-3.98,0,0,1,83
-8.63,2.12,-3.91,0,0,1,83
-8.34,2.45,-3.78,0,0,1,83
-8.2,2.77,-3.71,0,0,1,83
-8.33,2.69,-3.63,0,0,1,83
-8.18,2.38,-3.41,0,0,1,83
-7.96,2.03,-3.55,0,0,1,83
-7.88,1.83,-3.78,0,0,1,83
-7.71,2.04,-3.59,0,0,1,83
-8.83,2.62,-3.59,0,0,1,83
-7.88,3.34,-4.47,0,0,1,83
-7.32,3.24,-4.59,0,0,1,83
-8.03,2.74,-3.85,0,0,1,83
-11.96,1.99,-4.18,0,0,1,83
-13.59,1.73,-8.02,0,0,1,83
-10.32,0.48,-8.58,0,0,1,83
-7.62,0.52,-3.86,0,0,1,83
-6.89,2.66,-1.65,0,0,1,83
-6.79,4.33,-1.75,0,0,1,83
-7.57,3.52,-3.5,0,0,1,83
-8.55,0.93,-5.28,0,0,1,83
-8.94,-1.17,-6.51,0,0,1,83
-9.02,-1.42,-6.75,0,0,1,83
-8.35,0.09,-6.41,0,0,1,83
-8.12,1.36,-4.41,0,0,1,83
-8.25,1.56,-3.36,0,0,1,83
-8.7,0.78,-3.61,0,0,1,83
-8.72,-0.15,-4.39,0,0,1,83
-7.55,4.61,-3.31,0,0,1,84
-7.2,4.72,-3.04,0,0,1,84
-7.34,3.29,-3.73,0,0,1,84
-7.19,1.44,-4.91,0,0,1,84
-8.5,-0.2,-5.84,0,0,1,84
-8.53,-0.68,-5.49,0,0,1,84
-8.75,-1.03,-4.62,0,0,1,84
-9.43,-0.48,-4.24,0,0,1,84
-9.77,0.24,-4.26,0,0,1,84
-8.72,1.73,-3.88,0,0,1,84
-8.12,2.31,-3.37,0,0,1,84
-8.78,2.66,-3.77,0,0,1,84
-8.72,2.78,-4.23,0,0,1,84
-8.44,2.3,-4.25,0,0,1,84
-8.16,1.26,-3.53,0,0,1,84
-8.27,0.54,-3.31,0,0,1,84
-8.44,0.23,-3.6,0,0,1,84
-8.45,0.64,-4.0,0,0,1,84
-8.48,1.26,-3.64,0,0,1,84
-8.55,1.69,-3.38,0,0,1,84
-8.44,2.17,-3.75,0,0,1,84
-8.57,2.28,-3.98,0,0,1,84
-8.59,2.37,-3.98,0,0,1,84
-8.63,2.12,-3.91,0,0,1,84
-8.34,2.45,-3.78,0,0,1,84
-8.2,2.77,-3.71,0,0,1,84
-8.33,2.69,-3.63,0,0,1,84
-8.18,2.38,-3.41,0,0,1,84
-7.96,2.03,-3.55,0,0,1,84
-7.88,1.83,-3.78,0,0,1,84
-7.71,2.04,-3.59,0,0,1,84
-8.83,2.62,-3.59,0,0,1,84
-7.88,3.34,-4.47,0,0,1,84
-7.32,3.24,-4.59,0,0,1,84
-8.03,2.74,-3.85,0,0,1,84
-11.96,1.99,-4.18,0,0,1,84
-13.59,1.73,-8.02,0,0,1,84
-10.32,0.48,-8.58,0,0,1,84
-7.62,0.52,-3.86,0,0,1,84
-6.89,2.66,-1.65,0,0,1,84
-6.79,4.33,-1.75,0,0,1,84
-7.57,3.52,-3.5,0,0,1,84
-8.55,0.93,-5.28,0,0,1,84
-8.94,-1.17,-6.51,0,0,1,84
-9.02,-1.42,-6.75,0,0,1,84
-8.35,0.09,-6.41,0,0,1,84
-8.12,1.36,-4.41,0,0,1,84
-8.25,1.56,-3.36,0,0,1,84
-8.7,0.78,-3.61,0,0,1,84
-8.72,-0.15,-4.39,0,0,1,84
-8.57,-0.94,-5.37,0,0,1,84
-8.12,-0.86,-5.91,0,0,1,84
-8.45,-0.24,-5.84,0,0,1,84
-8.16,1.14,-5.58,0,0,1,84
-8.28,1.85,-4.82,0,0,1,84
-8.07,1.74,-4.96,0,0,1,84
-7.85,2.01,-5.53,0,0,1,84
-8.43,1.68,-6.25,0,0,1,84
-8.41,1.13,-6.59,0,0,1,84
-8.27,0.75,-6.15,0,0,1,84
-7.98,0.51,-5.58,0,0,1,84
-7.92,0.4,-5.21,0,0,1,84
-7.99,0.58,-5.42,0,0,1,84
-8.52,0.63,-5.37,0,0,1,84
-8.5,0.8,-5.67,0,0,1,84
-8.51,0.34,-6.45,0,0,1,84
-8.28,0.09,-6.86,0,0,1,84
-8.76,-0.86,-6.36,0,0,1,84
-9.3,0.46,-2.14,0,0,1,84
-6.47,3.71,0.77,0,0,1,84
-7.55,3.65,-2.09,0,0,1,84
-8.96,0.4,-7.37,0,0,1,84
-9.64,-3.79,-8.14,0,0,1,84
-8.05,-3.95,-5.3,0,0,1,84
-7.79,-0.47,-2.89,0,0,1,84
-7.94,3.2,-1.53,0,0,1,84
-8.29,4.18,-1.1,0,0,1,84
-9.4,1.27,-3.14,0,0,1,84
-9.89,-0.72,-5.37,0,0,1,84
-9.87,0.07,-5.21,0,0,1,84
-9.79,0.62,-3.43,0,0,1,84
-9.1,0.72,-2.33,0,0,1,84
-8.06,-0.24,-2.33,0,0,1,84
-7.94,-1.39,-2.98,0,0,1,84
-8.94,-1.94,-3.33,0,0,1,84
-9.5,-0.74,-3.4,0,0,1,84
-10.25,1.47,-3.14,0,0,1,84
-11.35,3.38,-3.43,0,0,1,84
-12.07,3.57,-3.96,0,0,1,84
-11.54,2.47,-4.23,0,0,1,84
-10.72,1.42,-3.69,0,0,1,84
-9.79,0.88,-2.63,0,0,1,84
-8.97,0.53,-1.88,0,0,1,84
-8.25,0.23,-1.74,0,0,1,84
-7.55,-0.02,-1.8,0,0,1,84
-6.8,-0.03,-1.28,0,0,1,84
-6.99,0.27,-0.43,0,0,1,84
-7.66,1.15,-0.6,0,0,1,84
-8.87,1.49,-1.32,0,0,1,84
-10.25,1.16,-2.34,0,0,1,84
-8.57,-0.94,-5.37,0,0,1,85
-8.12,-0.86,-5.91,0,0,1,85
-8.45,-0.24,-5.84,0,0,1,85
-8.16,1.14,-5.58,0,0,1,85
-8.28,1.85,-4.82,0,0,1,85
-8.07,1.74,-4.96,0,0,1,85
-7.85,2.01,-5.53,0,0,1,85
-8.43,1.68,-6.25,0,0,1,85
-8.41,1.13,-6.59,0,0,1,85
-8.27,0.75,-6.15,0,0,1,85
-7.98,0.51,-5.58,0,0,1,85
-7.92,0.4,-5.21,0,0,1,85
-7.99,0.58,-5.42,0,0,1,85
-8.52,0.63,-5.37,0,0,1,85
-8.5,0.8,-5.67,0,0,1,85
-8.51,0.34,-6.45,0,0,1,85
-8.28,0.09,-6.86,0,0,1,85
-8.76,-0.86,-6.36,0,0,1,85
-9.3,0.46,-2.14,0,0,1,85
-6.47,3.71,0.77,0,0,1,85
-7.55,3.65,-2.09,0,0,1,85
-8.96,0.4,-7.37,0,0,1,85
-9.64,-3.79,-8.14,0,0,1,85
-8.05,-3.95,-5.3,0,0,1,85
-7.79,-0.47,-2.89,0,0,1,85
-7.94,3.2,-1.53,0,0,1,85
-8.29,4.18,-1.1,0,0,1,85
-9.4,1.27,-3.14,0,0,1,85
-9.89,-0.72,-5.37,0,0,1,85
-9.87,0.07,-5.21,0,0,1,85
-9.79,0.62,-3.43,0,0,1,85
-9.1,0.72,-2.33,0,0,1,85
-8.06,-0.24,-2.33,0,0,1,85
-7.94,-1.39,-2.98,0,0,1,85
-8.94,-1.94,-3.33,0,0,1,85
-9.5,-0.74,-3.4,0,0,1,85
-10.25,1.47,-3.14,0,0,1,85
-11.35,3.38,-3.43,0,0,1,85
-12.07,3.57,-3.96,0,0,1,85
-11.54,2.47,-4.23,0,0,1,85
-10.72,1.42,-3.69,0,0,1,85
-9.79,0.88,-2.63,0,0,1,85
-8.97,0.53,-1.88,0,0,1,85
-8.25,0.23,-1.74,0,0,1,85
-7.55,-0.02,-1.8,0,0,1,85
-6.8,-0.03,-1.28,0,0,1,85
-6.99,0.27,-0.43,0,0,1,85
-7.66,1.15,-0.6,0,0,1,85
-8.87,1.49,-1.32,0,0,1,85
-10.25,1.16,-2.34,0,0,1,85
-10.95,0.99,-3.85,0,0,1,85
-10.51,0.5,-3.79,0,0,1,85
-9.47,-0.29,-3.48,0,0,1,85
-8.16,-0.72,-3.23,0,0,1,85
-7.67,-0.96,-2.46,0,0,1,85
-7.39,-1.25,-2.34,0,0,1,85
-8.57,-0.81,-3.54,0,0,1,85
-11.0,0.26,-5.27,0,0,1,85
-10.6,1.86,-6.63,0,0,1,85
-8.63,2.31,-4.46,0,0,1,85
-5.93,2.62,-1.42,0,0,1,85
-6.66,2.47,-0.75,0,0,1,85
-9.22,1.51,-3.54,0,0,1,85
-10.51,0.35,-6.06,0,0,1,85
-9.95,-0.07,-6.88,0,0,1,85
-8.34,0.68,-5.7,0,0,1,85
-7.37,1.04,-3.86,0,0,1,85
-7.4,1.01,-3.86,0,0,1,85
-8.38,1.28,-5.33,0,0,1,85
-9.07,1.97,-6.11,0,0,1,85
-9.48,2.75,-6.48,0,0,1,85
-9.01,3.47,-6.63,0,0,1,85
-8.28,3.1,-5.85,0,0,1,85
-7.74,2.3,-5.41,0,0,1,85
-7.63,1.76,-5.28,0,0,1,85
-7.75,1.36,-5.43,0,0,1,85
-7.86,1.01,-5.25,0,0,1,85
-7.98,1.04,-5.15,0,0,1,85
-7.95,1.27,-5.15,0,0,1,85
-8.04,1.93,-5.09,0,0,1,85
-8.17,2.51,-4.91,0,0,1,85
-7.85,2.56,-5.02,0,0,1,85
-8.04,2.57,-5.08,0,0,1,85
-8.51,2.61,-5.13,0,0,1,85
-10.32,2.05,-4.17,0,0,1,85
-8.26,2.33,-2.47,0,0,1,85
-7.42,1.23,-2.63,0,0,1,85
-8.06,0.9,-5.36,0,0,1,85
-8.39,1.54,-6.62,0,0,1,85
-8.03,2.56,-6.21,0,0,1,85
-8.12,3.15,-5.56,0,0,1,85
-7.54,2.86,-5.2,0,0,1,85
-7.72,2.53,-5.27,0,0,1,85
-7.98,2.23,-5.19,0,0,1,85
-7.84,1.68,-5.6,0,0,1,85
-8.17,1.1,-5.77,0,0,1,85
-7.98,1.13,-5.87,0,0,1,85
-7.92,2.23,-5.26,0,0,1,85
-8.56,3.25,-4.83,0,0,1,85
-9.06,3.71,-5.06,0,0,1,85
-10.95,0.99,-3.85,0,0,1,86
-10.51,0.5,-3.79,0,0,1,86
-9.47,-0.29,-3.48,0,0,1,86
-8.16,-0.72,-3.23,0,0,1,86
-7.67,-0.96,-2.46,0,0,1,86
-7.39,-1.25,-2.34,0,0,1,86
-8.57,-0.81,-3.54,0,0,1,86
-11.0,0.26,-5.27,0,0,1,86
-10.6,1.86,-6.63,0,0,1,86
-8.63,2.31,-4.46,0,0,1,86
-5.93,2.62,-1.42,0,0,1,86
-6.66,2.47,-0.75,0,0,1,86
-9.22,1.51,-3.54,0,0,1,86
-10.51,0.35,-6.06,0,0,1,86
-9.95,-0.07,-6.88,0,0,1,86
-8.34,0.68,-5.7,0,0,1,86
-7.37,1.04,-3.86,0,0,1,86
-7.4,1.01,-3.86,0,0,1,86
-8.38,1.28,-5.33,0,0,1,86
-9.07,1.97,-6.11,0,0,1,86
-9.48,2.75,-6.48,0,0,1,86
-9.01,3.47,-6.63,0,0,1,86
-8.28,3.1,-5.85,0,0,1,86
-7.74,2.3,-5.41,0,0,1,86
-7.63,1.76,-5.28,0,0,1,86
-7.75,1.36,-5.43,0,0,1,86
-7.86,1.01,-5.25,0,0,1,86
-7.98,1.04,-5.15,0,0,1,86
-7.95,1.27,-5.15,0,0,1,86
-8.04,1.93,-5.09,0,0,1,86
-8.17,2.51,-4.91,0,0,1,86
-7.85,2.56,-5.02,0,0,1,86
-8.04,2.57,-5.08,0,0,1,86
-8.51,2.61,-5.13,0,0,1,86
-10.32,2.05,-4.17,0,0,1,86
-8.26,2.33,-2.47,0,0,1,86
-7.42,1.23,-2.63,0,0,1,86
-8.06,0.9,-5.36,0,0,1,86
-8.39,1.54,-6.62,0,0,1,86
-8.03,2.56,-6.21,0,0,1,86
-8.12,3.15,-5.56,0,0,1,86
-7.54,2.86,-5.2,0,0,1,86
-7.72,2.53,-5.27,0,0,1,86
-7.98,2.23,-5.19,0,0,1,86
-7.84,1.68,-5.6,0,0,1,86
-8.17,1.1,-5.77,0,0,1,86
-7.98,1.13,-5.87,0,0,1,86
-7.92,2.23,-5.26,0,0,1,86
-8.56,3.25,-4.83,0,0,1,86
-9.06,3.71,-5.06,0,0,1,86
-9.13,3.65,-5.67,0,0,1,86
-8.81,2.82,-5.7,0,0,1,86
-8.39,2.15,-5.48,0,0,1,86
-7.71,1.98,-5.61,0,0,1,86
-7.44,1.71,-5.32,0,0,1,86
-7.26,1.74,-5.18,0,0,1,86
-7.19,2.04,-4.9,0,0,1,86
-7.33,2.65,-5.14,0,0,1,86
-7.49,3.13,-5.23,0,0,1,86
-7.42,3.84,-5.19,0,0,1,86
-7.47,4.11,-5.41,0,0,1,86
-7.6,3.93,-5.7,0,0,1,86
-7.27,3.66,-5.38,0,0,1,86
-7.09,3.56,-5.07,0,0,1,86
-7.64,3.0,-5.01,0,0,1,86
-7.64,2.46,-4.91,0,0,1,86
-7.75,2.5,-4.83,0,0,1,86
-8.03,2.81,-5.07,0,0,1,86
-8.44,2.28,-5.46,0,0,1,86
-9.1,1.53,-5.47,0,0,1,86
-9.45,1.22,-4.61,0,0,1,86
-8.3,1.31,-3.99,0,0,1,86
-7.77,1.48,-4.18,0,0,1,86
-7.56,2.05,-4.93,0,0,1,86
-7.38,3.04,-5.64,0,0,1,86
-7.72,3.65,-5.8,0,0,1,86
-7.78,3.65,-5.27,0,0,1,86
-7.71,3.19,-4.61,0,0,1,86
-7.8,2.75,-4.2,0,0,1,86
-8.05,2.44,-4.56,0,0,1,86
-8.4,2.17,-5.04,0,0,1,86
-8.53,2.18,-5.43,0,0,1,86
-8.29,2.27,-5.6,0,0,1,86
-7.89,2.3,-5.65,0,0,1,86
-7.82,2.28,-5.38,0,0,1,86
-7.7,2.01,-4.72,0,0,1,86
-7.75,1.5,-4.03,0,0,1,86
-7.72,0.65,-3.69,0,0,1,86
-8.18,0.17,-3.47,0,0,1,86
-7.68,0.87,-2.89,0,0,1,86
-8.7,2.35,-2.93,0,0,1,86
-9.71,4.39,-4.3,0,0,1,86
-11.03,5.38,-7.33,0,0,1,86
-12.17,5.64,-9.33,0,0,1,86
-11.69,4.65,-8.57,0,0,1,86
-9.58,3.48,-5.53,0,0,1,86
-7.32,2.71,-2.72,0,0,1,86
-7.11,2.51,-1.57,0,0,1,86
-7.07,2.81,-2.13,0,0,1,86
-7.61,2.51,-3.77,0,0,1,86
-9.13,3.65,-5.67,0,0,1,87
-8.81,2.82,-5.7,0,0,1,87
-8.39,2.15,-5.48,0,0,1,87
-7.71,1.98,-5.61,0,0,1,87
-7.44,1.71,-5.32,0,0,1,87
-7.26,1.74,-5.18,0,0,1,87
-7.19,2.04,-4.9,0,0,1,87
-7.33,2.65,-5.14,0,0,1,87
-7.49,3.13,-5.23,0,0,1,87
-7.42,3.84,-5.19,0,0,1,87
-7.47,4.11,-5.41,0,0,1,87
-7.6,3.93,-5.7,0,0,1,87
-7.27,3.66,-5.38,0,0,1,87
-7.09,3.56,-5.07,0,0,1,87
-7.64,3.0,-5.01,0,0,1,87
-7.64,2.46,-4.91,0,0,1,87
-7.75,2.5,-4.83,0,0,1,87
-8.03,2.81,-5.07,0,0,1,87
-8.44,2.28,-5.46,0,0,1,87
-9.1,1.53,-5.47,0,0,1,87
-9.45,1.22,-4.61,0,0,1,87
-8.3,1.31,-3.99,0,0,1,87
-7.77,1.48,-4.18,0,0,1,87
-7.56,2.05,-4.93,0,0,1,87
-7.38,3.04,-5.64,0,0,1,87
-7.72,3.65,-5.8,0,0,1,87
-7.78,3.65,-5.27,0,0,1,87
-7.71,3.19,-4.61,0,0,1,87
-7.8,2.75,-4.2,0,0,1,87
-8.05,2.44,-4.56,0,0,1,87
-8.4,2.17,-5.04,0,0,1,87
-8.53,2.18,-5.43,0,0,1,87
-8.29,2.27,-5.6,0,0,1,87
-7.89,2.3,-5.65,0,0,1,87
-7.82,2.28,-5.38,0,0,1,87
-7.7,2.01,-4.72,0,0,1,87
-7.75,1.5,-4.03,0,0,1,87
-7.72,0.65,-3.69,0,0,1,87
-8.18,0.17,-3.47,0,0,1,87
-7.68,0.87,-2.89,0,0,1,87
-8.7,2.35,-2.93,0,0,1,87
-9.71,4.39,-4.3,0,0,1,87
-11.03,5.38,-7.33,0,0,1,87
-12.17,5.64,-9.33,0,0,1,87
-11.69,4.65,-8.57,0,0,1,87
-9.58,3.48,-5.53,0,0,1,87
-7.32,2.71,-2.72,0,0,1,87
-7.11,2.51,-1.57,0,0,1,87
-7.07,2.81,-2.13,0,0,1,87
-7.61,2.51,-3.77,0,0,1,87
-7.67,1.66,-4.02,0,0,1,87
-6.8,1.39,-3.05,0,0,1,87
-6.19,0.99,-2.04,0,0,1,87
-6.75,1.25,-2.21,0,0,1,87
-7.48,1.86,-3.31,0,0,1,87
-8.35,2.35,-4.22,0,0,1,87
-8.44,2.3,-4.64,0,0,1,87
-8.58,2.16,-5.03,0,0,1,87
-8.78,2.85,-4.82,0,0,1,87
-8.42,3.4,-4.95,0,0,1,87
-8.59,3.86,-5.45,0,0,1,87
-8.58,4.13,-5.69,0,0,1,87
-8.38,4.05,-5.34,0,0,1,87
-8.48,3.47,-5.38,0,0,1,87
-8.49,3.21,-5.28,0,0,1,87
-8.77,3.29,-4.91,0,0,1,87
-9.65,3.74,-4.46,0,0,1,87
-9.84,4.49,-5.04,0,0,1,87
-9.78,4.21,-6.18,0,0,1,87
-8.69,3.25,-5.27,0,0,1,87
-7.41,2.31,-3.12,0,0,1,87
-6.59,1.5,-1.14,0,0,1,87
-6.54,1.21,-1.15,0,0,1,87
-7.47,1.7,-1.86,0,0,1,87
-8.58,2.01,-1.75,0,0,1,87
-8.77,1.79,-2.44,0,0,1,87
-8.8,1.07,-3.54,0,0,1,87
-9.13,0.56,-4.33,0,0,1,87
-10.57,0.8,-5.54,0,0,1,87
-11.34,1.92,-7.66,0,0,1,87
-9.69,2.73,-7.54,0,0,1,87
-8.54,3.1,-4.4,0,0,1,87
-6.84,3.51,-2.2,0,0,1,87
-7.83,3.36,-2.66,0,0,1,87
-8.63,1.37,-5.44,0,0,1,87
-8.41,-1.29,-6.92,0,0,1,87
-7.47,-2.02,-6.43,0,0,1,87
-6.91,-0.82,-5.31,0,0,1,87
-6.18,2.19,-4.31,0,0,1,87
-7.22,5.07,-3.89,0,0,1,87
-7.84,6.26,-5.49,0,0,1,87
-8.3,4.58,-6.77,0,0,1,87
-8.87,2.88,-7.29,0,0,1,87
-7.83,1.4,-6.26,0,0,1,87
-7.02,1.23,-5.7,0,0,1,87
-7.12,2.37,-5.83,0,0,1,87
-7.7,3.53,-5.95,0,0,1,87
-7.98,3.78,-6.27,0,0,1,87
-8.11,3.5,-6.12,0,0,1,87
-8.02,3.67,-5.34,0,0,1,87
-7.67,1.66,-4.02,0,0,1,88
-6.8,1.39,-3.05,0,0,1,88
-6.19,0.99,-2.04,0,0,1,88
-6.75,1.25,-2.21,0,0,1,88
-7.48,1.86,-3.31,0,0,1,88
-8.35,2.35,-4.22,0,0,1,88
-8.44,2.3,-4.64,0,0,1,88
-8.58,2.16,-5.03,0,0,1,88
-8.78,2.85,-4.82,0,0,1,88
-8.42,3.4,-4.95,0,0,1,88
-8.59,3.86,-5.45,0,0,1,88
-8.58,4.13,-5.69,0,0,1,88
-8.38,4.05,-5.34,0,0,1,88
-8.48,3.47,-5.38,0,0,1,88
-8.49,3.21,-5.28,0,0,1,88
-8.77,3.29,-4.91,0,0,1,88
-9.65,3.74,-4.46,0,0,1,88
-9.84,4.49,-5.04,0,0,1,88
-9.78,4.21,-6.18,0,0,1,88
-8.69,3.25,-5.27,0,0,1,88
-7.41,2.31,-3.12,0,0,1,88
-6.59,1.5,-1.14,0,0,1,88
-6.54,1.21,-1.15,0,0,1,88
-7.47,1.7,-1.86,0,0,1,88
-8.58,2.01,-1.75,0,0,1,88
-8.77,1.79,-2.44,0,0,1,88
-8.8,1.07,-3.54,0,0,1,88
-9.13,0.56,-4.33,0,0,1,88
-10.57,0.8,-5.54,0,0,1,88
-11.34,1.92,-7.66,0,0,1,88
-9.69,2.73,-7.54,0,0,1,88
-8.54,3.1,-4.4,0,0,1,88
-6.84,3.51,-2.2,0,0,1,88
-7.83,3.36,-2.66,0,0,1,88
-8.63,1.37,-5.44,0,0,1,88
-8.41,-1.29,-6.92,0,0,1,88
-7.47,-2.02,-6.43,0,0,1,88
-6.91,-0.82,-5.31,0,0,1,88
-6.18,2.19,-4.31,0,0,1,88
-7.22,5.07,-3.89,0,0,1,88
-7.84,6.26,-5.49,0,0,1,88
-8.3,4.58,-6.77,0,0,1,88
-8.87,2.88,-7.29,0,0,1,88
-7.83,1.4,-6.26,0,0,1,88
-7.02,1.23,-5.7,0,0,1,88
-7.12,2.37,-5.83,0,0,1,88
-7.7,3.53,-5.95,0,0,1,88
-7.98,3.78,-6.27,0,0,1,88
-8.11,3.5,-6.12,0,0,1,88
-8.02,3.67,-5.34,0,0,1,88
-7.7,3.22,-4.85,0,0,1,88
-7.49,2.7,-4.48,0,0,1,88
-7.6,2.62,-4.47,0,0,1,88
-7.57,2.67,-4.6,0,0,1,88
-7.61,2.54,-5.2,0,0,1,88
-7.64,2.66,-5.55,0,0,1,88
-7.82,2.87,-5.41,0,0,1,88
-8.31,2.94,-5.39,0,0,1,88
-8.15,3.27,-4.17,0,0,1,88
-7.59,2.23,-4.08,0,0,1,88
-7.72,1.55,-4.5,0,0,1,88
-7.87,2.29,-5.19,0,0,1,88
-7.94,3.14,-5.79,0,0,1,88
-8.39,3.63,-6.0,0,0,1,88
-8.23,3.61,-5.66,0,0,1,88
-7.79,3.15,-5.0,0,0,1,88
-7.71,2.96,-4.85,0,0,1,88
-7.62,2.74,-5.24,0,0,1,88
-7.54,2.74,-5.67,0,0,1,88
-7.62,2.95,-5.85,0,0,1,88
-7.77,3.02,-5.82,0,0,1,88
-7.64,2.93,-5.84,0,0,1,88
-7.52,3.03,-5.74,0,0,1,88
-7.48,3.23,-5.45,0,0,1,88
-7.15,3.52,-5.31,0,0,1,88
-7.14,3.71,-5.44,0,0,1,88
-7.35,3.77,-5.96,0,0,1,88
-7.26,3.75,-6.3,0,0,1,88
-7.08,3.71,-6.16,0,0,1,88
-6.79,3.76,-5.77,0,0,1,88
-7.14,3.39,-5.58,0,0,1,88
-7.82,2.4,-5.11,0,0,1,88
-8.29,1.75,-3.84,0,0,1,88
-8.1,2.03,-4.33,0,0,1,88
-8.42,1.7,-5.36,0,0,1,88
-8.53,1.03,-6.11,0,0,1,88
-8.33,-0.01,-6.23,0,0,1,88
-7.83,0.31,-5.84,0,0,1,88
-8.2,0.85,-5.45,0,0,1,88
-8.47,1.03,-4.6,0,0,1,88
-8.6,0.84,-3.61,0,0,1,88
-9.2,0.75,-4.16,0,0,1,88
-10.05,-0.18,-4.55,0,0,1,88
-9.61,-0.67,-5.37,0,0,1,88
-9.92,-0.87,-6.05,0,0,1,88
-10.79,-0.54,-6.84,0,0,1,88
-11.76,0.49,-7.06,0,0,1,88
-11.36,1.36,-6.16,0,0,1,88
-9.77,1.39,-4.54,0,0,1,88
-8.6,0.29,-3.53,0,0,1,88
-7.7,3.22,-4.85,0,0,1,89
-7.49,2.7,-4.48,0,0,1,89
-7.6,2.62,-4.47,0,0,1,89
-7.57,2.67,-4.6,0,0,1,89
-7.61,2.54,-5.2,0,0,1,89
-7.64,2.66,-5.55,0,0,1,89
-7.82,2.87,-5.41,0,0,1,89
-8.31,2.94,-5.39,0,0,1,89
-8.15,3.27,-4.17,0,0,1,89
-7.59,2.23,-4.08,0,0,1,89
-7.72,1.55,-4.5,0,0,1,89
-7.87,2.29,-5.19,0,0,1,89
-7.94,3.14,-5.79,0,0,1,89
-8.39,3.63,-6.0,0,0,1,89
-8.23,3.61,-5.66,0,0,1,89
-7.79,3.15,-5.0,0,0,1,89
-7.71,2.96,-4.85,0,0,1,89
-7.62,2.74,-5.24,0,0,1,89
-7.54,2.74,-5.67,0,0,1,89
-7.62,2.95,-5.85,0,0,1,89
-7.77,3.02,-5.82,0,0,1,89
-7.64,2.93,-5.84,0,0,1,89
-7.52,3.03,-5.74,0,0,1,89
-7.48,3.23,-5.45,0,0,1,89
-7.15,3.52,-5.31,0,0,1,89
-7.14,3.71,-5.44,0,0,1,89
-7.35,3.77,-5.96,0,0,1,89
-7.26,3.75,-6.3,0,0,1,89
-7.08,3.71,-6.16,0,0,1,89
-6.79,3.76,-5.77,0,0,1,89
-7.14,3.39,-5.58,0,0,1,89
-7.82,2.4,-5.11,0,0,1,89
-8.29,1.75,-3.84,0,0,1,89
-8.1,2.03,-4.33,0,0,1,89
-8.42,1.7,-5.36,0,0,1,89
-8.53,1.03,-6.11,0,0,1,89
-8.33,-0.01,-6.23,0,0,1,89
-7.83,0.31,-5.84,0,0,1,89
-8.2,0.85,-5.45,0,0,1,89
-8.47,1.03,-4.6,0,0,1,89
-8.6,0.84,-3.61,0,0,1,89
-9.2,0.75,-4.16,0,0,1,89
-10.05,-0.18,-4.55,0,0,1,89
-9.61,-0.67,-5.37,0,0,1,89
-9.92,-0.87,-6.05,0,0,1,89
-10.79,-0.54,-6.84,0,0,1,89
-11.76,0.49,-7.06,0,0,1,89
-11.36,1.36,-6.16,0,0,1,89
-9.77,1.39,-4.54,0,0,1,89
-8.6,0.29,-3.53,0,0,1,89
-7.85,-0.67,-3.18,0,0,1,89
-7.77,-0.83,-3.15,0,0,1,89
-7.44,0.16,-2.89,0,0,1,89
-7.41,1.27,-2.59,0,0,1,89
-7.68,1.85,-2.43,0,0,1,89
-8.2,1.69,-2.68,0,0,1,89
-9.22,1.31,-3.12,0,0,1,89
-9.84,1.15,-3.62,0,0,1,89
-9.34,1.17,-3.9,0,0,1,89
-9.01,1.08,-3.63,0,0,1,89
-7.66,1.04,-2.68,0,0,1,89
-7.56,0.66,-2.22,0,0,1,89
-7.64,0.44,-1.77,0,0,1,89
-7.81,0.29,-2.08,0,0,1,89
-8.21,0.22,-2.67,0,0,1,89
-7.81,-0.09,-3.06,0,0,1,89
-7.9,-0.23,-3.27,0,0,1,89
-8.94,-0.26,-3.76,0,0,1,89
-10.27,-0.28,-5.07,0,0,1,89
-12.18,-0.35,-6.67,0,0,1,89
-12.13,0.08,-6.62,0,0,1,89
-10.76,0.31,-5.42,0,0,1,89
-9.5,0.93,-3.73,0,0,1,89
-8.44,1.72,-2.88,0,0,1,89
-8.19,1.54,-2.39,0,0,1,89
-7.79,1.43,-2.43,0,0,1,89
-8.07,1.08,-2.19,0,0,1,89
-8.67,0.75,-2.15,0,0,1,89
-8.9,0.75,-3.07,0,0,1,89
-9.5,0.87,-3.8,0,0,1,89
-9.61,1.26,-3.64,0,0,1,89
-9.52,1.51,-2.83,0,0,1,89
-9.31,1.62,-2.24,0,0,1,89
-9.47,1.47,-2.28,0,0,1,89
-8.83,1.59,-2.85,0,0,1,89
-8.51,1.4,-3.01,0,0,1,89
-8.12,1.22,-2.33,0,0,1,89
-7.59,1.37,-1.21,0,0,1,89
-7.57,1.36,-0.46,0,0,1,89
-7.57,1.09,-0.85,0,0,1,89
-7.73,0.51,-1.94,0,0,1,89
-8.57,-0.15,-2.53,0,0,1,89
-9.63,-0.17,-3.31,0,0,1,89
-10.57,-0.07,-3.96,0,0,1,89
-10.33,0.13,-4.82,0,0,1,89
-10.1,-0.35,-4.91,0,0,1,89
-11.06,-0.65,-5.91,0,0,1,89
-11.15,-0.06,-7.76,0,0,1,89
-9.1,1.02,-6.22,0,0,1,89
-7.26,1.32,-1.67,0,0,1,89
-7.85,-0.67,-3.18,0,0,1,90
-7.77,-0.83,-3.15,0,0,1,90
-7.44,0.16,-2.89,0,0,1,90
-7.41,1.27,-2.59,0,0,1,90
-7.68,1.85,-2.43,0,0,1,90
-8.2,1.69,-2.68,0,0,1,90
-9.22,1.31,-3.12,0,0,1,90
-9.84,1.15,-3.62,0,0,1,90
-9.34,1.17,-3.9,0,0,1,90
-9.01,1.08,-3.63,0,0,1,90
-7.66,1.04,-2.68,0,0,1,90
-7.56,0.66,-2.22,0,0,1,90
-7.64,0.44,-1.77,0,0,1,90
-7.81,0.29,-2.08,0,0,1,90
-8.21,0.22,-2.67,0,0,1,90
-7.81,-0.09,-3.06,0,0,1,90
-7.9,-0.23,-3.27,0,0,1,90
-8.94,-0.26,-3.76,0,0,1,90
-10.27,-0.28,-5.07,0,0,1,90
-12.18,-0.35,-6.67,0,0,1,90
-12.13,0.08,-6.62,0,0,1,90
-10.76,0.31,-5.42,0,0,1,90
-9.5,0.93,-3.73,0,0,1,90
-8.44,1.72,-2.88,0,0,1,90
-8.19,1.54,-2.39,0,0,1,90
-7.79,1.43,-2.43,0,0,1,90
-8.07,1.08,-2.19,0,0,1,90
-8.67,0.75,-2.15,0,0,1,90
-8.9,0.75,-3.07,0,0,1,90
-9.5,0.87,-3.8,0,0,1,90
-9.61,1.26,-3.64,0,0,1,90
-9.52,1.51,-2.83,0,0,1,90
-9.31,1.62,-2.24,0,0,1,90
-9.47,1.47,-2.28,0,0,1,90
-8.83,1.59,-2.85,0,0,1,90
-8.51,1.4,-3.01,0,0,1,90
-8.12,1.22,-2.33,0,0,1,90
-7.59,1.37,-1.21,0,0,1,90
-7.57,1.36,-0.46,0,0,1,90
-7.57,1.09,-0.85,0,0,1,90
-7.73,0.51,-1.94,0,0,1,90
-8.57,-0.15,-2.53,0,0,1,90
-9.63,-0.17,-3.31,0,0,1,90
-10.57,-0.07,-3.96,0,0,1,90
-10.33,0.13,-4.82,0,0,1,90
-10.1,-0.35,-4.91,0,0,1,90
-11.06,-0.65,-5.91,0,0,1,90
-11.15,-0.06,-7.76,0,0,1,90
-9.1,1.02,-6.22,0,0,1,90
-7.26,1.32,-1.67,0,0,1,90
-6.83,2.29,-1.57,0,0,1,90
-7.24,2.19,-3.39,0,0,1,90
-8.71,1.28,-6.06,0,0,1,90
-9.49,0.7,-6.58,0,0,1,90
-8.3,1.45,-6.18,0,0,1,90
-7.9,2.5,-5.26,0,0,1,90
-7.97,2.52,-5.4,0,0,1,90
-7.95,1.62,-5.98,0,0,1,90
-8.12,0.67,-6.85,0,0,1,90
-8.36,0.23,-7.34,0,0,1,90
-8.04,0.32,-6.79,0,0,1,90
-7.69,0.52,-6.1,0,0,1,90
-7.41,0.68,-5.78,0,0,1,90
-7.5,0.72,-5.73,0,0,1,90
-7.46,0.48,-6.13,0,0,1,90
-7.63,0.17,-6.48,0,0,1,90
-7.54,0.15,-6.42,0,0,1,90
-7.41,0.76,-6.08,0,0,1,90
-7.71,1.42,-5.87,0,0,1,90
-7.83,1.58,-6.4,0,0,1,90
-7.98,1.54,-6.54,0,0,1,90
-7.94,1.32,-6.67,0,0,1,90
-7.82,1.15,-6.6,0,0,1,90
-7.9,0.8,-6.35,0,0,1,90
-7.76,0.43,-6.32,0,0,1,90
-7.43,0.09,-6.3,0,0,1,90
-7.52,-0.02,-6.35,0,0,1,90
-7.85,0.01,-6.35,0,0,1,90
-7.96,-0.08,-6.17,0,0,1,90
-7.66,-0.34,-5.81,0,0,1,90
-7.4,-0.2,-5.4,0,0,1,90
-7.34,0.09,-5.59,0,0,1,90
-8.03,-0.36,-6.67,0,0,1,90
-8.06,-1.23,-6.72,0,0,1,90
-7.91,-1.79,-6.42,0,0,1,90
-7.86,-1.52,-6.13,0,0,1,90
-7.74,-1.29,-6.18,0,0,1,90
-7.8,-1.21,-6.42,0,0,1,90
-7.73,-0.91,-6.79,0,0,1,90
-7.81,-0.37,-6.64,0,0,1,90
-7.64,0.1,-6.42,0,0,1,90
-7.62,0.35,-6.44,0,0,1,90
-7.67,0.39,-6.61,0,0,1,90
-7.51,0.34,-6.47,0,0,1,90
-7.47,0.37,-6.09,0,0,1,90
-7.67,0.29,-5.98,0,0,1,90
-7.82,0.14,-6.1,0,0,1,90
-7.96,0.08,-6.47,0,0,1,90
-8.03,0.38,-6.53,0,0,1,90
-7.99,0.84,-6.36,0,0,1,90
-6.83,2.29,-1.57,0,0,1,91
-7.24,2.19,-3.39,0,0,1,91
-8.71,1.28,-6.06,0,0,1,91
-9.49,0.7,-6.58,0,0,1,91
-8.3,1.45,-6.18,0,0,1,91
-7.9,2.5,-5.26,0,0,1,91
-7.97,2.52,-5.4,0,0,1,91
-7.95,1.62,-5.98,0,0,1,91
-8.12,0.67,-6.85,0,0,1,91
-8.36,0.23,-7.34,0,0,1,91
-8.04,0.32,-6.79,0,0,1,91
-7.69,0.52,-6.1,0,0,1,91
-7.41,0.68,-5.78,0,0,1,91
-7.5,0.72,-5.73,0,0,1,91
-7.46,0.48,-6.13,0,0,1,91
-7.63,0.17,-6.48,0,0,1,91
-7.54,0.15,-6.42,0,0,1,91
-7.41,0.76,-6.08,0,0,1,91
-7.71,1.42,-5.87,0,0,1,91
-7.83,1.58,-6.4,0,0,1,91
-7.98,1.54,-6.54,0,0,1,91
-7.94,1.32,-6.67,0,0,1,91
-7.82,1.15,-6.6,0,0,1,91
-7.9,0.8,-6.35,0,0,1,91
-7.76,0.43,-6.32,0,0,1,91
-7.43,0.09,-6.3,0,0,1,91
-7.52,-0.02,-6.35,0,0,1,91
-7.85,0.01,-6.35,0,0,1,91
-7.96,-0.08,-6.17,0,0,1,91
-7.66,-0.34,-5.81,0,0,1,91
-7.4,-0.2,-5.4,0,0,1,91
-7.34,0.09,-5.59,0,0,1,91
-8.03,-0.36,-6.67,0,0,1,91
-8.06,-1.23,-6.72,0,0,1,91
-7.91,-1.79,-6.42,0,0,1,91
-7.86,-1.52,-6.13,0,0,1,91
-7.74,-1.29,-6.18,0,0,1,91
-7.8,-1.21,-6.42,0,0,1,91
-7.73,-0.91,-6.79,0,0,1,91
-7.81,-0.37,-6.64,0,0,1,91
-7.64,0.1,-6.42,0,0,1,91
-7.62,0.35,-6.44,0,0,1,91
-7.67,0.39,-6.61,0,0,1,91
-7.51,0.34,-6.47,0,0,1,91
-7.47,0.37,-6.09,0,0,1,91
-7.67,0.29,-5.98,0,0,1,91
-7.82,0.14,-6.1,0,0,1,91
-7.96,0.08,-6.47,0,0,1,91
-8.03,0.38,-6.53,0,0,1,91
-7.99,0.84,-6.36,0,0,1,91
-7.81,1.2,-6.03,0,0,1,91
-7.66,1.64,-5.85,0,0,1,91
-7.68,1.6,-5.96,0,0,1,91
-7.6,1.52,-6.04,0,0,1,91
-7.54,1.63,-6.36,0,0,1,91
-7.65,1.81,-6.45,0,0,1,91
-7.77,1.91,-6.15,0,0,1,91
-7.61,2.32,-5.7,0,0,1,91
-7.59,2.46,-5.39,0,0,1,91
-7.97,1.88,-5.39,0,0,1,91
-8.44,0.55,-5.42,0,0,1,91
-8.54,-0.72,-5.02,0,0,1,91
-8.13,-1.02,-4.72,0,0,1,91
-8.27,-0.95,-4.94,0,0,1,91
-8.16,-0.64,-5.19,0,0,1,91
-7.64,-0.09,-5.43,0,0,1,91
-7.83,0.18,-5.61,0,0,1,91
-7.97,0.04,-5.23,0,0,1,91
-7.47,-0.04,-4.22,0,0,1,91
-8.15,0.3,-3.14,0,0,1,91
-8.72,1.82,-3.36,0,0,1,91
-9.0,4.13,-4.77,0,0,1,91
-10.06,5.55,-7.26,0,0,1,91
-11.89,5.76,-8.19,0,0,1,91
-11.19,6.01,-6.45,0,0,1,91
-9.64,5.11,-4.69,0,0,1,91
-8.44,3.66,-3.28,0,0,1,91
-7.84,2.68,-3.32,0,0,1,91
-7.56,2.11,-3.44,0,0,1,91
-7.01,2.48,-3.36,0,0,1,91
-6.9,3.07,-2.82,0,0,1,91
-6.88,2.83,-2.28,0,0,1,91
-7.06,2.71,-2.45,0,0,1,91
-7.15,2.19,-3.0,0,0,1,91
-7.09,2.2,-3.19,0,0,1,91
-7.81,2.22,-3.4,0,0,1,91
-8.82,2.69,-3.62,0,0,1,91
-9.88,2.98,-4.0,0,0,1,91
-10.68,3.42,-4.54,0,0,1,91
-10.68,3.52,-4.58,0,0,1,91
-9.87,3.14,-4.3,0,0,1,91
-9.44,2.51,-3.31,0,0,1,91
-8.27,2.27,-2.82,0,0,1,91
-7.73,1.7,-2.4,0,0,1,91
-7.66,1.51,-2.15,0,0,1,91
-7.34,1.6,-2.1,0,0,1,91
-7.24,1.8,-2.04,0,0,1,91
-7.26,2.33,-2.24,0,0,1,91
-7.84,2.79,-2.5,0,0,1,91
-8.92,3.41,-2.95,0,0,1,91
-7.81,1.2,-6.03,0,0,1,92
-7.66,1.64,-5.85,0,0,1,92
-7.68,1.6,-5.96,0,0,1,92
-7.6,1.52,-6.04,0,0,1,92
-7.54,1.63,-6.36,0,0,1,92
-7.65,1.81,-6.45,0,0,1,92
-7.77,1.91,-6.15,0,0,1,92
-7.61,2.32,-5.7,0,0,1,92
-7.59,2.46,-5.39,0,0,1,92
-7.97,1.88,-5.39,0,0,1,92
-8.44,0.55,-5.42,0,0,1,92
-8.54,-0.72,-5.02,0,0,1,92
-8.13,-1.02,-4.72,0,0,1,92
-8.27,-0.95,-4.94,0,0,1,92
-8.16,-0.64,-5.19,0,0,1,92
-7.64,-0.09,-5.43,0,0,1,92
-7.83,0.18,-5.61,0,0,1,92
-7.97,0.04,-5.23,0,0,1,92
-7.47,-0.04,-4.22,0,0,1,92
-8.15,0.3,-3.14,0,0,1,92
-8.72,1.82,-3.36,0,0,1,92
-9.0,4.13,-4.77,0,0,1,92
-10.06,5.55,-7.26,0,0,1,92
-11.89,5.76,-8.19,0,0,1,92
-11.19,6.01,-6.45,0,0,1,92
-9.64,5.11,-4.69,0,0,1,92
-8.44,3.66,-3.28,0,0,1,92
-7.84,2.68,-3.32,0,0,1,92
-7.56,2.11,-3.44,0,0,1,92
-7.01,2.48,-3.36,0,0,1,92
-6.9,3.07,-2.82,0,0,1,92
-6.88,2.83,-2.28,0,0,1,92
-7.06,2.71,-2.45,0,0,1,92
-7.15,2.19,-3.0,0,0,1,92
-7.09,2.2,-3.19,0,0,1,92
-7.81,2.22,-3.4,0,0,1,92
-8.82,2.69,-3.62,0,0,1,92
-9.88,2.98,-4.0,0,0,1,92
-10.68,3.42,-4.54,0,0,1,92
-10.68,3.52,-4.58,0,0,1,92
-9.87,3.14,-4.3,0,0,1,92
-9.44,2.51,-3.31,0,0,1,92
-8.27,2.27,-2.82,0,0,1,92
-7.73,1.7,-2.4,0,0,1,92
-7.66,1.51,-2.15,0,0,1,92
-7.34,1.6,-2.1,0,0,1,92
-7.24,1.8,-2.04,0,0,1,92
-7.26,2.33,-2.24,0,0,1,92
-7.84,2.79,-2.5,0,0,1,92
-8.92,3.41,-2.95,0,0,1,92
-9.3,3.94,-3.32,0,0,1,92
-9.18,3.89,-3.35,0,0,1,92
-8.87,3.31,-3.23,0,0,1,92
-8.63,2.91,-3.41,0,0,1,92
-8.57,3.07,-3.69,0,0,1,92
-8.52,3.2,-3.55,0,0,1,92
-8.38,2.75,-3.35,0,0,1,92
-8.14,2.19,-3.66,0,0,1,92
-8.13,2.05,-3.87,0,0,1,92
-8.44,2.32,-3.7,0,0,1,92
-8.77,3.25,-3.49,0,0,1,92
-9.96,3.79,-3.69,0,0,1,92
-11.45,3.66,-5.02,0,0,1,92
-11.31,3.08,-5.97,0,0,1,92
-9.75,2.49,-4.13,0,0,1,92
-7.95,2.7,-2.15,0,0,1,92
-7.39,2.73,-1.67,0,0,1,92
-8.18,2.46,-2.12,0,0,1,92
-8.75,1.69,-3.6,0,0,1,92
-9.03,0.81,-4.57,0,0,1,92
-9.17,0.67,-4.25,0,0,1,92
-9.04,0.51,-4.45,0,0,1,92
-8.19,-0.21,-4.22,0,0,1,92
-7.97,-0.7,-4.22,0,0,1,92
-8.05,-0.67,-4.11,0,0,1,92
-8.66,-0.35,-4.65,0,0,1,92
-8.84,0.06,-4.72,0,0,1,92
-8.5,0.29,-4.71,0,0,1,92
-8.27,0.35,-4.29,0,0,1,92
-8.16,0.51,-4.54,0,0,1,92
-7.87,0.49,-4.87,0,0,1,92
-7.7,0.13,-5.8,0,0,1,92
-7.96,-0.42,-6.21,0,0,1,92
-8.12,-0.35,-6.05,0,0,1,92
-8.37,0.36,-5.66,0,0,1,92
-8.83,1.37,-6.49,0,0,1,92
-8.96,2.17,-6.85,0,0,1,92
-9.19,2.81,-6.89,0,0,1,92
-8.96,3.01,-6.37,0,0,1,92
-8.43,2.55,-5.07,0,0,1,92
-7.69,2.35,-4.38,0,0,1,92
-7.84,1.81,-4.35,0,0,1,92
-7.91,1.66,-4.89,0,0,1,92
-8.32,1.95,-5.03,0,0,1,92
-8.14,2.18,-5.08,0,0,1,92
-8.26,1.87,-4.98,0,0,1,92
-8.02,1.27,-5.07,0,0,1,92
-7.47,1.49,-4.88,0,0,1,92
-7.38,2.33,-4.57,0,0,1,92
-7.5,2.89,-4.7,0,0,1,92
-9.3,3.94,-3.32,0,0,1,93
-9.18,3.89,-3.35,0,0,1,93
-8.87,3.31,-3.23,0,0,1,93
-8.63,2.91,-3.41,0,0,1,93
-8.57,3.07,-3.69,0,0,1,93
-8.52,3.2,-3.55,0,0,1,93
-8.38,2.75,-3.35,0,0,1,93
-8.14,2.19,-3.66,0,0,1,93
-8.13,2.05,-3.87,0,0,1,93
-8.44,2.32,-3.7,0,0,1,93
-8.77,3.25,-3.49,0,0,1,93
-9.96,3.79,-3.69,0,0,1,93
-11.45,3.66,-5.02,0,0,1,93
-11.31,3.08,-5.97,0,0,1,93
-9.75,2.49,-4.13,0,0,1,93
-7.95,2.7,-2.15,0,0,1,93
-7.39,2.73,-1.67,0,0,1,93
-8.18,2.46,-2.12,0,0,1,93
-8.75,1.69,-3.6,0,0,1,93
-9.03,0.81,-4.57,0,0,1,93
-9.17,0.67,-4.25,0,0,1,93
-9.04,0.51,-4.45,0,0,1,93
-8.19,-0.21,-4.22,0,0,1,93
-7.97,-0.7,-4.22,0,0,1,93
-8.05,-0.67,-4.11,0,0,1,93
-8.66,-0.35,-4.65,0,0,1,93
-8.84,0.06,-4.72,0,0,1,93
-8.5,0.29,-4.71,0,0,1,93
-8.27,0.35,-4.29,0,0,1,93
-8.16,0.51,-4.54,0,0,1,93
-7.87,0.49,-4.87,0,0,1,93
-7.7,0.13,-5.8,0,0,1,93
-7.96,-0.42,-6.21,0,0,1,93
-8.12,-0.35,-6.05,0,0,1,93
-8.37,0.36,-5.66,0,0,1,93
-8.83,1.37,-6.49,0,0,1,93
-8.96,2.17,-6.85,0,0,1,93
-9.19,2.81,-6.89,0,0,1,93
-8.96,3.01,-6.37,0,0,1,93
-8.43,2.55,-5.07,0,0,1,93
-7.69,2.35,-4.38,0,0,1,93
-7.84,1.81,-4.35,0,0,1,93
-7.91,1.66,-4.89,0,0,1,93
-8.32,1.95,-5.03,0,0,1,93
-8.14,2.18,-5.08,0,0,1,93
-8.26,1.87,-4.98,0,0,1,93
-8.02,1.27,-5.07,0,0,1,93
-7.47,1.49,-4.88,0,0,1,93
-7.38,2.33,-4.57,0,0,1,93
-7.5,2.89,-4.7,0,0,1,93
-6.92,3.52,-4.92,0,0,1,93
-7.14,4.12,-4.61,0,0,1,93
-7.63,4.57,-4.63,0,0,1,93
-8.06,3.97,-5.47,0,0,1,93
-8.03,3.71,-6.09,0,0,1,93
-8.09,4.02,-5.89,0,0,1,93
-7.94,4.01,-5.16,0,0,1,93
-7.69,3.27,-4.75,0,0,1,93
-7.83,1.02,-6.16,0,0,1,93
-9.86,1.42,-3.53,0,0,1,93
-8.81,2.48,-4.9,0,0,1,93
-10.93,2.2,-6.2,0,0,1,93
-10.79,2.27,-6.34,0,0,1,93
-9.5,2.02,-5.25,0,0,1,93
-8.76,0.77,-5.8,0,0,1,93
-8.43,-0.3,-5.82,0,0,1,93
-7.83,-0.41,-4.91,0,0,1,93
-7.47,0.08,-3.4,0,0,1,93
-7.29,-0.36,-2.42,0,0,1,93
-7.38,-0.88,-2.16,0,0,1,93
-7.61,-0.74,-2.52,0,0,1,93
-8.19,0.45,-3.15,0,0,1,93
-9.24,2.31,-4.78,0,0,1,93
-10.96,2.49,-6.24,0,0,1,93
-11.24,4.26,-6.68,0,0,1,93
-10.2,4.88,-5.12,0,0,1,93
-7.69,4.9,-1.79,0,0,1,93
-7.09,3.4,-1.71,0,0,1,93
-9.23,2.03,-4.42,0,0,1,93
-9.83,2.13,-6.38,0,0,1,93
-9.43,2.8,-6.12,0,0,1,93
-8.27,3.29,-4.5,0,0,1,93
-7.03,2.77,-2.45,0,0,1,93
-5.74,2.22,-1.92,0,0,1,93
-5.68,1.8,-2.3,0,0,1,93
-6.3,1.89,-2.72,0,0,1,93
-6.75,2.2,-3.21,0,0,1,93
-6.54,2.88,-3.82,0,0,1,93
-6.99,2.67,-3.99,0,0,1,93
-8.21,2.05,-3.21,0,0,1,93
-8.52,1.53,-3.54,0,0,1,93
-8.72,1.7,-4.59,0,0,1,93
-9.81,2.93,-5.74,0,0,1,93
-12.08,4.04,-5.77,0,0,1,93
-11.5,5.29,-8.07,0,0,1,93
-10.76,3.2,-8.5,0,0,1,93
-10.65,1.7,-5.02,0,0,1,93
-8.6,0.74,-2.73,0,0,1,93
-7.75,1.17,-2.08,0,0,1,93
-7.67,2.67,-1.94,0,0,1,93
-6.92,3.52,-4.92,0,0,1,94
-7.14,4.12,-4.61,0,0,1,94
-7.63,4.57,-4.63,0,0,1,94
-8.06,3.97,-5.47,0,0,1,94
-8.03,3.71,-6.09,0,0,1,94
-8.09,4.02,-5.89,0,0,1,94
-7.94,4.01,-5.16,0,0,1,94
-7.69,3.27,-4.75,0,0,1,94
-7.83,1.02,-6.16,0,0,1,94
-9.86,1.42,-3.53,0,0,1,94
-8.81,2.48,-4.9,0,0,1,94
-10.93,2.2,-6.2,0,0,1,94
-10.79,2.27,-6.34,0,0,1,94
-9.5,2.02,-5.25,0,0,1,94
-8.76,0.77,-5.8,0,0,1,94
-8.43,-0.3,-5.82,0,0,1,94
-7.83,-0.41,-4.91,0,0,1,94
-7.47,0.08,-3.4,0,0,1,94
-7.29,-0.36,-2.42,0,0,1,94
-7.38,-0.88,-2.16,0,0,1,94
-7.61,-0.74,-2.52,0,0,1,94
-8.19,0.45,-3.15,0,0,1,94
-9.24,2.31,-4.78,0,0,1,94
-10.96,2.49,-6.24,0,0,1,94
-11.24,4.26,-6.68,0,0,1,94
-10.2,4.88,-5.12,0,0,1,94
-7.69,4.9,-1.79,0,0,1,94
-7.09,3.4,-1.71,0,0,1,94
-9.23,2.03,-4.42,0,0,1,94
-9.83,2.13,-6.38,0,0,1,94
-9.43,2.8,-6.12,0,0,1,94
-8.27,3.29,-4.5,0,0,1,94
-7.03,2.77,-2.45,0,0,1,94
-5.74,2.22,-1.92,0,0,1,94
-5.68,1.8,-2.3,0,0,1,94
-6.3,1.89,-2.72,0,0,1,94
-6.75,2.2,-3.21,0,0,1,94
-6.54,2.88,-3.82,0,0,1,94
-6.99,2.67,-3.99,0,0,1,94
-8.21,2.05,-3.21,0,0,1,94
-8.52,1.53,-3.54,0,0,1,94
-8.72,1.7,-4.59,0,0,1,94
-9.81,2.93,-5.74,0,0,1,94
-12.08,4.04,-5.77,0,0,1,94
-11.5,5.29,-8.07,0,0,1,94
-10.76,3.2,-8.5,0,0,1,94
-10.65,1.7,-5.02,0,0,1,94
-8.6,0.74,-2.73,0,0,1,94
-7.75,1.17,-2.08,0,0,1,94
-7.67,2.67,-1.94,0,0,1,94
-7.8,3.86,-3.1,0,0,1,94
-8.62,2.46,-5.44,0,0,1,94
-9.52,0.89,-7.09,0,0,1,94
-8.19,0.27,-6.43,0,0,1,94
-7.94,-0.08,-4.41,0,0,1,94
-8.06,-0.22,-3.62,0,0,1,94
-7.6,-0.23,-4.21,0,0,1,94
-7.5,0.45,-5.05,0,0,1,94
-7.31,1.37,-4.83,0,0,1,94
-7.41,1.92,-4.79,0,0,1,94
-8.03,2.07,-5.18,0,0,1,94
-8.38,2.35,-6.01,0,0,1,94
-8.51,2.48,-6.58,0,0,1,94
-8.22,2.41,-6.34,0,0,1,94
-7.87,1.89,-5.53,0,0,1,94
-7.94,1.49,-5.28,0,0,1,94
-7.52,1.6,-5.15,0,0,1,94
-7.46,1.96,-5.21,0,0,1,94
-7.68,2.39,-5.61,0,0,1,94
-7.53,2.65,-5.72,0,0,1,94
-7.42,2.89,-5.61,0,0,1,94
-7.29,3.12,-5.2,0,0,1,94
-6.81,3.1,-4.77,0,0,1,94
-6.96,2.83,-4.54,0,0,1,94
-6.94,2.78,-4.31,0,0,1,94
-7.56,2.61,-5.1,0,0,1,94
-8.26,2.19,-5.75,0,0,1,94
-7.94,1.25,-6.59,0,0,1,94
-10.48,0.01,-4.85,0,0,1,94
-7.65,1.82,-2.94,0,0,1,94
-6.99,3.31,-2.82,0,0,1,94
-8.63,4.42,-4.72,0,0,1,94
-10.59,4.73,-7.97,0,0,1,94
-12.26,2.75,-11.58,0,0,1,94
-12.69,0.43,-11.86,0,0,1,94
-10.47,-0.06,-7.55,0,0,1,94
-7.99,0.0,-2.96,0,0,1,94
-5.98,-0.66,-0.22,0,0,1,94
-5.95,-1.35,-1.31,0,0,1,94
-6.66,-1.94,-2.74,0,0,1,94
-7.1,-1.73,-3.43,0,0,1,94
-7.59,-0.7,-3.37,0,0,1,94
-9.1,0.74,-3.58,0,0,1,94
-10.52,3.29,-4.52,0,0,1,94
-11.24,4.58,-5.87,0,0,1,94
-10.73,5.05,-6.22,0,0,1,94
-9.8,4.25,-5.64,0,0,1,94
-8.89,3.13,-4.34,0,0,1,94
-7.97,1.95,-2.81,0,0,1,94
-7.52,1.2,-2.87,0,0,1,94
-7.8,3.86,-3.1,0,0,1,95
-8.62,2.46,-5.44,0,0,1,95
-9.52,0.89,-7.09,0,0,1,95
-8.19,0.27,-6.43,0,0,1,95
-7.94,-0.08,-4.41,0,0,1,95
-8.06,-0.22,-3.62,0,0,1,95
-7.6,-0.23,-4.21,0,0,1,95
-7.5,0.45,-5.05,0,0,1,95
-7.31,1.37,-4.83,0,0,1,95
-7.41,1.92,-4.79,0,0,1,95
-8.03,2.07,-5.18,0,0,1,95
-8.38,2.35,-6.01,0,0,1,95
-8.51,2.48,-6.58,0,0,1,95
-8.22,2.41,-6.34,0,0,1,95
-7.87,1.89,-5.53,0,0,1,95
-7.94,1.49,-5.28,0,0,1,95
-7.52,1.6,-5.15,0,0,1,95
-7.46,1.96,-5.21,0,0,1,95
-7.68,2.39,-5.61,0,0,1,95
-7.53,2.65,-5.72,0,0,1,95
-7.42,2.89,-5.61,0,0,1,95
-7.29,3.12,-5.2,0,0,1,95
-6.81,3.1,-4.77,0,0,1,95
-6.96,2.83,-4.54,0,0,1,95
-6.94,2.78,-4.31,0,0,1,95
-7.56,2.61,-5.1,0,0,1,95
-8.26,2.19,-5.75,0,0,1,95
-7.94,1.25,-6.59,0,0,1,95
-10.48,0.01,-4.85,0,0,1,95
-7.65,1.82,-2.94,0,0,1,95
-6.99,3.31,-2.82,0,0,1,95
-8.63,4.42,-4.72,0,0,1,95
-10.59,4.73,-7.97,0,0,1,95
-12.26,2.75,-11.58,0,0,1,95
-12.69,0.43,-11.86,0,0,1,95
-10.47,-0.06,-7.55,0,0,1,95
-7.99,0.0,-2.96,0,0,1,95
-5.98,-0.66,-0.22,0,0,1,95
-5.95,-1.35,-1.31,0,0,1,95
-6.66,-1.94,-2.74,0,0,1,95
-7.1,-1.73,-3.43,0,0,1,95
-7.59,-0.7,-3.37,0,0,1,95
-9.1,0.74,-3.58,0,0,1,95
-10.52,3.29,-4.52,0,0,1,95
-11.24,4.58,-5.87,0,0,1,95
-10.73,5.05,-6.22,0,0,1,95
-9.8,4.25,-5.64,0,0,1,95
-8.89,3.13,-4.34,0,0,1,95
-7.97,1.95,-2.81,0,0,1,95
-7.52,1.2,-2.87,0,0,1,95
-7.68,1.39,-3.51,0,0,1,95
-7.72,1.47,-3.53,0,0,1,95
-7.12,1.63,-2.87,0,0,1,95
-6.89,1.79,-2.56,0,0,1,95
-7.28,1.78,-3.1,0,0,1,95
-7.76,1.99,-3.93,0,0,1,95
-8.22,2.4,-4.84,0,0,1,95
-8.09,2.49,-4.87,0,0,1,95
-7.59,2.51,-4.2,0,0,1,95
-7.18,2.63,-3.35,0,0,1,95
-7.46,3.11,-3.26,0,0,1,95
-7.99,3.77,-3.92,0,0,1,95
-7.68,4.18,-4.78,0,0,1,95
-8.12,4.7,-4.71,0,0,1,95
-8.06,5.13,-4.65,0,0,1,95
-8.48,4.68,-4.4,0,0,1,95
-12.25,2.31,-6.05,0,0,1,95
-13.31,-0.14,-8.86,0,0,1,95
-10.56,-1.04,-6.68,0,0,1,95
-8.18,-1.93,-2.72,0,0,1,95
-8.38,-0.43,-1.94,0,0,1,95
-7.93,2.57,-3.59,0,0,1,95
-8.04,3.88,-4.2,0,0,1,95
-8.65,2.16,-4.47,0,0,1,95
-9.4,0.09,-5.45,0,0,1,95
-8.72,-1.03,-5.98,0,0,1,95
-6.75,-0.61,-4.5,0,0,1,95
-6.57,-0.28,-3.94,0,0,1,95
-7.73,0.99,-4.51,0,0,1,95
-8.26,2.27,-5.19,0,0,1,95
-8.46,3.43,-5.45,0,0,1,95
-8.21,3.59,-5.33,0,0,1,95
-8.36,2.62,-5.78,0,0,1,95
-8.42,1.64,-6.42,0,0,1,95
-8.52,1.55,-6.37,0,0,1,95
-8.31,1.73,-5.58,0,0,1,95
-7.8,2.19,-4.78,0,0,1,95
-7.81,2.54,-4.76,0,0,1,95
-8.06,2.71,-5.35,0,0,1,95
-8.32,2.66,-5.56,0,0,1,95
-8.25,2.3,-5.22,0,0,1,95
-7.96,2.02,-4.79,0,0,1,95
-7.79,1.78,-4.15,0,0,1,95
-7.71,1.45,-4.18,0,0,1,95
-7.55,1.11,-5.0,0,0,1,95
-7.98,0.98,-5.81,0,0,1,95
-7.74,1.35,-6.24,0,0,1,95
-7.65,1.82,-6.13,0,0,1,95
-7.79,2.18,-5.68,0,0,1,95
-7.56,2.48,-5.62,0,0,1,95
-7.68,1.39,-3.51,0,0,1,96
-7.72,1.47,-3.53,0,0,1,96
-7.12,1.63,-2.87,0,0,1,96
-6.89,1.79,-2.56,0,0,1,96
-7.28,1.78,-3.1,0,0,1,96
-7.76,1.99,-3.93,0,0,1,96
-8.22,2.4,-4.84,0,0,1,96
-8.09,2.49,-4.87,0,0,1,96
-7.59,2.51,-4.2,0,0,1,96
-7.18,2.63,-3.35,0,0,1,96
-7.46,3.11,-3.26,0,0,1,96
-7.99,3.77,-3.92,0,0,1,96
-7.68,4.18,-4.78,0,0,1,96
-8.12,4.7,-4.71,0,0,1,96
-8.06,5.13,-4.65,0,0,1,96
-8.48,4.68,-4.4,0,0,1,96
-12.25,2.31,-6.05,0,0,1,96
-13.31,-0.14,-8.86,0,0,1,96
-10.56,-1.04,-6.68,0,0,1,96
-8.18,-1.93,-2.72,0,0,1,96
-8.38,-0.43,-1.94,0,0,1,96
-7.93,2.57,-3.59,0,0,1,96
-8.04,3.88,-4.2,0,0,1,96
-8.65,2.16,-4.47,0,0,1,96
-9.4,0.09,-5.45,0,0,1,96
-8.72,-1.03,-5.98,0,0,1,96
-6.75,-0.61,-4.5,0,0,1,96
-6.57,-0.28,-3.94,0,0,1,96
-7.73,0.99,-4.51,0,0,1,96
-8.26,2.27,-5.19,0,0,1,96
-8.46,3.43,-5.45,0,0,1,96
-8.21,3.59,-5.33,0,0,1,96
-8.36,2.62,-5.78,0,0,1,96
-8.42,1.64,-6.42,0,0,1,96
-8.52,1.55,-6.37,0,0,1,96
-8.31,1.73,-5.58,0,0,1,96
-7.8,2.19,-4.78,0,0,1,96
-7.81,2.54,-4.76,0,0,1,96
-8.06,2.71,-5.35,0,0,1,96
-8.32,2.66,-5.56,0,0,1,96
-8.25,2.3,-5.22,0,0,1,96
-7.96,2.02,-4.79,0,0,1,96
-7.79,1.78,-4.15,0,0,1,96
-7.71,1.45,-4.18,0,0,1,96
-7.55,1.11,-5.0,0,0,1,96
-7.98,0.98,-5.81,0,0,1,96
-7.74,1.35,-6.24,0,0,1,96
-7.65,1.82,-6.13,0,0,1,96
-7.79,2.18,-5.68,0,0,1,96
-7.56,2.48,-5.62,0,0,1,96
-7.35,3.25,-5.72,0,0,1,96
-7.4,3.6,-5.22,0,0,1,96
-8.98,1.88,-4.42,0,0,1,96
-8.71,1.17,-1.24,0,0,1,96
-6.31,1.71,-1.5,0,0,1,96
-6.54,0.65,-3.14,0,0,1,96
-9.16,-1.36,-5.56,0,0,1,96
-11.63,-1.91,-7.94,0,0,1,96
-13.06,-0.22,-10.65,0,0,1,96
-11.27,3.51,-7.98,0,0,1,96
-8.17,4.41,-2.99,0,0,1,96
-6.75,3.49,0.02,0,0,1,96
-7.82,2.96,-1.21,0,0,1,96
-10.21,3.87,-3.15,0,0,1,96
-11.16,5.22,-5.02,0,0,1,96
-10.61,4.25,-5.7,0,0,1,96
-9.61,2.57,-5.3,0,0,1,96
-8.4,1.2,-3.06,0,0,1,96
-7.47,1.28,-1.77,0,0,1,96
-8.5,1.24,-2.38,0,0,1,96
-6.92,1.87,-3.38,0,0,1,96
-7.59,0.29,-3.57,0,0,1,96
-7.3,-0.06,-3.4,0,0,1,96
-7.32,-0.38,-3.47,0,0,1,96
-7.33,-0.0,-3.92,0,0,1,96
-8.38,0.4,-5.02,0,0,1,96
-9.4,0.83,-6.33,0,0,1,96
-9.68,1.52,-6.49,0,0,1,96
-9.16,2.87,-4.34,0,0,1,96
-8.98,3.83,-2.75,0,0,1,96
-9.89,4.03,-3.41,0,0,1,96
-9.36,2.54,-4.34,0,0,1,96
-8.79,0.72,-4.33,0,0,1,96
-8.0,0.45,-3.64,0,0,1,96
-7.47,1.01,-3.14,0,0,1,96
-7.18,1.98,-3.68,0,0,1,96
-8.26,2.91,-3.34,0,0,1,96
-9.08,3.6,-3.1,0,0,1,96
-9.73,3.71,-3.68,0,0,1,96
-9.92,3.27,-4.83,0,0,1,96
-9.52,2.45,-5.24,0,0,1,96
-8.74,1.56,-4.08,0,0,1,96
-7.96,1.41,-2.71,0,0,1,96
-7.8,2.03,-2.01,0,0,1,96
-8.17,2.56,-2.02,0,0,1,96
-8.54,2.51,-2.44,0,0,1,96
-8.08,2.09,-2.66,0,0,1,96
-7.98,1.58,-2.68,0,0,1,96
-7.73,1.43,-2.95,0,0,1,96
-7.74,1.5,-3.26,0,0,1,96
-7.35,3.25,-5.72,0,0,1,97
-7.4,3.6,-5.22,0,0,1,97
-8.98,1.88,-4.42,0,0,1,97
-8.71,1.17,-1.24,0,0,1,97
-6.31,1.71,-1.5,0,0,1,97
-6.54,0.65,-3.14,0,0,1,97
-9.16,-1.36,-5.56,0,0,1,97
-11.63,-1.91,-7.94,0,0,1,97
-13.06,-0.22,-10.65,0,0,1,97
-11.27,3.51,-7.98,0,0,1,97
-8.17,4.41,-2.99,0,0,1,97
-6.75,3.49,0.02,0,0,1,97
-7.82,2.96,-1.21,0,0,1,97
-10.21,3.87,-3.15,0,0,1,97
-11.16,5.22,-5.02,0,0,1,97
-10.61,4.25,-5.7,0,0,1,97
-9.61,2.57,-5.3,0,0,1,97
-8.4,1.2,-3.06,0,0,1,97
-7.47,1.28,-1.77,0,0,1,97
-8.5,1.24,-2.38,0,0,1,97
-6.92,1.87,-3.38,0,0,1,97
-7.59,0.29,-3.57,0,0,1,97
-7.3,-0.06,-3.4,0,0,1,97
-7.32,-0.38,-3.47,0,0,1,97
-7.33,-0.0,-3.92,0,0,1,97
-8.38,0.4,-5.02,0,0,1,97
-9.4,0.83,-6.33,0,0,1,97
-9.68,1.52,-6.49,0,0,1,97
-9.16,2.87,-4.34,0,0,1,97
-8.98,3.83,-2.75,0,0,1,97
-9.89,4.03,-3.41,0,0,1,97
-9.36,2.54,-4.34,0,0,1,97
-8.79,0.72,-4.33,0,0,1,97
-8.0,0.45,-3.64,0,0,1,97
-7.47,1.01,-3.14,0,0,1,97
-7.18,1.98,-3.68,0,0,1,97
-8.26,2.91,-3.34,0,0,1,97
-9.08,3.6,-3.1,0,0,1,97
-9.73,3.71,-3.68,0,0,1,97
-9.92,3.27,-4.83,0,0,1,97
-9.52,2.45,-5.24,0,0,1,97
-8.74,1.56,-4.08,0,0,1,97
-7.96,1.41,-2.71,0,0,1,97
-7.8,2.03,-2.01,0,0,1,97
-8.17,2.56,-2.02,0,0,1,97
-8.54,2.51,-2.44,0,0,1,97
-8.08,2.09,-2.66,0,0,1,97
-7.98,1.58,-2.68,0,0,1,97
-7.73,1.43,-2.95,0,0,1,97
-7.74,1.5,-3.26,0,0,1,97
-8.21,1.95,-4.82,0,0,1,97
-9.34,2.42,-5.86,0,0,1,97
-11.4,2.84,-7.09,0,0,1,97
-13.31,3.67,-8.73,0,0,1,97
-10.88,2.89,-8.09,0,0,1,97
-7.2,1.0,-3.42,0,0,1,97
-5.58,1.79,0.36,0,0,1,97
-7.17,3.73,-1.95,0,0,1,97
-8.28,3.46,-3.88,0,0,1,97
-9.56,0.56,-6.39,0,0,1,97
-8.86,-1.58,-6.52,0,0,1,97
-7.77,-1.43,-5.19,0,0,1,97
-7.18,0.19,-3.91,0,0,1,97
-7.47,1.39,-3.89,0,0,1,97
-7.99,1.59,-5.19,0,0,1,97
-8.23,1.31,-6.6,0,0,1,97
-8.25,1.31,-6.84,0,0,1,97
-7.77,1.4,-6.36,0,0,1,97
-7.47,1.52,-5.87,0,0,1,97
-7.58,1.46,-5.78,0,0,1,97
-7.44,1.49,-5.51,0,0,1,97
-7.65,1.57,-5.55,0,0,1,97
-8.12,1.86,-6.23,0,0,1,97
-8.69,1.97,-6.8,0,0,1,97
-8.68,1.77,-6.45,0,0,1,97
-8.23,1.75,-6.18,0,0,1,97
-7.87,2.12,-5.66,0,0,1,97
-7.79,2.51,-5.3,0,0,1,97
-7.94,2.18,-5.42,0,0,1,97
-7.93,2.01,-5.8,0,0,1,97
-7.86,1.85,-5.99,0,0,1,97
-7.63,2.36,-6.06,0,0,1,97
-7.68,2.65,-5.64,0,0,1,97
-7.29,2.65,-5.16,0,0,1,97
-7.02,2.75,-4.89,0,0,1,97
-7.06,3.03,-4.96,0,0,1,97
-7.33,3.03,-5.33,0,0,1,97
-7.38,3.08,-5.63,0,0,1,97
-6.88,2.89,-5.58,0,0,1,97
-6.56,2.54,-5.12,0,0,1,97
-5.02,0.33,-5.43,0,0,1,97
-10.32,-1.16,-1.03,0,0,1,97
-8.44,2.59,-0.48,0,0,1,97
-12.3,4.57,-5.46,0,0,1,97
-14.89,2.6,-12.82,0,0,1,97
-12.77,0.47,-12.74,0,0,1,97
-8.45,-0.64,-8.06,0,0,1,97
-5.49,0.23,0.1,0,0,1,97
-4.92,3.6,1.41,0,0,1,97
-8.96,7.54,-1.01,0,0,1,97
-8.21,1.95,-4.82,0,0,1,98
-9.34,2.42,-5.86,0,0,1,98
-11.4,2.84,-7.09,0,0,1,98
-13.31,3.67,-8.73,0,0,1,98
-10.88,2.89,-8.09,0,0,1,98
-7.2,1.0,-3.42,0,0,1,98
-5.58,1.79,0.36,0,0,1,98
-7.17,3.73,-1.95,0,0,1,98
-8.28,3.46,-3.88,0,0,1,98
-9.56,0.56,-6.39,0,0,1,98
-8.86,-1.58,-6.52,0,0,1,98
-7.77,-1.43,-5.19,0,0,1,98
-7.18,0.19,-3.91,0,0,1,98
-7.47,1.39,-3.89,0,0,1,98
-7.99,1.59,-5.19,0,0,1,98
-8.23,1.31,-6.6,0,0,1,98
-8.25,1.31,-6.84,0,0,1,98
-7.77,1.4,-6.36,0,0,1,98
-7.47,1.52,-5.87,0,0,1,98
-7.58,1.46,-5.78,0,0,1,98
-7.44,1.49,-5.51,0,0,1,98
-7.65,1.57,-5.55,0,0,1,98
-8.12,1.86,-6.23,0,0,1,98
-8.69,1.97,-6.8,0,0,1,98
-8.68,1.77,-6.45,0,0,1,98
-8.23,1.75,-6.18,0,0,1,98
-7.87,2.12,-5.66,0,0,1,98
-7.79,2.51,-5.3,0,0,1,98
-7.94,2.18,-5.42,0,0,1,98
-7.93,2.01,-5.8,0,0,1,98
-7.86,1.85,-5.99,0,0,1,98
-7.63,2.36,-6.06,0,0,1,98
-7.68,2.65,-5.64,0,0,1,98
-7.29,2.65,-5.16,0,0,1,98
-7.02,2.75,-4.89,0,0,1,98
-7.06,3.03,-4.96,0,0,1,98
-7.33,3.03,-5.33,0,0,1,98
-7.38,3.08,-5.63,0,0,1,98
-6.88,2.89,-5.58,0,0,1,98
-6.56,2.54,-5.12,0,0,1,98
-5.02,0.33,-5.43,0,0,1,98
-10.32,-1.16,-1.03,0,0,1,98
-8.44,2.59,-0.48,0,0,1,98
-12.3,4.57,-5.46,0,0,1,98
-14.89,2.6,-12.82,0,0,1,98
-12.77,0.47,-12.74,0,0,1,98
-8.45,-0.64,-8.06,0,0,1,98
-5.49,0.23,0.1,0,0,1,98
-4.92,3.6,1.41,0,0,1,98
-8.96,7.54,-1.01,0,0,1,98
-10.49,7.88,-3.84,0,0,1,98
-11.27,4.45,-5.93,0,0,1,98
-8.79,1.62,-5.83,0,0,1,98
-6.89,0.62,-3.76,0,0,1,98
-6.78,2.85,-1.35,0,0,1,98
-6.31,5.35,-0.76,0,0,1,98
-7.48,4.07,-1.55,0,0,1,98
-6.74,1.95,-3.5,0,0,1,98
-6.68,-0.38,-4.92,0,0,1,98
-8.09,-0.73,-4.69,0,0,1,98
-8.51,0.59,-4.75,0,0,1,98
-9.9,2.32,-5.49,0,0,1,98
-10.89,3.83,-6.28,0,0,1,98
-10.48,4.85,-6.39,0,0,1,98
-9.77,4.38,-5.05,0,0,1,98
-9.16,2.99,-4.38,0,0,1,98
-8.56,1.81,-4.25,0,0,1,98
-7.82,1.21,-3.6,0,0,1,98
-7.22,1.23,-2.86,0,0,1,98
-7.13,1.37,-2.15,0,0,1,98
-7.23,1.44,-2.14,0,0,1,98
-7.59,1.55,-2.85,0,0,1,98
-8.02,1.94,-3.6,0,0,1,98
-7.47,2.86,-4.34,0,0,1,98
-7.57,3.58,-3.97,0,0,1,98
-7.49,3.57,-3.73,0,0,1,98
-9.81,2.87,-3.8,0,0,1,98
-11.19,3.59,-7.3,0,0,1,98
-11.76,3.11,-8.48,0,0,1,98
-9.28,2.95,-5.58,0,0,1,98
-7.76,2.79,-3.01,0,0,1,98
-7.82,3.59,-2.35,0,0,1,98
-8.77,3.27,-2.45,0,0,1,98
-8.46,1.26,-2.95,0,0,1,98
-8.42,-0.38,-4.29,0,0,1,98
-8.49,-0.91,-5.62,0,0,1,98
-8.02,-0.97,-5.93,0,0,1,98
-7.29,-0.72,-5.59,0,0,1,98
-6.9,-0.0,-5.13,0,0,1,98
-7.89,1.31,-4.72,0,0,1,98
-8.24,3.02,-4.93,0,0,1,98
-8.41,4.48,-4.98,0,0,1,98
-8.81,5.22,-5.29,0,0,1,98
-8.84,4.49,-5.94,0,0,1,98
-8.73,2.92,-6.27,0,0,1,98
-8.35,1.57,-5.73,0,0,1,98
-7.71,0.75,-4.98,0,0,1,98
-7.24,0.63,-4.6,0,0,1,98
-7.47,1.47,-4.9,0,0,1,98
-7.79,2.46,-5.76,0,0,1,98
-10.49,7.88,-3.84,0,0,1,99
-11.27,4.45,-5.93,0,0,1,99
-8.79,1.62,-5.83,0,0,1,99
-6.89,0.62,-3.76,0,0,1,99
-6.78,2.85,-1.35,0,0,1,99
-6.31,5.35,-0.76,0,0,1,99
-7.48,4.07,-1.55,0,0,1,99
-6.74,1.95,-3.5,0,0,1,99
-6.68,-0.38,-4.92,0,0,1,99
-8.09,-0.73,-4.69,0,0,1,99
-8.51,0.59,-4.75,0,0,1,99
-9.9,2.32,-5.49,0,0,1,99
-10.89,3.83,-6.28,0,0,1,99
-10.48,4.85,-6.39,0,0,1,99
-9.77,4.38,-5.05,0,0,1,99
-9.16,2.99,-4.38,0,0,1,99
-8.56,1.81,-4.25,0,0,1,99
-7.82,1.21,-3.6,0,0,1,99
-7.22,1.23,-2.86,0,0,1,99
-7.13,1.37,-2.15,0,0,1,99
-7.23,1.44,-2.14,0,0,1,99
-7.59,1.55,-2.85,0,0,1,99
-8.02,1.94,-3.6,0,0,1,99
-7.47,2.86,-4.34,0,0,1,99
-7.57,3.58,-3.97,0,0,1,99
-7.49,3.57,-3.73,0,0,1,99
-9.81,2.87,-3.8,0,0,1,99
-11.19,3.59,-7.3,0,0,1,99
-11.76,3.11,-8.48,0,0,1,99
-9.28,2.95,-5.58,0,0,1,99
-7.76,2.79,-3.01,0,0,1,99
-7.82,3.59,-2.35,0,0,1,99
-8.77,3.27,-2.45,0,0,1,99
-8.46,1.26,-2.95,0,0,1,99
-8.42,-0.38,-4.29,0,0,1,99
-8.49,-0.91,-5.62,0,0,1,99
-8.02,-0.97,-5.93,0,0,1,99
-7.29,-0.72,-5.59,0,0,1,99
-6.9,-0.0,-5.13,0,0,1,99
-7.89,1.31,-4.72,0,0,1,99
-8.24,3.02,-4.93,0,0,1,99
-8.41,4.48,-4.98,0,0,1,99
-8.81,5.22,-5.29,0,0,1,99
-8.84,4.49,-5.94,0,0,1,99
-8.73,2.92,-6.27,0,0,1,99
-8.35,1.57,-5.73,0,0,1,99
-7.71,0.75,-4.98,0,0,1,99
-7.24,0.63,-4.6,0,0,1,99
-7.47,1.47,-4.9,0,0,1,99
-7.79,2.46,-5.76,0,0,1,99
-7.93,3.14,-5.99,0,0,1,99
-7.79,3.43,-5.73,0,0,1,99
-7.24,3.36,-4.69,0,0,1,99
-6.3,3.43,-4.19,0,0,1,99
-6.04,3.66,-4.03,0,0,1,99
-6.76,3.56,-4.39,0,0,1,99
-8.03,3.07,-5.28,0,0,1,99
-8.33,2.5,-6.78,0,0,1,99
-8.95,2.2,-7.33,0,0,1,99
-9.5,1.22,-6.41,0,0,1,99
-9.41,0.86,-2.72,0,0,1,99
-7.62,1.33,-2.8,0,0,1,99
-7.77,2.46,-2.41,0,0,1,99
-6.69,3.24,-3.64,0,0,1,99
-7.5,2.41,-6.27,0,0,1,99
-9.88,2.31,-9.04,0,0,1,99
-11.68,3.3,-9.27,0,0,1,99
-11.03,4.26,-6.86,0,0,1,99
-8.79,3.46,-3.2,0,0,1,99
-8.1,1.44,-2.76,0,0,1,99
-7.98,-0.73,-3.59,0,0,1,99
-7.37,-1.88,-3.98,0,0,1,99
-6.93,-1.64,-3.21,0,0,1,99
-6.5,-0.72,-2.45,0,0,1,99
-7.45,0.32,-2.41,0,0,1,99
-9.34,1.51,-3.02,0,0,1,99
-11.1,3.79,-4.49,0,0,1,99
-12.15,5.38,-6.39,0,0,1,99
-11.81,5.44,-7.72,0,0,1,99
-10.51,4.02,-6.59,0,0,1,99
-8.06,2.5,-3.35,0,0,1,99
-6.18,1.61,-1.89,0,0,1,99
-6.77,1.7,-2.17,0,0,1,99
-6.03,2.13,-2.48,0,0,1,99
-7.0,2.27,-3.8,0,0,1,99
-6.4,2.34,-2.28,0,0,1,99
-6.23,2.57,-2.7,0,0,1,99
-6.82,2.27,-3.51,0,0,1,99
-6.64,2.44,-3.67,0,0,1,99
-6.93,3.68,-3.76,0,0,1,99
-7.98,5.26,-4.04,0,0,1,99
-9.18,6.85,-4.77,0,0,1,99
-10.28,7.32,-5.27,0,0,1,99
-12.51,5.31,-7.16,0,0,1,99
-13.66,2.71,-9.52,0,0,1,99
-11.45,1.08,-8.44,0,0,1,99
-8.68,-0.68,-3.77,0,0,1,99
-5.75,-1.88,-0.1,0,0,1,99
-5.25,-2.27,-0.27,0,0,1,99
-6.76,-1.03,-2.66,0,0,1,99
-7.93,3.14,-5.99,0,0,1,100
-7.79,3.43,-5.73,0,0,1,100
-7.24,3.36,-4.69,0,0,1,100
-6.3,3.43,-4.19,0,0,1,100
-6.04,3.66,-4.03,0,0,1,100
-6.76,3.56,-4.39,0,0,1,100
-8.03,3.07,-5.28,0,0,1,100
-8.33,2.5,-6.78,0,0,1,100
-8.95,2.2,-7.33,0,0,1,100
-9.5,1.22,-6.41,0,0,1,100
-9.41,0.86,-2.72,0,0,1,100
-7.62,1.33,-2.8,0,0,1,100
-7.77,2.46,-2.41,0,0,1,100
-6.69,3.24,-3.64,0,0,1,100
-7.5,2.41,-6.27,0,0,1,100
-9.88,2.31,-9.04,0,0,1,100
-11.68,3.3,-9.27,0,0,1,100
-11.03,4.26,-6.86,0,0,1,100
-8.79,3.46,-3.2,0,0,1,100
-8.1,1.44,-2.76,0,0,1,100
-7.98,-0.73,-3.59,0,0,1,100
-7.37,-1.88,-3.98,0,0,1,100
-6.93,-1.64,-3.21,0,0,1,100
-6.5,-0.72,-2.45,0,0,1,100
-7.45,0.32,-2.41,0,0,1,100
-9.34,1.51,-3.02,0,0,1,100
-11.1,3.79,-4.49,0,0,1,100
-12.15,5.38,-6.39,0,0,1,100
-11.81,5.44,-7.72,0,0,1,100
-10.51,4.02,-6.59,0,0,1,100
-8.06,2.5,-3.35,0,0,1,100
-6.18,1.61,-1.89,0,0,1,100
-6.77,1.7,-2.17,0,0,1,100
-6.03,2.13,-2.48,0,0,1,100
-7.0,2.27,-3.8,0,0,1,100
-6.4,2.34,-2.28,0,0,1,100
-6.23,2.57,-2.7,0,0,1,100
-6.82,2.27,-3.51,0,0,1,100
-6.64,2.44,-3.67,0,0,1,100
-6.93,3.68,-3.76,0,0,1,100
-7.98,5.26,-4.04,0,0,1,100
-9.18,6.85,-4.77,0,0,1,100
-10.28,7.32,-5.27,0,0,1,100
-12.51,5.31,-7.16,0,0,1,100
-13.66,2.71,-9.52,0,0,1,100
-11.45,1.08,-8.44,0,0,1,100
-8.68,-0.68,-3.77,0,0,1,100
-5.75,-1.88,-0.1,0,0,1,100
-5.25,-2.27,-0.27,0,0,1,100
-6.76,-1.03,-2.66,0,0,1,100
-9.09,-0.17,-4.81,0,0,1,100
-9.7,0.74,-6.23,0,0,1,100
-9.97,1.06,-6.76,0,0,1,100
-8.31,1.48,-5.24,0,0,1,100
-6.7,1.14,-4.96,0,0,1,100
-6.9,0.11,-4.73,0,0,1,100
-6.83,-0.42,-4.62,0,0,1,100
-7.68,0.16,-5.0,0,0,1,100
-8.48,1.84,-5.41,0,0,1,100
-9.7,2.64,-6.29,0,0,1,100
-10.42,3.04,-7.09,0,0,1,100
-9.98,1.96,-7.63,0,0,1,100
-9.2,1.36,-7.64,0,0,1,100
-8.45,1.45,-6.5,0,0,1,100
-7.62,1.57,-5.65,0,0,1,100
-7.39,1.32,-5.49,0,0,1,100
-7.19,0.89,-5.64,0,0,1,100
-7.3,0.21,-5.98,0,0,1,100
-7.06,-0.48,-6.07,0,0,1,100
-7.19,-0.35,-5.65,0,0,1,100
-7.53,0.29,-5.81,0,0,1,100
-7.89,0.57,-6.18,0,0,1,100
-7.63,1.38,-5.82,0,0,1,100
-7.97,2.24,-4.72,0,0,1,100
-9.65,2.33,-3.65,0,0,1,100
-9.06,3.07,-3.57,0,0,1,100
-9.27,3.95,-4.51,0,0,1,100
-10.27,3.7,-6.2,0,0,1,100
-11.63,1.22,-7.1,0,0,1,100
-10.72,-0.45,-6.84,0,0,1,100
-8.86,-1.16,-4.89,0,0,1,100
-6.83,-1.24,-2.79,0,0,1,100
-5.11,-1.47,-0.89,0,0,1,100
-6.64,-0.53,-2.53,0,0,1,100
-7.98,0.83,-4.13,0,0,1,100
-8.43,2.71,-4.62,0,0,1,100
-7.96,4.17,-4.17,0,0,1,100
-7.35,4.06,-3.88,0,0,1,100
-7.73,3.48,-3.5,0,0,1,100
-8.84,3.46,-3.71,0,0,1,100
-9.13,4.05,-3.81,0,0,1,100
-9.23,4.82,-3.92,0,0,1,100
-9.07,5.05,-3.79,0,0,1,100
-8.61,4.86,-3.73,0,0,1,100
-7.73,4.05,-3.08,0,0,1,100
-7.56,3.22,-1.65,0,0,1,100
-7.6,2.43,-2.04,0,0,1,100
-7.7,1.83,-1.72,0,0,1,100
-8.87,2.11,-2.51,0,0,1,100
-8.76,1.64,-2.12,0,0,1,100
-9.09,-0.17,-4.81,0,0,1,101
-9.7,0.74,-6.23,0,0,1,101
-9.97,1.06,-6.76,0,0,1,101
-8.31,1.48,-5.24,0,0,1,101
-6.7,1.14,-4.96,0,0,1,101
-6.9,0.11,-4.73,0,0,1,101
-6.83,-0.42,-4.62,0,0,1,101
-7.68,0.16,-5.0,0,0,1,101
-8.48,1.84,-5.41,0,0,1,101
-9.7,2.64,-6.29,0,0,1,101
-10.42,3.04,-7.09,0,0,1,101
-9.98,1.96,-7.63,0,0,1,101
-9.2,1.36,-7.64,0,0,1,101
-8.45,1.45,-6.5,0,0,1,101
-7.62,1.57,-5.65,0,0,1,101
-7.39,1.32,-5.49,0,0,1,101
-7.19,0.89,-5.64,0,0,1,101
-7.3,0.21,-5.98,0,0,1,101
-7.06,-0.48,-6.07,0,0,1,101
-7.19,-0.35,-5.65,0,0,1,101
-7.53,0.29,-5.81,0,0,1,101
-7.89,0.57,-6.18,0,0,1,101
-7.63,1.38,-5.82,0,0,1,101
-7.97,2.24,-4.72,0,0,1,101
-9.65,2.33,-3.65,0,0,1,101
-9.06,3.07,-3.57,0,0,1,101
-9.27,3.95,-4.51,0,0,1,101
-10.27,3.7,-6.2,0,0,1,101
-11.63,1.22,-7.1,0,0,1,101
-10.72,-0.45,-6.84,0,0,1,101
-8.86,-1.16,-4.89,0,0,1,101
-6.83,-1.24,-2.79,0,0,1,101
-5.11,-1.47,-0.89,0,0,1,101
-6.64,-0.53,-2.53,0,0,1,101
-7.98,0.83,-4.13,0,0,1,101
-8.43,2.71,-4.62,0,0,1,101
-7.96,4.17,-4.17,0,0,1,101
-7.35,4.06,-3.88,0,0,1,101
-7.73,3.48,-3.5,0,0,1,101
-8.84,3.46,-3.71,0,0,1,101
-9.13,4.05,-3.81,0,0,1,101
-9.23,4.82,-3.92,0,0,1,101
-9.07,5.05,-3.79,0,0,1,101
-8.61,4.86,-3.73,0,0,1,101
-7.73,4.05,-3.08,0,0,1,101
-7.56,3.22,-1.65,0,0,1,101
-7.6,2.43,-2.04,0,0,1,101
-7.7,1.83,-1.72,0,0,1,101
-8.87,2.11,-2.51,0,0,1,101
-8.76,1.64,-2.12,0,0,1,101
-8.48,1.96,-2.74,0,0,1,101
-8.77,1.66,-2.95,0,0,1,101
-7.93,1.81,-2.71,0,0,1,101
-8.29,2.06,-2.54,0,0,1,101
-9.4,2.11,-3.43,0,0,1,101
-11.52,2.68,-6.34,0,0,1,101
-13.74,2.14,-9.74,0,0,1,101
-10.99,2.39,-8.79,0,0,1,101
-8.12,3.43,-3.99,0,0,1,101
-4.99,5.98,-1.14,0,0,1,101
-6.39,6.1,-0.47,0,0,1,101
-8.18,3.46,-2.2,0,0,1,101
-9.47,0.24,-5.59,0,0,1,101
-8.55,-0.91,-6.07,0,0,1,101
-7.16,0.77,-5.4,0,0,1,101
-6.49,2.37,-4.8,0,0,1,101
-6.5,2.22,-5.34,0,0,1,101
-6.83,1.76,-6.44,0,0,1,101
-7.23,1.62,-5.9,0,0,1,101
-7.68,2.06,-5.61,0,0,1,101
-8.37,3.13,-6.52,0,0,1,101
-9.5,4.72,-7.23,0,0,1,101
-9.76,5.83,-7.06,0,0,1,101
-8.98,5.5,-5.92,0,0,1,101
-7.83,4.26,-4.64,0,0,1,101
-7.16,2.87,-4.42,0,0,1,101
-7.09,2.09,-4.79,0,0,1,101
-7.02,1.85,-5.16,0,0,1,101
-7.16,1.9,-5.2,0,0,1,101
-7.75,2.71,-5.58,0,0,1,101
-7.0,3.12,-4.66,0,0,1,101
-7.72,4.19,-5.14,0,0,1,101
-7.22,4.77,-4.57,0,0,1,101
-7.33,3.32,-3.63,0,0,1,101
-8.72,4.16,-5.28,0,0,1,101
-8.3,2.59,-5.77,0,0,1,101
-8.59,1.72,-6.33,0,0,1,101
-8.4,1.05,-4.17,0,0,1,101
-8.02,1.1,-4.48,0,0,1,101
-7.79,0.67,-4.87,0,0,1,101
-7.27,2.52,-4.8,0,0,1,101
-8.57,4.46,-6.66,0,0,1,101
-10.94,5.03,-8.33,0,0,1,101
-11.24,5.21,-6.72,0,0,1,101
-9.52,3.5,-4.24,0,0,1,101
-8.39,1.35,-3.92,0,0,1,101
-7.76,0.37,-3.93,0,0,1,101
-7.21,-0.37,-4.15,0,0,1,101
-6.65,-0.67,-4.22,0,0,1,101
-5.85,-0.71,-3.91,0,0,1,101
-8.48,1.96,-2.74,0,0,1,102
-8.77,1.66,-2.95,0,0,1,102
-7.93,1.81,-2.71,0,0,1,102
-8.29,2.06,-2.54,0,0,1,102
-9.4,2.11,-3.43,0,0,1,102
-11.52,2.68,-6.34,0,0,1,102
-13.74,2.14,-9.74,0,0,1,102
-10.99,2.39,-8.79,0,0,1,102
-8.12,3.43,-3.99,0,0,1,102
-4.99,5.98,-1.14,0,0,1,102
-6.39,6.1,-0.47,0,0,1,102
-8.18,3.46,-2.2,0,0,1,102
-9.47,0.24,-5.59,0,0,1,102
-8.55,-0.91,-6.07,0,0,1,102
-7.16,0.77,-5.4,0,0,1,102
-6.49,2.37,-4.8,0,0,1,102
-6.5,2.22,-5.34,0,0,1,102
-6.83,1.76,-6.44,0,0,1,102
-7.23,1.62,-5.9,0,0,1,102
-7.68,2.06,-5.61,0,0,1,102
-8.37,3.13,-6.52,0,0,1,102
-9.5,4.72,-7.23,0,0,1,102
-9.76,5.83,-7.06,0,0,1,102
-8.98,5.5,-5.92,0,0,1,102
-7.83,4.26,-4.64,0,0,1,102
-7.16,2.87,-4.42,0,0,1,102
-7.09,2.09,-4.79,0,0,1,102
-7.02,1.85,-5.16,0,0,1,102
-7.16,1.9,-5.2,0,0,1,102
-7.75,2.71,-5.58,0,0,1,102
-7.0,3.12,-4.66,0,0,1,102
-7.72,4.19,-5.14,0,0,1,102
-7.22,4.77,-4.57,0,0,1,102
-7.33,3.32,-3.63,0,0,1,102
-8.72,4.16,-5.28,0,0,1,102
-8.3,2.59,-5.77,0,0,1,102
-8.59,1.72,-6.33,0,0,1,102
-8.4,1.05,-4.17,0,0,1,102
-8.02,1.1,-4.48,0,0,1,102
-7.79,0.67,-4.87,0,0,1,102
-7.27,2.52,-4.8,0,0,1,102
-8.57,4.46,-6.66,0,0,1,102
-10.94,5.03,-8.33,0,0,1,102
-11.24,5.21,-6.72,0,0,1,102
-9.52,3.5,-4.24,0,0,1,102
-8.39,1.35,-3.92,0,0,1,102
-7.76,0.37,-3.93,0,0,1,102
-7.21,-0.37,-4.15,0,0,1,102
-6.65,-0.67,-4.22,0,0,1,102
-5.85,-0.71,-3.91,0,0,1,102
-6.39,-0.87,-2.99,0,0,1,102
-7.03,-0.62,-2.42,0,0,1,102
-8.3,-0.43,-3.24,0,0,1,102
-9.3,0.67,-4.05,0,0,1,102
-10.27,2.73,-5.06,0,0,1,102
-11.15,5.23,-4.14,0,0,1,102
-11.72,6.12,-5.92,0,0,1,102
-10.1,6.08,-3.16,0,0,1,102
-7.4,4.96,-2.77,0,0,1,102
-4.04,3.43,-2.06,0,0,1,102
-6.82,8.8,-1.42,0,0,1,102
-12.08,11.27,-14.6,0,0,1,102
-1.12,5.89,-6.44,0,0,1,102
-7.94,7.71,11.31,0,0,1,102
-3.66,7.35,2.08,0,0,1,102
2.01,5.72,-1.33,0,0,1,102
-2.45,5.55,-2.58,0,0,1,102
-3.3,6.88,-3.34,0,0,1,102
-0.69,9.35,-2.11,0,0,1,102
-2.72,12.17,-2.53,0,0,1,102
-3.94,11.87,-3.2,0,0,1,102
-3.1,9.6,-1.5,0,0,1,102
-2.64,10.26,-0.8,0,0,1,102
-0.63,13.1,-3.25,0,0,1,102
0.78,12.37,-4.2,0,0,1,102
3.18,9.39,-0.84,0,0,1,102
4.16,8.87,1.11,0,0,1,102
1.19,10.33,-1.75,0,0,1,102
-0.22,11.58,-4.32,0,0,1,102
-2.09,11.52,-4.44,0,0,1,102
-1.77,9.86,-3.18,0,0,1,102
-0.5,8.78,-1.12,0,0,1,102
-0.71,8.47,-1.52,0,0,1,102
-0.08,9.03,-1.98,0,0,1,102
0.32,9.91,-2.35,0,0,1,102
1.08,10.55,-2.04,0,0,1,102
0.57,10.82,-1.79,0,0,1,102
0.02,9.84,-2.2,0,0,1,102
-0.99,9.08,-2.33,0,0,1,102
-1.58,9.2,-2.23,0,0,1,102
-0.99,9.75,-2.7,0,0,1,102
-0.45,9.89,-2.33,0,0,1,102
0.14,9.49,-2.04,0,0,1,102
0.3,9.35,-2.13,0,0,1,102
0.58,9.59,-2.03,0,0,1,102
0.31,9.36,-2.57,0,0,1,102
0.23,9.31,-3.12,0,0,1,102
0.42,9.57,-2.71,0,0,1,102
0.41,9.49,-2.67,0,0,1,102
0.23,9.09,-2.6,0,0,1,102
-6.39,-0.87,-2.99,0,0,1,103
-7.03,-0.62,-2.42,0,0,1,103
-8.3,-0.43,-3.24,0,0,1,103
-9.3,0.67,-4.05,0,0,1,103
-10.27,2.73,-5.06,0,0,1,103
-11.15,5.23,-4.14,0,0,1,103
-11.72,6.12,-5.92,0,0,1,103
-10.1,6.08,-3.16,0,0,1,103
-7.4,4.96,-2.77,0,0,1,103
-4.04,3.43,-2.06,0,0,1,103
-6.82,8.8,-1.42,0,0,1,103
-12.08,11.27,-14.6,0,0,1,103
-1.12,5.89,-6.44,0,0,1,103
-7.94,7.71,11.31,0,0,1,103
-3.66,7.35,2.08,0,0,1,103
2.01,5.72,-1.33,0,0,1,103
-2.45,5.55,-2.58,0,0,1,103
-3.3,6.88,-3.34,0,0,1,103
-0.69,9.35,-2.11,0,0,1,103
-2.72,12.17,-2.53,0,0,1,103
-3.94,11.87,-3.2,0,0,1,103
-3.1,9.6,-1.5,0,0,1,103
-2.64,10.26,-0.8,0,0,1,103
-0.63,13.1,-3.25,0,0,1,103
0.78,12.37,-4.2,0,0,1,103
3.18,9.39,-0.84,0,0,1,103
4.16,8.87,1.11,0,0,1,103
1.19,10.33,-1.75,0,0,1,103
-0.22,11.58,-4.32,0,0,1,103
-2.09,11.52,-4.44,0,0,1,103
-1.77,9.86,-3.18,0,0,1,103
-0.5,8.78,-1.12,0,0,1,103
-0.71,8.47,-1.52,0,0,1,103
-0.08,9.03,-1.98,0,0,1,103
0.32,9.91,-2.35,0,0,1,103
1.08,10.55,-2.04,0,0,1,103
0.57,10.82,-1.79,0,0,1,103
0.02,9.84,-2.2,0,0,1,103
-0.99,9.08,-2.33,0,0,1,103
-1.58,9.2,-2.23,0,0,1,103
-0.99,9.75,-2.7,0,0,1,103
-0.45,9.89,-2.33,0,0,1,103
0.14,9.49,-2.04,0,0,1,103
0.3,9.35,-2.13,0,0,1,103
0.58,9.59,-2.03,0,0,1,103
0.31,9.36,-2.57,0,0,1,103
0.23,9.31,-3.12,0,0,1,103
0.42,9.57,-2.71,0,0,1,103
0.41,9.49,-2.67,0,0,1,103
0.23,9.09,-2.6,0,0,1,103
0.17,9.15,-2.51,0,0,1,103
0.22,9.49,-2.68,0,0,1,103
0.77,9.87,-3.18,0,0,1,103
0.64,10.42,-3.31,0,0,1,103
0.84,10.25,-2.74,0,0,1,103
0.57,9.81,-2.21,0,0,1,103
0.46,9.4,-2.81,0,0,1,103
0.24,9.4,-3.41,0,0,1,103
-0.0,9.45,-3.68,0,0,1,103
-0.02,9.26,-3.87,0,0,1,103
0.35,9.27,-3.64,0,0,1,103
0.42,9.51,-3.46,0,0,1,103
0.34,9.32,-3.28,0,0,1,103
-0.91,9.45,-2.97,0,0,1,103
-4.51,9.64,-1.5,0,0,1,103
-2.96,8.11,-0.34,0,0,1,103
-3.18,7.72,-1.23,0,0,1,103
-4.93,9.21,-4.25,0,0,1,103
-6.55,11.39,-6.09,0,0,1,103
-4.73,13.29,-7.02,0,0,1,103
-0.15,12.55,-2.16,0,0,1,103
-0.07,9.81,1.2,0,0,1,103
-1.65,7.67,3.75,0,0,1,103
-3.43,7.46,1.63,0,0,1,103
-5.53,9.05,-2.28,0,0,1,103
-4.59,10.7,-4.42,0,0,1,103
-2.4,11.31,-1.23,0,0,1,103
-0.68,10.48,0.46,0,0,1,103
-0.84,9.66,0.42,0,0,1,103
-1.63,8.95,-0.52,0,0,1,103
-1.31,8.68,-0.81,0,0,1,103
-1.38,8.68,-1.08,0,0,1,103
-1.01,8.94,0.07,0,0,1,103
0.01,9.14,0.99,0,0,1,103
0.35,9.38,1.56,0,0,1,103
-0.19,9.18,0.86,0,0,1,103
-1.15,9.17,0.19,0,0,1,103
-1.69,9.38,-0.16,0,0,1,103
-1.54,9.51,-0.97,0,0,1,103
-0.42,9.91,-0.28,0,0,1,103
-0.76,9.84,0.56,0,0,1,103
-1.4,9.74,0.35,0,0,1,103
-1.44,9.76,-0.2,0,0,1,103
-1.95,9.57,-0.1,0,0,1,103
-1.98,9.47,-0.07,0,0,1,103
-1.72,9.56,-0.16,0,0,1,103
-1.44,9.6,0.17,0,0,1,103
-1.46,9.49,0.11,0,0,1,103
-1.48,9.37,0.16,0,0,1,103
-1.14,9.48,0.26,0,0,1,103
0.17,9.15,-2.51,0,0,1,104
0.22,9.49,-2.68,0,0,1,104
0.77,9.87,-3.18,0,0,1,104
0.64,10.42,-3.31,0,0,1,104
0.84,10.25,-2.74,0,0,1,104
0.57,9.81,-2.21,0,0,1,104
0.46,9.4,-2.81,0,0,1,104
0.24,9.4,-3.41,0,0,1,104
-0.0,9.45,-3.68,0,0,1,104
-0.02,9.26,-3.87,0,0,1,104
0.35,9.27,-3.64,0,0,1,104
0.42,9.51,-3.46,0,0,1,104
0.34,9.32,-3.28,0,0,1,104
-0.91,9.45,-2.97,0,0,1,104
-4.51,9.64,-1.5,0,0,1,104
-2.96,8.11,-0.34,0,0,1,104
-3.18,7.72,-1.23,0,0,1,104
-4.93,9.21,-4.25,0,0,1,104
-6.55,11.39,-6.09,0,0,1,104
-4.73,13.29,-7.02,0,0,1,104
-0.15,12.55,-2.16,0,0,1,104
-0.07,9.81,1.2,0,0,1,104
-1.65,7.67,3.75,0,0,1,104
-3.43,7.46,1.63,0,0,1,104
-5.53,9.05,-2.28,0,0,1,104
-4.59,10.7,-4.42,0,0,1,104
-2.4,11.31,-1.23,0,0,1,104
-0.68,10.48,0.46,0,0,1,104
-0.84,9.66,0.42,0,0,1,104
-1.63,8.95,-0.52,0,0,1,104
-1.31,8.68,-0.81,0,0,1,104
-1.38,8.68,-1.08,0,0,1,104
-1.01,8.94,0.07,0,0,1,104
0.01,9.14,0.99,0,0,1,104
0.35,9.38,1.56,0,0,1,104
-0.19,9.18,0.86,0,0,1,104
-1.15,9.17,0.19,0,0,1,104
-1.69,9.38,-0.16,0,0,1,104
-1.54,9.51,-0.97,0,0,1,104
-0.42,9.91,-0.28,0,0,1,104
-0.76,9.84,0.56,0,0,1,104
-1.4,9.74,0.35,0,0,1,104
-1.44,9.76,-0.2,0,0,1,104
-1.95,9.57,-0.1,0,0,1,104
-1.98,9.47,-0.07,0,0,1,104
-1.72,9.56,-0.16,0,0,1,104
-1.44,9.6,0.17,0,0,1,104
-1.46,9.49,0.11,0,0,1,104
-1.48,9.37,0.16,0,0,1,104
-1.14,9.48,0.26,0,0,1,104
-1.07,9.72,0.17,0,0,1,104
-1.07,9.75,0.15,0,0,1,104
-1.12,9.73,-0.08,0,0,1,104
-0.89,9.79,-0.12,0,0,1,104
-0.74,10.03,-0.05,0,0,1,104
-0.67,10.15,0.2,0,0,1,104
-0.86,10.01,0.22,0,0,1,104
-1.35,9.82,-0.06,0,0,1,104
-1.66,9.51,-0.07,0,0,1,104
-1.66,9.38,0.0,0,0,1,104
-1.52,9.43,0.01,0,0,1,104
-1.42,9.71,-0.06,0,0,1,104
-1.5,9.92,-0.16,0,0,1,104
-1.48,9.79,-0.15,0,0,1,104
-1.25,9.62,-0.06,0,0,1,104
-1.07,9.71,0.05,0,0,1,104
-0.88,9.79,0.12,0,0,1,104
-0.76,9.75,0.31,0,0,1,104
-0.82,9.69,0.38,0,0,1,104
-0.82,9.89,0.39,0,0,1,104
0.04,9.76,-0.27,0,0,1,104
-1.33,9.57,-0.28,0,0,1,104
-0.37,9.84,-0.01,0,0,1,104
-0.61,9.92,0.88,0,0,1,104
-0.23,10.13,1.29,0,0,1,104
-1.33,9.75,-0.0,0,0,1,104
-0.59,9.56,0.92,0,0,1,104
-1.33,9.6,0.39,0,0,1,104
-1.87,10.08,0.32,0,0,1,104
-1.27,9.44,0.43,0,0,1,104
-1.71,9.31,-0.88,0,0,1,104
-1.13,9.46,0.82,0,0,1,104
-0.77,11.4,1.48,0,0,1,104
-2.34,10.53,-0.0,0,0,1,104
-1.14,8.84,0.84,0,0,1,104
-1.68,9.78,0.71,0,0,1,104
-3.07,9.53,0.72,0,0,1,104
-1.38,8.49,1.24,0,0,1,104
-2.12,8.67,1.28,0,0,1,104
-2.93,9.34,1.62,0,0,1,104
-2.71,9.17,1.19,0,0,1,104
-3.42,9.31,0.68,0,0,1,104
-4.15,9.35,0.93,0,0,1,104
-3.45,9.16,1.11,0,0,1,104
-3.5,9.52,0.94,0,0,1,104
-3.78,9.16,1.46,0,0,1,104
-4.05,8.38,1.25,0,0,1,104
-4.33,8.23,1.38,0,0,1,104
-4.8,8.01,1.14,0,0,1,104
-4.98,8.49,1.31,0,0,1,104
-1.07,9.72,0.17,0,0,1,105
-1.07,9.75,0.15,0,0,1,105
-1.12,9.73,-0.08,0,0,1,105
-0.89,9.79,-0.12,0,0,1,105
-0.74,10.03,-0.05,0,0,1,105
-0.67,10.15,0.2,0,0,1,105
-0.86,10.01,0.22,0,0,1,105
-1.35,9.82,-0.06,0,0,1,105
-1.66,9.51,-0.07,0,0,1,105
-1.66,9.38,0.0,0,0,1,105
-1.52,9.43,0.01,0,0,1,105
-1.42,9.71,-0.06,0,0,1,105
-1.5,9.92,-0.16,0,0,1,105
-1.48,9.79,-0.15,0,0,1,105
-1.25,9.62,-0.06,0,0,1,105
-1.07,9.71,0.05,0,0,1,105
-0.88,9.79,0.12,0,0,1,105
-0.76,9.75,0.31,0,0,1,105
-0.82,9.69,0.38,0,0,1,105
-0.82,9.89,0.39,0,0,1,105
0.04,9.76,-0.27,0,0,1,105
-1.33,9.57,-0.28,0,0,1,105
-0.37,9.84,-0.01,0,0,1,105
-0.61,9.92,0.88,0,0,1,105
-0.23,10.13,1.29,0,0,1,105
-1.33,9.75,-0.0,0,0,1,105
-0.59,9.56,0.92,0,0,1,105
-1.33,9.6,0.39,0,0,1,105
-1.87,10.08,0.32,0,0,1,105
-1.27,9.44,0.43,0,0,1,105
-1.71,9.31,-0.88,0,0,1,105
-1.13,9.46,0.82,0,0,1,105
-0.77,11.4,1.48,0,0,1,105
-2.34,10.53,-0.0,0,0,1,105
-1.14,8.84,0.84,0,0,1,105
-1.68,9.78,0.71,0,0,1,105
-3.07,9.53,0.72,0,0,1,105
-1.38,8.49,1.24,0,0,1,105
-2.12,8.67,1.28,0,0,1,105
-2.93,9.34,1.62,0,0,1,105
-2.71,9.17,1.19,0,0,1,105
-3.42,9.31,0.68,0,0,1,105
-4.15,9.35,0.93,0,0,1,105
-3.45,9.16,1.11,0,0,1,105
-3.5,9.52,0.94,0,0,1,105
-3.78,9.16,1.46,0,0,1,105
-4.05,8.38,1.25,0,0,1,105
-4.33,8.23,1.38,0,0,1,105
-4.8,8.01,1.14,0,0,1,105
-4.98,8.49,1.31,0,0,1,105
-4.62,8.51,1.33,0,0,1,105
-5.1,7.98,1.27,0,0,1,105
-5.1,7.49,1.22,0,0,1,105
-5.22,7.81,1.07,0,0,1,105
-5.44,7.63,1.55,0,0,1,105
-5.73,7.95,1.3,0,0,1,105
-5.4,8.42,1.5,0,0,1,105
-5.34,8.07,1.4,0,0,1,105
-5.25,8.1,1.19,0,0,1,105
-5.11,7.68,1.34,0,0,1,105
-5.4,7.14,1.35,0,0,1,105
-6.36,7.08,1.25,0,0,1,105
-6.06,7.77,0.95,0,0,1,105
-5.86,8.12,0.76,0,0,1,105
-6.27,7.73,0.69,0,0,1,105
-5.74,6.8,0.62,0,0,1,105
-6.65,7.21,0.42,0,0,1,105
-6.52,7.03,0.53,0,0,1,105
-7.36,6.35,0.38,0,0,1,105
-7.03,6.97,0.96,0,0,1,105
-6.54,6.68,0.62,0,0,1,105
-7.0,5.97,-0.05,0,0,1,105
-7.11,6.65,-0.04,0,0,1,105
-7.19,6.94,0.16,0,0,1,105
-8.26,6.6,0.29,0,0,1,105
-7.89,7.66,0.46,0,0,1,105
-7.54,7.2,0.5,0,0,1,105
-8.82,3.81,-0.12,0,0,1,105
-8.46,0.83,-2.13,0,0,1,105
-8.73,0.58,-2.75,0,0,1,105
-8.82,1.18,-1.06,0,0,1,105
-9.16,2.38,-0.18,0,0,1,105
-9.9,2.53,0.44,0,0,1,105
-9.2,1.94,0.84,0,0,1,105
-9.24,1.09,0.18,0,0,1,105
-8.9,2.62,-0.01,0,0,1,105
-8.64,1.6,0.26,0,0,1,105
-9.67,0.48,0.58,0,0,1,105
-9.72,1.59,0.99,0,0,1,105
-9.08,2.21,1.44,0,0,1,105
-8.83,1.28,1.03,0,0,1,105
-9.5,0.45,0.43,0,0,1,105
-9.39,-0.09,-0.03,0,0,1,105
-9.33,0.35,0.77,0,0,1,105
-9.93,1.21,0.67,0,0,1,105
-10.45,1.56,0.15,0,0,1,105
-9.58,1.87,0.34,0,0,1,105
-10.21,2.41,0.29,0,0,1,105
-7.1,1.25,3.14,0,0,1,105
-8.79,-0.08,0.72,0,0,1,105
-4.62,8.51,1.33,0,0,1,106
-5.1,7.98,1.27,0,0,1,106
-5.1,7.49,1.22,0,0,1,106
-5.22,7.81,1.07,0,0,1,106
-5.44,7.63,1.55,0,0,1,106
-5.73,7.95,1.3,0,0,1,106
-5.4,8.42,1.5,0,0,1,106
-5.34,8.07,1.4,0,0,1,106
-5.25,8.1,1.19,0,0,1,106
-5.11,7.68,1.34,0,0,1,106
-5.4,7.14,1.35,0,0,1,106
-6.36,7.08,1.25,0,0,1,106
-6.06,7.77,0.95,0,0,1,106
-5.86,8.12,0.76,0,0,1,106
-6.27,7.73,0.69,0,0,1,106
-5.74,6.8,0.62,0,0,1,106
-6.65,7.21,0.42,0,0,1,106
-6.52,7.03,0.53,0,0,1,106
-7.36,6.35,0.38,0,0,1,106
-7.03,6.97,0.96,0,0,1,106
-6.54,6.68,0.62,0,0,1,106
-7.0,5.97,-0.05,0,0,1,106
-7.11,6.65,-0.04,0,0,1,106
-7.19,6.94,0.16,0,0,1,106
-8.26,6.6,0.29,0,0,1,106
-7.89,7.66,0.46,0,0,1,106
-7.54,7.2,0.5,0,0,1,106
-8.82,3.81,-0.12,0,0,1,106
-8.46,0.83,-2.13,0,0,1,106
-8.73,0.58,-2.75,0,0,1,106
-8.82,1.18,-1.06,0,0,1,106
-9.16,2.38,-0.18,0,0,1,106
-9.9,2.53,0.44,0,0,1,106
-9.2,1.94,0.84,0,0,1,106
-9.24,1.09,0.18,0,0,1,106
-8.9,2.62,-0.01,0,0,1,106
-8.64,1.6,0.26,0,0,1,106
-9.67,0.48,0.58,0,0,1,106
-9.72,1.59,0.99,0,0,1,106
-9.08,2.21,1.44,0,0,1,106
-8.83,1.28,1.03,0,0,1,106
-9.5,0.45,0.43,0,0,1,106
-9.39,-0.09,-0.03,0,0,1,106
-9.33,0.35,0.77,0,0,1,106
-9.93,1.21,0.67,0,0,1,106
-10.45,1.56,0.15,0,0,1,106
-9.58,1.87,0.34,0,0,1,106
-10.21,2.41,0.29,0,0,1,106
-7.1,1.25,3.14,0,0,1,106
-8.79,-0.08,0.72,0,0,1,106
-8.85,0.19,0.46,0,0,1,106
-10.36,2.82,-0.16,0,0,1,106
-11.09,2.52,-0.93,0,0,1,106
-8.47,1.26,0.03,0,0,1,106
-8.22,0.59,1.35,0,0,1,106
-9.96,1.51,-0.6,0,0,1,106
-6.03,2.89,3.53,0,0,1,106
-8.58,3.51,-0.34,0,0,1,106
-7.72,3.95,-1.75,0,0,1,106
-8.46,5.62,-3.51,0,0,1,106
-7.85,7.06,-2.04,0,0,1,106
-7.95,9.28,-1.84,0,0,1,106
-8.06,6.24,1.48,0,0,1,106
-8.25,5.39,-2.24,0,0,1,106
-7.17,5.33,-1.09,0,0,1,106
-6.66,5.43,-0.89,0,0,1,106
-7.43,6.32,-2.12,0,0,1,106
-7.06,6.93,-1.91,0,0,1,106
-7.28,7.04,-1.81,0,0,1,106
-8.08,6.22,-0.81,0,0,1,106
-6.69,7.02,-1.3,0,0,1,106
-8.37,6.65,-3.29,0,0,1,106
-7.17,5.89,-0.12,0,0,1,106
-8.27,5.76,-0.85,0,0,1,106
-7.49,6.56,0.97,0,0,1,106
-6.34,6.75,-0.38,0,0,1,106
-8.08,3.52,-2.76,0,0,1,106
-8.09,5.08,-0.46,0,0,1,106
-7.41,7.11,0.84,0,0,1,106
-6.78,5.96,-0.28,0,0,1,106
-7.44,5.3,-1.8,0,0,1,106
-8.02,4.87,-0.8,0,0,1,106
-7.93,5.7,-0.92,0,0,1,106
-7.55,6.39,-1.07,0,0,1,106
-6.84,6.36,-0.25,0,0,1,106
-7.87,5.53,-1.52,0,0,1,106
-7.51,5.89,-1.59,0,0,1,106
-7.13,6.89,-1.94,0,0,1,106
-8.38,5.15,-3.22,0,0,1,106
-7.8,6.51,-1.6,0,0,1,106
-7.79,5.97,-1.83,0,0,1,106
-8.31,5.42,-3.27,0,0,1,106
-7.64,5.38,-2.52,0,0,1,106
-7.89,4.57,-2.22,0,0,1,106
-7.49,5.87,-2.14,0,0,1,106
-7.4,5.36,-2.02,0,0,1,106
-8.42,4.34,-1.86,0,0,1,106
-8.95,3.47,-2.44,0,0,1,106
-9.12,5.53,-2.84,0,0,1,106
-7.1,5.21,-2.83,0,0,1,106
-8.85,0.19,0.46,0,0,1,107
-10.36,2.82,-0.16,0,0,1,107
-11.09,2.52,-0.93,0,0,1,107
-8.47,1.26,0.03,0,0,1,107
-8.22,0.59,1.35,0,0,1,107
-9.96,1.51,-0.6,0,0,1,107
-6.03,2.89,3.53,0,0,1,107
-8.58,3.51,-0.34,0,0,1,107
-7.72,3.95,-1.75,0,0,1,107
-8.46,5.62,-3.51,0,0,1,107
-7.85,7.06,-2.04,0,0,1,107
-7.95,9.28,-1.84,0,0,1,107
-8.06,6.24,1.48,0,0,1,107
-8.25,5.39,-2.24,0,0,1,107
-7.17,5.33,-1.09,0,0,1,107
-6.66,5.43,-0.89,0,0,1,107
-7.43,6.32,-2.12,0,0,1,107
-7.06,6.93,-1.91,0,0,1,107
-7.28,7.04,-1.81,0,0,1,107
-8.08,6.22,-0.81,0,0,1,107
-6.69,7.02,-1.3,0,0,1,107
-8.37,6.65,-3.29,0,0,1,107
-7.17,5.89,-0.12,0,0,1,107
-8.27,5.76,-0.85,0,0,1,107
-7.49,6.56,0.97,0,0,1,107
-6.34,6.75,-0.38,0,0,1,107
-8.08,3.52,-2.76,0,0,1,107
-8.09,5.08,-0.46,0,0,1,107
-7.41,7.11,0.84,0,0,1,107
-6.78,5.96,-0.28,0,0,1,107
-7.44,5.3,-1.8,0,0,1,107
-8.02,4.87,-0.8,0,0,1,107
-7.93,5.7,-0.92,0,0,1,107
-7.55,6.39,-1.07,0,0,1,107
-6.84,6.36,-0.25,0,0,1,107
-7.87,5.53,-1.52,0,0,1,107
-7.51,5.89,-1.59,0,0,1,107
-7.13,6.89,-1.94,0,0,1,107
-8.38,5.15,-3.22,0,0,1,107
-7.8,6.51,-1.6,0,0,1,107
-7.79,5.97,-1.83,0,0,1,107
-8.31,5.42,-3.27,0,0,1,107
-7.64,5.38,-2.52,0,0,1,107
-7.89,4.57,-2.22,0,0,1,107
-7.49,5.87,-2.14,0,0,1,107
-7.4,5.36,-2.02,0,0,1,107
-8.42,4.34,-1.86,0,0,1,107
-8.95,3.47,-2.44,0,0,1,107
-9.12,5.53,-2.84,0,0,1,107
-7.1,5.21,-2.83,0,0,1,107
-8.07,4.66,-1.09,0,0,1,107
-9.44,4.29,-2.85,0,0,1,107
-8.59,3.47,-2.68,0,0,1,107
-8.21,4.55,-1.2,0,0,1,107
-8.04,4.38,-1.35,0,0,1,107
-9.08,2.56,-1.68,0,0,1,107
-8.15,4.43,-1.3,0,0,1,107
-8.08,3.84,-2.08,0,0,1,107
-8.93,3.6,-0.98,0,0,1,107
-8.3,3.84,-1.68,0,0,1,107
-4.74,2.18,-4.02,0,0,1,107
-5.97,3.25,-2.46,0,0,1,107
-10.38,4.77,-0.8,0,0,1,107
-9.9,6.19,-0.78,0,0,1,107
-10.09,4.95,-0.45,0,0,1,107
-8.68,4.54,-1.5,0,0,1,107
-8.3,3.59,-1.08,0,0,1,107
-8.92,3.06,-0.64,0,0,1,107
-8.23,3.61,-0.63,0,0,1,107
-9.01,3.58,-0.61,0,0,1,107
-10.2,3.07,-2.33,0,0,1,107
-9.01,3.77,-1.67,0,0,1,107
-8.64,3.53,0.04,0,0,1,107
-9.74,2.83,-0.81,0,0,1,107
-9.76,3.8,-2.07,0,0,1,107
-9.09,2.96,-0.82,0,0,1,107
-9.88,1.87,-0.35,0,0,1,107
-9.86,3.81,-0.68,0,0,1,107
-10.11,3.49,-1.25,0,0,1,107
-9.01,2.36,-0.36,0,0,1,107
-7.88,2.34,1.03,0,0,1,107
-8.38,2.11,0.76,0,0,1,107
-9.66,1.12,0.53,0,0,1,107
-8.88,2.42,-0.25,0,0,1,107
-8.74,3.5,0.29,0,0,1,107
-9.54,2.75,0.53,0,0,1,107
-9.46,1.4,0.0,0,0,1,107
-8.63,2.17,0.14,0,0,1,107
-8.37,2.12,0.42,0,0,1,107
-8.69,1.91,-0.1,0,0,1,107
-8.98,2.7,-0.49,0,0,1,107
-9.5,2.54,-0.15,0,0,1,107
-8.83,2.07,0.6,0,0,1,107
-9.74,2.0,-0.79,0,0,1,107
-10.53,2.97,-2.92,0,0,1,107
-10.41,3.39,-2.73,0,0,1,107
-12.08,1.4,-2.36,0,0,1,107
-10.77,1.15,-0.82,0,0,1,107
-9.4,1.14,0.4,0,0,1,107
-8.14,0.92,-3.52,0,0,1,107
-8.07,4.66,-1.09,0,0,1,108
-9.44,4.29,-2.85,0,0,1,108
-8.59,3.47,-2.68,0,0,1,108
-8.21,4.55,-1.2,0,0,1,108
-8.04,4.38,-1.35,0,0,1,108
-9.08,2.56,-1.68,0,0,1,108
-8.15,4.43,-1.3,0,0,1,108
-8.08,3.84,-2.08,0,0,1,108
-8.93,3.6,-0.98,0,0,1,108
-8.3,3.84,-1.68,0,0,1,108
-4.74,2.18,-4.02,0,0,1,108
-5.97,3.25,-2.46,0,0,1,108
-10.38,4.77,-0.8,0,0,1,108
-9.9,6.19,-0.78,0,0,1,108
-10.09,4.95,-0.45,0,0,1,108
-8.68,4.54,-1.5,0,0,1,108
-8.3,3.59,-1.08,0,0,1,108
-8.92,3.06,-0.64,0,0,1,108
-8.23,3.61,-0.63,0,0,1,108
-9.01,3.58,-0.61,0,0,1,108
-10.2,3.07,-2.33,0,0,1,108
-9.01,3.77,-1.67,0,0,1,108
-8.64,3.53,0.04,0,0,1,108
-9.74,2.83,-0.81,0,0,1,108
-9.76,3.8,-2.07,0,0,1,108
-9.09,2.96,-0.82,0,0,1,108
-9.88,1.87,-0.35,0,0,1,108
-9.86,3.81,-0.68,0,0,1,108
-10.11,3.49,-1.25,0,0,1,108
-9.01,2.36,-0.36,0,0,1,108
-7.88,2.34,1.03,0,0,1,108
-8.38,2.11,0.76,0,0,1,108
-9.66,1.12,0.53,0,0,1,108
-8.88,2.42,-0.25,0,0,1,108
-8.74,3.5,0.29,0,0,1,108
-9.54,2.75,0.53,0,0,1,108
-9.46,1.4,0.0,0,0,1,108
-8.63,2.17,0.14,0,0,1,108
-8.37,2.12,0.42,0,0,1,108
-8.69,1.91,-0.1,0,0,1,108
-8.98,2.7,-0.49,0,0,1,108
-9.5,2.54,-0.15,0,0,1,108
-8.83,2.07,0.6,0,0,1,108
-9.74,2.0,-0.79,0,0,1,108
-10.53,2.97,-2.92,0,0,1,108
-10.41,3.39,-2.73,0,0,1,108
-12.08,1.4,-2.36,0,0,1,108
-10.77,1.15,-0.82,0,0,1,108
-9.4,1.14,0.4,0,0,1,108
-8.14,0.92,-3.52,0,0,1,108
-8.63,1.47,-1.85,0,0,1,108
-8.86,0.82,-1.56,0,0,1,108
-9.71,0.74,-2.48,0,0,1,108
-9.83,1.52,-2.5,0,0,1,108
-9.02,1.36,-2.12,0,0,1,108
-8.64,1.39,-1.11,0,0,1,108
-9.02,1.53,-1.95,0,0,1,108
-7.75,0.76,-4.01,0,0,1,108
-10.18,1.45,-5.35,0,0,1,108
-9.47,2.04,-0.78,0,0,1,108
-7.9,2.92,-0.44,0,0,1,108
-9.49,1.35,-2.18,0,0,1,108
-9.75,1.31,-3.94,0,0,1,108
-9.3,0.86,-3.19,0,0,1,108
-9.14,1.19,-2.45,0,0,1,108
-9.18,2.31,-1.81,0,0,1,108
-9.24,1.86,-2.46,0,0,1,108
-9.21,0.92,-2.99,0,0,1,108
-9.15,0.93,-2.74,0,0,1,108
-9.21,1.74,-2.37,0,0,1,108
-9.31,1.78,-2.58,0,0,1,108
-9.19,1.47,-2.84,0,0,1,108
-9.15,1.53,-2.73,0,0,1,108
-9.17,1.74,-2.58,0,0,1,108
-9.01,1.77,-2.7,0,0,1,108
-8.91,1.55,-2.73,0,0,1,108
-8.34,1.79,-1.7,0,0,1,108
-9.19,1.81,-3.03,0,0,1,108
-9.45,1.77,-3.86,0,0,1,108
-9.28,1.77,-3.63,0,0,1,108
-9.08,1.64,-3.28,0,0,1,108
-8.63,1.7,-2.53,0,0,1,108
-8.76,1.66,-2.75,0,0,1,108
-9.05,1.87,-3.41,0,0,1,108
-9.15,1.83,-3.54,0,0,1,108
-9.17,1.85,-3.35,0,0,1,108
-9.26,1.73,-3.29,0,0,1,108
-8.96,1.6,-3.23,0,0,1,108
-8.8,1.28,-3.09,0,0,1,108
-8.27,1.24,-3.02,0,0,1,108
-8.55,1.18,-3.04,0,0,1,108
-8.83,1.23,-3.23,0,0,1,108
-9.39,1.14,-3.55,0,0,1,108
-9.02,1.42,-3.39,0,0,1,108
-8.98,1.38,-3.41,0,0,1,108
-8.74,1.36,-3.26,0,0,1,108
-9.27,1.29,-3.04,0,0,1,108
-9.26,1.41,-2.74,0,0,1,108
-8.84,1.95,-2.66,0,0,1,108
-8.5,2.4,-2.25,0,0,1,108
-8.63,1.47,-1.85,0,0,1,109
-8.86,0.82,-1.56,0,0,1,109
-9.71,0.74,-2.48,0,0,1,109
-9.83,1.52,-2.5,0,0,1,109
-9.02,1.36,-2.12,0,0,1,109
-8.64,1.39,-1.11,0,0,1,109
-9.02,1.53,-1.95,0,0,1,109
-7.75,0.76,-4.01,0,0,1,109
-10.18,1.45,-5.35,0,0,1,109
-9.47,2.04,-0.78,0,0,1,109
-7.9,2.92,-0.44,0,0,1,109
-9.49,1.35,-2.18,0,0,1,109
-9.75,1.31,-3.94,0,0,1,109
-9.3,0.86,-3.19,0,0,1,109
-9.14,1.19,-2.45,0,0,1,109
-9.18,2.31,-1.81,0,0,1,109
-9.24,1.86,-2.46,0,0,1,109
-9.21,0.92,-2.99,0,0,1,109
-9.15,0.93,-2.74,0,0,1,109
-9.21,1.74,-2.37,0,0,1,109
-9.31,1.78,-2.58,0,0,1,109
-9.19,1.47,-2.84,0,0,1,109
-9.15,1.53,-2.73,0,0,1,109
-9.17,1.74,-2.58,0,0,1,109
-9.01,1.77,-2.7,0,0,1,109
-8.91,1.55,-2.73,0,0,1,109
-8.34,1.79,-1.7,0,0,1,109
-9.19,1.81,-3.03,0,0,1,109
-9.45,1.77,-3.86,0,0,1,109
-9.28,1.77,-3.63,0,0,1,109
-9.08,1.64,-3.28,0,0,1,109
-8.63,1.7,-2.53,0,0,1,109
-8.76,1.66,-2.75,0,0,1,109
-9.05,1.87,-3.41,0,0,1,109
-9.15,1.83,-3.54,0,0,1,109
-9.17,1.85,-3.35,0,0,1,109
-9.26,1.73,-3.29,0,0,1,109
-8.96,1.6,-3.23,0,0,1,109
-8.8,1.28,-3.09,0,0,1,109
-8.27,1.24,-3.02,0,0,1,109
-8.55,1.18,-3.04,0,0,1,109
-8.83,1.23,-3.23,0,0,1,109
-9.39,1.14,-3.55,0,0,1,109
-9.02,1.42,-3.39,0,0,1,109
-8.98,1.38,-3.41,0,0,1,109
-8.74,1.36,-3.26,0,0,1,109
-9.27,1.29,-3.04,0,0,1,109
-9.26,1.41,-2.74,0,0,1,109
-8.84,1.95,-2.66,0,0,1,109
-8.5,2.4,-2.25,0,0,1,109
-8.37,2.62,-2.06,0,0,1,109
-8.97,2.55,-2.34,0,0,1,109
-9.69,2.25,-3.08,0,0,1,109
-9.55,2.2,-3.37,0,0,1,109
-9.33,1.92,-3.18,0,0,1,109
-8.88,2.05,-3.13,0,0,1,109
-8.76,2.21,-3.43,0,0,1,109
-9.2,2.23,-3.68,0,0,1,109
-9.55,1.88,-4.27,0,0,1,109
-9.41,1.14,-4.41,0,0,1,109
-9.27,0.43,-3.82,0,0,1,109
-8.47,0.4,-3.53,0,0,1,109
-8.47,0.61,-3.39,0,0,1,109
-8.99,1.18,-3.36,0,0,1,109
-9.48,1.93,-3.9,0,0,1,109
-9.43,2.59,-3.84,0,0,1,109
-9.18,2.55,-3.57,0,0,1,109
-8.94,2.63,-3.02,0,0,1,109
-8.62,2.3,-2.87,0,0,1,109
-7.96,1.97,-2.96,0,0,1,109
-7.87,1.74,-2.65,0,0,1,109
-7.79,2.03,-2.89,0,0,1,109
-8.28,2.31,-3.23,0,0,1,109
-8.75,2.61,-3.45,0,0,1,109
-9.09,2.68,-3.63,0,0,1,109
-8.96,2.75,-4.16,0,0,1,109
-8.89,2.98,-4.35,0,0,1,109
-8.67,3.28,-3.9,0,0,1,109
-8.47,2.97,-3.44,0,0,1,109
-8.68,1.96,-3.27,0,0,1,109
-8.96,1.09,-4.06,0,0,1,109
-8.92,0.77,-4.18,0,0,1,109
-8.27,1.53,-3.54,0,0,1,109
-7.86,2.45,-3.06,0,0,1,109
-10.74,2.17,-3.91,0,0,1,109
-12.05,2.25,-7.11,0,0,1,109
-10.13,1.04,-5.96,0,0,1,109
-9.45,0.17,-2.96,0,0,1,109
-9.93,0.26,-2.73,0,0,1,109
-9.89,1.34,-5.41,0,0,1,109
-8.49,2.53,-4.84,0,0,1,109
-7.29,2.41,-2.24,0,0,1,109
-7.67,0.64,-2.19,0,0,1,109
-8.44,-1.05,-4.26,0,0,1,109
-8.81,-2.33,-5.63,0,0,1,109
-8.55,-3.28,-5.4,0,0,1,109
-7.73,-2.91,-4.71,0,0,1,109
-7.59,-1.2,-4.07,0,0,1,109
-7.95,1.04,-3.93,0,0,1,109
-8.36,2.13,-4.51,0,0,1,109
-8.37,2.62,-2.06,0,0,1,110
-8.97,2.55,-2.34,0,0,1,110
-9.69,2.25,-3.08,0,0,1,110
-9.55,2.2,-3.37,0,0,1,110
-9.33,1.92,-3.18,0,0,1,110
-8.88,2.05,-3.13,0,0,1,110
-8.76,2.21,-3.43,0,0,1,110
-9.2,2.23,-3.68,0,0,1,110
-9.55,1.88,-4.27,0,0,1,110
-9.41,1.14,-4.41,0,0,1,110
-9.27,0.43,-3.82,0,0,1,110
-8.47,0.4,-3.53,0,0,1,110
-8.47,0.61,-3.39,0,0,1,110
-8.99,1.18,-3.36,0,0,1,110
-9.48,1.93,-3.9,0,0,1,110
-9.43,2.59,-3.84,0,0,1,110
-9.18,2.55,-3.57,0,0,1,110
-8.94,2.63,-3.02,0,0,1,110
-8.62,2.3,-2.87,0,0,1,110
-7.96,1.97,-2.96,0,0,1,110
-7.87,1.74,-2.65,0,0,1,110
-7.79,2.03,-2.89,0,0,1,110
-8.28,2.31,-3.23,0,0,1,110
-8.75,2.61,-3.45,0,0,1,110
-9.09,2.68,-3.63,0,0,1,110
-8.96,2.75,-4.16,0,0,1,110
-8.89,2.98,-4.35,0,0,1,110
-8.67,3.28,-3.9,0,0,1,110
-8.47,2.97,-3.44,0,0,1,110
-8.68,1.96,-3.27,0,0,1,110
-8.96,1.09,-4.06,0,0,1,110
-8.92,0.77,-4.18,0,0,1,110
-8.27,1.53,-3.54,0,0,1,110
-7.86,2.45,-3.06,0,0,1,110
-10.74,2.17,-3.91,0,0,1,110
-12.05,2.25,-7.11,0,0,1,110
-10.13,1.04,-5.96,0,0,1,110
-9.45,0.17,-2.96,0,0,1,110
-9.93,0.26,-2.73,0,0,1,110
-9.89,1.34,-5.41,0,0,1,110
-8.49,2.53,-4.84,0,0,1,110
-7.29,2.41,-2.24,0,0,1,110
-7.67,0.64,-2.19,0,0,1,110
-8.44,-1.05,-4.26,0,0,1,110
-8.81,-2.33,-5.63,0,0,1,110
-8.55,-3.28,-5.4,0,0,1,110
-7.73,-2.91,-4.71,0,0,1,110
-7.59,-1.2,-4.07,0,0,1,110
-7.95,1.04,-3.93,0,0,1,110
-8.36,2.13,-4.51,0,0,1,110
-9.53,1.62,-5.15,0,0,1,110
-9.77,1.3,-6.05,0,0,1,110
-9.07,1.0,-6.06,0,0,1,110
-8.85,0.02,-5.09,0,0,1,110
-8.21,-0.46,-4.51,0,0,1,110
-7.96,-0.37,-4.31,0,0,1,110
-7.97,0.7,-4.86,0,0,1,110
-8.24,1.39,-5.38,0,0,1,110
-8.38,1.34,-5.31,0,0,1,110
-8.46,0.6,-5.23,0,0,1,110
-8.01,0.09,-4.94,0,0,1,110
-7.8,-0.19,-4.67,0,0,1,110
-7.25,0.05,-4.91,0,0,1,110
-7.02,0.95,-5.46,0,0,1,110
-7.68,2.1,-5.99,0,0,1,110
-7.98,2.98,-5.96,0,0,1,110
-7.82,3.62,-5.72,0,0,1,110
-9.66,2.36,-5.11,0,0,1,110
-11.09,2.23,-1.04,0,0,1,110
-9.45,2.65,-2.81,0,0,1,110
-10.54,0.78,-7.22,0,0,1,110
-10.74,-0.83,-8.39,0,0,1,110
-9.89,-1.19,-6.35,0,0,1,110
-8.68,-0.86,-3.54,0,0,1,110
-7.56,1.0,-1.79,0,0,1,110
-7.53,1.21,-1.63,0,0,1,110
-8.04,-0.2,-3.04,0,0,1,110
-8.8,-1.06,-4.59,0,0,1,110
-9.06,-0.23,-5.24,0,0,1,110
-8.91,1.36,-4.43,0,0,1,110
-8.56,2.28,-3.18,0,0,1,110
-8.85,2.53,-3.0,0,0,1,110
-9.37,2.35,-3.93,0,0,1,110
-9.92,1.97,-4.46,0,0,1,110
-10.55,1.55,-4.29,0,0,1,110
-10.96,1.33,-3.85,0,0,1,110
-10.09,1.12,-4.21,0,0,1,110
-10.17,0.63,-4.29,0,0,1,110
-9.19,0.91,-3.58,0,0,1,110
-7.01,0.89,-3.19,0,0,1,110
-6.93,0.6,-2.02,0,0,1,110
-7.37,0.46,-1.95,0,0,1,110
-7.98,0.84,-2.58,0,0,1,110
-8.57,1.36,-3.14,0,0,1,110
-8.74,1.61,-3.37,0,0,1,110
-8.77,1.83,-2.97,0,0,1,110
-8.45,2.03,-2.75,0,0,1,110
-8.29,1.9,-2.69,0,0,1,110
-8.65,1.64,-3.29,0,0,1,110
-8.66,1.08,-3.26,0,0,1,110
-9.53,1.62,-5.15,0,0,1,111
-9.77,1.3,-6.05,0,0,1,111
-9.07,1.0,-6.06,0,0,1,111
-8.85,0.02,-5.09,0,0,1,111
-8.21,-0.46,-4.51,0,0,1,111
-7.96,-0.37,-4.31,0,0,1,111
-7.97,0.7,-4.86,0,0,1,111
-8.24,1.39,-5.38,0,0,1,111
-8.38,1.34,-5.31,0,0,1,111
-8.46,0.6,-5.23,0,0,1,111
-8.01,0.09,-4.94,0,0,1,111
-7.8,-0.19,-4.67,0,0,1,111
-7.25,0.05,-4.91,0,0,1,111
-7.02,0.95,-5.46,0,0,1,111
-7.68,2.1,-5.99,0,0,1,111
-7.98,2.98,-5.96,0,0,1,111
-7.82,3.62,-5.72,0,0,1,111
-9.66,2.36,-5.11,0,0,1,111
-11.09,2.23,-1.04,0,0,1,111
-9.45,2.65,-2.81,0,0,1,111
-10.54,0.78,-7.22,0,0,1,111
-10.74,-0.83,-8.39,0,0,1,111
-9.89,-1.19,-6.35,0,0,1,111
-8.68,-0.86,-3.54,0,0,1,111
-7.56,1.0,-1.79,0,0,1,111
-7.53,1.21,-1.63,0,0,1,111
-8.04,-0.2,-3.04,0,0,1,111
-8.8,-1.06,-4.59,0,0,1,111
-9.06,-0.23,-5.24,0,0,1,111
-8.91,1.36,-4.43,0,0,1,111
-8.56,2.28,-3.18,0,0,1,111
-8.85,2.53,-3.0,0,0,1,111
-9.37,2.35,-3.93,0,0,1,111
-9.92,1.97,-4.46,0,0,1,111
-10.55,1.55,-4.29,0,0,1,111
-10.96,1.33,-3.85,0,0,1,111
-10.09,1.12,-4.21,0,0,1,111
-10.17,0.63,-4.29,0,0,1,111
-9.19,0.91,-3.58,0,0,1,111
-7.01,0.89,-3.19,0,0,1,111
-6.93,0.6,-2.02,0,0,1,111
-7.37,0.46,-1.95,0,0,1,111
-7.98,0.84,-2.58,0,0,1,111
-8.57,1.36,-3.14,0,0,1,111
-8.74,1.61,-3.37,0,0,1,111
-8.77,1.83,-2.97,0,0,1,111
-8.45,2.03,-2.75,0,0,1,111
-8.29,1.9,-2.69,0,0,1,111
-8.65,1.64,-3.29,0,0,1,111
-8.66,1.08,-3.26,0,0,1,111
-7.99,0.62,-2.38,0,0,1,111
-8.52,0.66,-2.54,0,0,1,111
-9.36,0.66,-3.7,0,0,1,111
-9.24,0.84,-4.24,0,0,1,111
-8.35,1.19,-3.28,0,0,1,111
-8.37,1.32,-3.66,0,0,1,111
-10.03,1.44,-4.48,0,0,1,111
-11.85,2.07,-5.49,0,0,1,111
-11.88,1.99,-5.75,0,0,1,111
-10.29,1.45,-3.79,0,0,1,111
-7.35,1.14,-2.24,0,0,1,111
-7.2,0.74,-1.92,0,0,1,111
-8.11,0.8,-3.05,0,0,1,111
-8.95,0.78,-4.56,0,0,1,111
-9.13,1.16,-5.79,0,0,1,111
-8.2,1.28,-5.97,0,0,1,111
-7.24,1.12,-5.73,0,0,1,111
-7.45,0.09,-5.89,0,0,1,111
-7.85,-1.21,-6.25,0,0,1,111
-7.77,-1.62,-6.67,0,0,1,111
-7.98,-0.86,-6.74,0,0,1,111
-8.08,1.1,-7.07,0,0,1,111
-7.82,3.31,-6.52,0,0,1,111
-8.28,4.67,-5.5,0,0,1,111
-8.9,4.21,-4.95,0,0,1,111
-8.72,3.19,-4.6,0,0,1,111
-8.27,2.11,-4.74,0,0,1,111
-8.25,1.86,-4.86,0,0,1,111
-8.13,2.16,-5.09,0,0,1,111
-8.1,2.33,-4.92,0,0,1,111
-7.92,2.67,-4.88,0,0,1,111
-8.13,2.48,-5.33,0,0,1,111
-8.24,1.92,-5.52,0,0,1,111
-8.04,1.83,-5.46,0,0,1,111
-7.76,2.12,-5.23,0,0,1,111
-7.79,2.45,-5.29,0,0,1,111
-7.88,2.72,-5.44,0,0,1,111
-7.53,2.81,-5.44,0,0,1,111
-7.6,2.89,-5.12,0,0,1,111
-7.53,2.92,-4.56,0,0,1,111
-7.04,3.23,-4.57,0,0,1,111
-7.57,3.34,-4.78,0,0,1,111
-7.95,3.31,-5.07,0,0,1,111
-8.49,0.96,-6.16,0,0,1,111
-9.49,-0.23,-0.73,0,0,1,111
-7.34,1.71,-0.72,0,0,1,111
-9.05,1.12,-3.76,0,0,1,111
-11.99,-0.67,-9.2,0,0,1,111
-14.03,-3.04,-12.34,0,0,1,111
-13.42,-1.38,-10.45,0,0,1,111
-7.99,0.62,-2.38,0,0,1,112
-8.52,0.66,-2.54,0,0,1,112
-9.36,0.66,-3.7,0,0,1,112
-9.24,0.84,-4.24,0,0,1,112
-8.35,1.19,-3.28,0,0,1,112
-8.37,1.32,-3.66,0,0,1,112
-10.03,1.44,-4.48,0,0,1,112
-11.85,2.07,-5.49,0,0,1,112
-11.88,1.99,-5.75,0,0,1,112
-10.29,1.45,-3.79,0,0,1,112
-7.35,1.14,-2.24,0,0,1,112
-7.2,0.74,-1.92,0,0,1,112
-8.11,0.8,-3.05,0,0,1,112
-8.95,0.78,-4.56,0,0,1,112
-9.13,1.16,-5.79,0,0,1,112
-8.2,1.28,-5.97,0,0,1,112
-7.24,1.12,-5.73,0,0,1,112
-7.45,0.09,-5.89,0,0,1,112
-7.85,-1.21,-6.25,0,0,1,112
-7.77,-1.62,-6.67,0,0,1,112
-7.98,-0.86,-6.74,0,0,1,112
-8.08,1.1,-7.07,0,0,1,112
-7.82,3.31,-6.52,0,0,1,112
-8.28,4.67,-5.5,0,0,1,112
-8.9,4.21,-4.95,0,0,1,112
-8.72,3.19,-4.6,0,0,1,112
-8.27,2.11,-4.74,0,0,1,112
-8.25,1.86,-4.86,0,0,1,112
-8.13,2.16,-5.09,0,0,1,112
-8.1,2.33,-4.92,0,0,1,112
-7.92,2.67,-4.88,0,0,1,112
-8.13,2.48,-5.33,0,0,1,112
-8.24,1.92,-5.52,0,0,1,112
-8.04,1.83,-5.46,0,0,1,112
-7.76,2.12,-5.23,0,0,1,112
-7.79,2.45,-5.29,0,0,1,112
-7.88,2.72,-5.44,0,0,1,112
-7.53,2.81,-5.44,0,0,1,112
-7.6,2.89,-5.12,0,0,1,112
-7.53,2.92,-4.56,0,0,1,112
-7.04,3.23,-4.57,0,0,1,112
-7.57,3.34,-4.78,0,0,1,112
-7.95,3.31,-5.07,0,0,1,112
-8.49,0.96,-6.16,0,0,1,112
-9.49,-0.23,-0.73,0,0,1,112
-7.34,1.71,-0.72,0,0,1,112
-9.05,1.12,-3.76,0,0,1,112
-11.99,-0.67,-9.2,0,0,1,112
-14.03,-3.04,-12.34,0,0,1,112
-13.42,-1.38,-10.45,0,0,1,112
-10.11,0.91,-5.75,0,0,1,112
-6.6,1.49,-0.42,0,0,1,112
-4.96,1.15,1.17,0,0,1,112
-5.67,1.1,0.07,0,0,1,112
-7.34,2.33,-2.32,0,0,1,112
-9.12,3.48,-4.26,0,0,1,112
-10.56,3.38,-4.87,0,0,1,112
-10.63,2.8,-4.65,0,0,1,112
-9.6,1.74,-3.69,0,0,1,112
-8.02,0.83,-2.99,0,0,1,112
-6.8,0.17,-2.62,0,0,1,112
-6.94,-0.32,-2.68,0,0,1,112
-8.54,0.42,-3.33,0,0,1,112
-9.94,2.51,-4.1,0,0,1,112
-10.48,3.81,-4.42,0,0,1,112
-9.68,3.56,-4.22,0,0,1,112
-8.94,2.31,-4.03,0,0,1,112
-8.49,1.65,-3.89,0,0,1,112
-7.88,1.66,-3.5,0,0,1,112
-7.29,1.69,-2.91,0,0,1,112
-6.91,1.12,-2.34,0,0,1,112
-6.64,0.44,-2.23,0,0,1,112
-6.91,-0.1,-2.81,0,0,1,112
-7.59,0.04,-3.53,0,0,1,112
-8.55,0.15,-4.32,0,0,1,112
-8.25,0.38,-5.0,0,0,1,112
-7.21,1.21,-4.87,0,0,1,112
-8.97,1.12,-3.79,0,0,1,112
-12.57,0.61,-5.19,0,0,1,112
-17.48,-0.57,-10.06,0,0,1,112
-13.74,1.48,-13.4,0,0,1,112
-7.73,2.05,-1.39,0,0,1,112
-5.0,3.58,2.61,0,0,1,112
-6.81,3.45,0.34,0,0,1,112
-7.81,0.37,-4.76,0,0,1,112
-7.81,-3.95,-8.14,0,0,1,112
-8.31,-5.58,-7.83,0,0,1,112
-7.41,-2.38,-4.88,0,0,1,112
-7.4,2.34,-3.44,0,0,1,112
-8.14,6.0,-3.26,0,0,1,112
-9.43,5.15,-4.93,0,0,1,112
-10.45,3.01,-6.51,0,0,1,112
-9.69,1.43,-6.86,0,0,1,112
-8.11,0.04,-5.24,0,0,1,112
-7.36,-0.89,-3.76,0,0,1,112
-7.3,-0.84,-3.47,0,0,1,112
-7.32,0.96,-4.33,0,0,1,112
-8.21,2.61,-5.18,0,0,1,112
-8.39,3.16,-5.72,0,0,1,112
-9.64,2.69,-5.18,0,0,1,112
-10.11,0.91,-5.75,0,0,1,113
-6.6,1.49,-0.42,0,0,1,113
-4.96,1.15,1.17,0,0,1,113
-5.67,1.1,0.07,0,0,1,113
-7.34,2.33,-2.32,0,0,1,113
-9.12,3.48,-4.26,0,0,1,113
-10.56,3.38,-4.87,0,0,1,113
-10.63,2.8,-4.65,0,0,1,113
-9.6,1.74,-3.69,0,0,1,113
-8.02,0.83,-2.99,0,0,1,113
-6.8,0.17,-2.62,0,0,1,113
-6.94,-0.32,-2.68,0,0,1,113
-8.54,0.42,-3.33,0,0,1,113
-9.94,2.51,-4.1,0,0,1,113
-10.48,3.81,-4.42,0,0,1,113
-9.68,3.56,-4.22,0,0,1,113
-8.94,2.31,-4.03,0,0,1,113
-8.49,1.65,-3.89,0,0,1,113
-7.88,1.66,-3.5,0,0,1,113
-7.29,1.69,-2.91,0,0,1,113
-6.91,1.12,-2.34,0,0,1,113
-6.64,0.44,-2.23,0,0,1,113
-6.91,-0.1,-2.81,0,0,1,113
-7.59,0.04,-3.53,0,0,1,113
-8.55,0.15,-4.32,0,0,1,113
-8.25,0.38,-5.0,0,0,1,113
-7.21,1.21,-4.87,0,0,1,113
-8.97,1.12,-3.79,0,0,1,113
-12.57,0.61,-5.19,0,0,1,113
-17.48,-0.57,-10.06,0,0,1,113
-13.74,1.48,-13.4,0,0,1,113
-7.73,2.05,-1.39,0,0,1,113
-5.0,3.58,2.61,0,0,1,113
-6.81,3.45,0.34,0,0,1,113
-7.81,0.37,-4.76,0,0,1,113
-7.81,-3.95,-8.14,0,0,1,113
-8.31,-5.58,-7.83,0,0,1,113
-7.41,-2.38,-4.88,0,0,1,113
-7.4,2.34,-3.44,0,0,1,113
-8.14,6.0,-3.26,0,0,1,113
-9.43,5.15,-4.93,0,0,1,113
-10.45,3.01,-6.51,0,0,1,113
-9.69,1.43,-6.86,0,0,1,113
-8.11,0.04,-5.24,0,0,1,113
-7.36,-0.89,-3.76,0,0,1,113
-7.3,-0.84,-3.47,0,0,1,113
-7.32,0.96,-4.33,0,0,1,113
-8.21,2.61,-5.18,0,0,1,113
-8.39,3.16,-5.72,0,0,1,113
-9.64,2.69,-5.18,0,0,1,113
-8.47,1.77,-4.38,0,0,1,113
-8.01,0.78,-4.57,0,0,1,113
-8.54,0.89,-4.77,0,0,1,113
-8.51,0.98,-4.79,0,0,1,113
-8.1,1.34,-5.47,0,0,1,113
-7.69,1.85,-5.47,0,0,1,113
-7.75,2.63,-4.85,0,0,1,113
-8.37,2.79,-5.02,0,0,1,113
-8.44,3.04,-5.38,0,0,1,113
-8.52,2.89,-5.53,0,0,1,113
-8.05,2.93,-4.92,0,0,1,113
-7.38,3.09,-4.69,0,0,1,113
-8.53,2.48,-4.45,0,0,1,113
-8.63,3.03,1.03,0,0,1,113
-8.15,3.82,0.19,0,0,1,113
-10.29,1.49,-4.35,0,0,1,113
-10.73,-0.91,-7.11,0,0,1,113
-9.97,-2.58,-7.01,0,0,1,113
-8.86,-2.35,-5.98,0,0,1,113
-8.38,-1.07,-4.38,0,0,1,113
-8.95,-0.53,-4.04,0,0,1,113
-9.37,-0.87,-3.74,0,0,1,113
-8.85,-1.13,-3.93,0,0,1,113
-7.97,-0.95,-4.18,0,0,1,113
-7.52,-0.14,-4.16,0,0,1,113
-7.95,1.68,-3.77,0,0,1,113
-8.68,4.07,-3.79,0,0,1,113
-11.18,4.5,-4.21,0,0,1,113
-11.15,4.31,-5.39,0,0,1,113
-10.22,2.23,-5.7,0,0,1,113
-7.93,0.39,-3.56,0,0,1,113
-6.74,-0.4,-2.35,0,0,1,113
-7.18,0.98,-2.25,0,0,1,113
-8.14,2.78,-2.91,0,0,1,113
-8.11,3.71,-3.17,0,0,1,113
-7.64,3.18,-2.45,0,0,1,113
-7.29,1.78,-1.92,0,0,1,113
-7.68,0.5,-2.5,0,0,1,113
-8.26,0.39,-3.67,0,0,1,113
-8.35,1.0,-4.26,0,0,1,113
-9.14,1.23,-4.23,0,0,1,113
-10.39,1.55,-5.18,0,0,1,113
-11.86,2.02,-6.61,0,0,1,113
-11.27,2.48,-7.51,0,0,1,113
-8.18,1.31,-4.38,0,0,1,113
-7.17,1.63,-1.47,0,0,1,113
-7.33,1.93,-2.33,0,0,1,113
-8.38,1.47,-3.31,0,0,1,113
-9.22,0.14,-4.71,0,0,1,113
-8.75,-0.47,-5.05,0,0,1,113
-8.47,1.77,-4.38,0,0,1,114
-8.01,0.78,-4.57,0,0,1,114
-8.54,0.89,-4.77,0,0,1,114
-8.51,0.98,-4.79,0,0,1,114
-8.1,1.34,-5.47,0,0,1,114
-7.69,1.85,-5.47,0,0,1,114
-7.75,2.63,-4.85,0,0,1,114
-8.37,2.79,-5.02,0,0,1,114
-8.44,3.04,-5.38,0,0,1,114
-8.52,2.89,-5.53,0,0,1,114
-8.05,2.93,-4.92,0,0,1,114
-7.38,3.09,-4.69,0,0,1,114
-8.53,2.48,-4.45,0,0,1,114
-8.63,3.03,1.03,0,0,1,114
-8.15,3.82,0.19,0,0,1,114
-10.29,1.49,-4.35,0,0,1,114
-10.73,-0.91,-7.11,0,0,1,114
-9.97,-2.58,-7.01,0,0,1,114
-8.86,-2.35,-5.98,0,0,1,114
-8.38,-1.07,-4.38,0,0,1,114
-8.95,-0.53,-4.04,0,0,1,114
-9.37,-0.87,-3.74,0,0,1,114
-8.85,-1.13,-3.93,0,0,1,114
-7.97,-0.95,-4.18,0,0,1,114
-7.52,-0.14,-4.16,0,0,1,114
-7.95,1.68,-3.77,0,0,1,114
-8.68,4.07,-3.79,0,0,1,114
-11.18,4.5,-4.21,0,0,1,114
-11.15,4.31,-5.39,0,0,1,114
-10.22,2.23,-5.7,0,0,1,114
-7.93,0.39,-3.56,0,0,1,114
-6.74,-0.4,-2.35,0,0,1,114
-7.18,0.98,-2.25,0,0,1,114
-8.14,2.78,-2.91,0,0,1,114
-8.11,3.71,-3.17,0,0,1,114
-7.64,3.18,-2.45,0,0,1,114
-7.29,1.78,-1.92,0,0,1,114
-7.68,0.5,-2.5,0,0,1,114
-8.26,0.39,-3.67,0,0,1,114
-8.35,1.0,-4.26,0,0,1,114
-9.14,1.23,-4.23,0,0,1,114
-10.39,1.55,-5.18,0,0,1,114
-11.86,2.02,-6.61,0,0,1,114
-11.27,2.48,-7.51,0,0,1,114
-8.18,1.31,-4.38,0,0,1,114
-7.17,1.63,-1.47,0,0,1,114
-7.33,1.93,-2.33,0,0,1,114
-8.38,1.47,-3.31,0,0,1,114
-9.22,0.14,-4.71,0,0,1,114
-8.75,-0.47,-5.05,0,0,1,114
-8.55,-0.56,-4.68,0,0,1,114
-8.43,0.87,-4.43,0,0,1,114
-8.89,1.9,-4.39,0,0,1,114
-9.02,2.17,-4.57,0,0,1,114
-8.92,1.71,-5.17,0,0,1,114
-8.9,0.79,-5.65,0,0,1,114
-8.34,-0.08,-5.85,0,0,1,114
-7.99,-0.34,-5.99,0,0,1,114
-7.96,-0.23,-5.67,0,0,1,114
-7.97,0.69,-5.2,0,0,1,114
-8.2,1.43,-5.42,0,0,1,114
-8.34,1.97,-5.82,0,0,1,114
-8.56,1.35,-6.06,0,0,1,114
-8.75,1.11,-6.0,0,0,1,114
-8.21,0.58,-5.63,0,0,1,114
-8.05,0.4,-5.32,0,0,1,114
-8.05,0.62,-5.35,0,0,1,114
-8.2,1.47,-5.7,0,0,1,114
-8.69,1.93,-5.69,0,0,1,114
-8.86,1.97,-5.44,0,0,1,114
-8.56,1.78,-5.21,0,0,1,114
-8.23,1.62,-5.29,0,0,1,114
-8.45,2.05,-5.29,0,0,1,114
-7.77,2.58,-4.63,0,0,1,114
-9.67,1.25,-3.61,0,0,1,114
-9.9,-0.16,-3.45,0,0,1,114
-7.43,-0.7,-3.54,0,0,1,114
-6.45,-0.84,-3.31,0,0,1,114
-6.82,-0.84,-4.26,0,0,1,114
-6.57,-0.86,-5.12,0,0,1,114
-6.26,-0.53,-4.24,0,0,1,114
-5.05,0.03,-2.57,0,0,1,114
-3.43,1.72,-1.46,0,0,1,114
-4.32,1.75,-0.73,0,0,1,114
-5.83,0.99,-2.2,0,0,1,114
-4.96,-0.75,-4.8,0,0,1,114
-6.46,-2.26,-3.98,0,0,1,114
-7.92,0.22,-2.01,0,0,1,114
-9.8,4.02,-2.38,0,0,1,114
-11.19,3.94,-3.52,0,0,1,114
-11.94,1.12,-5.42,0,0,1,114
-13.61,1.51,-6.69,0,0,1,114
-16.23,3.46,-6.48,0,0,1,114
-15.99,4.29,-5.67,0,0,1,114
-15.8,2.75,-5.41,0,0,1,114
-17.32,0.56,-7.71,0,0,1,114
-17.59,0.67,-9.3,0,0,1,114
-15.77,2.07,-6.63,0,0,1,114
-14.15,2.88,-5.07,0,0,1,114
-12.67,2.7,-5.0,0,0,1,114
-8.55,-0.56,-4.68,0,0,1,115
-8.43,0.87,-4.43,0,0,1,115
-8.89,1.9,-4.39,0,0,1,115
-9.02,2.17,-4.57,0,0,1,115
-8.92,1.71,-5.17,0,0,1,115
-8.9,0.79,-5.65,0,0,1,115
-8.34,-0.08,-5.85,0,0,1,115
-7.99,-0.34,-5.99,0,0,1,115
-7.96,-0.23,-5.67,0,0,1,115
-7.97,0.69,-5.2,0,0,1,115
-8.2,1.43,-5.42,0,0,1,115
-8.34,1.97,-5.82,0,0,1,115
-8.56,1.35,-6.06,0,0,1,115
-8.75,1.11,-6.0,0,0,1,115
-8.21,0.58,-5.63,0,0,1,115
-8.05,0.4,-5.32,0,0,1,115
-8.05,0.62,-5.35,0,0,1,115
-8.2,1.47,-5.7,0,0,1,115
-8.69,1.93,-5.69,0,0,1,115
-8.86,1.97,-5.44,0,0,1,115
-8.56,1.78,-5.21,0,0,1,115
-8.23,1.62,-5.29,0,0,1,115
-8.45,2.05,-5.29,0,0,1,115
-7.77,2.58,-4.63,0,0,1,115
-9.67,1.25,-3.61,0,0,1,115
-9.9,-0.16,-3.45,0,0,1,115
-7.43,-0.7,-3.54,0,0,1,115
-6.45,-0.84,-3.31,0,0,1,115
-6.82,-0.84,-4.26,0,0,1,115
-6.57,-0.86,-5.12,0,0,1,115
-6.26,-0.53,-4.24,0,0,1,115
-5.05,0.03,-2.57,0,0,1,115
-3.43,1.72,-1.46,0,0,1,115
-4.32,1.75,-0.73,0,0,1,115
-5.83,0.99,-2.2,0,0,1,115
-4.96,-0.75,-4.8,0,0,1,115
-6.46,-2.26,-3.98,0,0,1,115
-7.92,0.22,-2.01,0,0,1,115
-9.8,4.02,-2.38,0,0,1,115
-11.19,3.94,-3.52,0,0,1,115
-11.94,1.12,-5.42,0,0,1,115
-13.61,1.51,-6.69,0,0,1,115
-16.23,3.46,-6.48,0,0,1,115
-15.99,4.29,-5.67,0,0,1,115
-15.8,2.75,-5.41,0,0,1,115
-17.32,0.56,-7.71,0,0,1,115
-17.59,0.67,-9.3,0,0,1,115
-15.77,2.07,-6.63,0,0,1,115
-14.15,2.88,-5.07,0,0,1,115
-12.67,2.7,-5.0,0,0,1,115
-10.61,2.11,-4.69,0,0,1,115
-8.6,1.03,-4.03,0,0,1,115
-6.39,-0.11,-3.28,0,0,1,115
-4.34,-0.7,-2.54,0,0,1,115
-3.41,-0.95,-1.7,0,0,1,115
-1.98,-0.95,-1.14,0,0,1,115
-0.96,-0.96,-0.44,0,0,1,115
-1.43,-1.24,-0.06,0,0,1,115
-2.21,-1.7,-1.14,0,0,1,115
-4.4,-2.0,-2.71,0,0,1,115
-6.3,-2.05,-3.44,0,0,1,115
-7.8,-2.23,-4.35,0,0,1,115
-8.99,-2.8,-4.99,0,0,1,115
-13.53,-4.42,-4.25,0,0,1,115
-16.54,-0.49,-6.6,0,0,1,115
-10.69,2.06,-8.57,0,0,1,115
-6.45,1.26,-7.1,0,0,1,115
-5.7,0.29,-3.51,0,0,1,115
-2.53,-1.32,-0.28,0,0,1,115
-0.62,-1.49,-0.59,0,0,1,115
-2.65,-0.07,-0.55,0,0,1,115
-7.13,2.16,-2.37,0,0,1,115
-10.53,1.21,-4.63,0,0,1,115
-11.24,0.27,-5.57,0,0,1,115
-8.38,-0.49,-5.48,0,0,1,115
-7.79,-2.7,-3.29,0,0,1,115
-7.7,-0.58,-3.09,0,0,1,115
-11.49,3.86,-5.13,0,0,1,115
-14.98,7.35,-7.26,0,0,1,115
-15.06,6.0,-6.7,0,0,1,115
-14.66,1.9,-5.5,0,0,1,115
-16.07,-0.46,-7.27,0,0,1,115
-16.76,-0.02,-8.59,0,0,1,115
-16.0,1.08,-7.81,0,0,1,115
-14.46,1.47,-7.15,0,0,1,115
-12.68,1.88,-6.54,0,0,1,115
-10.97,1.59,-5.82,0,0,1,115
-8.7,0.84,-4.53,0,0,1,115
-5.95,-0.0,-3.24,0,0,1,115
-3.38,-0.48,-2.17,0,0,1,115
-1.72,-0.81,-0.98,0,0,1,115
-0.34,-0.98,-0.08,0,0,1,115
0.46,-0.81,0.95,0,0,1,115
-0.04,-0.77,0.94,0,0,1,115
-2.69,-0.63,-0.21,0,0,1,115
-11.64,0.06,-2.15,0,0,1,115
-16.25,-2.0,-8.89,0,0,1,115
-17.75,3.25,-10.28,0,0,1,115
-12.2,4.27,-6.54,0,0,1,115
-8.66,1.25,-5.53,0,0,1,115
-10.61,2.11,-4.69,0,0,1,116
-8.6,1.03,-4.03,0,0,1,116
-6.39,-0.11,-3.28,0,0,1,116
-4.34,-0.7,-2.54,0,0,1,116
-3.41,-0.95,-1.7,0,0,1,116
-1.98,-0.95,-1.14,0,0,1,116
-0.96,-0.96,-0.44,0,0,1,116
-1.43,-1.24,-0.06,0,0,1,116
-2.21,-1.7,-1.14,0,0,1,116
-4.4,-2.0,-2.71,0,0,1,116
-6.3,-2.05,-3.44,0,0,1,116
-7.8,-2.23,-4.35,0,0,1,116
-8.99,-2.8,-4.99,0,0,1,116
-13.53,-4.42,-4.25,0,0,1,116
-16.54,-0.49,-6.6,0,0,1,116
-10.69,2.06,-8.57,0,0,1,116
-6.45,1.26,-7.1,0,0,1,116
-5.7,0.29,-3.51,0,0,1,116
-2.53,-1.32,-0.28,0,0,1,116
-0.62,-1.49,-0.59,0,0,1,116
-2.65,-0.07,-0.55,0,0,1,116
-7.13,2.16,-2.37,0,0,1,116
-10.53,1.21,-4.63,0,0,1,116
-11.24,0.27,-5.57,0,0,1,116
-8.38,-0.49,-5.48,0,0,1,116
-7.79,-2.7,-3.29,0,0,1,116
-7.7,-0.58,-3.09,0,0,1,116
-11.49,3.86,-5.13,0,0,1,116
-14.98,7.35,-7.26,0,0,1,116
-15.06,6.0,-6.7,0,0,1,116
-14.66,1.9,-5.5,0,0,1,116
-16.07,-0.46,-7.27,0,0,1,116
-16.76,-0.02,-8.59,0,0,1,116
-16.0,1.08,-7.81,0,0,1,116
-14.46,1.47,-7.15,0,0,1,116
-12.68,1.88,-6.54,0,0,1,116
-10.97,1.59,-5.82,0,0,1,116
-8.7,0.84,-4.53,0,0,1,116
-5.95,-0.0,-3.24,0,0,1,116
-3.38,-0.48,-2.17,0,0,1,116
-1.72,-0.81,-0.98,0,0,1,116
-0.34,-0.98,-0.08,0,0,1,116
0.46,-0.81,0.95,0,0,1,116
-0.04,-0.77,0.94,0,0,1,116
-2.69,-0.63,-0.21,0,0,1,116
-11.64,0.06,-2.15,0,0,1,116
-16.25,-2.0,-8.89,0,0,1,116
-17.75,3.25,-10.28,0,0,1,116
-12.2,4.27,-6.54,0,0,1,116
-8.66,1.25,-5.53,0,0,1,116
-6.7,-0.84,-3.15,0,0,1,116
-5.54,-1.8,-1.81,0,0,1,116
-5.37,-1.07,-2.73,0,0,1,116
-6.27,-0.33,-3.43,0,0,1,116
-5.89,-0.18,-3.2,0,0,1,116
-5.44,-0.09,-3.63,0,0,1,116
-2.85,1.03,-3.76,0,0,1,116
-2.52,1.51,-2.32,0,0,1,116
-3.23,2.34,0.05,0,0,1,116
-9.15,3.04,-0.35,0,0,1,116
-12.49,5.6,-3.91,0,0,1,116
-12.01,1.32,-9.28,0,0,1,116
-12.35,-2.29,-9.72,0,0,1,116
-9.87,-1.68,-4.98,0,0,1,116
-8.47,3.97,-0.67,0,0,1,116
-14.57,7.7,-5.01,0,0,1,116
-16.78,6.63,-10.95,0,0,1,116
-15.8,2.72,-9.6,0,0,1,116
-15.24,0.59,-7.46,0,0,1,116
-14.2,1.57,-6.75,0,0,1,116
-12.84,2.19,-6.22,0,0,1,116
-11.29,2.04,-6.15,0,0,1,116
-10.1,1.85,-5.92,0,0,1,116
-8.55,1.49,-5.2,0,0,1,116
-6.9,0.84,-4.31,0,0,1,116
-4.48,0.4,-3.34,0,0,1,116
-2.79,-0.3,-1.71,0,0,1,116
-1.46,-1.12,0.03,0,0,1,116
-0.49,-1.25,0.28,0,0,1,116
-1.24,-1.08,-0.94,0,0,1,116
-4.62,-1.2,-2.25,0,0,1,116
-7.76,-1.96,-4.59,0,0,1,116
-11.55,-0.41,-7.0,0,0,1,116
-14.08,1.75,-5.53,0,0,1,116
-13.4,2.8,-5.48,0,0,1,116
-12.96,2.21,-7.21,0,0,1,116
-9.76,0.69,-5.73,0,0,1,116
-7.53,0.1,-3.2,0,0,1,116
-6.18,0.29,-2.38,0,0,1,116
-6.26,0.22,-3.28,0,0,1,116
-6.91,0.02,-4.24,0,0,1,116
-7.41,-0.45,-4.79,0,0,1,116
-6.82,-1.0,-5.31,0,0,1,116
-5.09,-1.1,-4.86,0,0,1,116
-3.31,0.06,-3.31,0,0,1,116
-2.65,0.68,-0.76,0,0,1,116
-2.13,2.47,-0.2,0,0,1,116
-5.33,7.31,-1.12,0,0,1,116
-10.47,7.78,-1.88,0,0,1,116
-11.28,1.65,-12.32,0,0,1,116
-6.7,-0.84,-3.15,0,0,1,117
-5.54,-1.8,-1.81,0,0,1,117
-5.37,-1.07,-2.73,0,0,1,117
-6.27,-0.33,-3.43,0,0,1,117
-5.89,-0.18,-3.2,0,0,1,117
-5.44,-0.09,-3.63,0,0,1,117
-2.85,1.03,-3.76,0,0,1,117
-2.52,1.51,-2.32,0,0,1,117
-3.23,2.34,0.05,0,0,1,117
-9.15,3.04,-0.35,0,0,1,117
-12.49,5.6,-3.91,0,0,1,117
-12.01,1.32,-9.28,0,0,1,117
-12.35,-2.29,-9.72,0,0,1,117
-9.87,-1.68,-4.98,0,0,1,117
-8.47,3.97,-0.67,0,0,1,117
-14.57,7.7,-5.01,0,0,1,117
-16.78,6.63,-10.95,0,0,1,117
-15.8,2.72,-9.6,0,0,1,117
-15.24,0.59,-7.46,0,0,1,117
-14.2,1.57,-6.75,0,0,1,117
-12.84,2.19,-6.22,0,0,1,117
-11.29,2.04,-6.15,0,0,1,117
-10.1,1.85,-5.92,0,0,1,117
-8.55,1.49,-5.2,0,0,1,117
-6.9,0.84,-4.31,0,0,1,117
-4.48,0.4,-3.34,0,0,1,117
-2.79,-0.3,-1.71,0,0,1,117
-1.46,-1.12,0.03,0,0,1,117
-0.49,-1.25,0.28,0,0,1,117
-1.24,-1.08,-0.94,0,0,1,117
-4.62,-1.2,-2.25,0,0,1,117
-7.76,-1.96,-4.59,0,0,1,117
-11.55,-0.41,-7.0,0,0,1,117
-14.08,1.75,-5.53,0,0,1,117
-13.4,2.8,-5.48,0,0,1,117
-12.96,2.21,-7.21,0,0,1,117
-9.76,0.69,-5.73,0,0,1,117
-7.53,0.1,-3.2,0,0,1,117
-6.18,0.29,-2.38,0,0,1,117
-6.26,0.22,-3.28,0,0,1,117
-6.91,0.02,-4.24,0,0,1,117
-7.41,-0.45,-4.79,0,0,1,117
-6.82,-1.0,-5.31,0,0,1,117
-5.09,-1.1,-4.86,0,0,1,117
-3.31,0.06,-3.31,0,0,1,117
-2.65,0.68,-0.76,0,0,1,117
-2.13,2.47,-0.2,0,0,1,117
-5.33,7.31,-1.12,0,0,1,117
-10.47,7.78,-1.88,0,0,1,117
-11.28,1.65,-12.32,0,0,1,117
-16.45,-1.07,-15.8,0,0,1,117
-9.92,0.9,-6.94,0,0,1,117
-7.53,0.12,1.73,0,0,1,117
-12.37,2.51,-1.4,0,0,1,117
-15.84,3.17,-7.97,0,0,1,117
-16.48,2.71,-11.58,0,0,1,117
-16.27,3.99,-10.51,0,0,1,117
-13.86,4.27,-6.53,0,0,1,117
-12.03,2.36,-4.96,0,0,1,117
-10.46,0.41,-6.09,0,0,1,117
-8.16,-0.02,-6.17,0,0,1,117
-6.5,0.91,-4.5,0,0,1,117
-5.41,1.26,-2.91,0,0,1,117
-3.95,0.92,-2.33,0,0,1,117
-2.7,0.55,-1.45,0,0,1,117
-1.32,0.72,-0.42,0,0,1,117
-1.26,-0.07,0.59,0,0,1,117
-4.12,-1.06,-0.58,0,0,1,117
-8.98,-3.22,-5.58,0,0,1,117
-11.54,0.42,-6.11,0,0,1,117
-11.49,3.3,-5.19,0,0,1,117
-10.67,4.81,-5.13,0,0,1,117
-12.09,1.54,-6.33,0,0,1,117
-11.47,-0.97,-7.42,0,0,1,117
-8.52,-0.64,-5.65,0,0,1,117
-6.72,0.13,-3.35,0,0,1,117
-5.87,1.01,-2.44,0,0,1,117
-6.24,1.79,-2.83,0,0,1,117
-7.79,2.21,-4.58,0,0,1,117
-8.61,2.55,-5.82,0,0,1,117
-9.12,3.03,-6.04,0,0,1,117
-8.97,2.75,-5.87,0,0,1,117
-8.4,1.93,-5.02,0,0,1,117
-8.19,1.09,-4.47,0,0,1,117
-8.27,0.7,-4.5,0,0,1,117
-8.3,0.98,-4.89,0,0,1,117
-8.58,1.02,-5.13,0,0,1,117
-8.67,0.93,-4.9,0,0,1,117
-8.51,1.05,-4.97,0,0,1,117
-8.44,1.21,-5.13,0,0,1,117
-8.62,1.06,-5.25,0,0,1,117
-8.37,0.79,-5.48,0,0,1,117
-7.75,0.83,-5.0,0,0,1,117
-7.46,0.94,-4.35,0,0,1,117
-7.05,1.06,-4.16,0,0,1,117
-6.01,1.35,-4.06,0,0,1,117
-5.04,1.43,-3.88,0,0,1,117
-5.43,2.01,-3.34,0,0,1,117
-6.21,3.78,-1.82,0,0,1,117
-7.25,6.7,-1.6,0,0,1,117
-16.45,-1.07,-15.8,0,0,1,118
-9.92,0.9,-6.94,0,0,1,118
-7.53,0.12,1.73,0,0,1,118
-12.37,2.51,-1.4,0,0,1,118
-15.84,3.17,-7.97,0,0,1,118
-16.48,2.71,-11.58,0,0,1,118
-16.27,3.99,-10.51,0,0,1,118
-13.86,4.27,-6.53,0,0,1,118
-12.03,2.36,-4.96,0,0,1,118
-10.46,0.41,-6.09,0,0,1,118
-8.16,-0.02,-6.17,0,0,1,118
-6.5,0.91,-4.5,0,0,1,118
-5.41,1.26,-2.91,0,0,1,118
-3.95,0.92,-2.33,0,0,1,118
-2.7,0.55,-1.45,0,0,1,118
-1.32,0.72,-0.42,0,0,1,118
-1.26,-0.07,0.59,0,0,1,118
-4.12,-1.06,-0.58,0,0,1,118
-8.98,-3.22,-5.58,0,0,1,118
-11.54,0.42,-6.11,0,0,1,118
-11.49,3.3,-5.19,0,0,1,118
-10.67,4.81,-5.13,0,0,1,118
-12.09,1.54,-6.33,0,0,1,118
-11.47,-0.97,-7.42,0,0,1,118
-8.52,-0.64,-5.65,0,0,1,118
-6.72,0.13,-3.35,0,0,1,118
-5.87,1.01,-2.44,0,0,1,118
-6.24,1.79,-2.83,0,0,1,118
-7.79,2.21,-4.58,0,0,1,118
-8.61,2.55,-5.82,0,0,1,118
-9.12,3.03,-6.04,0,0,1,118
-8.97,2.75,-5.87,0,0,1,118
-8.4,1.93,-5.02,0,0,1,118
-8.19,1.09,-4.47,0,0,1,118
-8.27,0.7,-4.5,0,0,1,118
-8.3,0.98,-4.89,0,0,1,118
-8.58,1.02,-5.13,0,0,1,118
-8.67,0.93,-4.9,0,0,1,118
-8.51,1.05,-4.97,0,0,1,118
-8.44,1.21,-5.13,0,0,1,118
-8.62,1.06,-5.25,0,0,1,118
-8.37,0.79,-5.48,0,0,1,118
-7.75,0.83,-5.0,0,0,1,118
-7.46,0.94,-4.35,0,0,1,118
-7.05,1.06,-4.16,0,0,1,118
-6.01,1.35,-4.06,0,0,1,118
-5.04,1.43,-3.88,0,0,1,118
-5.43,2.01,-3.34,0,0,1,118
-6.21,3.78,-1.82,0,0,1,118
-7.25,6.7,-1.6,0,0,1,118
-9.45,7.43,-3.5,0,0,1,118
-11.04,4.56,-7.02,0,0,1,118
-11.5,-0.61,-11.9,0,0,1,118
-11.65,-4.21,-14.07,0,0,1,118
-10.47,-6.05,-11.56,0,0,1,118
-8.22,-4.35,-5.64,0,0,1,118
-9.92,-1.87,-5.75,0,0,1,118
-11.85,-1.01,-8.44,0,0,1,118
-9.96,-1.18,-8.23,0,0,1,118
-8.37,-1.21,-7.02,0,0,1,118
-8.13,-0.38,-6.5,0,0,1,118
-7.87,1.13,-6.35,0,0,1,118
-7.42,1.05,-6.66,0,0,1,118
-6.63,-0.22,-6.96,0,0,1,118
-5.82,-1.22,-7.77,0,0,1,118
-4.06,-0.98,-8.64,0,0,1,118
-4.22,-0.42,-8.54,0,0,1,118
-3.1,1.97,-7.12,0,0,1,118
-3.25,6.58,-5.55,0,0,1,118
-4.09,11.91,-4.35,0,0,1,118
-6.12,14.2,-3.04,0,0,1,118
-7.61,13.64,-3.58,0,0,1,118
-7.47,11.77,-4.28,0,0,1,118
-7.23,9.89,-4.01,0,0,1,118
-7.06,8.5,-4.76,0,0,1,118
-7.9,8.2,-6.52,0,0,1,118
-8.63,8.35,-6.87,0,0,1,118
-7.69,8.41,-6.61,0,0,1,118
-6.63,7.16,-7.06,0,0,1,118
-5.86,5.56,-7.57,0,0,1,118
-5.31,3.86,-8.51,0,0,1,118
-5.46,2.16,-9.64,0,0,1,118
-5.53,0.31,-9.12,0,0,1,118
-6.61,-2.07,-7.96,0,0,1,118
-7.03,-5.02,-6.44,0,0,1,118
-7.55,-6.44,-6.04,0,0,1,118
-8.44,-7.14,-6.0,0,0,1,118
-8.86,-6.7,-6.03,0,0,1,118
-8.75,-6.08,-6.27,0,0,1,118
-8.08,-5.27,-6.09,0,0,1,118
-8.18,-4.12,-5.99,0,0,1,118
-8.73,-3.18,-7.63,0,0,1,118
-10.58,-2.42,-9.01,0,0,1,118
-11.96,-1.01,-8.77,0,0,1,118
-11.0,0.4,-7.82,0,0,1,118
-9.26,0.89,-8.14,0,0,1,118
-7.81,0.84,-8.15,0,0,1,118
-6.21,1.65,-7.76,0,0,1,118
-4.96,3.45,-6.73,0,0,1,118
-4.96,5.41,-4.95,0,0,1,118
-9.45,7.43,-3.5,0,0,1,119
-11.04,4.56,-7.02,0,0,1,119
-11.5,-0.61,-11.9,0,0,1,119
-11.65,-4.21,-14.07,0,0,1,119
-10.47,-6.05,-11.56,0,0,1,119
-8.22,-4.35,-5.64,0,0,1,119
-9.92,-1.87,-5.75,0,0,1,119
-11.85,-1.01,-8.44,0,0,1,119
-9.96,-1.18,-8.23,0,0,1,119
-8.37,-1.21,-7.02,0,0,1,119
-8.13,-0.38,-6.5,0,0,1,119
-7.87,1.13,-6.35,0,0,1,119
-7.42,1.05,-6.66,0,0,1,119
-6.63,-0.22,-6.96,0,0,1,119
-5.82,-1.22,-7.77,0,0,1,119
-4.06,-0.98,-8.64,0,0,1,119
-4.22,-0.42,-8.54,0,0,1,119
-3.1,1.97,-7.12,0,0,1,119
-3.25,6.58,-5.55,0,0,1,119
-4.09,11.91,-4.35,0,0,1,119
-6.12,14.2,-3.04,0,0,1,119
-7.61,13.64,-3.58,0,0,1,119
-7.47,11.77,-4.28,0,0,1,119
-7.23,9.89,-4.01,0,0,1,119
-7.06,8.5,-4.76,0,0,1,119
-7.9,8.2,-6.52,0,0,1,119
-8.63,8.35,-6.87,0,0,1,119
-7.69,8.41,-6.61,0,0,1,119
-6.63,7.16,-7.06,0,0,1,119
-5.86,5.56,-7.57,0,0,1,119
-5.31,3.86,-8.51,0,0,1,119
-5.46,2.16,-9.64,0,0,1,119
-5.53,0.31,-9.12,0,0,1,119
-6.61,-2.07,-7.96,0,0,1,119
-7.03,-5.02,-6.44,0,0,1,119
-7.55,-6.44,-6.04,0,0,1,119
-8.44,-7.14,-6.0,0,0,1,119
-8.86,-6.7,-6.03,0,0,1,119
-8.75,-6.08,-6.27,0,0,1,119
-8.08,-5.27,-6.09,0,0,1,119
-8.18,-4.12,-5.99,0,0,1,119
-8.73,-3.18,-7.63,0,0,1,119
-10.58,-2.42,-9.01,0,0,1,119
-11.96,-1.01,-8.77,0,0,1,119
-11.0,0.4,-7.82,0,0,1,119
-9.26,0.89,-8.14,0,0,1,119
-7.81,0.84,-8.15,0,0,1,119
-6.21,1.65,-7.76,0,0,1,119
-4.96,3.45,-6.73,0,0,1,119
-4.96,5.41,-4.95,0,0,1,119
-5.19,6.51,-3.49,0,0,1,119
-6.02,6.89,-2.71,0,0,1,119
-6.22,7.27,-2.7,0,0,1,119
-6.81,7.38,-2.85,0,0,1,119
-6.1,7.69,-3.22,0,0,1,119
-5.97,8.81,-3.02,0,0,1,119
-5.98,10.45,-2.77,0,0,1,119
-6.68,11.32,-3.24,0,0,1,119
-7.38,11.29,-5.03,0,0,1,119
-7.71,9.51,-8.48,0,0,1,119
-7.97,7.19,-10.74,0,0,1,119
-6.72,4.98,-10.57,0,0,1,119
-4.79,3.74,-9.41,0,0,1,119
-4.67,2.3,-8.77,0,0,1,119
-5.87,0.29,-8.91,0,0,1,119
-7.27,-2.62,-9.03,0,0,1,119
-7.89,-4.28,-8.19,0,0,1,119
-7.51,-4.9,-8.19,0,0,1,119
-9.25,-5.47,-8.21,0,0,1,119
-9.58,-6.04,-9.01,0,0,1,119
-8.57,-7.02,-8.47,0,0,1,119
-8.22,-7.9,-6.36,0,0,1,119
-7.1,-8.63,-4.02,0,0,1,119
-6.89,-6.92,-3.55,0,0,1,119
-9.81,-3.1,-5.41,0,0,1,119
-11.29,-0.3,-7.88,0,0,1,119
-10.96,-0.71,-9.13,0,0,1,119
-9.13,-1.25,-8.47,0,0,1,119
-6.91,-1.02,-7.54,0,0,1,119
-6.09,0.2,-7.02,0,0,1,119
-6.09,1.54,-7.04,0,0,1,119
-6.16,2.4,-6.64,0,0,1,119
-5.82,3.11,-6.41,0,0,1,119
-5.75,3.58,-5.89,0,0,1,119
-5.31,4.46,-5.09,0,0,1,119
-5.14,5.83,-3.36,0,0,1,119
-5.16,7.2,-2.16,0,0,1,119
-5.9,8.57,-2.58,0,0,1,119
-7.38,10.19,-3.43,0,0,1,119
-8.41,11.63,-4.29,0,0,1,119
-10.04,11.99,-5.59,0,0,1,119
-10.8,11.02,-7.33,0,0,1,119
-10.31,8.82,-7.28,0,0,1,119
-7.55,6.74,-5.95,0,0,1,119
-6.15,4.68,-4.83,0,0,1,119
-5.5,4.15,-5.15,0,0,1,119
-6.1,3.68,-5.76,0,0,1,119
-5.98,3.41,-6.88,0,0,1,119
-6.02,1.79,-7.32,0,0,1,119
-6.65,0.15,-7.34,0,0,1,119
-5.19,6.51,-3.49,0,0,1,120
-6.02,6.89,-2.71,0,0,1,120
-6.22,7.27,-2.7,0,0,1,120
-6.81,7.38,-2.85,0,0,1,120
-6.1,7.69,-3.22,0,0,1,120
-5.97,8.81,-3.02,0,0,1,120
-5.98,10.45,-2.77,0,0,1,120
-6.68,11.32,-3.24,0,0,1,120
-7.38,11.29,-5.03,0,0,1,120
-7.71,9.51,-8.48,0,0,1,120
-7.97,7.19,-10.74,0,0,1,120
-6.72,4.98,-10.57,0,0,1,120
-4.79,3.74,-9.41,0,0,1,120
-4.67,2.3,-8.77,0,0,1,120
-5.87,0.29,-8.91,0,0,1,120
-7.27,-2.62,-9.03,0,0,1,120
-7.89,-4.28,-8.19,0,0,1,120
-7.51,-4.9,-8.19,0,0,1,120
-9.25,-5.47,-8.21,0,0,1,120
-9.58,-6.04,-9.01,0,0,1,120
-8.57,-7.02,-8.47,0,0,1,120
-8.22,-7.9,-6.36,0,0,1,120
-7.1,-8.63,-4.02,0,0,1,120
-6.89,-6.92,-3.55,0,0,1,120
-9.81,-3.1,-5.41,0,0,1,120
-11.29,-0.3,-7.88,0,0,1,120
-10.96,-0.71,-9.13,0,0,1,120
-9.13,-1.25,-8.47,0,0,1,120
-6.91,-1.02,-7.54,0,0,1,120
-6.09,0.2,-7.02,0,0,1,120
-6.09,1.54,-7.04,0,0,1,120
-6.16,2.4,-6.64,0,0,1,120
-5.82,3.11,-6.41,0,0,1,120
-5.75,3.58,-5.89,0,0,1,120
-5.31,4.46,-5.09,0,0,1,120
-5.14,5.83,-3.36,0,0,1,120
-5.16,7.2,-2.16,0,0,1,120
-5.9,8.57,-2.58,0,0,1,120
-7.38,10.19,-3.43,0,0,1,120
-8.41,11.63,-4.29,0,0,1,120
-10.04,11.99,-5.59,0,0,1,120
-10.8,11.02,-7.33,0,0,1,120
-10.31,8.82,-7.28,0,0,1,120
-7.55,6.74,-5.95,0,0,1,120
-6.15,4.68,-4.83,0,0,1,120
-5.5,4.15,-5.15,0,0,1,120
-6.1,3.68,-5.76,0,0,1,120
-5.98,3.41,-6.88,0,0,1,120
-6.02,1.79,-7.32,0,0,1,120
-6.65,0.15,-7.34,0,0,1,120
-6.99,-1.59,-6.53,0,0,1,120
-7.02,-2.8,-6.27,0,0,1,120
-7.1,-3.64,-6.16,0,0,1,120
-7.74,-3.92,-5.78,0,0,1,120
-8.87,-3.95,-5.62,0,0,1,120
-9.79,-3.56,-6.29,0,0,1,120
-10.35,-2.71,-6.72,0,0,1,120
-10.31,-1.32,-6.84,0,0,1,120
-9.82,-0.48,-6.46,0,0,1,120
-8.9,0.31,-5.93,0,0,1,120
-8.28,1.07,-5.31,0,0,1,120
-7.88,1.75,-4.9,0,0,1,120
-8.04,2.23,-4.81,0,0,1,120
-7.9,2.83,-4.78,0,0,1,120
-7.98,3.53,-4.51,0,0,1,120
-8.0,3.75,-4.5,0,0,1,120
-7.78,3.48,-4.63,0,0,1,120
-7.54,2.81,-4.67,0,0,1,120
-7.38,1.93,-4.27,0,0,1,120
-7.2,1.18,-3.88,0,0,1,120
-7.02,0.72,-3.55,0,0,1,120
-7.25,0.52,-3.44,0,0,1,120
-8.46,0.17,-3.73,0,0,1,120
-10.15,0.06,-4.79,0,0,1,120
-11.77,0.21,-6.27,0,0,1,120
-11.1,0.65,-7.25,0,0,1,120
-9.16,1.17,-6.05,0,0,1,120
-8.21,1.1,-4.57,0,0,1,120
-7.83,0.9,-4.19,0,0,1,120
-7.66,0.69,-4.24,0,0,1,120
-7.58,0.69,-4.51,0,0,1,120
-7.67,0.74,-4.78,0,0,1,120
-7.41,0.87,-4.87,0,0,1,120
-7.54,1.03,-4.98,0,0,1,120
-7.11,0.99,-4.7,0,0,1,120
-6.76,0.74,-4.18,0,0,1,120
-6.43,0.44,-3.4,0,0,1,120
-6.0,0.6,-3.16,0,0,1,120
-5.92,1.66,-3.76,0,0,1,120
-6.98,2.56,-5.37,0,0,1,120
-9.15,2.64,-6.92,0,0,1,120
-10.13,3.82,-6.36,0,0,1,120
-10.61,6.29,-5.41,0,0,1,120
-12.33,8.23,-6.05,0,0,1,120
-13.52,7.96,-7.84,0,0,1,120
-12.62,6.72,-8.23,0,0,1,120
-9.91,5.61,-6.46,0,0,1,120
-8.19,4.05,-4.04,0,0,1,120
-7.04,2.0,-2.88,0,0,1,120
-5.65,0.48,-2.64,0,0,1,120
-6.99,-1.59,-6.53,0,0,1,121
-7.02,-2.8,-6.27,0,0,1,121
-7.1,-3.64,-6.16,0,0,1,121
-7.74,-3.92,-5.78,0,0,1,121
-8.87,-3.95,-5.62,0,0,1,121
-9.79,-3.56,-6.29,0,0,1,121
-10.35,-2.71,-6.72,0,0,1,121
-10.31,-1.32,-6.84,0,0,1,121
-9.82,-0.48,-6.46,0,0,1,121
-8.9,0.31,-5.93,0,0,1,121
-8.28,1.07,-5.31,0,0,1,121
-7.88,1.75,-4.9,0,0,1,121
-8.04,2.23,-4.81,0,0,1,121
-7.9,2.83,-4.78,0,0,1,121
-7.98,3.53,-4.51,0,0,1,121
-8.0,3.75,-4.5,0,0,1,121
-7.78,3.48,-4.63,0,0,1,121
-7.54,2.81,-4.67,0,0,1,121
-7.38,1.93,-4.27,0,0,1,121
-7.2,1.18,-3.88,0,0,1,121
-7.02,0.72,-3.55,0,0,1,121
-7.25,0.52,-3.44,0,0,1,121
-8.46,0.17,-3.73,0,0,1,121
-10.15,0.06,-4.79,0,0,1,121
-11.77,0.21,-6.27,0,0,1,121
-11.1,0.65,-7.25,0,0,1,121
-9.16,1.17,-6.05,0,0,1,121
-8.21,1.1,-4.57,0,0,1,121
-7.83,0.9,-4.19,0,0,1,121
-7.66,0.69,-4.24,0,0,1,121
-7.58,0.69,-4.51,0,0,1,121
-7.67,0.74,-4.78,0,0,1,121
-7.41,0.87,-4.87,0,0,1,121
-7.54,1.03,-4.98,0,0,1,121
-7.11,0.99,-4.7,0,0,1,121
-6.76,0.74,-4.18,0,0,1,121
-6.43,0.44,-3.4,0,0,1,121
-6.0,0.6,-3.16,0,0,1,121
-5.92,1.66,-3.76,0,0,1,121
-6.98,2.56,-5.37,0,0,1,121
-9.15,2.64,-6.92,0,0,1,121
-10.13,3.82,-6.36,0,0,1,121
-10.61,6.29,-5.41,0,0,1,121
-12.33,8.23,-6.05,0,0,1,121
-13.52,7.96,-7.84,0,0,1,121
-12.62,6.72,-8.23,0,0,1,121
-9.91,5.61,-6.46,0,0,1,121
-8.19,4.05,-4.04,0,0,1,121
-7.04,2.0,-2.88,0,0,1,121
-5.65,0.48,-2.64,0,0,1,121
-4.81,-0.7,-2.51,0,0,1,121
-5.02,-1.25,-2.74,0,0,1,121
-5.5,-1.31,-3.51,0,0,1,121
-5.53,-1.0,-2.97,0,0,1,121
-6.7,-0.28,-2.85,0,0,1,121
-8.61,0.25,-4.41,0,0,1,121
-10.2,-0.01,-5.98,0,0,1,121
-11.41,-0.45,-5.88,0,0,1,121
-11.65,-0.08,-5.35,0,0,1,121
-10.63,0.28,-6.07,0,0,1,121
-9.35,-0.15,-6.11,0,0,1,121
-8.19,-0.07,-5.37,0,0,1,121
-6.91,0.46,-4.07,0,0,1,121
-6.38,0.9,-3.53,0,0,1,121
-6.75,1.43,-3.46,0,0,1,121
-7.67,1.8,-3.95,0,0,1,121
-8.22,2.03,-4.65,0,0,1,121
-8.1,1.51,-4.86,0,0,1,121
-7.38,0.57,-4.46,0,0,1,121
-6.42,0.8,-3.8,0,0,1,121
-5.58,2.16,-3.06,0,0,1,121
-6.02,4.37,-3.14,0,0,1,121
-8.63,6.39,-4.4,0,0,1,121
-12.08,5.99,-6.19,0,0,1,121
-12.64,4.6,-6.77,0,0,1,121
-11.36,3.73,-7.04,0,0,1,121
-10.12,2.95,-7.3,0,0,1,121
-9.66,2.73,-7.4,0,0,1,121
-9.64,2.53,-7.14,0,0,1,121
-9.0,1.04,-5.45,0,0,1,121
-7.16,-0.77,-3.53,0,0,1,121
-6.03,-1.53,-2.62,0,0,1,121
-6.2,-1.24,-3.4,0,0,1,121
-7.22,0.29,-4.75,0,0,1,121
-7.72,1.61,-5.53,0,0,1,121
-7.7,2.1,-4.91,0,0,1,121
-7.84,2.03,-4.32,0,0,1,121
-7.93,1.87,-4.46,0,0,1,121
-8.23,1.55,-4.99,0,0,1,121
-8.65,1.28,-5.05,0,0,1,121
-8.83,1.09,-4.95,0,0,1,121
-9.13,1.02,-5.02,0,0,1,121
-9.16,1.19,-5.19,0,0,1,121
-8.85,1.19,-5.06,0,0,1,121
-8.27,1.2,-4.83,0,0,1,121
-7.79,1.2,-4.53,0,0,1,121
-7.4,1.05,-4.34,0,0,1,121
-7.04,0.82,-4.03,0,0,1,121
-6.65,0.8,-3.99,0,0,1,121
-7.0,0.39,-3.71,0,0,1,121
-4.81,-0.7,-2.51,0,0,1,122
-5.02,-1.25,-2.74,0,0,1,122
-5.5,-1.31,-3.51,0,0,1,122
-5.53,-1.0,-2.97,0,0,1,122
-6.7,-0.28,-2.85,0,0,1,122
-8.61,0.25,-4.41,0,0,1,122
-10.2,-0.01,-5.98,0,0,1,122
-11.41,-0.45,-5.88,0,0,1,122
-11.65,-0.08,-5.35,0,0,1,122
-10.63,0.28,-6.07,0,0,1,122
-9.35,-0.15,-6.11,0,0,1,122
-8.19,-0.07,-5.37,0,0,1,122
-6.91,0.46,-4.07,0,0,1,122
-6.38,0.9,-3.53,0,0,1,122
-6.75,1.43,-3.46,0,0,1,122
-7.67,1.8,-3.95,0,0,1,122
-8.22,2.03,-4.65,0,0,1,122
-8.1,1.51,-4.86,0,0,1,122
-7.38,0.57,-4.46,0,0,1,122
-6.42,0.8,-3.8,0,0,1,122
-5.58,2.16,-3.06,0,0,1,122
-6.02,4.37,-3.14,0,0,1,122
-8.63,6.39,-4.4,0,0,1,122
-12.08,5.99,-6.19,0,0,1,122
-12.64,4.6,-6.77,0,0,1,122
-11.36,3.73,-7.04,0,0,1,122
-10.12,2.95,-7.3,0,0,1,122
-9.66,2.73,-7.4,0,0,1,122
-9.64,2.53,-7.14,0,0,1,122
-9.0,1.04,-5.45,0,0,1,122
-7.16,-0.77,-3.53,0,0,1,122
-6.03,-1.53,-2.62,0,0,1,122
-6.2,-1.24,-3.4,0,0,1,122
-7.22,0.29,-4.75,0,0,1,122
-7.72,1.61,-5.53,0,0,1,122
-7.7,2.1,-4.91,0,0,1,122
-7.84,2.03,-4.32,0,0,1,122
-7.93,1.87,-4.46,0,0,1,122
-8.23,1.55,-4.99,0,0,1,122
-8.65,1.28,-5.05,0,0,1,122
-8.83,1.09,-4.95,0,0,1,122
-9.13,1.02,-5.02,0,0,1,122
-9.16,1.19,-5.19,0,0,1,122
-8.85,1.19,-5.06,0,0,1,122
-8.27,1.2,-4.83,0,0,1,122
-7.79,1.2,-4.53,0,0,1,122
-7.4,1.05,-4.34,0,0,1,122
-7.04,0.82,-4.03,0,0,1,122
-6.65,0.8,-3.99,0,0,1,122
-7.0,0.39,-3.71,0,0,1,122
-7.84,1.0,-3.56,0,0,1,122
-8.72,1.69,-4.57,0,0,1,122
-9.55,1.67,-6.65,0,0,1,122
-8.64,1.71,-6.99,0,0,1,122
-7.5,1.32,-4.9,0,0,1,122
-7.0,2.35,-1.63,0,0,1,122
-7.19,4.55,-0.54,0,0,1,122
-8.66,7.3,-2.88,0,0,1,122
-10.56,8.96,-5.96,0,0,1,122
-11.97,9.64,-8.81,0,0,1,122
-12.69,8.54,-9.12,0,0,1,122
-9.98,5.53,-5.82,0,0,1,122
-7.15,3.37,-1.13,0,0,1,122
-6.01,2.85,-0.88,0,0,1,122
-6.82,3.44,-3.07,0,0,1,122
-6.96,3.22,-4.22,0,0,1,122
-6.25,2.75,-3.2,0,0,1,122
-5.34,2.29,-1.57,0,0,1,122
-5.35,2.04,-0.88,0,0,1,122
-5.76,2.19,-1.41,0,0,1,122
-6.85,3.0,-2.63,0,0,1,122
-7.99,4.06,-4.58,0,0,1,122
-8.78,4.24,-5.33,0,0,1,122
-9.3,4.63,-4.61,0,0,1,122
-12.79,2.85,-5.01,0,0,1,122
-12.02,2.65,-7.31,0,0,1,122
-10.8,2.13,-5.81,0,0,1,122
-9.82,1.2,-3.6,0,0,1,122
-9.66,0.83,-3.38,0,0,1,122
-9.64,1.31,-4.52,0,0,1,122
-8.44,1.39,-3.7,0,0,1,122
-7.37,1.94,-2.51,0,0,1,122
-7.24,2.02,-2.51,0,0,1,122
-8.36,1.25,-4.2,0,0,1,122
-9.52,0.33,-5.75,0,0,1,122
-8.95,-0.71,-6.04,0,0,1,122
-8.66,-1.1,-4.98,0,0,1,122
-7.66,-0.67,-3.76,0,0,1,122
-7.45,0.57,-3.3,0,0,1,122
-7.79,1.42,-3.82,0,0,1,122
-7.89,1.73,-4.8,0,0,1,122
-8.69,1.41,-5.45,0,0,1,122
-8.98,0.36,-5.12,0,0,1,122
-8.83,-0.48,-4.65,0,0,1,122
-8.13,-0.61,-4.67,0,0,1,122
-8.46,0.14,-5.48,0,0,1,122
-9.18,0.97,-6.05,0,0,1,122
-8.93,1.96,-5.51,0,0,1,122
-8.4,2.47,-4.71,0,0,1,122
-7.91,2.75,-4.1,0,0,1,122
-7.84,1.0,-3.56,0,0,1,123
-8.72,1.69,-4.57,0,0,1,123
-9.55,1.67,-6.65,0,0,1,123
-8.64,1.71,-6.99,0,0,1,123
-7.5,1.32,-4.9,0,0,1,123
-7.0,2.35,-1.63,0,0,1,123
-7.19,4.55,-0.54,0,0,1,123
-8.66,7.3,-2.88,0,0,1,123
-10.56,8.96,-5.96,0,0,1,123
-11.97,9.64,-8.81,0,0,1,123
-12.69,8.54,-9.12,0,0,1,123
-9.98,5.53,-5.82,0,0,1,123
-7.15,3.37,-1.13,0,0,1,123
-6.01,2.85,-0.88,0,0,1,123
-6.82,3.44,-3.07,0,0,1,123
-6.96,3.22,-4.22,0,0,1,123
-6.25,2.75,-3.2,0,0,1,123
-5.34,2.29,-1.57,0,0,1,123
-5.35,2.04,-0.88,0,0,1,123
-5.76,2.19,-1.41,0,0,1,123
-6.85,3.0,-2.63,0,0,1,123
-7.99,4.06,-4.58,0,0,1,123
-8.78,4.24,-5.33,0,0,1,123
-9.3,4.63,-4.61,0,0,1,123
-12.79,2.85,-5.01,0,0,1,123
-12.02,2.65,-7.31,0,0,1,123
-10.8,2.13,-5.81,0,0,1,123
-9.82,1.2,-3.6,0,0,1,123
-9.66,0.83,-3.38,0,0,1,123
-9.64,1.31,-4.52,0,0,1,123
-8.44,1.39,-3.7,0,0,1,123
-7.37,1.94,-2.51,0,0,1,123
-7.24,2.02,-2.51,0,0,1,123
-8.36,1.25,-4.2,0,0,1,123
-9.52,0.33,-5.75,0,0,1,123
-8.95,-0.71,-6.04,0,0,1,123
-8.66,-1.1,-4.98,0,0,1,123
-7.66,-0.67,-3.76,0,0,1,123
-7.45,0.57,-3.3,0,0,1,123
-7.79,1.42,-3.82,0,0,1,123
-7.89,1.73,-4.8,0,0,1,123
-8.69,1.41,-5.45,0,0,1,123
-8.98,0.36,-5.12,0,0,1,123
-8.83,-0.48,-4.65,0,0,1,123
-8.13,-0.61,-4.67,0,0,1,123
-8.46,0.14,-5.48,0,0,1,123
-9.18,0.97,-6.05,0,0,1,123
-8.93,1.96,-5.51,0,0,1,123
-8.4,2.47,-4.71,0,0,1,123
-7.91,2.75,-4.1,0,0,1,123
-7.79,2.53,-4.1,0,0,1,123
-8.01,2.06,-4.43,0,0,1,123
-8.5,1.97,-4.86,0,0,1,123
-8.66,2.2,-5.02,0,0,1,123
-8.43,2.14,-4.62,0,0,1,123
-8.15,2.02,-3.87,0,0,1,123
-7.96,1.99,-3.88,0,0,1,123
-7.89,2.05,-4.33,0,0,1,123
-7.83,2.61,-4.64,0,0,1,123
-8.07,3.37,-4.82,0,0,1,123
-8.42,3.7,-4.66,0,0,1,123
-8.51,3.19,-4.63,0,0,1,123
-8.39,2.26,-4.91,0,0,1,123
-8.11,1.8,-5.12,0,0,1,123
-7.51,1.67,-5.16,0,0,1,123
-7.45,0.8,-5.23,0,0,1,123
-9.56,1.28,-2.47,0,0,1,123
-8.63,2.88,-2.66,0,0,1,123
-10.88,2.35,-4.92,0,0,1,123
-11.65,0.59,-7.66,0,0,1,123
-10.81,-0.44,-7.53,0,0,1,123
-9.17,0.12,-5.44,0,0,1,123
-8.3,1.97,-3.65,0,0,1,123
-8.26,2.97,-2.78,0,0,1,123
-8.37,2.08,-2.71,0,0,1,123
-8.73,0.32,-3.89,0,0,1,123
-10.01,-1.46,-6.24,0,0,1,123
-10.1,-1.36,-4.65,0,0,1,123
-8.47,-1.1,-2.96,0,0,1,123
-8.94,0.58,-2.34,0,0,1,123
-8.7,2.47,-1.91,0,0,1,123
-9.01,2.49,-1.94,0,0,1,123
-9.2,1.91,-2.64,0,0,1,123
-9.69,1.02,-3.15,0,0,1,123
-10.15,1.07,-3.28,0,0,1,123
-9.7,1.4,-4.25,0,0,1,123
-8.58,1.48,-2.75,0,0,1,123
-8.66,2.23,-2.38,0,0,1,123
-6.99,1.88,-2.09,0,0,1,123
-7.95,1.9,-3.5,0,0,1,123
-6.88,0.79,-2.56,0,0,1,123
-7.27,1.51,-1.53,0,0,1,123
-8.15,1.99,-1.76,0,0,1,123
-8.99,1.03,-3.23,0,0,1,123
-9.24,0.48,-3.53,0,0,1,123
-7.29,0.97,-2.79,0,0,1,123
-9.27,2.09,-4.43,0,0,1,123
-10.85,2.7,-6.57,0,0,1,123
-10.75,2.48,-6.32,0,0,1,123
-9.37,2.25,-4.37,0,0,1,123
-7.79,2.53,-4.1,0,0,1,124
-8.01,2.06,-4.43,0,0,1,124
-8.5,1.97,-4.86,0,0,1,124
-8.66,2.2,-5.02,0,0,1,124
-8.43,2.14,-4.62,0,0,1,124
-8.15,2.02,-3.87,0,0,1,124
-7.96,1.99,-3.88,0,0,1,124
-7.89,2.05,-4.33,0,0,1,124
-7.83,2.61,-4.64,0,0,1,124
-8.07,3.37,-4.82,0,0,1,124
-8.42,3.7,-4.66,0,0,1,124
-8.51,3.19,-4.63,0,0,1,124
-8.39,2.26,-4.91,0,0,1,124
-8.11,1.8,-5.12,0,0,1,124
-7.51,1.67,-5.16,0,0,1,124
-7.45,0.8,-5.23,0,0,1,124
-9.56,1.28,-2.47,0,0,1,124
-8.63,2.88,-2.66,0,0,1,124
-10.88,2.35,-4.92,0,0,1,124
-11.65,0.59,-7.66,0,0,1,124
-10.81,-0.44,-7.53,0,0,1,124
-9.17,0.12,-5.44,0,0,1,124
-8.3,1.97,-3.65,0,0,1,124
-8.26,2.97,-2.78,0,0,1,124
-8.37,2.08,-2.71,0,0,1,124
-8.73,0.32,-3.89,0,0,1,124
-10.01,-1.46,-6.24,0,0,1,124
-10.1,-1.36,-4.65,0,0,1,124
-8.47,-1.1,-2.96,0,0,1,124
-8.94,0.58,-2.34,0,0,1,124
-8.7,2.47,-1.91,0,0,1,124
-9.01,2.49,-1.94,0,0,1,124
-9.2,1.91,-2.64,0,0,1,124
-9.69,1.02,-3.15,0,0,1,124
-10.15,1.07,-3.28,0,0,1,124
-9.7,1.4,-4.25,0,0,1,124
-8.58,1.48,-2.75,0,0,1,124
-8.66,2.23,-2.38,0,0,1,124
-6.99,1.88,-2.09,0,0,1,124
-7.95,1.9,-3.5,0,0,1,124
-6.88,0.79,-2.56,0,0,1,124
-7.27,1.51,-1.53,0,0,1,124
-8.15,1.99,-1.76,0,0,1,124
-8.99,1.03,-3.23,0,0,1,124
-9.24,0.48,-3.53,0,0,1,124
-7.29,0.97,-2.79,0,0,1,124
-9.27,2.09,-4.43,0,0,1,124
-10.85,2.7,-6.57,0,0,1,124
-10.75,2.48,-6.32,0,0,1,124
-9.37,2.25,-4.37,0,0,1,124
-8.76,1.67,-3.37,0,0,1,124
-8.72,1.29,-3.05,0,0,1,124
-8.23,1.27,-2.72,0,0,1,124
-8.82,1.83,-1.7,0,0,1,124
-8.92,1.43,-4.4,0,0,1,124
-8.95,0.69,-5.59,0,0,1,124
-9.13,1.43,-5.0,0,0,1,124
-8.11,1.15,-3.78,0,0,1,124
-8.77,1.17,-3.82,0,0,1,124
-8.6,1.52,-3.32,0,0,1,124
-8.13,2.18,-3.38,0,0,1,124
-8.81,2.19,-4.89,0,0,1,124
-8.24,2.24,-4.52,0,0,1,124
-9.15,1.52,-4.51,0,0,1,124
-9.19,0.68,-6.52,0,0,1,124
-8.55,1.5,-5.37,0,0,1,124
-8.98,1.39,-5.38,0,0,1,124
-7.87,2.69,-4.74,0,0,1,124
-10.34,1.08,-3.82,0,0,1,124
-9.02,0.52,-3.63,0,0,1,124
-8.09,0.28,-2.91,0,0,1,124
-8.21,-0.63,-3.4,0,0,1,124
-8.17,-0.62,-3.7,0,0,1,124
-8.97,-0.72,-3.42,0,0,1,124
-9.25,0.81,-2.64,0,0,1,124
-9.83,-0.27,-3.28,0,0,1,124
-9.32,-1.07,-2.94,0,0,1,124
-9.05,-0.46,-2.09,0,0,1,124
-9.28,0.09,-2.08,0,0,1,124
-8.86,-1.19,-2.22,0,0,1,124
-8.81,-0.76,-1.91,0,0,1,124
-9.58,-0.0,-1.76,0,0,1,124
-9.74,-0.01,-1.67,0,0,1,124
-9.18,-0.61,-1.33,0,0,1,124
-9.73,0.04,-1.34,0,0,1,124
-9.5,-0.6,-1.35,0,0,1,124
-9.54,-0.75,-1.84,0,0,1,124
-10.22,-0.45,-1.58,0,0,1,124
-10.4,0.2,-1.54,0,0,1,124
-9.94,-0.84,-1.59,0,0,1,124
-9.31,-0.92,-0.63,0,0,1,124
-9.03,-0.38,-0.71,0,0,1,124
-9.2,-0.18,-1.4,0,0,1,124
-8.92,-0.5,-2.52,0,0,1,124
-8.98,0.1,-1.6,0,0,1,124
-9.52,0.94,-1.42,0,0,1,124
-9.57,0.13,-2.66,0,0,1,124
-9.09,-0.04,-3.16,0,0,1,124
-9.16,0.21,-3.35,0,0,1,124
-9.12,-0.15,-2.84,0,0,1,124
-8.76,1.67,-3.37,0,0,1,125
-8.72,1.29,-3.05,0,0,1,125
-8.23,1.27,-2.72,0,0,1,125
-8.82,1.83,-1.7,0,0,1,125
-8.92,1.43,-4.4,0,0,1,125
-8.95,0.69,-5.59,0,0,1,125
-9.13,1.43,-5.0,0,0,1,125
-8.11,1.15,-3.78,0,0,1,125
-8.77,1.17,-3.82,0,0,1,125
-8.6,1.52,-3.32,0,0,1,125
-8.13,2.18,-3.38,0,0,1,125
-8.81,2.19,-4.89,0,0,1,125
-8.24,2.24,-4.52,0,0,1,125
-9.15,1.52,-4.51,0,0,1,125
-9.19,0.68,-6.52,0,0,1,125
-8.55,1.5,-5.37,0,0,1,125
-8.98,1.39,-5.38,0,0,1,125
-7.87,2.69,-4.74,0,0,1,125
-10.34,1.08,-3.82,0,0,1,125
-9.02,0.52,-3.63,0,0,1,125
-8.09,0.28,-2.91,0,0,1,125
-8.21,-0.63,-3.4,0,0,1,125
-8.17,-0.62,-3.7,0,0,1,125
-8.97,-0.72,-3.42,0,0,1,125
-9.25,0.81,-2.64,0,0,1,125
-9.83,-0.27,-3.28,0,0,1,125
-9.32,-1.07,-2.94,0,0,1,125
-9.05,-0.46,-2.09,0,0,1,125
-9.28,0.09,-2.08,0,0,1,125
-8.86,-1.19,-2.22,0,0,1,125
-8.81,-0.76,-1.91,0,0,1,125
-9.58,-0.0,-1.76,0,0,1,125
-9.74,-0.01,-1.67,0,0,1,125
-9.18,-0.61,-1.33,0,0,1,125
-9.73,0.04,-1.34,0,0,1,125
-9.5,-0.6,-1.35,0,0,1,125
-9.54,-0.75,-1.84,0,0,1,125
-10.22,-0.45,-1.58,0,0,1,125
-10.4,0.2,-1.54,0,0,1,125
-9.94,-0.84,-1.59,0,0,1,125
-9.31,-0.92,-0.63,0,0,1,125
-9.03,-0.38,-0.71,0,0,1,125
-9.2,-0.18,-1.4,0,0,1,125
-8.92,-0.5,-2.52,0,0,1,125
-8.98,0.1,-1.6,0,0,1,125
-9.52,0.94,-1.42,0,0,1,125
-9.57,0.13,-2.66,0,0,1,125
-9.09,-0.04,-3.16,0,0,1,125
-9.16,0.21,-3.35,0,0,1,125
-9.12,-0.15,-2.84,0,0,1,125
-9.06,-0.14,-2.61,0,0,1,125
-9.3,0.34,-3.04,0,0,1,125
-9.42,0.39,-3.57,0,0,1,125
-9.16,-0.06,-3.5,0,0,1,125
-8.83,-0.24,-2.76,0,0,1,125
-8.91,0.03,-3.08,0,0,1,125
-9.41,0.12,-3.67,0,0,1,125
-9.1,0.1,-2.41,0,0,1,125
-9.15,-0.11,-3.15,0,0,1,125
-8.84,-0.14,-3.02,0,0,1,125
-9.01,-0.13,-3.43,0,0,1,125
-9.18,0.18,-3.61,0,0,1,125
-8.94,-0.13,-3.47,0,0,1,125
-9.16,-0.27,-3.94,0,0,1,125
-8.98,-0.04,-3.95,0,0,1,125
-8.68,-0.97,-3.12,0,0,1,125
-9.39,-0.53,-4.77,0,0,1,125
-9.33,0.05,-4.05,0,0,1,125
-9.11,0.69,-3.7,0,0,1,125
-8.05,0.21,-2.0,0,0,1,125
-8.88,0.03,-3.59,0,0,1,125
-9.25,0.17,-4.17,0,0,1,125
-9.24,0.13,-3.9,0,0,1,125
-9.12,0.01,-3.75,0,0,1,125
-8.99,0.05,-3.5,0,0,1,125
-9.01,-0.01,-3.7,0,0,1,125
-8.94,-0.16,-3.61,0,0,1,125
-8.97,-0.12,-3.57,0,0,1,125
-9.1,-0.13,-3.64,0,0,1,125
-9.1,-0.11,-3.73,0,0,1,125
-8.98,-0.06,-3.72,0,0,1,125
-9.02,-0.01,-3.62,0,0,1,125
-9.15,-0.08,-3.65,0,0,1,125
-8.92,-0.18,-3.69,0,0,1,125
-8.91,-0.06,-3.6,0,0,1,125
-9.14,-0.05,-3.62,0,0,1,125
-8.89,-0.13,-3.71,0,0,1,125
-8.92,-0.3,-3.73,0,0,1,125
-9.2,-0.45,-3.61,0,0,1,125
-8.86,-0.49,-3.48,0,0,1,125
-8.82,-0.31,-3.51,0,0,1,125
-8.94,-0.2,-3.63,0,0,1,125
-8.85,-0.17,-3.73,0,0,1,125
-8.93,-0.13,-3.9,0,0,1,125
-8.75,-0.2,-4.01,0,0,1,125
-8.66,-0.31,-4.46,0,0,1,125
-8.94,-0.37,-4.73,0,0,1,125
-8.77,-0.4,-4.49,0,0,1,125
-8.7,-0.17,-3.75,0,0,1,125
-8.73,0.24,-3.61,0,0,1,125
-9.06,-0.14,-2.61,0,0,1,126
-9.3,0.34,-3.04,0,0,1,126
-9.42,0.39,-3.57,0,0,1,126
-9.16,-0.06,-3.5,0,0,1,126
-8.83,-0.24,-2.76,0,0,1,126
-8.91,0.03,-3.08,0,0,1,126
-9.41,0.12,-3.67,0,0,1,126
-9.1,0.1,-2.41,0,0,1,126
-9.15,-0.11,-3.15,0,0,1,126
-8.84,-0.14,-3.02,0,0,1,126
-9.01,-0.13,-3.43,0,0,1,126
-9.18,0.18,-3.61,0,0,1,126
-8.94,-0.13,-3.47,0,0,1,126
-9.16,-0.27,-3.94,0,0,1,126
-8.98,-0.04,-3.95,0,0,1,126
-8.68,-0.97,-3.12,0,0,1,126
-9.39,-0.53,-4.77,0,0,1,126
-9.33,0.05,-4.05,0,0,1,126
-9.11,0.69,-3.7,0,0,1,126
-8.05,0.21,-2.0,0,0,1,126
-8.88,0.03,-3.59,0,0,1,126
-9.25,0.17,-4.17,0,0,1,126
-9.24,0.13,-3.9,0,0,1,126
-9.12,0.01,-3.75,0,0,1,126
-8.99,0.05,-3.5,0,0,1,126
-9.01,-0.01,-3.7,0,0,1,126
-8.94,-0.16,-3.61,0,0,1,126
-8.97,-0.12,-3.57,0,0,1,126
-9.1,-0.13,-3.64,0,0,1,126
-9.1,-0.11,-3.73,0,0,1,126
-8.98,-0.06,-3.72,0,0,1,126
-9.02,-0.01,-3.62,0,0,1,126
-9.15,-0.08,-3.65,0,0,1,126
-8.92,-0.18,-3.69,0,0,1,126
-8.91,-0.06,-3.6,0,0,1,126
-9.14,-0.05,-3.62,0,0,1,126
-8.89,-0.13,-3.71,0,0,1,126
-8.92,-0.3,-3.73,0,0,1,126
-9.2,-0.45,-3.61,0,0,1,126
-8.86,-0.49,-3.48,0,0,1,126
-8.82,-0.31,-3.51,0,0,1,126
-8.94,-0.2,-3.63,0,0,1,126
-8.85,-0.17,-3.73,0,0,1,126
-8.93,-0.13,-3.9,0,0,1,126
-8.75,-0.2,-4.01,0,0,1,126
-8.66,-0.31,-4.46,0,0,1,126
-8.94,-0.37,-4.73,0,0,1,126
-8.77,-0.4,-4.49,0,0,1,126
-8.7,-0.17,-3.75,0,0,1,126
-8.73,0.24,-3.61,0,0,1,126
-8.8,0.12,-4.48,0,0,1,126
-8.44,-0.37,-5.34,0,0,1,126
-8.42,-0.79,-5.33,0,0,1,126
-8.44,-0.85,-5.05,0,0,1,126
-8.63,0.1,-4.48,0,0,1,126
-8.51,1.16,-4.36,0,0,1,126
-8.77,1.7,-4.32,0,0,1,126
-9.02,1.37,-4.81,0,0,1,126
-9.0,0.92,-4.85,0,0,1,126
-8.98,0.5,-4.59,0,0,1,126
-8.98,0.33,-4.2,0,0,1,126
-8.6,0.2,-4.13,0,0,1,126
-8.48,0.34,-4.23,0,0,1,126
-8.63,0.8,-4.3,0,0,1,126
-8.51,1.16,-4.52,0,0,1,126
-8.5,1.32,-4.66,0,0,1,126
-8.56,1.23,-4.87,0,0,1,126
-8.39,1.12,-4.93,0,0,1,126
-8.27,1.06,-4.86,0,0,1,126
-8.17,1.0,-5.04,0,0,1,126
-8.27,0.62,-5.28,0,0,1,126
-8.04,0.54,-5.48,0,0,1,126
-7.92,0.35,-5.57,0,0,1,126
-7.72,0.06,-5.61,0,0,1,126
-9.24,-0.67,-4.9,0,0,1,126
-9.18,0.61,-3.17,0,0,1,126
-9.75,1.56,-3.85,0,0,1,126
-11.49,0.76,-4.5,0,0,1,126
-11.69,-0.63,-5.75,0,0,1,126
-11.07,-2.05,-6.5,0,0,1,126
-10.25,-2.59,-5.86,0,0,1,126
-9.07,-2.19,-4.25,0,0,1,126
-8.73,-1.68,-3.18,0,0,1,126
-8.53,-1.75,-2.1,0,0,1,126
-7.83,-2.39,-1.49,0,0,1,126
-7.53,-3.08,-1.52,0,0,1,126
-7.04,-3.37,-1.33,0,0,1,126
-7.23,-3.09,-1.2,0,0,1,126
-8.49,-2.21,-2.02,0,0,1,126
-10.27,-1.38,-3.79,0,0,1,126
-11.48,-0.97,-4.56,0,0,1,126
-11.1,-1.14,-4.64,0,0,1,126
-9.45,-1.71,-3.39,0,0,1,126
-8.29,-2.24,-2.1,0,0,1,126
-8.3,-2.41,-1.99,0,0,1,126
-8.44,-1.74,-2.91,0,0,1,126
-9.34,-1.3,-3.78,0,0,1,126
-8.53,-0.71,-3.99,0,0,1,126
-8.22,-1.1,-3.32,0,0,1,126
-7.67,-1.53,-2.49,0,0,1,126
-8.8,0.12,-4.48,0,0,1,127
-8.44,-0.37,-5.34,0,0,1,127
-8.42,-0.79,-5.33,0,0,1,127
-8.44,-0.85,-5.05,0,0,1,127
-8.63,0.1,-4.48,0,0,1,127
-8.51,1.16,-4.36,0,0,1,127
-8.77,1.7,-4.32,0,0,1,127
-9.02,1.37,-4.81,0,0,1,127
-9.0,0.92,-4.85,0,0,1,127
-8.98,0.5,-4.59,0,0,1,127
-8.98,0.33,-4.2,0,0,1,127
-8.6,0.2,-4.13,0,0,1,127
-8.48,0.34,-4.23,0,0,1,127
-8.63,0.8,-4.3,0,0,1,127
-8.51,1.16,-4.52,0,0,1,127
-8.5,1.32,-4.66,0,0,1,127
-8.56,1.23,-4.87,0,0,1,127
-8.39,1.12,-4.93,0,0,1,127
-8.27,1.06,-4.86,0,0,1,127
-8.17,1.0,-5.04,0,0,1,127
-8.27,0.62,-5.28,0,0,1,127
-8.04,0.54,-5.48,0,0,1,127
-7.92,0.35,-5.57,0,0,1,127
-7.72,0.06,-5.61,0,0,1,127
-9.24,-0.67,-4.9,0,0,1,127
-9.18,0.61,-3.17,0,0,1,127
-9.75,1.56,-3.85,0,0,1,127
-11.49,0.76,-4.5,0,0,1,127
-11.69,-0.63,-5.75,0,0,1,127
-11.07,-2.05,-6.5,0,0,1,127
-10.25,-2.59,-5.86,0,0,1,127
-9.07,-2.19,-4.25,0,0,1,127
-8.73,-1.68,-3.18,0,0,1,127
-8.53,-1.75,-2.1,0,0,1,127
-7.83,-2.39,-1.49,0,0,1,127
-7.53,-3.08,-1.52,0,0,1,127
-7.04,-3.37,-1.33,0,0,1,127
-7.23,-3.09,-1.2,0,0,1,127
-8.49,-2.21,-2.02,0,0,1,127
-10.27,-1.38,-3.79,0,0,1,127
-11.48,-0.97,-4.56,0,0,1,127
-11.1,-1.14,-4.64,0,0,1,127
-9.45,-1.71,-3.39,0,0,1,127
-8.29,-2.24,-2.1,0,0,1,127
-8.3,-2.41,-1.99,0,0,1,127
-8.44,-1.74,-2.91,0,0,1,127
-9.34,-1.3,-3.78,0,0,1,127
-8.53,-0.71,-3.99,0,0,1,127
-8.22,-1.1,-3.32,0,0,1,127
-7.67,-1.53,-2.49,0,0,1,127
-6.96,-1.47,-2.33,0,0,1,127
-7.54,-1.63,-2.8,0,0,1,127
-7.81,-1.1,-3.54,0,0,1,127
-8.02,-0.77,-3.89,0,0,1,127
-8.61,-0.86,-3.82,0,0,1,127
-8.75,-1.06,-3.48,0,0,1,127
-9.12,-1.36,-3.15,0,0,1,127
-11.31,-3.65,-2.73,0,0,1,127
-9.85,-3.23,-4.96,0,0,1,127
-7.96,-3.82,-5.6,0,0,1,127
-7.14,-3.17,-2.72,0,0,1,127
-8.45,-0.41,-0.33,0,0,1,127
-9.71,2.99,-1.31,0,0,1,127
-10.48,2.42,-3.54,0,0,1,127
-9.2,-0.98,-6.42,0,0,1,127
-8.85,-3.62,-6.84,0,0,1,127
-9.22,-3.49,-5.7,0,0,1,127
-8.81,-0.95,-3.86,0,0,1,127
-8.44,0.2,-3.54,0,0,1,127
-8.38,-0.71,-5.0,0,0,1,127
-8.43,-2.2,-5.87,0,0,1,127
-7.7,-1.81,-5.45,0,0,1,127
-7.08,-1.31,-4.56,0,0,1,127
-6.72,-1.59,-4.22,0,0,1,127
-7.39,-2.61,-4.44,0,0,1,127
-8.34,-3.09,-3.5,0,0,1,127
-8.24,-1.96,-2.5,0,0,1,127
-8.16,-0.12,-1.63,0,0,1,127
-12.02,-0.23,0.15,0,0,1,127
-9.42,1.35,-1.24,0,0,1,127
-9.1,-1.49,-3.78,0,0,1,127
-9.49,-3.76,-5.55,0,0,1,127
-8.22,-3.94,-3.22,0,0,1,127
-7.65,-2.73,-0.76,0,0,1,127
-8.52,-2.1,-0.44,0,0,1,127
-9.52,-1.89,-1.63,0,0,1,127
-9.82,-2.16,-3.41,0,0,1,127
-10.01,-2.43,-3.85,0,0,1,127
-9.94,-1.67,-3.5,0,0,1,127
-8.83,-1.84,-2.5,0,0,1,127
-8.43,-2.43,-1.6,0,0,1,127
-7.97,-3.25,-1.55,0,0,1,127
-8.68,-4.06,-1.74,0,0,1,127
-9.19,-3.83,-2.71,0,0,1,127
-9.85,-3.0,-3.42,0,0,1,127
-9.67,-1.95,-3.36,0,0,1,127
-9.51,-2.07,-2.57,0,0,1,127
-8.85,-2.3,-1.92,0,0,1,127
-8.94,-3.16,-1.79,0,0,1,127
-9.0,-3.58,-2.11,0,0,1,127
-6.96,-1.47,-2.33,0,0,1,128
-7.54,-1.63,-2.8,0,0,1,128
-7.81,-1.1,-3.54,0,0,1,128
-8.02,-0.77,-3.89,0,0,1,128
-8.61,-0.86,-3.82,0,0,1,128
-8.75,-1.06,-3.48,0,0,1,128
-9.12,-1.36,-3.15,0,0,1,128
-11.31,-3.65,-2.73,0,0,1,128
-9.85,-3.23,-4.96,0,0,1,128
-7.96,-3.82,-5.6,0,0,1,128
-7.14,-3.17,-2.72,0,0,1,128
-8.45,-0.41,-0.33,0,0,1,128
-9.71,2.99,-1.31,0,0,1,128
-10.48,2.42,-3.54,0,0,1,128
-9.2,-0.98,-6.42,0,0,1,128
-8.85,-3.62,-6.84,0,0,1,128
-9.22,-3.49,-5.7,0,0,1,128
-8.81,-0.95,-3.86,0,0,1,128
-8.44,0.2,-3.54,0,0,1,128
-8.38,-0.71,-5.0,0,0,1,128
-8.43,-2.2,-5.87,0,0,1,128
-7.7,-1.81,-5.45,0,0,1,128
-7.08,-1.31,-4.56,0,0,1,128
-6.72,-1.59,-4.22,0,0,1,128
-7.39,-2.61,-4.44,0,0,1,128
-8.34,-3.09,-3.5,0,0,1,128
-8.24,-1.96,-2.5,0,0,1,128
-8.16,-0.12,-1.63,0,0,1,128
-12.02,-0.23,0.15,0,0,1,128
-9.42,1.35,-1.24,0,0,1,128
-9.1,-1.49,-3.78,0,0,1,128
-9.49,-3.76,-5.55,0,0,1,128
-8.22,-3.94,-3.22,0,0,1,128
-7.65,-2.73,-0.76,0,0,1,128
-8.52,-2.1,-0.44,0,0,1,128
-9.52,-1.89,-1.63,0,0,1,128
-9.82,-2.16,-3.41,0,0,1,128
-10.01,-2.43,-3.85,0,0,1,128
-9.94,-1.67,-3.5,0,0,1,128
-8.83,-1.84,-2.5,0,0,1,128
-8.43,-2.43,-1.6,0,0,1,128
-7.97,-3.25,-1.55,0,0,1,128
-8.68,-4.06,-1.74,0,0,1,128
-9.19,-3.83,-2.71,0,0,1,128
-9.85,-3.0,-3.42,0,0,1,128
-9.67,-1.95,-3.36,0,0,1,128
-9.51,-2.07,-2.57,0,0,1,128
-8.85,-2.3,-1.92,0,0,1,128
-8.94,-3.16,-1.79,0,0,1,128
-9.0,-3.58,-2.11,0,0,1,128
-9.32,-4.28,-2.2,0,0,1,128
-8.59,-3.9,-1.97,0,0,1,128
-8.11,-3.24,-1.79,0,0,1,128
-8.76,-2.79,-1.53,0,0,1,128
-8.55,-2.61,-1.8,0,0,1,128
-8.72,-3.27,-1.88,0,0,1,128
-8.45,-4.02,-1.6,0,0,1,128
-8.25,-3.96,-1.59,0,0,1,128
-8.39,-3.55,-1.15,0,0,1,128
-8.25,-3.24,-1.07,0,0,1,128
-8.32,-4.17,-1.31,0,0,1,128
-8.16,-4.91,-1.79,0,0,1,128
-7.84,-4.5,-1.92,0,0,1,128
-8.25,-4.22,-1.48,0,0,1,128
-8.54,-4.16,-1.9,0,0,1,128
-8.61,-3.6,-1.97,0,0,1,128
-9.21,-3.55,-1.83,0,0,1,128
-8.93,-3.36,-1.89,0,0,1,128
-8.59,-3.41,-1.47,0,0,1,128
-8.39,-3.19,-1.77,0,0,1,128
-8.59,-2.65,-2.01,0,0,1,128
-8.65,-2.07,-1.84,0,0,1,128
-8.53,-2.05,-1.19,0,0,1,128
-8.64,-2.13,-1.17,0,0,1,128
-8.87,-1.97,-1.5,0,0,1,128
-9.36,-1.78,-1.62,0,0,1,128
-9.65,-1.62,-1.79,0,0,1,128
-9.91,-1.5,-1.54,0,0,1,128
-10.05,-1.97,-1.77,0,0,1,128
-10.07,-2.17,-1.94,0,0,1,128
-10.15,-2.04,-1.85,0,0,1,128
-10.1,-2.34,-2.04,0,0,1,128
-9.86,-2.66,-2.41,0,0,1,128
-9.78,-2.71,-2.65,0,0,1,128
-9.87,-2.33,-2.48,0,0,1,128
-10.44,-1.9,-2.7,0,0,1,128
-10.12,-1.43,-2.38,0,0,1,128
-10.18,-1.05,-2.27,0,0,1,128
-9.89,-0.91,-2.32,0,0,1,128
-9.8,-0.75,-2.11,0,0,1,128
-9.52,-0.63,-2.06,0,0,1,128
-9.5,-0.57,-2.52,0,0,1,128
-9.38,-0.42,-2.4,0,0,1,128
-9.36,-0.19,-2.39,0,0,1,128
-9.54,0.06,-2.6,0,0,1,128
-9.8,0.22,-2.77,0,0,1,128
-9.87,0.46,-2.98,0,0,1,128
-9.53,0.48,-2.77,0,0,1,128
-9.22,0.27,-2.51,0,0,1,128
-9.38,0.21,-2.77,0,0,1,128
-9.32,-4.28,-2.2,0,0,1,129
-8.59,-3.9,-1.97,0,0,1,129
-8.11,-3.24,-1.79,0,0,1,129
-8.76,-2.79,-1.53,0,0,1,129
-8.55,-2.61,-1.8,0,0,1,129
-8.72,-3.27,-1.88,0,0,1,129
-8.45,-4.02,-1.6,0,0,1,129
-8.25,-3.96,-1.59,0,0,1,129
-8.39,-3.55,-1.15,0,0,1,129
-8.25,-3.24,-1.07,0,0,1,129
-8.32,-4.17,-1.31,0,0,1,129
-8.16,-4.91,-1.79,0,0,1,129
-7.84,-4.5,-1.92,0,0,1,129
-8.25,-4.22,-1.48,0,0,1,129
-8.54,-4.16,-1.9,0,0,1,129
-8.61,-3.6,-1.97,0,0,1,129
-9.21,-3.55,-1.83,0,0,1,129
-8.93,-3.36,-1.89,0,0,1,129
-8.59,-3.41,-1.47,0,0,1,129
-8.39,-3.19,-1.77,0,0,1,129
-8.59,-2.65,-2.01,0,0,1,129
-8.65,-2.07,-1.84,0,0,1,129
-8.53,-2.05,-1.19,0,0,1,129
-8.64,-2.13,-1.17,0,0,1,129
-8.87,-1.97,-1.5,0,0,1,129
-9.36,-1.78,-1.62,0,0,1,129
-9.65,-1.62,-1.79,0,0,1,129
-9.91,-1.5,-1.54,0,0,1,129
-10.05,-1.97,-1.77,0,0,1,129
-10.07,-2.17,-1.94,0,0,1,129
-10.15,-2.04,-1.85,0,0,1,129
-10.1,-2.34,-2.04,0,0,1,129
-9.86,-2.66,-2.41,0,0,1,129
-9.78,-2.71,-2.65,0,0,1,129
-9.87,-2.33,-2.48,0,0,1,129
-10.44,-1.9,-2.7,0,0,1,129
-10.12,-1.43,-2.38,0,0,1,129
-10.18,-1.05,-2.27,0,0,1,129
-9.89,-0.91,-2.32,0,0,1,129
-9.8,-0.75,-2.11,0,0,1,129
-9.52,-0.63,-2.06,0,0,1,129
-9.5,-0.57,-2.52,0,0,1,129
-9.38,-0.42,-2.4,0,0,1,129
-9.36,-0.19,-2.39,0,0,1,129
-9.54,0.06,-2.6,0,0,1,129
-9.8,0.22,-2.77,0,0,1,129
-9.87,0.46,-2.98,0,0,1,129
-9.53,0.48,-2.77,0,0,1,129
-9.22,0.27,-2.51,0,0,1,129
-9.38,0.21,-2.77,0,0,1,129
-9.6,0.29,-2.94,0,0,1,129
-9.33,0.32,-2.7,0,0,1,129
-9.16,0.54,-2.49,0,0,1,129
-9.27,0.73,-2.48,0,0,1,129
-9.47,0.75,-2.69,0,0,1,129
-9.53,0.63,-2.85,0,0,1,129
-9.38,0.64,-2.78,0,0,1,129
-9.33,0.47,-2.59,0,0,1,129
-9.4,0.67,-2.73,0,0,1,129
-9.12,0.98,-2.48,0,0,1,129
-9.18,1.38,-2.45,0,0,1,129
-9.15,1.3,-2.57,0,0,1,129
-9.14,1.17,-2.55,0,0,1,129
-9.25,1.25,-2.61,0,0,1,129
-9.39,1.11,-2.89,0,0,1,129
-9.36,0.98,-2.73,0,0,1,129
-9.33,0.85,-2.83,0,0,1,129
-9.19,0.86,-2.57,0,0,1,129
-9.19,0.82,-2.63,0,0,1,129
-9.4,0.81,-3.05,0,0,1,129
-9.34,0.91,-2.88,0,0,1,129
-9.21,0.89,-2.84,0,0,1,129
-9.13,0.91,-2.77,0,0,1,129
-9.3,1.04,-3.03,0,0,1,129
-9.25,1.06,-2.89,0,0,1,129
-9.29,0.99,-2.9,0,0,1,129
-9.24,0.96,-2.89,0,0,1,129
-9.33,0.81,-2.91,0,0,1,129
-9.39,0.91,-2.97,0,0,1,129
-9.29,0.95,-3.07,0,0,1,129
-9.34,0.9,-2.9,0,0,1,129
-9.16,1.02,-2.96,0,0,1,129
-9.11,1.04,-2.83,0,0,1,129
-9.17,0.98,-2.92,0,0,1,129
-9.18,0.95,-2.97,0,0,1,129
-9.22,1.0,-3.0,0,0,1,129
-9.18,0.91,-2.98,0,0,1,129
-9.14,0.99,-2.86,0,0,1,129
-9.16,1.02,-2.9,0,0,1,129
-9.18,0.98,-2.86,0,0,1,129
-9.19,0.9,-2.89,0,0,1,129
-9.25,0.92,-2.96,0,0,1,129
-9.22,0.92,-3.03,0,0,1,129
-9.15,0.96,-2.98,0,0,1,129
-9.2,0.93,-2.91,0,0,1,129
-9.19,0.86,-2.99,0,0,1,129
-9.24,0.91,-3.05,0,0,1,129
-9.24,0.91,-3.05,0,0,1,129
-9.18,0.91,-2.97,0,0,1,129
-9.17,0.9,-2.96,0,0,1,129
-9.6,0.29,-2.94,0,0,1,130
-9.33,0.32,-2.7,0,0,1,130
-9.16,0.54,-2.49,0,0,1,130
-9.27,0.73,-2.48,0,0,1,130
-9.47,0.75,-2.69,0,0,1,130
-9.53,0.63,-2.85,0,0,1,130
-9.38,0.64,-2.78,0,0,1,130
-9.33,0.47,-2.59,0,0,1,130
-9.4,0.67,-2.73,0,0,1,130
-9.12,0.98,-2.48,0,0,1,130
-9.18,1.38,-2.45,0,0,1,130
-9.15,1.3,-2.57,0,0,1,130
-9.14,1.17,-2.55,0,0,1,130
-9.25,1.25,-2.61,0,0,1,130
-9.39,1.11,-2.89,0,0,1,130
-9.36,0.98,-2.73,0,0,1,130
-9.33,0.85,-2.83,0,0,1,130
-9.19,0.86,-2.57,0,0,1,130
-9.19,0.82,-2.63,0,0,1,130
-9.4,0.81,-3.05,0,0,1,130
-9.34,0.91,-2.88,0,0,1,130
-9.21,0.89,-2.84,0,0,1,130
-9.13,0.91,-2.77,0,0,1,130
-9.3,1.04,-3.03,0,0,1,130
-9.25,1.06,-2.89,0,0,1,130
-9.29,0.99,-2.9,0,0,1,130
-9.24,0.96,-2.89,0,0,1,130
-9.33,0.81,-2.91,0,0,1,130
-9.39,0.91,-2.97,0,0,1,130
-9.29,0.95,-3.07,0,0,1,130
-9.34,0.9,-2.9,0,0,1,130
-9.16,1.02,-2.96,0,0,1,130
-9.11,1.04,-2.83,0,0,1,130
-9.17,0.98,-2.92,0,0,1,130
-9.18,0.95,-2.97,0,0,1,130
-9.22,1.0,-3.0,0,0,1,130
-9.18,0.91,-2.98,0,0,1,130
-9.14,0.99,-2.86,0,0,1,130
-9.16,1.02,-2.9,0,0,1,130
-9.18,0.98,-2.86,0,0,1,130
-9.19,0.9,-2.89,0,0,1,130
-9.25,0.92,-2.96,0,0,1,130
-9.22,0.92,-3.03,0,0,1,130
-9.15,0.96,-2.98,0,0,1,130
-9.2,0.93,-2.91,0,0,1,130
-9.19,0.86,-2.99,0,0,1,130
-9.24,0.91,-3.05,0,0,1,130
-9.24,0.91,-3.05,0,0,1,130
-9.18,0.91,-2.97,0,0,1,130
-9.17,0.9,-2.96,0,0,1,130
-9.15,0.92,-2.93,0,0,1,130
-9.18,0.91,-2.91,0,0,1,130
-9.23,0.93,-2.96,0,0,1,130
-9.22,0.94,-2.93,0,0,1,130
-9.17,0.87,-2.99,0,0,1,130
-9.17,0.92,-2.96,0,0,1,130
-9.2,0.95,-2.96,0,0,1,130
-9.21,0.92,-2.96,0,0,1,130
-9.19,0.92,-3.02,0,0,1,130
-9.18,0.89,-2.97,0,0,1,130
-9.18,0.9,-2.93,0,0,1,130
-9.2,0.86,-2.93,0,0,1,130
-9.19,0.91,-2.96,0,0,1,130
-9.17,0.94,-2.92,0,0,1,130
-9.2,0.92,-2.91,0,0,1,130
-9.22,0.89,-2.92,0,0,1,130
-9.16,0.9,-2.9,0,0,1,130
-9.17,0.89,-2.92,0,0,1,130
-9.22,0.89,-2.94,0,0,1,130
-9.25,0.89,-2.89,0,0,1,130
-9.21,0.91,-2.97,0,0,1,130
-9.21,0.86,-3.0,0,0,1,130
-9.17,0.91,-2.9,0,0,1,130
-9.2,0.88,-2.96,0,0,1,130
-9.21,0.86,-2.89,0,0,1,130
-9.32,0.81,-2.95,0,0,1,130
-9.28,0.83,-2.99,0,0,1,130
-9.15,0.93,-2.99,0,0,1,130
-9.1,0.97,-2.83,0,0,1,130
-9.23,0.95,-2.89,0,0,1,130
-9.2,0.87,-2.95,0,0,1,130
-9.19,0.89,-2.89,0,0,1,130
-9.21,0.92,-2.79,0,0,1,130
-9.2,0.89,-2.87,0,0,1,130
-9.26,0.82,-2.87,0,0,1,130
-9.18,0.87,-2.88,0,0,1,130
-9.2,0.91,-2.9,0,0,1,130
-9.22,0.92,-2.96,0,0,1,130
-9.27,0.85,-2.85,0,0,1,130
-9.21,0.81,-2.93,0,0,1,130
-9.18,0.89,-2.9,0,0,1,130
-9.21,0.9,-2.9,0,0,1,130
-9.28,0.9,-2.92,0,0,1,130
-9.2,0.87,-2.89,0,0,1,130
-9.16,0.89,-2.93,0,0,1,130
-9.2,0.91,-2.94,0,0,1,130
-9.19,0.93,-2.89,0,0,1,130
-9.21,0.87,-2.91,0,0,1,130
-9.19,0.86,-2.89,0,0,1,130
-9.19,0.91,-2.91,0,0,1,130
-9.15,0.92,-2.93,0,0,1,131
-9.18,0.91,-2.91,0,0,1,131
-9.23,0.93,-2.96,0,0,1,131
-9.22,0.94,-2.93,0,0,1,131
-9.17,0.87,-2.99,0,0,1,131
-9.17,0.92,-2.96,0,0,1,131
-9.2,0.95,-2.96,0,0,1,131
-9.21,0.92,-2.96,0,0,1,131
-9.19,0.92,-3.02,0,0,1,131
-9.18,0.89,-2.97,0,0,1,131
-9.18,0.9,-2.93,0,0,1,131
-9.2,0.86,-2.93,0,0,1,131
-9.19,0.91,-2.96,0,0,1,131
-9.17,0.94,-2.92,0,0,1,131
-9.2,0.92,-2.91,0,0,1,131
-9.22,0.89,-2.92,0,0,1,131
-9.16,0.9,-2.9,0,0,1,131
-9.17,0.89,-2.92,0,0,1,131
-9.22,0.89,-2.94,0,0,1,131
-9.25,0.89,-2.89,0,0,1,131
-9.21,0.91,-2.97,0,0,1,131
-9.21,0.86,-3.0,0,0,1,131
-9.17,0.91,-2.9,0,0,1,131
-9.2,0.88,-2.96,0,0,1,131
-9.21,0.86,-2.89,0,0,1,131
-9.32,0.81,-2.95,0,0,1,131
-9.28,0.83,-2.99,0,0,1,131
-9.15,0.93,-2.99,0,0,1,131
-9.1,0.97,-2.83,0,0,1,131
-9.23,0.95,-2.89,0,0,1,131
-9.2,0.87,-2.95,0,0,1,131
-9.19,0.89,-2.89,0,0,1,131
-9.21,0.92,-2.79,0,0,1,131
-9.2,0.89,-2.87,0,0,1,131
-9.26,0.82,-2.87,0,0,1,131
-9.18,0.87,-2.88,0,0,1,131
-9.2,0.91,-2.9,0,0,1,131
-9.22,0.92,-2.96,0,0,1,131
-9.27,0.85,-2.85,0,0,1,131
-9.21,0.81,-2.93,0,0,1,131
-9.18,0.89,-2.9,0,0,1,131
-9.21,0.9,-2.9,0,0,1,131
-9.28,0.9,-2.92,0,0,1,131
-9.2,0.87,-2.89,0,0,1,131
-9.16,0.89,-2.93,0,0,1,131
-9.2,0.91,-2.94,0,0,1,131
-9.19,0.93,-2.89,0,0,1,131
-9.21,0.87,-2.91,0,0,1,131
-9.19,0.86,-2.89,0,0,1,131
-9.19,0.91,-2.91,0,0,1,131
-9.22,0.91,-2.91,0,0,1,131
-9.21,0.89,-2.87,0,0,1,131
-9.18,0.87,-2.92,0,0,1,131
-9.2,0.88,-2.89,0,0,1,131
-9.21,0.9,-2.86,0,0,1,131
-9.22,0.89,-2.92,0,0,1,131
-9.18,0.9,-2.88,0,0,1,131
-9.21,0.9,-2.95,0,0,1,131
-9.25,0.89,-2.97,0,0,1,131
-9.19,0.88,-2.96,0,0,1,131
-9.21,0.87,-2.95,0,0,1,131
-9.24,0.89,-2.95,0,0,1,131
-9.2,0.93,-2.89,0,0,1,131
-9.23,0.88,-2.93,0,0,1,131
-9.18,0.88,-2.96,0,0,1,131
-9.22,0.92,-2.94,0,0,1,131
-9.24,0.88,-2.96,0,0,1,131
-9.18,0.85,-2.96,0,0,1,131
-9.2,0.9,-2.93,0,0,1,131
-9.22,0.88,-2.91,0,0,1,131
-9.2,0.87,-2.87,0,0,1,131
-9.16,0.88,-2.94,0,0,1,131
-9.25,0.84,-2.99,0,0,1,131
-9.15,0.87,-2.93,0,0,1,131
-9.26,0.78,-2.95,0,0,1,131
-9.21,0.85,-2.95,0,0,1,131
-9.15,0.93,-2.91,0,0,1,131
-9.19,0.86,-2.94,0,0,1,131
-9.18,0.84,-2.95,0,0,1,131
-9.15,0.81,-2.92,0,0,1,131
-9.2,0.85,-2.97,0,0,1,131
-9.21,0.9,-2.93,0,0,1,131
-9.24,0.83,-2.94,0,0,1,131
-9.16,0.82,-3.03,0,0,1,131
-9.17,0.86,-2.93,0,0,1,131
-9.2,0.89,-2.98,0,0,1,131
-9.18,0.9,-2.95,0,0,1,131
-9.19,0.87,-3.01,0,0,1,131
-9.23,0.88,-3.02,0,0,1,131
-9.18,0.91,-2.95,0,0,1,131
-9.19,0.85,-2.97,0,0,1,131
-9.15,0.87,-2.93,0,0,1,131
-9.18,0.81,-2.96,0,0,1,131
-9.18,0.88,-2.93,0,0,1,131
-9.19,0.82,-3.0,0,0,1,131
-9.19,0.87,-3.0,0,0,1,131
-9.18,0.82,-2.99,0,0,1,131
-9.2,0.84,-2.94,0,0,1,131
-9.2,0.84,-3.01,0,0,1,131
-9.18,0.85,-2.99,0,0,1,131
-9.22,0.91,-2.91,0,0,1,132
-9.21,0.89,-2.87,0,0,1,132
-9.18,0.87,-2.92,0,0,1,132
-9.2,0.88,-2.89,0,0,1,132
-9.21,0.9,-2.86,0,0,1,132
-9.22,0.89,-2.92,0,0,1,132
-9.18,0.9,-2.88,0,0,1,132
-9.21,0.9,-2.95,0,0,1,132
-9.25,0.89,-2.97,0,0,1,132
-9.19,0.88,-2.96,0,0,1,132
-9.21,0.87,-2.95,0,0,1,132
-9.24,0.89,-2.95,0,0,1,132
-9.2,0.93,-2.89,0,0,1,132
-9.23,0.88,-2.93,0,0,1,132
-9.18,0.88,-2.96,0,0,1,132
-9.22,0.92,-2.94,0,0,1,132
-9.24,0.88,-2.96,0,0,1,132
-9.18,0.85,-2.96,0,0,1,132
-9.2,0.9,-2.93,0,0,1,132
-9.22,0.88,-2.91,0,0,1,132
-9.2,0.87,-2.87,0,0,1,132
-9.16,0.88,-2.94,0,0,1,132
-9.25,0.84,-2.99,0,0,1,132
-9.15,0.87,-2.93,0,0,1,132
-9.26,0.78,-2.95,0,0,1,132
-9.21,0.85,-2.95,0,0,1,132
-9.15,0.93,-2.91,0,0,1,132
-9.19,0.86,-2.94,0,0,1,132
-9.18,0.84,-2.95,0,0,1,132
-9.15,0.81,-2.92,0,0,1,132
-9.2,0.85,-2.97,0,0,1,132
-9.21,0.9,-2.93,0,0,1,132
-9.24,0.83,-2.94,0,0,1,132
-9.16,0.82,-3.03,0,0,1,132
-9.17,0.86,-2.93,0,0,1,132
-9.2,0.89,-2.98,0,0,1,132
-9.18,0.9,-2.95,0,0,1,132
-9.19,0.87,-3.01,0,0,1,132
-9.23,0.88,-3.02,0,0,1,132
-9.18,0.91,-2.95,0,0,1,132
-9.19,0.85,-2.97,0,0,1,132
-9.15,0.87,-2.93,0,0,1,132
-9.18,0.81,-2.96,0,0,1,132
-9.18,0.88,-2.93,0,0,1,132
-9.19,0.82,-3.0,0,0,1,132
-9.19,0.87,-3.0,0,0,1,132
-9.18,0.82,-2.99,0,0,1,132
-9.2,0.84,-2.94,0,0,1,132
-9.2,0.84,-3.01,0,0,1,132
-9.18,0.85,-2.99,0,0,1,132
-9.22,0.86,-2.95,0,0,1,132
-9.2,0.85,-2.97,0,0,1,132
-9.19,0.85,-2.99,0,0,1,132
-9.19,0.86,-2.92,0,0,1,132
-9.17,0.86,-2.9,0,0,1,132
-9.24,0.86,-2.96,0,0,1,132
-9.21,0.85,-3.01,0,0,1,132
-9.2,0.83,-2.99,0,0,1,132
-9.19,0.9,-2.97,0,0,1,132
-9.19,0.9,-2.96,0,0,1,132
-9.22,0.88,-2.99,0,0,1,132
-9.23,0.91,-3.02,0,0,1,132
-9.22,0.86,-3.01,0,0,1,132
-9.14,0.88,-2.91,0,0,1,132
-9.17,0.82,-2.93,0,0,1,132
-9.16,0.85,-2.93,0,0,1,132
-9.21,0.85,-2.89,0,0,1,132
-9.22,0.91,-2.93,0,0,1,132
-9.29,0.81,-2.98,0,0,1,132
-9.23,0.81,-3.05,0,0,1,132
-9.13,0.79,-2.91,0,0,1,132
-9.11,0.94,-2.88,0,0,1,132
-9.24,0.93,-2.93,0,0,1,132
-9.25,0.85,-2.98,0,0,1,132
-9.19,0.88,-2.91,0,0,1,132
-9.17,0.86,-2.93,0,0,1,132
-9.22,0.84,-2.99,0,0,1,132
-9.24,0.84,-2.95,0,0,1,132
-9.25,0.87,-2.93,0,0,1,132
-9.17,0.91,-2.96,0,0,1,132
-9.21,0.9,-2.91,0,0,1,132
-9.25,0.86,-2.95,0,0,1,132
-9.18,0.86,-2.9,0,0,1,132
-9.19,0.85,-2.91,0,0,1,132
-9.22,0.87,-2.96,0,0,1,132
-9.17,0.86,-2.95,0,0,1,132
-9.19,0.87,-2.91,0,0,1,132
-9.14,0.84,-2.92,0,0,1,132
-9.22,0.85,-2.99,0,0,1,132
-9.21,0.88,-2.95,0,0,1,132
-9.21,0.9,-3.01,0,0,1,132
-9.19,0.84,-2.92,0,0,1,132
-9.18,0.81,-2.95,0,0,1,132
-9.21,0.87,-2.86,0,0,1,132
-9.23,0.89,-2.9,0,0,1,132
-9.25,0.84,-2.88,0,0,1,132
-9.23,0.87,-2.86,0,0,1,132
-9.22,0.84,-2.92,0,0,1,132
-9.24,0.91,-2.96,0,0,1,132
-9.2,0.91,-2.88,0,0,1,132
-9.22,0.86,-2.95,0,0,1,133
-9.2,0.85,-2.97,0,0,1,133
-9.19,0.85,-2.99,0,0,1,133
-9.19,0.86,-2.92,0,0,1,133
-9.17,0.86,-2.9,0,0,1,133
-9.24,0.86,-2.96,0,0,1,133
-9.21,0.85,-3.01,0,0,1,133
-9.2,0.83,-2.99,0,0,1,133
-9.19,0.9,-2.97,0,0,1,133
-9.19,0.9,-2.96,0,0,1,133
-9.22,0.88,-2.99,0,0,1,133
-9.23,0.91,-3.02,0,0,1,133
-9.22,0.86,-3.01,0,0,1,133
-9.14,0.88,-2.91,0,0,1,133
-9.17,0.82,-2.93,0,0,1,133
-9.16,0.85,-2.93,0,0,1,133
-9.21,0.85,-2.89,0,0,1,133
-9.22,0.91,-2.93,0,0,1,133
-9.29,0.81,-2.98,0,0,1,133
-9.23,0.81,-3.05,0,0,1,133
-9.13,0.79,-2.91,0,0,1,133
-9.11,0.94,-2.88,0,0,1,133
-9.24,0.93,-2.93,0,0,1,133
-9.25,0.85,-2.98,0,0,1,133
-9.19,0.88,-2.91,0,0,1,133
-9.17,0.86,-2.93,0,0,1,133
-9.22,0.84,-2.99,0,0,1,133
-9.24,0.84,-2.95,0,0,1,133
-9.25,0.87,-2.93,0,0,1,133
-9.17,0.91,-2.96,0,0,1,133
-9.21,0.9,-2.91,0,0,1,133
-9.25,0.86,-2.95,0,0,1,133
-9.18,0.86,-2.9,0,0,1,133
-9.19,0.85,-2.91,0,0,1,133
-9.22,0.87,-2.96,0,0,1,133
-9.17,0.86,-2.95,0,0,1,133
-9.19,0.87,-2.91,0,0,1,133
-9.14,0.84,-2.92,0,0,1,133
-9.22,0.85,-2.99,0,0,1,133
-9.21,0.88,-2.95,0,0,1,133
-9.21,0.9,-3.01,0,0,1,133
-9.19,0.84,-2.92,0,0,1,133
-9.18,0.81,-2.95,0,0,1,133
-9.21,0.87,-2.86,0,0,1,133
-9.23,0.89,-2.9,0,0,1,133
-9.25,0.84,-2.88,0,0,1,133
-9.23,0.87,-2.86,0,0,1,133
-9.22,0.84,-2.92,0,0,1,133
-9.24,0.91,-2.96,0,0,1,133
-9.2,0.91,-2.88,0,0,1,133
-9.21,0.86,-2.94,0,0,1,133
-9.18,0.86,-2.86,0,0,1,133
-9.25,0.86,-2.91,0,0,1,133
-9.21,0.89,-2.91,0,0,1,133
-9.17,0.87,-2.9,0,0,1,133
-9.23,0.86,-2.9,0,0,1,133
-9.23,0.86,-2.92,0,0,1,133
-9.2,0.89,-2.88,0,0,1,133
-9.21,0.93,-2.85,0,0,1,133
-9.24,0.85,-2.96,0,0,1,133
-9.19,0.86,-2.9,0,0,1,133
-9.2,0.86,-2.89,0,0,1,133
-9.23,0.89,-2.93,0,0,1,133
-9.24,0.85,-2.92,0,0,1,133
-9.32,0.76,-2.99,0,0,1,133
-9.16,0.85,-2.93,0,0,1,133
-9.14,0.88,-2.86,0,0,1,133
-9.27,0.91,-2.86,0,0,1,133
-9.25,0.89,-2.95,0,0,1,133
-9.17,0.87,-2.87,0,0,1,133
-9.19,0.89,-2.82,0,0,1,133
-9.23,0.85,-2.85,0,0,1,133
-9.26,0.89,-2.88,0,0,1,133
-9.23,0.87,-2.87,0,0,1,133
-9.19,0.88,-2.92,0,0,1,133
-9.19,0.91,-2.89,0,0,1,133
-9.2,0.9,-2.87,0,0,1,133
-9.24,0.89,-2.92,0,0,1,133
-9.22,0.89,-2.86,0,0,1,133
-9.22,0.88,-2.84,0,0,1,133
-9.25,0.92,-2.83,0,0,1,133
-9.22,0.88,-2.87,0,0,1,133
-9.23,0.89,-2.93,0,0,1,133
-9.21,0.88,-2.79,0,0,1,133
-9.26,0.88,-2.87,0,0,1,133
-9.18,0.88,-2.94,0,0,1,133
-9.25,0.83,-2.81,0,0,1,133
-9.22,0.86,-2.8,0,0,1,133
-9.24,0.88,-2.81,0,0,1,133
-9.28,0.88,-2.88,0,0,1,133
-9.21,0.86,-2.9,0,0,1,133
-9.25,0.87,-2.83,0,0,1,133
-9.22,0.85,-2.83,0,0,1,133
-9.2,0.88,-2.88,0,0,1,133
-9.2,0.88,-2.89,0,0,1,133
-9.24,0.93,-2.93,0,0,1,133
-9.24,0.91,-2.92,0,0,1,133
-9.2,0.91,-2.86,0,0,1,133
-9.23,0.89,-2.79,0,0,1,133
-9.22,0.89,-2.9,0,0,1,133
-9.21,0.86,-2.94,0,0,1,134
-9.18,0.86,-2.86,0,0,1,134
-9.25,0.86,-2.91,0,0,1,134
-9.21,0.89,-2.91,0,0,1,134
-9.17,0.87,-2.9,0,0,1,134
-9.23,0.86,-2.9,0,0,1,134
-9.23,0.86,-2.92,0,0,1,134
-9.2,0.89,-2.88,0,0,1,134
-9.21,0.93,-2.85,0,0,1,134
-9.24,0.85,-2.96,0,0,1,134
-9.19,0.86,-2.9,0,0,1,134
-9.2,0.86,-2.89,0,0,1,134
-9.23,0.89,-2.93,0,0,1,134
-9.24,0.85,-2.92,0,0,1,134
-9.32,0.76,-2.99,0,0,1,134
-9.16,0.85,-2.93,0,0,1,134
-9.14,0.88,-2.86,0,0,1,134
-9.27,0.91,-2.86,0,0,1,134
-9.25,0.89,-2.95,0,0,1,134
-9.17,0.87,-2.87,0,0,1,134
-9.19,0.89,-2.82,0,0,1,134
-9.23,0.85,-2.85,0,0,1,134
-9.26,0.89,-2.88,0,0,1,134
-9.23,0.87,-2.87,0,0,1,134
-9.19,0.88,-2.92,0,0,1,134
-9.19,0.91,-2.89,0,0,1,134
-9.2,0.9,-2.87,0,0,1,134
-9.24,0.89,-2.92,0,0,1,134
-9.22,0.89,-2.86,0,0,1,134
-9.22,0.88,-2.84,0,0,1,134
-9.25,0.92,-2.83,0,0,1,134
-9.22,0.88,-2.87,0,0,1,134
-9.23,0.89,-2.93,0,0,1,134
-9.21,0.88,-2.79,0,0,1,134
-9.26,0.88,-2.87,0,0,1,134
-9.18,0.88,-2.94,0,0,1,134
-9.25,0.83,-2.81,0,0,1,134
-9.22,0.86,-2.8,0,0,1,134
-9.24,0.88,-2.81,0,0,1,134
-9.28,0.88,-2.88,0,0,1,134
-9.21,0.86,-2.9,0,0,1,134
-9.25,0.87,-2.83,0,0,1,134
-9.22,0.85,-2.83,0,0,1,134
-9.2,0.88,-2.88,0,0,1,134
-9.2,0.88,-2.89,0,0,1,134
-9.24,0.93,-2.93,0,0,1,134
-9.24,0.91,-2.92,0,0,1,134
-9.2,0.91,-2.86,0,0,1,134
-9.23,0.89,-2.79,0,0,1,134
-9.22,0.89,-2.9,0,0,1,134
-9.21,0.93,-2.86,0,0,1,134
-9.19,0.9,-2.87,0,0,1,134
-9.24,0.85,-2.82,0,0,1,134
-9.23,0.85,-2.86,0,0,1,134
-9.21,0.88,-2.89,0,0,1,134
-9.18,0.94,-2.87,0,0,1,134
-9.24,0.9,-2.84,0,0,1,134
-9.24,0.86,-2.89,0,0,1,134
-9.2,0.91,-2.84,0,0,1,134
-9.18,0.9,-2.87,0,0,1,134
-9.23,0.88,-2.84,0,0,1,134
-9.26,0.84,-2.84,0,0,1,134
-9.25,0.85,-2.9,0,0,1,134
-9.2,0.91,-2.85,0,0,1,134
-9.14,0.92,-2.82,0,0,1,134
-9.22,0.89,-2.8,0,0,1,134
-9.24,0.87,-2.88,0,0,1,134
-9.22,0.89,-2.8,0,0,1,134
-9.22,0.92,-2.83,0,0,1,134
-9.22,0.85,-2.87,0,0,1,134
-9.26,0.88,-2.86,0,0,1,134
-9.26,0.87,-2.82,0,0,1,134
-9.18,0.87,-2.87,0,0,1,134
-9.2,0.88,-2.85,0,0,1,134
-9.24,0.91,-2.92,0,0,1,134
-9.25,0.86,-2.87,0,0,1,134
-9.2,0.9,-2.88,0,0,1,134
-9.22,0.86,-2.83,0,0,1,134
-9.22,0.93,-2.83,0,0,1,134
-9.21,0.86,-2.91,0,0,1,134
-9.22,0.88,-2.85,0,0,1,134
-9.21,0.92,-2.91,0,0,1,134
-9.22,0.87,-2.85,0,0,1,134
-9.2,0.88,-2.9,0,0,1,134
-9.23,0.87,-2.89,0,0,1,134
-9.23,0.89,-2.89,0,0,1,134
-9.22,0.9,-2.85,0,0,1,134
-9.22,0.89,-2.87,0,0,1,134
-9.24,0.88,-2.83,0,0,1,134
-9.19,0.91,-2.9,0,0,1,134
-9.24,0.89,-2.82,0,0,1,134
-9.24,0.89,-2.87,0,0,1,134
-9.21,0.89,-2.85,0,0,1,134
-9.2,0.91,-2.83,0,0,1,134
-9.24,0.89,-2.89,0,0,1,134
-9.23,0.88,-2.9,0,0,1,134
-9.23,0.87,-2.93,0,0,1,134
-9.22,0.82,-2.86,0,0,1,134
-9.26,0.73,-2.88,0,0,1,134
-9.15,0.89,-2.88,0,0,1,134
-9.21,0.93,-2.86,0,0,1,135
-9.19,0.9,-2.87,0,0,1,135
-9.24,0.85,-2.82,0,0,1,135
-9.23,0.85,-2.86,0,0,1,135
-9.21,0.88,-2.89,0,0,1,135
-9.18,0.94,-2.87,0,0,1,135
-9.24,0.9,-2.84,0,0,1,135
-9.24,0.86,-2.89,0,0,1,135
-9.2,0.91,-2.84,0,0,1,135
-9.18,0.9,-2.87,0,0,1,135
-9.23,0.88,-2.84,0,0,1,135
-9.26,0.84,-2.84,0,0,1,135
-9.25,0.85,-2.9,0,0,1,135
-9.2,0.91,-2.85,0,0,1,135
-9.14,0.92,-2.82,0,0,1,135
-9.22,0.89,-2.8,0,0,1,135
-9.24,0.87,-2.88,0,0,1,135
-9.22,0.89,-2.8,0,0,1,135
-9.22,0.92,-2.83,0,0,1,135
-9.22,0.85,-2.87,0,0,1,135
-9.26,0.88,-2.86,0,0,1,135
-9.26,0.87,-2.82,0,0,1,135
-9.18,0.87,-2.87,0,0,1,135
-9.2,0.88,-2.85,0,0,1,135
-9.24,0.91,-2.92,0,0,1,135
-9.25,0.86,-2.87,0,0,1,135
-9.2,0.9,-2.88,0,0,1,135
-9.22,0.86,-2.83,0,0,1,135
-9.22,0.93,-2.83,0,0,1,135
-9.21,0.86,-2.91,0,0,1,135
-9.22,0.88,-2.85,0,0,1,135
-9.21,0.92,-2.91,0,0,1,135
-9.22,0.87,-2.85,0,0,1,135
-9.2,0.88,-2.9,0,0,1,135
-9.23,0.87,-2.89,0,0,1,135
-9.23,0.89,-2.89,0,0,1,135
-9.22,0.9,-2.85,0,0,1,135
-9.22,0.89,-2.87,0,0,1,135
-9.24,0.88,-2.83,0,0,1,135
-9.19,0.91,-2.9,0,0,1,135
-9.24,0.89,-2.82,0,0,1,135
-9.24,0.89,-2.87,0,0,1,135
-9.21,0.89,-2.85,0,0,1,135
-9.2,0.91,-2.83,0,0,1,135
-9.24,0.89,-2.89,0,0,1,135
-9.23,0.88,-2.9,0,0,1,135
-9.23,0.87,-2.93,0,0,1,135
-9.22,0.82,-2.86,0,0,1,135
-9.26,0.73,-2.88,0,0,1,135
-9.15,0.89,-2.88,0,0,1,135
-9.22,0.97,-2.81,0,0,1,135
-9.34,1.02,-2.82,0,0,1,135
-9.26,1.01,-2.89,0,0,1,135
-9.33,0.95,-2.91,0,0,1,135
-9.89,0.99,-3.01,0,0,1,135
-9.11,0.75,-3.06,0,0,1,135
-9.15,0.74,-2.59,0,0,1,135
-8.98,0.95,-2.59,0,0,1,135
-8.92,1.31,-2.65,0,0,1,135
-9.02,1.21,-2.62,0,0,1,135
-9.22,1.22,-2.66,0,0,1,135
-9.29,1.14,-2.54,0,0,1,135
-9.26,1.03,-2.51,0,0,1,135
-9.32,1.03,-2.68,0,0,1,135
-9.24,1.2,-2.65,0,0,1,135
-9.11,1.49,-2.51,0,0,1,135
-9.02,1.6,-2.35,0,0,1,135
-9.05,1.43,-2.67,0,0,1,135
-9.2,1.2,-2.68,0,0,1,135
-9.3,1.11,-2.68,0,0,1,135
-9.34,1.07,-2.75,0,0,1,135
-9.34,1.13,-2.63,0,0,1,135
-9.35,1.14,-2.4,0,0,1,135
-9.25,1.04,-2.5,0,0,1,135
-9.32,1.07,-2.51,0,0,1,135
-9.12,1.29,-2.74,0,0,1,135
-9.27,1.52,-2.54,0,0,1,135
-9.49,1.52,-2.51,0,0,1,135
-9.11,1.26,-2.64,0,0,1,135
-9.09,1.12,-2.78,0,0,1,135
-9.36,1.24,-2.9,0,0,1,135
-9.21,1.41,-2.58,0,0,1,135
-9.18,1.1,-2.81,0,0,1,135
-9.21,1.12,-2.67,0,0,1,135
-9.42,0.95,-2.87,0,0,1,135
-9.1,1.12,-2.59,0,0,1,135
-9.11,0.98,-2.72,0,0,1,135
-9.23,0.69,-2.83,0,0,1,135
-9.37,0.66,-2.82,0,0,1,135
-9.3,0.83,-2.49,0,0,1,135
-9.3,0.89,-2.54,0,0,1,135
-9.21,0.98,-2.46,0,0,1,135
-9.48,0.69,-2.7,0,0,1,135
-9.28,0.65,-2.94,0,0,1,135
-9.31,0.92,-2.81,0,0,1,135
-9.4,0.83,-2.87,0,0,1,135
-9.29,0.86,-2.56,0,0,1,135
-9.55,0.87,-2.54,0,0,1,135
-9.06,0.99,-2.53,0,0,1,135
-9.07,1.07,-2.65,0,0,1,135
-9.22,0.97,-2.81,0,0,1,136
-9.34,1.02,-2.82,0,0,1,136
-9.26,1.01,-2.89,0,0,1,136
-9.33,0.95,-2.91,0,0,1,136
-9.89,0.99,-3.01,0,0,1,136
-9.11,0.75,-3.06,0,0,1,136
-9.15,0.74,-2.59,0,0,1,136
-8.98,0.95,-2.59,0,0,1,136
-8.92,1.31,-2.65,0,0,1,136
-9.02,1.21,-2.62,0,0,1,136
-9.22,1.22,-2.66,0,0,1,136
-9.29,1.14,-2.54,0,0,1,136
-9.26,1.03,-2.51,0,0,1,136
-9.32,1.03,-2.68,0,0,1,136
-9.24,1.2,-2.65,0,0,1,136
-9.11,1.49,-2.51,0,0,1,136
-9.02,1.6,-2.35,0,0,1,136
-9.05,1.43,-2.67,0,0,1,136
-9.2,1.2,-2.68,0,0,1,136
-9.3,1.11,-2.68,0,0,1,136
-9.34,1.07,-2.75,0,0,1,136
-9.34,1.13,-2.63,0,0,1,136
-9.35,1.14,-2.4,0,0,1,136
-9.25,1.04,-2.5,0,0,1,136
-9.32,1.07,-2.51,0,0,1,136
-9.12,1.29,-2.74,0,0,1,136
-9.27,1.52,-2.54,0,0,1,136
-9.49,1.52,-2.51,0,0,1,136
-9.11,1.26,-2.64,0,0,1,136
-9.09,1.12,-2.78,0,0,1,136
-9.36,1.24,-2.9,0,0,1,136
-9.21,1.41,-2.58,0,0,1,136
-9.18,1.1,-2.81,0,0,1,136
-9.21,1.12,-2.67,0,0,1,136
-9.42,0.95,-2.87,0,0,1,136
-9.1,1.12,-2.59,0,0,1,136
-9.11,0.98,-2.72,0,0,1,136
-9.23,0.69,-2.83,0,0,1,136
-9.37,0.66,-2.82,0,0,1,136
-9.3,0.83,-2.49,0,0,1,136
-9.3,0.89,-2.54,0,0,1,136
-9.21,0.98,-2.46,0,0,1,136
-9.48,0.69,-2.7,0,0,1,136
-9.28,0.65,-2.94,0,0,1,136
-9.31,0.92,-2.81,0,0,1,136
-9.4,0.83,-2.87,0,0,1,136
-9.29,0.86,-2.56,0,0,1,136
-9.55,0.87,-2.54,0,0,1,136
-9.06,0.99,-2.53,0,0,1,136
-9.07,1.07,-2.65,0,0,1,136
-9.27,1.09,-2.44,0,0,1,136
-9.34,0.87,-2.85,0,0,1,136
-9.13,0.88,-2.65,0,0,1,136
-9.26,0.79,-2.7,0,0,1,136
-9.45,1.37,-2.57,0,0,1,136
-9.22,1.49,-2.72,0,0,1,136
-9.52,1.32,-2.57,0,0,1,136
-9.45,0.69,-3.04,0,0,1,136
-9.15,0.87,-2.83,0,0,1,136
-8.86,1.32,-2.36,0,0,1,136
-9.16,1.44,-2.54,0,0,1,136
-9.43,1.42,-2.46,0,0,1,136
-9.25,1.11,-2.54,0,0,1,136
-8.95,1.07,-2.56,0,0,1,136
-8.76,1.47,-1.98,0,0,1,136
-9.36,1.51,-2.48,0,0,1,136
-9.52,1.48,-3.05,0,0,1,136
-9.14,1.17,-2.17,0,0,1,136
-9.23,0.61,-3.2,0,0,1,136
-8.81,1.23,-2.12,0,0,1,136
-9.1,1.16,-2.55,0,0,1,136
-9.18,1.81,-2.41,0,0,1,136
-9.8,1.29,-2.82,0,0,1,136
-8.9,0.98,-2.74,0,0,1,136
-9.47,0.69,-3.16,0,0,1,136
-9.18,1.41,-2.62,0,0,1,136
-9.09,0.79,-3.17,0,0,1,136
-8.93,1.64,-2.87,0,0,1,136
-9.33,0.61,-3.52,0,0,1,136
-9.48,1.42,-2.71,0,0,1,136
-9.1,0.58,-3.81,0,0,1,136
-8.9,1.4,-2.36,0,0,1,136
-9.16,0.9,-3.44,0,0,1,136
-9.33,1.14,-3.09,0,0,1,136
-9.06,1.79,-2.78,0,0,1,136
-9.82,2.46,-2.79,0,0,1,136
-10.57,2.0,-2.24,0,0,1,136
-10.82,-0.53,-2.74,0,0,1,136
-8.98,-0.44,-2.42,0,0,1,136
-8.78,-0.26,-3.09,0,0,1,136
-9.03,1.28,-2.34,0,0,1,136
-9.37,1.88,-2.76,0,0,1,136
-9.21,1.48,-3.22,0,0,1,136
-8.9,1.55,-3.42,0,0,1,136
-8.8,2.24,-2.17,0,0,1,136
-8.98,1.44,-1.63,0,0,1,136
-9.65,0.66,-2.91,0,0,1,136
-10.4,-0.45,-2.8,0,0,1,136
-10.73,1.15,-2.6,0,0,1,136
-9.43,2.23,-0.97,0,0,1,136
-9.27,1.09,-2.44,0,0,1,137
-9.34,0.87,-2.85,0,0,1,137
-9.13,0.88,-2.65,0,0,1,137
-9.26,0.79,-2.7,0,0,1,137
-9.45,1.37,-2.57,0,0,1,137
-9.22,1.49,-2.72,0,0,1,137
-9.52,1.32,-2.57,0,0,1,137
-9.45,0.69,-3.04,0,0,1,137
-9.15,0.87,-2.83,0,0,1,137
-8.86,1.32,-2.36,0,0,1,137
-9.16,1.44,-2.54,0,0,1,137
-9.43,1.42,-2.46,0,0,1,137
-9.25,1.11,-2.54,0,0,1,137
-8.95,1.07,-2.56,0,0,1,137
-8.76,1.47,-1.98,0,0,1,137
-9.36,1.51,-2.48,0,0,1,137
-9.52,1.48,-3.05,0,0,1,137
-9.14,1.17,-2.17,0,0,1,137
-9.23,0.61,-3.2,0,0,1,137
-8.81,1.23,-2.12,0,0,1,137
-9.1,1.16,-2.55,0,0,1,137
-9.18,1.81,-2.41,0,0,1,137
-9.8,1.29,-2.82,0,0,1,137
-8.9,0.98,-2.74,0,0,1,137
-9.47,0.69,-3.16,0,0,1,137
-9.18,1.41,-2.62,0,0,1,137
-9.09,0.79,-3.17,0,0,1,137
-8.93,1.64,-2.87,0,0,1,137
-9.33,0.61,-3.52,0,0,1,137
-9.48,1.42,-2.71,0,0,1,137
-9.1,0.58,-3.81,0,0,1,137
-8.9,1.4,-2.36,0,0,1,137
-9.16,0.9,-3.44,0,0,1,137
-9.33,1.14,-3.09,0,0,1,137
-9.06,1.79,-2.78,0,0,1,137
-9.82,2.46,-2.79,0,0,1,137
-10.57,2.0,-2.24,0,0,1,137
-10.82,-0.53,-2.74,0,0,1,137
-8.98,-0.44,-2.42,0,0,1,137
-8.78,-0.26,-3.09,0,0,1,137
-9.03,1.28,-2.34,0,0,1,137
-9.37,1.88,-2.76,0,0,1,137
-9.21,1.48,-3.22,0,0,1,137
-8.9,1.55,-3.42,0,0,1,137
-8.8,2.24,-2.17,0,0,1,137
-8.98,1.44,-1.63,0,0,1,137
-9.65,0.66,-2.91,0,0,1,137
-10.4,-0.45,-2.8,0,0,1,137
-10.73,1.15,-2.6,0,0,1,137
-9.43,2.23,-0.97,0,0,1,137
-8.47,1.01,-1.92,0,0,1,137
-9.56,0.83,-3.0,0,0,1,137
-9.66,1.34,-2.16,0,0,1,137
-9.03,1.58,-1.88,0,0,1,137
-9.6,1.48,-2.4,0,0,1,137
-9.04,1.08,-2.02,0,0,1,137
-8.65,1.3,-1.86,0,0,1,137
-7.51,1.53,-1.11,0,0,1,137
-7.28,1.8,-0.56,0,0,1,137
-8.29,1.7,-0.92,0,0,1,137
-8.73,2.34,-0.97,0,0,1,137
-8.9,2.82,-1.46,0,0,1,137
-9.04,3.25,-1.85,0,0,1,137
-9.52,2.72,-2.05,0,0,1,137
-9.23,1.81,-2.1,0,0,1,137
-9.81,1.49,-2.02,0,0,1,137
-10.69,1.03,-2.45,0,0,1,137
-10.33,0.42,-2.96,0,0,1,137
-9.95,0.92,-2.1,0,0,1,137
-10.2,0.73,-2.22,0,0,1,137
-9.73,1.03,-2.45,0,0,1,137
-9.62,1.22,-2.9,0,0,1,137
-9.98,0.18,-3.08,0,0,1,137
-9.42,-0.1,-2.5,0,0,1,137
-8.62,0.78,-1.94,0,0,1,137
-8.58,1.36,-2.12,0,0,1,137
-9.06,1.14,-2.36,0,0,1,137
-9.26,0.73,-2.42,0,0,1,137
-9.38,0.44,-2.59,0,0,1,137
-9.57,0.71,-2.78,0,0,1,137
-9.78,0.57,-2.9,0,0,1,137
-9.6,0.07,-2.79,0,0,1,137
-9.77,0.26,-2.98,0,0,1,137
-10.26,0.62,-3.37,0,0,1,137
-10.91,0.51,-3.81,0,0,1,137
-11.34,0.44,-3.61,0,0,1,137
-10.94,0.44,-3.65,0,0,1,137
-10.48,0.34,-3.66,0,0,1,137
-10.18,0.06,-3.38,0,0,1,137
-9.97,-0.39,-3.48,0,0,1,137
-10.35,-0.14,-4.46,0,0,1,137
-10.55,-0.18,-4.94,0,0,1,137
-10.02,-0.3,-4.25,0,0,1,137
-9.26,-0.39,-4.31,0,0,1,137
-9.39,-0.54,-4.29,0,0,1,137
-8.83,0.57,-4.25,0,0,1,137
-9.3,2.08,-4.15,0,0,1,137
-9.08,1.82,-3.91,0,0,1,137
-7.73,0.14,-3.49,0,0,1,137
-7.37,-0.38,-3.37,0,0,1,137
-8.47,1.01,-1.92,0,0,1,138
-9.56,0.83,-3.0,0,0,1,138
-9.66,1.34,-2.16,0,0,1,138
-9.03,1.58,-1.88,0,0,1,138
-9.6,1.48,-2.4,0,0,1,138
-9.04,1.08,-2.02,0,0,1,138
-8.65,1.3,-1.86,0,0,1,138
-7.51,1.53,-1.11,0,0,1,138
-7.28,1.8,-0.56,0,0,1,138
-8.29,1.7,-0.92,0,0,1,138
-8.73,2.34,-0.97,0,0,1,138
-8.9,2.82,-1.46,0,0,1,138
-9.04,3.25,-1.85,0,0,1,138
-9.52,2.72,-2.05,0,0,1,138
-9.23,1.81,-2.1,0,0,1,138
-9.81,1.49,-2.02,0,0,1,138
-10.69,1.03,-2.45,0,0,1,138
-10.33,0.42,-2.96,0,0,1,138
-9.95,0.92,-2.1,0,0,1,138
-10.2,0.73,-2.22,0,0,1,138
-9.73,1.03,-2.45,0,0,1,138
-9.62,1.22,-2.9,0,0,1,138
-9.98,0.18,-3.08,0,0,1,138
-9.42,-0.1,-2.5,0,0,1,138
-8.62,0.78,-1.94,0,0,1,138
-8.58,1.36,-2.12,0,0,1,138
-9.06,1.14,-2.36,0,0,1,138
-9.26,0.73,-2.42,0,0,1,138
-9.38,0.44,-2.59,0,0,1,138
-9.57,0.71,-2.78,0,0,1,138
-9.78,0.57,-2.9,0,0,1,138
-9.6,0.07,-2.79,0,0,1,138
-9.77,0.26,-2.98,0,0,1,138
-10.26,0.62,-3.37,0,0,1,138
-10.91,0.51,-3.81,0,0,1,138
-11.34,0.44,-3.61,0,0,1,138
-10.94,0.44,-3.65,0,0,1,138
-10.48,0.34,-3.66,0,0,1,138
-10.18,0.06,-3.38,0,0,1,138
-9.97,-0.39,-3.48,0,0,1,138
-10.35,-0.14,-4.46,0,0,1,138
-10.55,-0.18,-4.94,0,0,1,138
-10.02,-0.3,-4.25,0,0,1,138
-9.26,-0.39,-4.31,0,0,1,138
-9.39,-0.54,-4.29,0,0,1,138
-8.83,0.57,-4.25,0,0,1,138
-9.3,2.08,-4.15,0,0,1,138
-9.08,1.82,-3.91,0,0,1,138
-7.73,0.14,-3.49,0,0,1,138
-7.37,-0.38,-3.37,0,0,1,138
-7.81,-0.33,-3.65,0,0,1,138
-7.24,-0.49,-3.49,0,0,1,138
-7.28,-0.88,-3.7,0,0,1,138
-6.66,-0.41,-3.21,0,0,1,138
-6.86,0.08,-3.49,0,0,1,138
-7.02,-0.07,-3.81,0,0,1,138
-6.87,0.37,-3.98,0,0,1,138
-5.85,0.93,-3.06,0,0,1,138
-5.61,0.44,-2.84,0,0,1,138
-5.93,-0.05,-3.31,0,0,1,138
-6.24,0.04,-3.16,0,0,1,138
-6.73,0.89,-2.79,0,0,1,138
-7.45,1.63,-2.75,0,0,1,138
-8.3,1.3,-3.19,0,0,1,138
-8.95,1.24,-3.64,0,0,1,138
-9.12,1.24,-2.66,0,0,1,138
-9.87,1.57,-3.26,0,0,1,138
-9.49,1.3,-3.02,0,0,1,138
-10.41,1.62,-2.6,0,0,1,138
-11.0,1.53,-3.35,0,0,1,138
-10.64,1.55,-2.22,0,0,1,138
-10.89,2.14,-2.81,0,0,1,138
-11.34,2.27,-2.76,0,0,1,138
-10.94,2.09,-2.43,0,0,1,138
-10.52,3.04,-1.64,0,0,1,138
-10.02,1.99,-2.45,0,0,1,138
-9.75,2.46,-1.26,0,0,1,138
-9.11,1.55,-2.4,0,0,1,138
-9.23,0.79,-1.54,0,0,1,138
-9.09,0.14,-1.98,0,0,1,138
-9.58,0.63,-2.74,0,0,1,138
-9.44,1.28,-2.57,0,0,1,138
-9.41,1.2,-2.61,0,0,1,138
-9.55,1.25,-2.6,0,0,1,138
-8.98,1.56,-2.71,0,0,1,138
-9.9,1.13,-2.79,0,0,1,138
-9.98,0.97,-3.02,0,0,1,138
-9.82,0.85,-3.15,0,0,1,138
-9.48,0.93,-2.94,0,0,1,138
-9.28,1.03,-2.9,0,0,1,138
-9.23,0.97,-2.75,0,0,1,138
-9.41,0.93,-2.74,0,0,1,138
-9.56,0.81,-2.96,0,0,1,138
-9.36,0.76,-3.05,0,0,1,138
-9.42,0.74,-3.15,0,0,1,138
-9.55,0.84,-2.91,0,0,1,138
-9.44,0.76,-2.74,0,0,1,138
-9.23,0.76,-2.6,0,0,1,138
-9.36,0.66,-2.81,0,0,1,138
-9.22,0.82,-3.17,0,0,1,138
-7.81,-0.33,-3.65,0,0,1,139
-7.24,-0.49,-3.49,0,0,1,139
-7.28,-0.88,-3.7,0,0,1,139
-6.66,-0.41,-3.21,0,0,1,139
-6.86,0.08,-3.49,0,0,1,139
-7.02,-0.07,-3.81,0,0,1,139
-6.87,0.37,-3.98,0,0,1,139
-5.85,0.93,-3.06,0,0,1,139
-5.61,0.44,-2.84,0,0,1,139
-5.93,-0.05,-3.31,0,0,1,139
-6.24,0.04,-3.16,0,0,1,139
-6.73,0.89,-2.79,0,0,1,139
-7.45,1.63,-2.75,0,0,1,139
-8.3,1.3,-3.19,0,0,1,139
-8.95,1.24,-3.64,0,0,1,139
-9.12,1.24,-2.66,0,0,1,139
-9.87,1.57,-3.26,0,0,1,139
-9.49,1.3,-3.02,0,0,1,139
-10.41,1.62,-2.6,0,0,1,139
-11.0,1.53,-3.35,0,0,1,139
-10.64,1.55,-2.22,0,0,1,139
-10.89,2.14,-2.81,0,0,1,139
-11.34,2.27,-2.76,0,0,1,139
-10.94,2.09,-2.43,0,0,1,139
-10.52,3.04,-1.64,0,0,1,139
-10.02,1.99,-2.45,0,0,1,139
-9.75,2.46,-1.26,0,0,1,139
-9.11,1.55,-2.4,0,0,1,139
-9.23,0.79,-1.54,0,0,1,139
-9.09,0.14,-1.98,0,0,1,139
-9.58,0.63,-2.74,0,0,1,139
-9.44,1.28,-2.57,0,0,1,139
-9.41,1.2,-2.61,0,0,1,139
-9.55,1.25,-2.6,0,0,1,139
-8.98,1.56,-2.71,0,0,1,139
-9.9,1.13,-2.79,0,0,1,139
-9.98,0.97,-3.02,0,0,1,139
-9.82,0.85,-3.15,0,0,1,139
-9.48,0.93,-2.94,0,0,1,139
-9.28,1.03,-2.9,0,0,1,139
-9.23,0.97,-2.75,0,0,1,139
-9.41,0.93,-2.74,0,0,1,139
-9.56,0.81,-2.96,0,0,1,139
-9.36,0.76,-3.05,0,0,1,139
-9.42,0.74,-3.15,0,0,1,139
-9.55,0.84,-2.91,0,0,1,139
-9.44,0.76,-2.74,0,0,1,139
-9.23,0.76,-2.6,0,0,1,139
-9.36,0.66,-2.81,0,0,1,139
-9.22,0.82,-3.17,0,0,1,139
-9.59,0.88,-2.62,0,0,1,139
-9.63,0.62,-2.77,0,0,1,139
-9.64,0.82,-2.8,0,0,1,139
-9.44,1.13,-2.55,0,0,1,139
-9.19,1.0,-2.39,0,0,1,139
-9.33,0.94,-2.62,0,0,1,139
-9.64,1.0,-3.04,0,0,1,139
-9.8,1.07,-3.23,0,0,1,139
-9.69,0.92,-3.18,0,0,1,139
-9.56,1.01,-2.79,0,0,1,139
-9.53,1.39,-2.19,0,0,1,139
-9.34,1.03,-1.87,0,0,1,139
-9.38,0.87,-1.45,0,0,1,139
-9.16,0.36,-1.48,0,0,1,139
-9.59,0.5,-1.88,0,0,1,139
-9.82,0.66,-2.25,0,0,1,139
-9.83,0.54,-2.28,0,0,1,139
-9.61,0.25,-2.11,0,0,1,139
-9.41,0.22,-1.85,0,0,1,139
-9.14,0.18,-1.68,0,0,1,139
-9.16,0.01,-1.54,0,0,1,139
-9.14,0.02,-1.38,0,0,1,139
-9.2,0.11,-1.35,0,0,1,139
-9.31,0.04,-1.25,0,0,1,139
-9.43,0.03,-1.27,0,0,1,139
-9.29,0.0,-0.88,0,0,1,139
-9.42,-0.01,-0.7,0,0,1,139
-9.41,-0.11,-0.84,0,0,1,139
-9.41,-0.11,-0.73,0,0,1,139
-9.45,-0.15,-0.94,0,0,1,139
-9.4,-0.1,-0.94,0,0,1,139
-9.39,-0.2,-0.86,0,0,1,139
-9.3,-0.2,-0.72,0,0,1,139
-9.18,-0.35,-0.57,0,0,1,139
-9.11,-0.51,-0.66,0,0,1,139
-9.3,-0.42,-0.9,0,0,1,139
-9.6,-0.22,-1.08,0,0,1,139
-9.65,-0.12,-1.0,0,0,1,139
-9.55,-0.06,-0.85,0,0,1,139
-9.67,-0.1,-1.0,0,0,1,139
-9.65,-0.18,-0.99,0,0,1,139
-9.49,-0.14,-0.92,0,0,1,139
-9.41,-0.12,-0.85,0,0,1,139
-9.32,-0.17,-0.69,0,0,1,139
-9.56,-0.12,-1.23,0,0,1,139
-9.57,-0.31,-1.03,0,0,1,139
-9.41,-0.32,-1.03,0,0,1,139
-9.49,-0.28,-0.91,0,0,1,139
-9.4,-0.3,-0.68,0,0,1,139
-9.29,-0.4,-0.56,0,0,1,139
-9.59,0.88,-2.62,0,0,1,140
-9.63,0.62,-2.77,0,0,1,140
-9.64,0.82,-2.8,0,0,1,140
-9.44,1.13,-2.55,0,0,1,140
-9.19,1.0,-2.39,0,0,1,140
-9.33,0.94,-2.62,0,0,1,140
-9.64,1.0,-3.04,0,0,1,140
-9.8,1.07,-3.23,0,0,1,140
-9.69,0.92,-3.18,0,0,1,140
-9.56,1.01,-2.79,0,0,1,140
-9.53,1.39,-2.19,0,0,1,140
-9.34,1.03,-1.87,0,0,1,140
-9.38,0.87,-1.45,0,0,1,140
-9.16,0.36,-1.48,0,0,1,140
-9.59,0.5,-1.88,0,0,1,140
-9.82,0.66,-2.25,0,0,1,140
-9.83,0.54,-2.28,0,0,1,140
-9.61,0.25,-2.11,0,0,1,140
-9.41,0.22,-1.85,0,0,1,140
-9.14,0.18,-1.68,0,0,1,140
-9.16,0.01,-1.54,0,0,1,140
-9.14,0.02,-1.38,0,0,1,140
-9.2,0.11,-1.35,0,0,1,140
-9.31,0.04,-1.25,0,0,1,140
-9.43,0.03,-1.27,0,0,1,140
-9.29,0.0,-0.88,0,0,1,140
-9.42,-0.01,-0.7,0,0,1,140
-9.41,-0.11,-0.84,0,0,1,140
-9.41,-0.11,-0.73,0,0,1,140
-9.45,-0.15,-0.94,0,0,1,140
-9.4,-0.1,-0.94,0,0,1,140
-9.39,-0.2,-0.86,0,0,1,140
-9.3,-0.2,-0.72,0,0,1,140
-9.18,-0.35,-0.57,0,0,1,140
-9.11,-0.51,-0.66,0,0,1,140
-9.3,-0.42,-0.9,0,0,1,140
-9.6,-0.22,-1.08,0,0,1,140
-9.65,-0.12,-1.0,0,0,1,140
-9.55,-0.06,-0.85,0,0,1,140
-9.67,-0.1,-1.0,0,0,1,140
-9.65,-0.18,-0.99,0,0,1,140
-9.49,-0.14,-0.92,0,0,1,140
-9.41,-0.12,-0.85,0,0,1,140
-9.32,-0.17,-0.69,0,0,1,140
-9.56,-0.12,-1.23,0,0,1,140
-9.57,-0.31,-1.03,0,0,1,140
-9.41,-0.32,-1.03,0,0,1,140
-9.49,-0.28,-0.91,0,0,1,140
-9.4,-0.3,-0.68,0,0,1,140
-9.29,-0.4,-0.56,0,0,1,140
-9.65,-0.15,-0.94,0,0,1,140
-9.73,-0.07,-0.94,0,0,1,140
-9.61,-0.17,-0.94,0,0,1,140
-9.63,-0.12,-1.25,0,0,1,140
-9.57,-0.27,-1.2,0,0,1,140
-9.45,-0.19,-0.97,0,0,1,140
-9.53,-0.26,-1.07,0,0,1,140
-9.47,-0.44,-1.08,0,0,1,140
-9.59,-0.45,-1.1,0,0,1,140
-9.49,-0.45,-0.9,0,0,1,140
-9.58,-0.37,-0.95,0,0,1,140
-9.74,-0.39,-1.11,0,0,1,140
-9.7,-0.21,-1.08,0,0,1,140
-9.51,-0.23,-0.74,0,0,1,140
-9.44,-0.22,-0.79,0,0,1,140
-9.49,-0.08,-0.6,0,0,1,140
-9.68,-0.01,-0.88,0,0,1,140
-9.57,-0.14,-0.98,0,0,1,140
-9.4,-0.22,-0.86,0,0,1,140
-9.36,-0.03,-0.73,0,0,1,140
-9.49,0.14,-0.86,0,0,1,140
-9.65,0.07,-1.1,0,0,1,140
-9.74,-0.03,-1.42,0,0,1,140
-9.74,0.07,-1.12,0,0,1,140
-9.58,0.11,-0.6,0,0,1,140
-9.61,0.11,-0.54,0,0,1,140
-9.54,-0.23,-0.57,0,0,1,140
-9.34,-0.55,-0.73,0,0,1,140
-8.98,-0.63,-0.78,0,0,1,140
-9.08,-0.35,-1.08,0,0,1,140
-9.3,-0.23,-1.25,0,0,1,140
-9.42,-0.13,-1.32,0,0,1,140
-9.66,0.17,-1.18,0,0,1,140
-9.8,0.1,-1.05,0,0,1,140
-9.74,-0.22,-1.2,0,0,1,140
-9.76,-0.38,-1.28,0,0,1,140
-9.83,-0.27,-1.25,0,0,1,140
-9.77,-0.12,-1.17,0,0,1,140
-9.45,-0.12,-1.09,0,0,1,140
-9.26,-0.15,-1.14,0,0,1,140
-9.3,-0.11,-1.48,0,0,1,140
-9.53,-0.02,-1.65,0,0,1,140
-9.6,-0.17,-1.71,0,0,1,140
-9.64,-0.34,-1.95,0,0,1,140
-9.61,-0.45,-2.04,0,0,1,140
-9.64,-0.45,-2.1,0,0,1,140
-9.62,-0.42,-1.71,0,0,1,140
-9.53,-0.31,-1.44,0,0,1,140
-9.59,-0.35,-1.4,0,0,1,140
-9.6,-0.44,-1.58,0,0,1,140
-9.65,-0.15,-0.94,0,0,1,141
-9.73,-0.07,-0.94,0,0,1,141
-9.61,-0.17,-0.94,0,0,1,141
-9.63,-0.12,-1.25,0,0,1,141
-9.57,-0.27,-1.2,0,0,1,141
-9.45,-0.19,-0.97,0,0,1,141
-9.53,-0.26,-1.07,0,0,1,141
-9.47,-0.44,-1.08,0,0,1,141
-9.59,-0.45,-1.1,0,0,1,141
-9.49,-0.45,-0.9,0,0,1,141
-9.58,-0.37,-0.95,0,0,1,141
-9.74,-0.39,-1.11,0,0,1,141
-9.7,-0.21,-1.08,0,0,1,141
-9.51,-0.23,-0.74,0,0,1,141
-9.44,-0.22,-0.79,0,0,1,141
-9.49,-0.08,-0.6,0,0,1,141
-9.68,-0.01,-0.88,0,0,1,141
-9.57,-0.14,-0.98,0,0,1,141
-9.4,-0.22,-0.86,0,0,1,141
-9.36,-0.03,-0.73,0,0,1,141
-9.49,0.14,-0.86,0,0,1,141
-9.65,0.07,-1.1,0,0,1,141
-9.74,-0.03,-1.42,0,0,1,141
-9.74,0.07,-1.12,0,0,1,141
-9.58,0.11,-0.6,0,0,1,141
-9.61,0.11,-0.54,0,0,1,141
-9.54,-0.23,-0.57,0,0,1,141
-9.34,-0.55,-0.73,0,0,1,141
-8.98,-0.63,-0.78,0,0,1,141
-9.08,-0.35,-1.08,0,0,1,141
-9.3,-0.23,-1.25,0,0,1,141
-9.42,-0.13,-1.32,0,0,1,141
-9.66,0.17,-1.18,0,0,1,141
-9.8,0.1,-1.05,0,0,1,141
-9.74,-0.22,-1.2,0,0,1,141
-9.76,-0.38,-1.28,0,0,1,141
-9.83,-0.27,-1.25,0,0,1,141
-9.77,-0.12,-1.17,0,0,1,141
-9.45,-0.12,-1.09,0,0,1,141
-9.26,-0.15,-1.14,0,0,1,141
-9.3,-0.11,-1.48,0,0,1,141
-9.53,-0.02,-1.65,0,0,1,141
-9.6,-0.17,-1.71,0,0,1,141
-9.64,-0.34,-1.95,0,0,1,141
-9.61,-0.45,-2.04,0,0,1,141
-9.64,-0.45,-2.1,0,0,1,141
-9.62,-0.42,-1.71,0,0,1,141
-9.53,-0.31,-1.44,0,0,1,141
-9.59,-0.35,-1.4,0,0,1,141
-9.6,-0.44,-1.58,0,0,1,141
-9.55,-0.42,-1.56,0,0,1,141
-9.44,-0.23,-1.36,0,0,1,141
-9.49,0.01,-1.3,0,0,1,141
-9.74,0.02,-1.53,0,0,1,141
-9.61,-0.1,-1.77,0,0,1,141
-9.6,-0.26,-1.65,0,0,1,141
-9.52,0.11,-1.27,0,0,1,141
-9.44,0.47,-0.79,0,0,1,141
-9.53,-0.03,-1.21,0,0,1,141
-9.72,-0.21,-1.36,0,0,1,141
-9.58,-0.11,-1.07,0,0,1,141
-9.45,-0.01,-0.92,0,0,1,141
-9.37,-0.12,-0.94,0,0,1,141
-9.47,-0.3,-1.21,0,0,1,141
-9.53,-0.46,-1.44,0,0,1,141
-9.53,-0.34,-1.33,0,0,1,141
-9.47,-0.43,-1.23,0,0,1,141
-9.4,-0.52,-1.17,0,0,1,141
-9.4,-0.49,-1.2,0,0,1,141
-9.48,-0.54,-1.22,0,0,1,141
-9.56,-0.54,-1.34,0,0,1,141
-9.62,-0.44,-1.33,0,0,1,141
-9.6,-0.35,-1.31,0,0,1,141
-9.56,-0.38,-1.32,0,0,1,141
-9.49,-0.2,-1.14,0,0,1,141
-9.41,-0.17,-1.02,0,0,1,141
-9.47,-0.2,-1.04,0,0,1,141
-9.64,-0.27,-1.37,0,0,1,141
-9.68,-0.33,-1.68,0,0,1,141
-9.56,-0.38,-1.47,0,0,1,141
-9.5,-0.13,-1.11,0,0,1,141
-9.46,-0.12,-0.91,0,0,1,141
-9.53,-0.3,-0.94,0,0,1,141
-9.61,-0.26,-1.02,0,0,1,141
-9.64,-0.16,-0.96,0,0,1,141
-9.52,-0.06,-0.81,0,0,1,141
-9.48,-0.17,-0.94,0,0,1,141
-9.49,-0.12,-1.03,0,0,1,141
-9.6,-0.04,-1.05,0,0,1,141
-9.62,0.03,-1.08,0,0,1,141
-9.6,-0.09,-1.03,0,0,1,141
-9.55,-0.32,-0.94,0,0,1,141
-9.51,-0.34,-1.01,0,0,1,141
-9.48,-0.13,-0.8,0,0,1,141
-9.53,-0.04,-0.69,0,0,1,141
-9.65,-0.06,-0.9,0,0,1,141
-9.77,-0.13,-1.15,0,0,1,141
-9.64,-0.35,-1.15,0,0,1,141
-9.43,-0.38,-0.95,0,0,1,141
-9.43,-0.18,-0.84,0,0,1,141
-9.55,-0.42,-1.56,0,0,1,142
-9.44,-0.23,-1.36,0,0,1,142
-9.49,0.01,-1.3,0,0,1,142
-9.74,0.02,-1.53,0,0,1,142
-9.61,-0.1,-1.77,0,0,1,142
-9.6,-0.26,-1.65,0,0,1,142
-9.52,0.11,-1.27,0,0,1,142
-9.44,0.47,-0.79,0,0,1,142
-9.53,-0.03,-1.21,0,0,1,142
-9.72,-0.21,-1.36,0,0,1,142
-9.58,-0.11,-1.07,0,0,1,142
-9.45,-0.01,-0.92,0,0,1,142
-9.37,-0.12,-0.94,0,0,1,142
-9.47,-0.3,-1.21,0,0,1,142
-9.53,-0.46,-1.44,0,0,1,142
-9.53,-0.34,-1.33,0,0,1,142
-9.47,-0.43,-1.23,0,0,1,142
-9.4,-0.52,-1.17,0,0,1,142
-9.4,-0.49,-1.2,0,0,1,142
-9.48,-0.54,-1.22,0,0,1,142
-9.56,-0.54,-1.34,0,0,1,142
-9.62,-0.44,-1.33,0,0,1,142
-9.6,-0.35,-1.31,0,0,1,142
-9.56,-0.38,-1.32,0,0,1,142
-9.49,-0.2,-1.14,0,0,1,142
-9.41,-0.17,-1.02,0,0,1,142
-9.47,-0.2,-1.04,0,0,1,142
-9.64,-0.27,-1.37,0,0,1,142
-9.68,-0.33,-1.68,0,0,1,142
-9.56,-0.38,-1.47,0,0,1,142
-9.5,-0.13,-1.11,0,0,1,142
-9.46,-0.12,-0.91,0,0,1,142
-9.53,-0.3,-0.94,0,0,1,142
-9.61,-0.26,-1.02,0,0,1,142
-9.64,-0.16,-0.96,0,0,1,142
-9.52,-0.06,-0.81,0,0,1,142
-9.48,-0.17,-0.94,0,0,1,142
-9.49,-0.12,-1.03,0,0,1,142
-9.6,-0.04,-1.05,0,0,1,142
-9.62,0.03,-1.08,0,0,1,142
-9.6,-0.09,-1.03,0,0,1,142
-9.55,-0.32,-0.94,0,0,1,142
-9.51,-0.34,-1.01,0,0,1,142
-9.48,-0.13,-0.8,0,0,1,142
-9.53,-0.04,-0.69,0,0,1,142
-9.65,-0.06,-0.9,0,0,1,142
-9.77,-0.13,-1.15,0,0,1,142
-9.64,-0.35,-1.15,0,0,1,142
-9.43,-0.38,-0.95,0,0,1,142
-9.43,-0.18,-0.84,0,0,1,142
-9.56,-0.04,-1.06,0,0,1,142
-9.81,-0.25,-1.28,0,0,1,142
-9.74,-0.52,-1.25,0,0,1,142
-9.48,-0.47,-1.13,0,0,1,142
-9.44,-0.28,-0.99,0,0,1,142
-9.55,-0.12,-0.73,0,0,1,142
-9.38,-0.42,-0.54,0,0,1,142
-9.34,-0.55,-0.52,0,0,1,142
-9.49,-0.44,-0.55,0,0,1,142
-9.42,-0.41,-0.36,0,0,1,142
-9.31,-0.34,-0.34,0,0,1,142
-9.47,-0.25,-0.63,0,0,1,142
-9.62,-0.15,-0.79,0,0,1,142
-9.65,-0.15,-0.94,0,0,1,142
-9.6,-0.09,-0.87,0,0,1,142
-9.51,0.09,-0.58,0,0,1,142
-9.52,-0.02,-0.58,0,0,1,142
-9.66,0.01,-0.72,0,0,1,142
-9.61,-0.11,-0.64,0,0,1,142
-9.57,-0.21,-0.64,0,0,1,142
-9.6,-0.27,-0.79,0,0,1,142
-9.63,-0.16,-0.75,0,0,1,142
-9.54,-0.18,-0.67,0,0,1,142
-9.5,-0.23,-0.73,0,0,1,142
-9.53,-0.21,-0.67,0,0,1,142
-9.55,-0.15,-0.74,0,0,1,142
-9.58,-0.12,-0.67,0,0,1,142
-9.56,-0.26,-0.61,0,0,1,142
-9.59,-0.08,-0.68,0,0,1,142
-9.56,-0.07,-0.62,0,0,1,142
-9.62,-0.1,-0.57,0,0,1,142
-9.5,-0.08,-0.63,0,0,1,142
-9.51,-0.05,-0.67,0,0,1,142
-9.58,-0.05,-0.65,0,0,1,142
-9.64,-0.05,-0.7,0,0,1,142
-9.54,-0.1,-0.56,0,0,1,142
-9.58,-0.11,-0.61,0,0,1,142
-9.67,-0.09,-0.75,0,0,1,142
-9.62,-0.23,-0.7,0,0,1,142
-9.57,-0.1,-0.61,0,0,1,142
-9.57,-0.03,-0.57,0,0,1,142
-9.55,-0.03,-0.71,0,0,1,142
-9.55,-0.05,-0.75,0,0,1,142
-9.59,0.06,-0.67,0,0,1,142
-9.52,0.03,-0.59,0,0,1,142
-9.59,-0.04,-0.6,0,0,1,142
-9.6,-0.08,-0.71,0,0,1,142
-9.59,-0.1,-0.68,0,0,1,142
-9.56,-0.05,-0.73,0,0,1,142
-9.59,0.0,-0.7,0,0,1,142
-9.56,-0.04,-1.06,0,0,1,143
-9.81,-0.25,-1.28,0,0,1,143
-9.74,-0.52,-1.25,0,0,1,143
-9.48,-0.47,-1.13,0,0,1,143
-9.44,-0.28,-0.99,0,0,1,143
-9.55,-0.12,-0.73,0,0,1,143
-9.38,-0.42,-0.54,0,0,1,143
-9.34,-0.55,-0.52,0,0,1,143
-9.49,-0.44,-0.55,0,0,1,143
-9.42,-0.41,-0.36,0,0,1,143
-9.31,-0.34,-0.34,0,0,1,143
-9.47,-0.25,-0.63,0,0,1,143
-9.62,-0.15,-0.79,0,0,1,143
-9.65,-0.15,-0.94,0,0,1,143
-9.6,-0.09,-0.87,0,0,1,143
-9.51,0.09,-0.58,0,0,1,143
-9.52,-0.02,-0.58,0,0,1,143
-9.66,0.01,-0.72,0,0,1,143
-9.61,-0.11,-0.64,0,0,1,143
-9.57,-0.21,-0.64,0,0,1,143
-9.6,-0.27,-0.79,0,0,1,143
-9.63,-0.16,-0.75,0,0,1,143
-9.54,-0.18,-0.67,0,0,1,143
-9.5,-0.23,-0.73,0,0,1,143
-9.53,-0.21,-0.67,0,0,1,143
-9.55,-0.15,-0.74,0,0,1,143
-9.58,-0.12,-0.67,0,0,1,143
-9.56,-0.26,-0.61,0,0,1,143
-9.59,-0.08,-0.68,0,0,1,143
-9.56,-0.07,-0.62,0,0,1,143
-9.62,-0.1,-0.57,0,0,1,143
-9.5,-0.08,-0.63,0,0,1,143
-9.51,-0.05,-0.67,0,0,1,143
-9.58,-0.05,-0.65,0,0,1,143
-9.64,-0.05,-0.7,0,0,1,143
-9.54,-0.1,-0.56,0,0,1,143
-9.58,-0.11,-0.61,0,0,1,143
-9.67,-0.09,-0.75,0,0,1,143
-9.62,-0.23,-0.7,0,0,1,143
-9.57,-0.1,-0.61,0,0,1,143
-9.57,-0.03,-0.57,0,0,1,143
-9.55,-0.03,-0.71,0,0,1,143
-9.55,-0.05,-0.75,0,0,1,143
-9.59,0.06,-0.67,0,0,1,143
-9.52,0.03,-0.59,0,0,1,143
-9.59,-0.04,-0.6,0,0,1,143
-9.6,-0.08,-0.71,0,0,1,143
-9.59,-0.1,-0.68,0,0,1,143
-9.56,-0.05,-0.73,0,0,1,143
-9.59,0.0,-0.7,0,0,1,143
-9.58,-0.04,-0.69,0,0,1,143
-9.55,-0.06,-0.75,0,0,1,143
-9.59,-0.04,-0.67,0,0,1,143
-9.56,0.05,-0.65,0,0,1,143
-9.55,-0.01,-0.65,0,0,1,143
-9.56,0.03,-0.7,0,0,1,143
-9.6,0.05,-0.65,0,0,1,143
-9.62,-0.01,-0.65,0,0,1,143
-9.63,0.0,-0.69,0,0,1,143
-9.56,-0.02,-0.64,0,0,1,143
-9.56,-0.01,-0.69,0,0,1,143
-9.58,0.01,-0.63,0,0,1,143
-9.61,-0.06,-0.61,0,0,1,143
-9.62,-0.06,-0.71,0,0,1,143
-9.54,-0.06,-0.64,0,0,1,143
-9.57,-0.02,-0.67,0,0,1,143
-9.63,-0.01,-0.6,0,0,1,143
-9.6,-0.05,-0.63,0,0,1,143
-9.56,-0.02,-0.64,0,0,1,143
-9.53,-0.01,-0.68,0,0,1,143
-9.54,-0.03,-0.63,0,0,1,143
-9.53,-0.08,-0.69,0,0,1,143
-9.58,0.02,-0.79,0,0,1,143
-9.59,0.01,-0.62,0,0,1,143
-9.55,-0.09,-0.61,0,0,1,143
-9.58,-0.11,-0.7,0,0,1,143
-9.56,-0.0,-0.64,0,0,1,143
-9.58,-0.11,-0.63,0,0,1,143
-9.63,-0.1,-0.66,0,0,1,143
-9.57,-0.06,-0.67,0,0,1,143
-9.57,-0.01,-0.68,0,0,1,143
-9.59,-0.01,-0.62,0,0,1,143
-9.64,0.04,-0.76,0,0,1,143
-9.57,-0.0,-0.59,0,0,1,143
-9.57,-0.04,-0.64,0,0,1,143
-9.63,-0.08,-0.68,0,0,1,143
-9.63,-0.04,-0.7,0,0,1,143
-9.57,-0.11,-0.68,0,0,1,143
-9.55,-0.02,-0.66,0,0,1,143
-9.59,0.01,-0.67,0,0,1,143
-9.58,-0.08,-0.68,0,0,1,143
-9.6,-0.05,-0.73,0,0,1,143
-9.6,-0.0,-0.67,0,0,1,143
-9.57,-0.01,-0.68,0,0,1,143
-9.57,0.01,-0.64,0,0,1,143
-9.61,0.01,-0.66,0,0,1,143
-9.58,0.05,-0.72,0,0,1,143
-9.62,0.06,-0.66,0,0,1,143
-9.62,-0.03,-0.66,0,0,1,143
-9.61,-0.05,-0.66,0,0,1,143
-9.58,-0.04,-0.69,0,0,1,144
-9.55,-0.06,-0.75,0,0,1,144
-9.59,-0.04,-0.67,0,0,1,144
-9.56,0.05,-0.65,0,0,1,144
-9.55,-0.01,-0.65,0,0,1,144
-9.56,0.03,-0.7,0,0,1,144
-9.6,0.05,-0.65,0,0,1,144
-9.62,-0.01,-0.65,0,0,1,144
-9.63,0.0,-0.69,0,0,1,144
-9.56,-0.02,-0.64,0,0,1,144
-9.56,-0.01,-0.69,0,0,1,144
-9.58,0.01,-0.63,0,0,1,144
-9.61,-0.06,-0.61,0,0,1,144
-9.62,-0.06,-0.71,0,0,1,144
-9.54,-0.06,-0.64,0,0,1,144
-9.57,-0.02,-0.67,0,0,1,144
-9.63,-0.01,-0.6,0,0,1,144
-9.6,-0.05,-0.63,0,0,1,144
-9.56,-0.02,-0.64,0,0,1,144
-9.53,-0.01,-0.68,0,0,1,144
-9.54,-0.03,-0.63,0,0,1,144
-9.53,-0.08,-0.69,0,0,1,144
-9.58,0.02,-0.79,0,0,1,144
-9.59,0.01,-0.62,0,0,1,144
-9.55,-0.09,-0.61,0,0,1,144
-9.58,-0.11,-0.7,0,0,1,144
-9.56,-0.0,-0.64,0,0,1,144
-9.58,-0.11,-0.63,0,0,1,144
-9.63,-0.1,-0.66,0,0,1,144
-9.57,-0.06,-0.67,0,0,1,144
-9.57,-0.01,-0.68,0,0,1,144
-9.59,-0.01,-0.62,0,0,1,144
-9.64,0.04,-0.76,0,0,1,144
-9.57,-0.0,-0.59,0,0,1,144
-9.57,-0.04,-0.64,0,0,1,144
-9.63,-0.08,-0.68,0,0,1,144
-9.63,-0.04,-0.7,0,0,1,144
-9.57,-0.11,-0.68,0,0,1,144
-9.55,-0.02,-0.66,0,0,1,144
-9.59,0.01,-0.67,0,0,1,144
-9.58,-0.08,-0.68,0,0,1,144
-9.6,-0.05,-0.73,0,0,1,144
-9.6,-0.0,-0.67,0,0,1,144
-9.57,-0.01,-0.68,0,0,1,144
-9.57,0.01,-0.64,0,0,1,144
-9.61,0.01,-0.66,0,0,1,144
-9.58,0.05,-0.72,0,0,1,144
-9.62,0.06,-0.66,0,0,1,144
-9.62,-0.03,-0.66,0,0,1,144
-9.61,-0.05,-0.66,0,0,1,144
-9.57,-0.04,-0.67,0,0,1,144
-9.53,-0.06,-0.59,0,0,1,144
-9.53,-0.07,-0.55,0,0,1,144
-9.62,-0.08,-0.68,0,0,1,144
-9.62,-0.04,-0.74,0,0,1,144
-9.61,-0.06,-0.63,0,0,1,144
-9.55,-0.0,-0.54,0,0,1,144
-9.55,-0.08,-0.61,0,0,1,144
-9.57,-0.11,-0.64,0,0,1,144
-9.56,-0.09,-0.6,0,0,1,144
-9.55,-0.1,-0.57,0,0,1,144
-9.58,-0.02,-0.58,0,0,1,144
-9.55,-0.02,-0.6,0,0,1,144
-9.57,-0.04,-0.59,0,0,1,144
-9.59,-0.04,-0.66,0,0,1,144
-9.63,0.05,-0.7,0,0,1,144
-9.53,0.06,-0.56,0,0,1,144
-9.49,-0.06,-0.53,0,0,1,144
-9.61,-0.06,-0.75,0,0,1,144
-9.63,0.08,-0.69,0,0,1,144
-9.56,-0.09,-0.56,0,0,1,144
-9.51,-0.07,-0.56,0,0,1,144
-9.56,-0.11,-0.6,0,0,1,144
-9.57,-0.02,-0.66,0,0,1,144
-9.59,-0.01,-0.62,0,0,1,144
-9.55,0.0,-0.63,0,0,1,144
-9.52,-0.05,-0.56,0,0,1,144
-9.53,-0.06,-0.6,0,0,1,144
-9.55,-0.02,-0.61,0,0,1,144
-9.55,-0.11,-0.59,0,0,1,144
-9.49,-0.08,-0.62,0,0,1,144
-9.65,0.04,-0.68,0,0,1,144
-9.6,-0.04,-0.68,0,0,1,144
-9.56,-0.05,-0.62,0,0,1,144
-9.55,-0.01,-0.62,0,0,1,144
-9.59,-0.01,-0.61,0,0,1,144
-9.6,-0.02,-0.64,0,0,1,144
-9.58,-0.06,-0.65,0,0,1,144
-9.57,0.04,-0.57,0,0,1,144
-9.57,-0.03,-0.59,0,0,1,144
-9.58,-0.01,-0.64,0,0,1,144
-9.58,0.02,-0.64,0,0,1,144
-9.62,-0.05,-0.61,0,0,1,144
-9.58,-0.02,-0.66,0,0,1,144
-9.58,-0.02,-0.62,0,0,1,144
-9.56,0.02,-0.6,0,0,1,144
-9.57,-0.02,-0.61,0,0,1,144
-9.58,-0.04,-0.61,0,0,1,144
-9.56,-0.04,-0.61,0,0,1,144
-9.54,-0.01,-0.61,0,0,1,144
